# Blender 4.2.19 LTS
# www.blender.org
mtllib a35395c93b1844e895d3cf181738f82c.mtl
o Object_5
v 0.03818737 0.77415951 -0.50106651
v 0.03818737 0.77415951 -0.50106651
v 0.31874380 0.77415951 -0.42707878
v 0.53489018 0.77415951 -0.12957885
v 0.53489018 0.77415951 -0.12957885
v 0.51856016 0.77415951 0.16010959
v 0.51856016 0.77415951 0.16010959
v 0.33507382 0.77415951 0.41265704
v 0.03818737 0.77415951 0.50912101
v -0.25869907 0.77415951 0.41265704
v -0.44218541 0.77415951 0.16011016
v -0.44218541 0.77415951 -0.15205509
v -0.25869907 0.77415951 -0.40460254
v -0.25869907 0.77415951 -0.40460254
v 0.28833643 0.03251776 -0.38035387
v 0.28833643 0.03251776 -0.38035387
v 0.28833643 0.03251776 -0.38035387
v 0.03818737 0.03251776 -0.44632259
v 0.03818737 0.03251776 -0.44632259
v 0.48105572 0.03251776 -0.11509837
v 0.48105572 0.03251776 -0.11509837
v 0.46649529 0.03251776 0.14319330
v 0.46649529 0.03251776 0.14319330
v 0.30289629 0.03251776 0.36836794
v 0.30289629 0.03251776 0.36836794
v 0.03818737 0.03251776 0.45437709
v 0.03818737 0.03251776 0.45437709
v -0.22652154 0.03251776 0.36836794
v -0.22652154 0.03251776 0.36836794
v -0.22652154 0.03251776 0.36836794
v -0.39012054 0.03251776 0.14319330
v -0.39012054 0.03251776 -0.13513880
v -0.39012054 0.03251776 -0.13513880
v -0.22652154 0.03251776 -0.36031344
v -0.22652154 0.03251776 -0.36031344
v 0.23725757 -0.36099425 -0.30473547
v 0.04353754 -0.36099425 -0.35307178
v 0.39335409 -0.36099425 -0.08988694
v 0.37946158 -0.36099425 0.10928871
v 0.25115008 -0.36099425 0.28589457
v 0.04353754 -0.36099425 0.35335221
v -0.16407557 -0.36099425 0.28589457
v -0.29238707 -0.36099425 0.10928871
v -0.29238707 -0.36099425 -0.10900828
v -0.16407557 -0.36099425 -0.28561413
v 0.03818737 0.71543358 -0.48216404
v 0.03818737 0.71543358 -0.48216404
v 0.30824476 0.71543358 -0.41094495
v 0.30824476 0.71543358 -0.41094495
v -0.42420827 0.71543358 0.15426841
v -0.42420827 0.71543358 0.15426841
v -0.42420827 0.71543358 -0.14621391
v -0.42420827 0.71543358 -0.14621391
v -0.42420827 0.71543358 -0.14621391
v 0.32396356 0.71543358 0.39736462
v 0.32396356 0.71543358 0.39736462
v 0.03818737 0.71543358 0.49021853
v 0.03818737 0.71543358 0.49021853
v 0.03818737 0.71543358 0.49021853
v 0.51630182 0.71543358 -0.12457909
v 0.51630182 0.71543358 -0.12457909
v -0.24758881 0.71543358 -0.38931012
v -0.24758881 0.71543358 -0.38931012
v -0.24758881 0.71543358 0.39736462
v -0.24758881 0.71543358 0.39736462
v 0.50058302 0.71543358 0.15426841
v 0.50058302 0.71543358 0.15426841
v 0.50058302 0.71543358 0.15426841
v 0.03818737 0.42180225 -0.46675368
v 0.03818737 0.42180225 -0.46675368
v 0.03818737 0.42180225 -0.46675368
v -0.40955145 0.42180225 0.14950679
v -0.40955145 0.42180225 0.14950679
v 0.31490525 0.42180225 0.38489697
v 0.31490525 0.42180225 0.38489697
v 0.29968484 0.42180225 -0.39779180
v 0.29968484 0.42180225 -0.39779180
v -0.40955145 0.42180225 -0.14145229
v -0.40955145 0.42180225 -0.14145229
v -0.40955145 0.42180225 -0.14145229
v 0.03818737 0.42180225 0.47480818
v 0.03818737 0.42180225 0.47480818
v 0.03818737 0.42180225 0.47480818
v 0.50114718 0.42180225 -0.12050240
v 0.50114718 0.42180225 -0.12050240
v -0.23853050 0.42180225 -0.37684247
v -0.23853050 0.42180225 -0.37684247
v -0.23853050 0.42180225 -0.37684247
v -0.23853050 0.42180225 0.38489697
v -0.23853050 0.42180225 0.38489697
v -0.23853050 0.42180225 0.38489697
v 0.48592620 0.42180225 0.14950622
v 0.48592620 0.42180225 0.14950622
v 0.45323952 0.77415951 -0.29752613
v 0.40825471 0.03251776 -0.26484228
v 0.40825471 0.03251776 -0.26484228
v 0.33778405 -0.36099425 -0.21364264
v 0.43770669 0.71543358 -0.28624066
v 0.43770669 0.71543358 -0.28624066
v 0.43770669 0.71543358 -0.28624066
v 0.42504343 0.42180225 -0.27704004
v 0.42504343 0.42180225 -0.27704004
v 0.42504343 0.42180225 -0.27704004
v 0.26058657 0.77415951 -0.45536559
v 0.19215880 0.77415951 -0.47894010
v 0.11688456 0.77415951 -0.49508131
v 0.42817381 0.77415951 -0.33115800
v 0.39968515 0.77415951 -0.36429204
v 0.36434946 0.77415951 -0.39643158
v 0.53718651 0.77416007 0.08341447
v 0.54509665 0.77415951 0.00683671
v 0.54382091 0.77415951 -0.06552658
v 0.39522347 0.77416007 0.36112344
v 0.44663403 0.77415951 0.30078102
v 0.48813635 0.77416007 0.23324002
v 0.11713971 0.77416007 0.50278484
v 0.19419998 0.77415951 0.48418514
v 0.26747556 0.77416007 0.45393767
v -0.19110081 0.77416007 0.45393767
v -0.11782523 0.77415951 0.48418514
v -0.04076496 0.77416007 0.50278484
v -0.41176160 0.77416007 0.23324002
v -0.37025928 0.77415951 0.30078102
v -0.31884872 0.77416007 0.36112344
v -0.46055661 0.77416007 -0.07500900
v -0.46668072 0.77415951 0.00402725
v -0.46055661 0.77416007 0.08306350
v -0.31884872 0.77416007 -0.35306895
v -0.37025928 0.77415951 -0.29272652
v -0.41176160 0.77416007 -0.22518552
v -0.04076496 0.77415951 -0.49473034
v -0.11782523 0.77415951 -0.47613064
v -0.19110081 0.77416007 -0.44588317
v 0.23648192 0.03251776 -0.40557494
v 0.23648192 0.03251776 -0.40557494
v 0.17547100 0.03251776 -0.42659457
v 0.17547100 0.03251776 -0.42659457
v 0.10835526 0.03251776 -0.44098603
v 0.10835526 0.03251776 -0.44098603
v 0.38590604 0.03251776 -0.29482894
v 0.38590604 0.03251776 -0.29482894
v 0.38590604 0.03251776 -0.29482894
v 0.36050467 0.03251776 -0.32437220
v 0.36050467 0.03251776 -0.32437220
v 0.36050467 0.03251776 -0.32437220
v 0.32899904 0.03251776 -0.35302812
v 0.32899904 0.03251776 -0.35302812
v 0.48310314 0.03251776 0.07481032
v 0.48310314 0.03251776 0.07481032
v 0.49015598 0.03251776 0.00653223
v 0.49015598 0.03251776 0.00653223
v 0.48901803 0.03251776 -0.05798838
v 0.48901803 0.03251776 -0.05798838
v 0.35652664 0.03251776 0.32241981
v 0.35652664 0.03251776 0.32241981
v 0.40236534 0.03251776 0.26861767
v 0.40236534 0.03251776 0.26861767
v 0.43936912 0.03251776 0.20839714
v 0.43936912 0.03251776 0.20839714
v 0.10858262 0.03251776 0.44872755
v 0.17729106 0.03251776 0.43214409
v 0.24262474 0.03251776 0.40517441
v -0.16624999 0.03251776 0.40517441
v -0.16624999 0.03251776 0.40517441
v -0.10091631 0.03251776 0.43214409
v -0.10091631 0.03251776 0.43214409
v -0.03220787 0.03251776 0.44872755
v -0.03220787 0.03251776 0.44872755
v -0.03220787 0.03251776 0.44872755
v -0.36299437 0.03251776 0.20839714
v -0.36299437 0.03251776 0.20839714
v -0.36299437 0.03251776 0.20839714
v -0.32599059 0.03251776 0.26861767
v -0.32599059 0.03251776 0.26861767
v -0.32599059 0.03251776 0.26861767
v -0.28015189 0.03251776 0.32241981
v -0.28015189 0.03251776 0.32241981
v -0.40650102 0.03251776 -0.06644284
v -0.40650102 0.03251776 -0.06644284
v -0.40650102 0.03251776 -0.06644284
v -0.41196061 0.03251776 0.00402725
v -0.41196061 0.03251776 0.00402725
v -0.41196061 0.03251776 0.00402725
v -0.40650102 0.03251776 0.07449734
v -0.28015189 0.03251776 -0.31436531
v -0.28015189 0.03251776 -0.31436531
v -0.32599002 0.03251776 -0.26056317
v -0.32599002 0.03251776 -0.26056317
v -0.36299437 0.03251776 -0.20034264
v -0.36299437 0.03251776 -0.20034264
v -0.36299437 0.03251776 -0.20034264
v -0.03220787 0.03251776 -0.44067305
v -0.03220787 0.03251776 -0.44067305
v -0.10091631 0.03251776 -0.42408959
v -0.10091631 0.03251776 -0.42408959
v -0.10091631 0.03251776 -0.42408959
v -0.16624999 0.03251776 -0.39711991
v -0.16624999 0.03251776 -0.39711991
v 0.03818737 0.33313616 -0.46209979
v 0.03818737 0.33313616 -0.46209979
v 0.03818737 0.33313616 -0.46209979
v 0.03818737 0.33313616 -0.46209979
v 0.03818737 0.24100801 -0.45726502
v 0.03818737 0.24100801 -0.45726502
v 0.03818737 0.24100801 -0.45726502
v 0.03818737 0.24100801 -0.45726502
v 0.03818737 0.14195570 -0.45206625
v 0.03818737 0.14195570 -0.45206625
v 0.30937138 0.74938467 -0.41267655
v 0.31083989 0.76681919 -0.41493375
v 0.31083989 0.76681919 -0.41493375
v 0.31363631 0.77324211 -0.41923044
v -0.40512606 0.33313616 0.14806832
v -0.40512606 0.33313616 0.14806832
v -0.40512606 0.33313616 0.14806832
v -0.40052716 0.24100801 0.14657429
v -0.40052716 0.24100801 0.14657429
v -0.39558297 0.14195570 0.14496800
v -0.39558297 0.14195570 0.14496800
v -0.39558297 0.14195570 0.14496800
v -0.42613719 0.74938467 -0.14684101
v -0.42865238 0.76681919 -0.14765805
v -0.43344065 0.77324211 -0.14921388
v 0.31217006 0.33313616 0.38113213
v 0.31217006 0.33313616 0.38113213
v 0.31217006 0.33313616 0.38113213
v 0.30932772 0.24100801 0.37722043
v 0.30627218 0.14195570 0.37301446
v 0.30627218 0.14195570 0.37301446
v 0.30627218 0.14195570 0.37301446
v 0.03818737 0.74938467 0.49224724
v 0.03818737 0.76681919 0.49489171
v 0.03818737 0.77324211 0.49992605
v 0.51829651 0.74938467 -0.12511547
v 0.52089674 0.76681919 -0.12581514
v 0.52584831 0.77324211 -0.12714644
v 0.52584831 0.77324211 -0.12714644
v 0.52584831 0.77324211 -0.12714644
v -0.24878120 0.74938467 -0.39095101
v -0.24878120 0.74938467 -0.39095101
v -0.25033533 0.76681919 -0.39309028
v -0.25033533 0.76681919 -0.39309028
v -0.25329447 0.77324211 -0.39716357
v -0.25329447 0.77324211 -0.39716357
v -0.24878120 0.74938467 0.39900551
v -0.25033533 0.76681919 0.40114478
v -0.25329447 0.77324211 0.40521807
v 0.50251194 0.74938467 0.15489551
v 0.50251194 0.74938467 0.15489551
v 0.50502713 0.76681919 0.15571255
v 0.50502713 0.76681919 0.15571255
v 0.50981483 0.77324211 0.15726838
v 0.50981483 0.77324211 0.15726838
v 0.19701567 -0.38192316 -0.29878486
v 0.13982290 -0.39243581 -0.30115376
v 0.13982290 -0.39243581 -0.30115376
v 0.08387752 -0.38192316 -0.32727408
v 0.08387752 -0.38192316 -0.32727408
v 0.30650919 -0.38192316 -0.21692724
v 0.26982575 -0.39243581 -0.23230301
v 0.26982575 -0.39243581 -0.23230301
v 0.24852149 -0.38192316 -0.26997301
v 0.24852149 -0.38192316 -0.26997301
v 0.36739253 -0.38192316 0.06295106
v 0.35983845 -0.39243581 0.00167195
v 0.35983845 -0.39243581 0.00167195
v 0.37525958 -0.38192316 -0.05345299
v 0.37525958 -0.38192316 -0.05345299
v 0.26821038 -0.38192316 0.23947130
v 0.29782453 -0.39243581 0.18054636
v 0.29782453 -0.39243581 0.18054636
v 0.34299530 -0.38192316 0.13653848
v 0.34299530 -0.38192316 0.13653848
v 0.08421432 -0.38192316 0.32455398
v 0.14251386 -0.39243581 0.29338627
v 0.14251386 -0.39243581 0.29338627
v 0.20521896 -0.38192316 0.28523742
v -0.11465233 -0.38192316 0.28523742
v -0.04946039 -0.39243581 0.29338627
v -0.04946039 -0.39243581 0.29338627
v 0.00635288 -0.38192316 0.32455398
v 0.00635288 -0.38192316 0.32455398
v -0.25242867 -0.38192316 0.13653848
v -0.20477049 -0.39243581 0.18054636
v -0.20477049 -0.39243581 0.18054636
v -0.17764375 -0.38192316 0.23947130
v -0.17764375 -0.38192316 0.23947130
v -0.27648910 -0.38192316 -0.06474412
v -0.26409403 -0.39243581 -0.00203166
v -0.26409403 -0.39243581 -0.00203166
v -0.27648910 -0.38192316 0.06248782
v -0.27648910 -0.38192316 0.06248782
v -0.17764375 -0.38192316 -0.24172817
v -0.20477049 -0.39243581 -0.18461024
v -0.20477049 -0.39243581 -0.18461024
v -0.25242867 -0.38192316 -0.13879479
v -0.25242867 -0.38192316 -0.13879479
v 0.00635288 -0.38192316 -0.32681085
v -0.04946039 -0.39243581 -0.29744959
v -0.04946039 -0.39243581 -0.29744959
v -0.11465233 -0.38192316 -0.28749372
v -0.11465233 -0.38192316 -0.28749372
v -0.38252508 -0.08734382 0.14068151
v -0.36559178 -0.20397409 0.13487832
v -0.33288411 -0.30094893 0.12349023
v -0.33288354 -0.30094893 -0.11943475
v -0.36559178 -0.20397409 -0.12807121
v -0.38252508 -0.08734382 -0.13278521
v 0.29837791 -0.08734382 0.36192007
v 0.28912512 -0.20397409 0.34760912
v 0.27197466 -0.30094893 0.32002085
v 0.04093900 -0.30094893 0.39508870
v 0.03904580 -0.20397409 0.42886459
v 0.03829624 -0.08734382 0.44642612
v 0.28400856 -0.08734382 -0.37380168
v 0.27486804 -0.20397409 -0.36042514
v 0.25776747 -0.30094893 -0.33551932
v 0.42896930 -0.30094893 -0.09988023
v 0.45794047 -0.20397409 -0.10844752
v 0.47348690 -0.08734382 -0.11300729
v -0.19009609 -0.30094893 -0.31596480
v -0.21103408 -0.20397409 -0.34080145
v -0.22178544 -0.08734382 -0.35402377
v -0.19009609 -0.30094893 0.32002085
v -0.21103408 -0.20397409 0.34760856
v -0.22178544 -0.08734382 0.36192007
v 0.41476211 -0.30094893 0.12349023
v 0.44368282 -0.20397409 0.13487832
v 0.45911755 -0.08734382 0.14068151
v 0.04093900 -0.30094893 -0.39103322
v 0.03904580 -0.20397409 -0.42205748
v 0.03829624 -0.08734382 -0.43852925
v 0.03818737 0.77324211 -0.49187155
v 0.03818737 0.77324211 -0.49187155
v 0.03818737 0.77324211 -0.49187155
v 0.03818737 0.76681919 -0.48683721
v 0.03818737 0.76681919 -0.48683721
v 0.03818737 0.74938467 -0.48419274
v 0.03818737 0.74938467 -0.48419274
v 0.03818737 0.74938467 -0.48419274
v 0.30222554 0.50897431 -0.40169669
v 0.30460635 0.59064028 -0.40535494
v 0.30666624 0.66129521 -0.40851991
v -0.43344065 0.77324211 0.15726838
v -0.42865238 0.76681919 0.15571255
v -0.42613719 0.74938467 0.15489551
v -0.41390257 0.50897431 -0.14286581
v -0.41390257 0.50897431 -0.14286581
v -0.41390257 0.50897431 -0.14286581
v -0.41797926 0.59064028 -0.14419031
v -0.41797926 0.59064028 -0.14419031
v -0.41797926 0.59064028 -0.14419031
v -0.41797926 0.59064028 -0.14419031
v -0.42150597 0.66129521 -0.14533621
v -0.42150597 0.66129521 -0.14533621
v -0.42150597 0.66129521 -0.14533621
v 0.32966922 0.77324211 0.40521807
v 0.32671008 0.76681919 0.40114478
v 0.32515595 0.74938467 0.39900551
v 0.03818737 0.50897431 0.47938326
v 0.03818737 0.50897431 0.47938326
v 0.03818737 0.50897431 0.47938326
v 0.03818737 0.50897431 0.47938326
v 0.03818737 0.59064028 0.48366918
v 0.03818737 0.59064028 0.48366918
v 0.03818737 0.59064028 0.48366918
v 0.03818737 0.66129521 0.48737732
v 0.03818737 0.66129521 0.48737732
v 0.03818737 0.66129521 0.48737732
v 0.03818737 0.66129521 0.48737732
v 0.50564628 0.50897431 -0.12171293
v 0.50986076 0.59064028 -0.12284635
v 0.50986076 0.59064028 -0.12284635
v 0.51350767 0.66129521 -0.12382726
v -0.24121975 0.50897431 -0.38054382
v -0.24121975 0.50897431 -0.38054382
v -0.24121975 0.50897431 -0.38054382
v -0.24121975 0.50897431 -0.38054382
v -0.24373891 0.59064028 -0.38401099
v -0.24373891 0.59064028 -0.38401099
v -0.24373891 0.59064028 -0.38401099
v -0.24591844 0.66129521 -0.38701096
v -0.24591844 0.66129521 -0.38701096
v -0.24591844 0.66129521 -0.38701096
v -0.24591844 0.66129521 -0.38701096
v -0.24121975 0.50897431 0.38859831
v -0.24121975 0.50897431 0.38859831
v -0.24121975 0.50897431 0.38859831
v -0.24373891 0.59064028 0.39206549
v -0.24373891 0.59064028 0.39206549
v -0.24591844 0.66129521 0.39506546
v -0.24591844 0.66129521 0.39506546
v 0.49027732 0.50897431 0.15092031
v 0.49435401 0.59064028 0.15224481
v 0.49788072 0.66129521 0.15339070
v 0.47129717 0.71543358 0.22466196
v 0.47129717 0.71543358 0.22466196
v 0.43134841 0.71543358 0.28967529
v 0.43134841 0.71543358 0.28967529
v 0.38186167 0.71543358 0.34775938
v 0.38186167 0.71543358 0.34775938
v -0.30548692 0.71543358 0.34775938
v -0.30548692 0.71543358 0.34775938
v -0.35497366 0.71543358 0.28967586
v -0.39492242 0.71543358 0.22466196
v -0.39492242 0.71543358 0.22466196
v -0.18251991 0.71543358 -0.42904569
v -0.11198688 0.71543358 -0.45816144
v -0.03781035 0.71543358 -0.47606487
v 0.52489803 0.71543358 -0.06292350
v 0.52612614 0.71543358 0.00673181
v 0.51851196 0.71543358 0.08044341
v 0.51851196 0.71543358 0.08044341
v -0.03781035 0.71543358 0.48411937
v -0.03781035 0.71543358 0.48411937
v -0.11198688 0.71543358 0.46621594
v -0.11198688 0.71543358 0.46621594
v -0.18251991 0.71543358 0.43710019
v -0.18251991 0.71543358 0.43710019
v -0.39492242 0.71543358 -0.21660746
v -0.35497366 0.71543358 -0.28162136
v -0.35497366 0.71543358 -0.28162136
v -0.30548692 0.71543358 -0.33970488
v -0.30548692 0.71543358 -0.33970488
v -0.30548692 0.71543358 -0.33970488
v -0.30548692 0.71543358 -0.33970488
v 0.46103966 0.71543358 -0.25329033
v 0.46103966 0.71543358 -0.25329033
v 0.46103966 0.71543358 -0.25329033
v 0.46103966 0.71543358 -0.25329033
v 0.48289902 0.71543358 -0.21735362
v 0.48289902 0.71543358 -0.21735362
v 0.50181113 0.71543358 -0.17544533
v 0.50181113 0.71543358 -0.17544533
v 0.25889466 0.71543358 0.43710019
v 0.25889466 0.71543358 0.43710019
v 0.18836163 0.71543358 0.46621594
v 0.18836163 0.71543358 0.46621594
v 0.11418510 0.71543358 0.48411937
v 0.11418510 0.71543358 0.48411937
v -0.44189171 0.71543358 0.08010549
v -0.44189171 0.71543358 0.08010549
v -0.44778618 0.71543358 0.00402725
v -0.44778618 0.71543358 0.00402725
v -0.44778618 0.71543358 0.00402725
v -0.44189171 0.71543358 -0.07205099
v 0.11393959 0.71543358 -0.47640280
v 0.11393959 0.71543358 -0.47640280
v 0.18639643 0.71543358 -0.46086601
v 0.18639643 0.71543358 -0.46086601
v 0.25226309 0.71543358 -0.43817317
v 0.25226309 0.71543358 -0.43817317
v 0.03818737 0.66129521 -0.47932282
v 0.03818737 0.59064028 -0.47561468
v 0.03818737 0.50897431 -0.47132876
v -0.42150597 0.66129521 0.15339070
v -0.42150597 0.66129521 0.15339070
v -0.42150597 0.66129521 0.15339070
v -0.41797926 0.59064028 0.15224481
v -0.41797926 0.59064028 0.15224481
v -0.41390257 0.50897431 0.15092031
v -0.41390257 0.50897431 0.15092031
v -0.41390257 0.50897431 0.15092031
v 0.32229319 0.66129521 0.39506546
v 0.32011366 0.59064028 0.39206549
v 0.31759450 0.50897431 0.38859831
v 0.29152635 0.14195570 -0.38525611
v 0.29152635 0.14195570 -0.38525611
v 0.29152635 0.14195570 -0.38525611
v 0.29152635 0.14195570 -0.38525611
v 0.29441405 0.24100801 -0.38969341
v 0.29441405 0.24100801 -0.38969341
v 0.29441405 0.24100801 -0.38969341
v 0.29441405 0.24100801 -0.38969341
v 0.29709991 0.33313616 -0.39382000
v 0.29709991 0.33313616 -0.39382000
v 0.29709991 0.33313616 -0.39382000
v -0.39558297 0.14195570 -0.13691350
v -0.39558297 0.14195570 -0.13691350
v -0.40052716 0.24100801 -0.13851979
v -0.40052716 0.24100801 -0.13851979
v -0.40052716 0.24100801 -0.13851979
v -0.40052716 0.24100801 -0.13851979
v -0.40512606 0.33313616 -0.14001382
v -0.40512606 0.33313616 -0.14001382
v -0.40512606 0.33313616 -0.14001382
v 0.03818737 0.14195570 0.46012075
v 0.03818737 0.14195570 0.46012075
v 0.03818737 0.14195570 0.46012075
v 0.03818737 0.14195570 0.46012075
v 0.03818737 0.24100801 0.46531952
v 0.03818737 0.24100801 0.46531952
v 0.03818737 0.24100801 0.46531952
v 0.03818737 0.24100801 0.46531952
v 0.03818737 0.33313616 0.47015429
v 0.03818737 0.33313616 0.47015429
v 0.03818737 0.33313616 0.47015429
v 0.03818737 0.33313616 0.47015429
v 0.48670412 0.14195570 -0.11661735
v 0.48670412 0.14195570 -0.11661735
v 0.48670412 0.14195570 -0.11661735
v 0.49181615 0.24100801 -0.11799231
v 0.49181615 0.24100801 -0.11799231
v 0.49657096 0.33313616 -0.11927145
v 0.49657096 0.33313616 -0.11927145
v -0.22989743 0.14195570 -0.36495996
v -0.22989743 0.14195570 -0.36495996
v -0.22989743 0.14195570 -0.36495996
v -0.23295297 0.24100801 -0.36916593
v -0.23295297 0.24100801 -0.36916593
v -0.23579531 0.33313616 -0.37307763
v -0.23579531 0.33313616 -0.37307763
v -0.22989743 0.14195570 0.37301446
v -0.22989743 0.14195570 0.37301446
v -0.22989743 0.14195570 0.37301446
v -0.23295353 0.24100801 0.37722043
v -0.23295353 0.24100801 0.37722043
v -0.23579531 0.33313616 0.38113213
v -0.23579531 0.33313616 0.38113213
v 0.47195772 0.14195570 0.14496800
v 0.47690191 0.24100801 0.14657429
v 0.47690191 0.24100801 0.14657429
v 0.48150081 0.33313616 0.14806832
v 0.45756909 0.42180225 0.21766864
v 0.45756909 0.42180225 0.21766864
v 0.41888643 0.42180225 0.28062152
v 0.41888643 0.42180225 0.28062152
v 0.37096856 0.42180225 0.33686457
v 0.37096856 0.42180225 0.33686457
v -0.29459381 0.42180225 0.33686400
v -0.29459381 0.42180225 0.33686400
v -0.29459381 0.42180225 0.33686400
v -0.29459381 0.42180225 0.33686400
v -0.34251168 0.42180225 0.28062152
v -0.34251168 0.42180225 0.28062152
v -0.38119434 0.42180225 0.21766864
v -0.38119434 0.42180225 0.21766864
v -0.38119434 0.42180225 0.21766864
v -0.17552433 0.42180225 -0.41531874
v -0.17552433 0.42180225 -0.41531874
v -0.10722696 0.42180225 -0.44351143
v -0.10722696 0.42180225 -0.44351143
v -0.03540175 0.42180225 -0.46084730
v -0.03540175 0.42180225 -0.46084730
v 0.50947066 0.42180225 -0.06080181
v 0.50947066 0.42180225 -0.06080181
v 0.51066022 0.42180225 0.00664620
v 0.51066022 0.42180225 0.00664620
v 0.50328759 0.42180225 0.07802178
v 0.50328759 0.42180225 0.07802178
v -0.03540175 0.42180225 0.46890180
v -0.03540175 0.42180225 0.46890180
v -0.03540175 0.42180225 0.46890180
v -0.03540175 0.42180225 0.46890180
v -0.10722696 0.42180225 0.45156593
v -0.10722696 0.42180225 0.45156593
v -0.17552433 0.42180225 0.42337324
v -0.17552433 0.42180225 0.42337324
v -0.38119434 0.42180225 -0.20961414
v -0.38119434 0.42180225 -0.20961414
v -0.38119434 0.42180225 -0.20961414
v -0.38119434 0.42180225 -0.20961414
v -0.34251168 0.42180225 -0.27256702
v -0.34251168 0.42180225 -0.27256702
v -0.29459381 0.42180225 -0.32880950
v -0.29459381 0.42180225 -0.32880950
v -0.29459381 0.42180225 -0.32880950
v -0.29459381 0.42180225 -0.32880950
v 0.44763647 0.42180225 -0.24513410
v 0.46880296 0.42180225 -0.21033650
v 0.48711576 0.42180225 -0.16975667
v 0.25189908 0.42180225 0.42337324
v 0.18360171 0.42180225 0.45156593
v 0.11177650 0.42180225 0.46890180
v -0.42667470 0.42180225 0.07769406
v -0.42667470 0.42180225 0.07769406
v -0.43238264 0.42180225 0.00402725
v -0.43238264 0.42180225 0.00402725
v -0.43238264 0.42180225 0.00402725
v -0.43238264 0.42180225 0.00402725
v -0.42667470 0.42180225 -0.06963956
v -0.42667470 0.42180225 -0.06963956
v 0.11153837 0.42180225 -0.46117502
v 0.11153837 0.42180225 -0.46117502
v 0.18169888 0.42180225 -0.44613038
v 0.18169888 0.42180225 -0.44613038
v 0.24547786 0.42180225 -0.42415706
v 0.51983590 0.77415951 -0.18242277
v 0.50018896 0.77415951 -0.22596061
v 0.47747968 0.77415951 -0.26329438
v 0.46763325 0.03251776 -0.16221451
v 0.45011537 0.03251776 -0.20103381
v 0.42986742 0.03251776 -0.23432095
v 0.36377396 -0.38192316 -0.11134146
v 0.33453121 -0.39243581 -0.14324399
v 0.33453121 -0.39243581 -0.14324399
v 0.33124320 -0.38192316 -0.18288374
v 0.33124320 -0.38192316 -0.18288374
v 0.35214320 0.71543358 -0.38144477
v 0.35214320 0.71543358 -0.38144477
v 0.38615665 0.71543358 -0.35050840
v 0.38615665 0.71543358 -0.35050840
v 0.41357936 0.71543358 -0.31861380
v 0.41357936 0.71543358 -0.31861380
v 0.34219187 0.42180225 -0.36922660
v 0.34219187 0.42180225 -0.36922660
v 0.34219187 0.42180225 -0.36922660
v 0.37512690 0.42180225 -0.33927056
v 0.37512690 0.42180225 -0.33927056
v 0.37512690 0.42180225 -0.33927056
v 0.40168041 0.42180225 -0.30838748
v 0.40168041 0.42180225 -0.30838748
v 0.43537181 0.66129521 -0.28454422
v 0.43232478 0.59064028 -0.28233067
v 0.43232478 0.59064028 -0.28233067
v 0.42880317 0.50897431 -0.27977182
v 0.42880317 0.50897431 -0.27977182
v 0.42880317 0.50897431 -0.27977182
v 0.42880317 0.50897431 -0.27977182
v 0.44568374 0.77324211 -0.29203649
v 0.44568374 0.77324211 -0.29203649
v 0.44154695 0.76681919 -0.28903028
v 0.44154695 0.76681919 -0.28903028
v 0.43937366 0.74938467 -0.28745177
v 0.43937366 0.74938467 -0.28745177
v 0.43937366 0.74938467 -0.28745177
v 0.43937366 0.74938467 -0.28745177
v 0.40199736 -0.08734382 -0.26029668
v 0.38947301 -0.20397409 -0.25119641
v 0.36635549 -0.30094893 -0.23440089
v 0.42121962 0.33313616 -0.27426176
v 0.42121962 0.33313616 -0.27426176
v 0.42121962 0.33313616 -0.27426176
v 0.41724612 0.24100801 -0.27137519
v 0.41724612 0.24100801 -0.27137519
v 0.41724612 0.24100801 -0.27137519
v 0.41724612 0.24100801 -0.27137519
v 0.41297438 0.14195570 -0.26827146
v 0.41297438 0.14195570 -0.26827146
v 0.41297438 0.14195570 -0.26827146
v 0.24342874 0.33313616 -0.41992444
v 0.24342874 0.33313616 -0.41992444
v 0.18028025 0.33313616 -0.44168060
v 0.11081375 0.33313616 -0.45657669
v 0.11081375 0.33313616 -0.45657669
v 0.24129967 0.24100801 -0.41552683
v 0.24129967 0.24100801 -0.41552683
v 0.24129967 0.24100801 -0.41552683
v 0.24129967 0.24100801 -0.41552683
v 0.17880664 0.24100801 -0.43705733
v 0.17880664 0.24100801 -0.43705733
v 0.11006021 0.24100801 -0.45179863
v 0.11006021 0.24100801 -0.45179863
v 0.11006021 0.24100801 -0.45179863
v 0.11006021 0.24100801 -0.45179863
v 0.23901072 0.14195570 -0.41079866
v 0.23901072 0.14195570 -0.41079866
v 0.23901072 0.14195570 -0.41079866
v 0.17722188 0.14195570 -0.43208648
v 0.17722188 0.14195570 -0.43208648
v 0.10924997 0.14195570 -0.44666165
v 0.10924997 0.14195570 -0.44666165
v 0.10924997 0.14195570 -0.44666165
v -0.39839243 -0.08753773 -0.06534117
v -0.40354811 -0.08773108 0.00392519
v -0.39839243 -0.08753773 0.07321423
v -0.37928073 -0.20552426 -0.06357385
v -0.38279213 -0.20707385 0.00322042
v -0.37928073 -0.20552426 0.07019782
v -0.34027205 -0.30674021 -0.06157462
v -0.33911652 -0.31180744 0.00137031
v -0.34027205 -0.30674021 0.06496445
v -0.42207977 0.33313616 -0.06891154
v -0.42207977 0.33313616 -0.06891154
v -0.42773101 0.33313616 0.00402725
v -0.42773101 0.33313616 0.00402725
v -0.42773101 0.33313616 0.00402725
v -0.42773101 0.33313616 0.00402725
v -0.42207977 0.33313616 0.07696603
v -0.42207977 0.33313616 0.07696603
v -0.42207977 0.33313616 0.07696603
v -0.42207977 0.33313616 0.07696603
v -0.41730567 0.24100801 -0.06815516
v -0.41730567 0.24100801 -0.06815516
v -0.41730567 0.24100801 -0.06815516
v -0.42289851 0.24100801 0.00402725
v -0.42289851 0.24100801 0.00402725
v -0.42289851 0.24100801 0.00402725
v -0.41730567 0.24100801 0.07620966
v -0.41730567 0.24100801 0.07620966
v -0.41217210 0.14195570 -0.06734153
v -0.41770200 0.14195570 0.00402725
v -0.41770200 0.14195570 0.00402725
v -0.41770200 0.14195570 0.00402725
v -0.41217210 0.14195570 0.07539603
v -0.41217210 0.14195570 0.07539603
v 0.11104905 0.33313616 0.46430687
v 0.18216438 0.33313616 0.44714223
v 0.24978645 0.33313616 0.41922851
v 0.11029324 0.24100801 0.45953221
v 0.11029324 0.24100801 0.45953221
v 0.18067091 0.24100801 0.44254561
v 0.18067091 0.24100801 0.44254561
v 0.24759162 0.24100801 0.41492105
v 0.24759162 0.24100801 0.41492105
v 0.24759162 0.24100801 0.41492105
v 0.10948074 0.14195570 0.45439920
v 0.17906518 0.14195570 0.43760368
v 0.24523178 0.14195570 0.41029097
v 0.39808736 0.33313616 -0.30529906
v 0.39808736 0.33313616 -0.30529906
v 0.37179638 0.33313616 -0.33587709
v 0.37179638 0.33313616 -0.33587709
v 0.37179638 0.33313616 -0.33587709
v 0.37179638 0.33313616 -0.33587709
v 0.33918680 0.33313616 -0.36553716
v 0.33918680 0.33313616 -0.36553716
v 0.33918680 0.33313616 -0.36553716
v 0.33918680 0.33313616 -0.36553716
v 0.39435427 0.24100801 -0.30209044
v 0.39435427 0.24100801 -0.30209044
v 0.39435427 0.24100801 -0.30209044
v 0.39435427 0.24100801 -0.30209044
v 0.36833601 0.24100801 -0.33235152
v 0.36833601 0.24100801 -0.33235152
v 0.33606493 0.24100801 -0.36170371
v 0.33606493 0.24100801 -0.36170371
v 0.33606493 0.24100801 -0.36170371
v 0.33606493 0.24100801 -0.36170371
v 0.39034051 0.14195570 -0.29864084
v 0.39034051 0.14195570 -0.29864084
v 0.39034051 0.14195570 -0.29864084
v 0.39034051 0.14195570 -0.29864084
v 0.36461539 0.14195570 -0.32856059
v 0.36461539 0.14195570 -0.32856059
v 0.33270775 0.14195570 -0.35758222
v 0.33270775 0.14195570 -0.35758222
v 0.33270775 0.14195570 -0.35758222
v 0.33270775 0.14195570 -0.35758222
v -0.29130411 0.33313616 -0.32551980
v -0.29130411 0.33313616 -0.32551980
v -0.33874854 0.33313616 -0.26983297
v -0.33874854 0.33313616 -0.26983297
v -0.33874854 0.33313616 -0.26983297
v -0.37704904 0.33313616 -0.20750266
v -0.37704904 0.33313616 -0.20750266
v -0.28788683 0.24100801 -0.32210139
v -0.28788683 0.24100801 -0.32210139
v -0.33483854 0.24100801 -0.26699232
v -0.33483854 0.24100801 -0.26699232
v -0.37274158 0.24100801 -0.20530839
v -0.37274158 0.24100801 -0.20530839
v -0.28421157 0.14195570 -0.31842613
v -0.28421157 0.14195570 -0.31842613
v -0.28421157 0.14195570 -0.31842613
v -0.28421157 0.14195570 -0.31842613
v -0.33063484 0.14195570 -0.26393792
v -0.33063484 0.14195570 -0.26393792
v -0.33063484 0.14195570 -0.26393792
v -0.33063484 0.14195570 -0.26393792
v -0.36811093 0.14195570 -0.20294912
v -0.36811093 0.14195570 -0.20294912
v -0.36811093 0.14195570 -0.20294912
v -0.36811093 0.14195570 -0.20294912
v -0.17341170 0.33313616 0.41922851
v -0.17341170 0.33313616 0.41922851
v -0.10578963 0.33313616 0.44714223
v -0.10578963 0.33313616 0.44714223
v -0.10578963 0.33313616 0.44714223
v -0.10578963 0.33313616 0.44714223
v -0.03467430 0.33313616 0.46430687
v -0.03467430 0.33313616 0.46430687
v -0.17121687 0.24100801 0.41492162
v -0.17121687 0.24100801 0.41492162
v -0.10429616 0.24100801 0.44254561
v -0.10429616 0.24100801 0.44254561
v -0.03391850 0.24100801 0.45953221
v -0.03391850 0.24100801 0.45953221
v -0.03391850 0.24100801 0.45953221
v -0.03391850 0.24100801 0.45953221
v -0.16885703 0.14195570 0.41029097
v -0.16885703 0.14195570 0.41029097
v -0.10269044 0.14195570 0.43760368
v -0.03310599 0.14195570 0.45439920
v -0.03310599 0.14195570 0.45439920
v -0.03310599 0.14195570 0.45439920
v 0.49868982 0.33313616 0.07729036
v 0.50598988 0.33313616 0.00662012
v 0.50481280 0.33313616 -0.06016054
v 0.49391346 0.24100801 0.07653002
v 0.49391346 0.24100801 0.07653002
v 0.50113754 0.24100801 0.00659290
v 0.50113754 0.24100801 0.00659290
v 0.49997237 0.24100801 -0.05949489
v 0.49997237 0.24100801 -0.05949489
v 0.49997237 0.24100801 -0.05949489
v 0.48877762 0.14195570 0.07571298
v 0.49592005 0.14195570 0.00656398
v 0.49476792 0.14195570 -0.05877934
v -0.03467430 0.33313616 -0.45625237
v -0.03467430 0.33313616 -0.45625237
v -0.10578963 0.33313616 -0.43908774
v -0.10578963 0.33313616 -0.43908774
v -0.10578963 0.33313616 -0.43908774
v -0.10578963 0.33313616 -0.43908774
v -0.17341170 0.33313616 -0.41117401
v -0.17341170 0.33313616 -0.41117401
v -0.17341170 0.33313616 -0.41117401
v -0.03391850 0.24100801 -0.45147771
v -0.10429616 0.24100801 -0.43449111
v -0.10429616 0.24100801 -0.43449111
v -0.17121687 0.24100801 -0.40686712
v -0.17121687 0.24100801 -0.40686712
v -0.17121687 0.24100801 -0.40686712
v -0.17121687 0.24100801 -0.40686712
v -0.03310599 0.14195570 -0.44634470
v -0.03310599 0.14195570 -0.44634470
v -0.03310599 0.14195570 -0.44634470
v -0.10269044 0.14195570 -0.42954918
v -0.16885703 0.14195570 -0.40223647
v -0.16885703 0.14195570 -0.40223647
v -0.16885703 0.14195570 -0.40223647
v -0.16885703 0.14195570 -0.40223647
v -0.37704904 0.33313616 0.21555715
v -0.37704904 0.33313616 0.21555715
v -0.33874854 0.33313616 0.27788747
v -0.29130468 0.33313616 0.33357430
v -0.29130468 0.33313616 0.33357430
v -0.37274158 0.24100801 0.21336288
v -0.37274158 0.24100801 0.21336288
v -0.37274158 0.24100801 0.21336288
v -0.33483854 0.24100801 0.27504682
v -0.33483854 0.24100801 0.27504682
v -0.33483854 0.24100801 0.27504682
v -0.28788683 0.24100801 0.33015589
v -0.28788683 0.24100801 0.33015589
v -0.36811093 0.14195570 0.21100362
v -0.33063484 0.14195570 0.27199242
v -0.33063484 0.14195570 0.27199242
v -0.33063484 0.14195570 0.27199242
v -0.33063484 0.14195570 0.27199242
v -0.28421157 0.14195570 0.32648063
v 0.36767886 0.33313616 0.33357430
v 0.41512329 0.33313616 0.27788747
v 0.45342379 0.33313616 0.21555715
v 0.36426158 0.24100801 0.33015589
v 0.36426158 0.24100801 0.33015589
v 0.36426158 0.24100801 0.33015589
v 0.41121329 0.24100801 0.27504682
v 0.41121329 0.24100801 0.27504682
v 0.44911633 0.24100801 0.21336288
v 0.44911633 0.24100801 0.21336288
v 0.36058632 0.14195570 0.32648063
v 0.40700959 0.14195570 0.27199242
v 0.44448568 0.14195570 0.21100362
v 0.06982625 -0.47856800 -0.01895986
v 0.06982625 -0.47856800 -0.01895986
v 0.06982625 -0.47856800 -0.01895986
v 0.06982625 -0.47856800 -0.01895986
v 0.06982625 -0.47856800 -0.01895986
v 0.06982625 -0.47856800 -0.01895986
v 0.06982625 -0.47856800 -0.01895986
v 0.06982625 -0.47856800 -0.01895986
v 0.18702069 -0.42732187 -0.22577293
v 0.11312425 -0.44433399 -0.20472665
v 0.11312425 -0.44433399 -0.20472665
v 0.05015834 -0.42732187 -0.25726723
v -0.00853187 -0.44433399 -0.19990096
v -0.00853187 -0.44433399 -0.19990096
v -0.09749903 -0.42732187 -0.20866953
v -0.10955788 -0.44433399 -0.12633791
v -0.10955788 -0.44433399 -0.12633791
v -0.18898138 -0.42732187 -0.08275472
v -0.14817590 -0.44433399 -0.00748388
v -0.14817590 -0.44433399 -0.00748388
v -0.18898138 -0.42732187 0.07288481
v -0.10955788 -0.44433399 0.11137072
v -0.10955788 -0.44433399 0.11137072
v -0.09749903 -0.42732187 0.19879962
v -0.00845476 -0.44433399 0.18482660
v 0.05052291 -0.42732187 0.24689496
v 0.11651658 -0.44433399 0.18482660
v 0.19854486 -0.42732187 0.19879962
v 0.21769738 -0.44433399 0.11147731
v 0.21769738 -0.44433399 0.11147731
v 0.29039236 -0.42732187 0.07338660
v 0.25988123 -0.44433399 -0.00273360
v 0.25988123 -0.44433399 -0.00273360
v 0.30273187 -0.42732187 -0.06650975
v 0.24606016 -0.44433399 -0.09916185
v 0.24606016 -0.44433399 -0.09916185
v 0.26388762 -0.42732187 -0.15995333
v 0.20056223 -0.44433399 -0.16178473
v 0.10737436 -0.08753773 0.44067509
v 0.17487566 -0.08773108 0.42417441
v 0.23914793 -0.08753773 0.39785961
v 0.10486824 -0.20552426 0.42195349
v 0.16973075 -0.20707385 0.40465221
v 0.23209281 -0.20552426 0.38061559
v 0.09916710 -0.30674021 0.38423586
v 0.15956737 -0.31180744 0.36368513
v 0.21951290 -0.30674021 0.34513306
v 0.37989646 -0.08753773 -0.28959330
v 0.35473493 -0.08773108 -0.31849190
v 0.32382974 -0.08753773 -0.34681726
v 0.36723320 -0.20552426 -0.27822166
v 0.34162374 -0.20707385 -0.30511989
v 0.31225114 -0.20552426 -0.33353541
v 0.34298170 -0.30674021 -0.25551181
v 0.31496591 -0.31180744 -0.27797898
v 0.28880931 -0.30674021 -0.30800023
v -0.27426875 -0.08753773 -0.30879855
v -0.31915716 -0.08773108 -0.25580325
v -0.35570962 -0.08753773 -0.19670537
v -0.26004908 -0.20552426 -0.29676012
v -0.30218020 -0.20707385 -0.24487782
v -0.33867823 -0.20552426 -0.18853668
v -0.23019057 -0.30674021 -0.27383085
v -0.26635917 -0.31180744 -0.22255240
v -0.30456839 -0.30674021 -0.17145879
v -0.16252370 -0.08753773 0.39785961
v -0.09821911 -0.08773108 0.42417441
v -0.03075013 -0.08753773 0.44067509
v -0.15374946 -0.20552426 0.38061559
v -0.09113508 -0.20707385 0.40465221
v -0.02652488 -0.20552426 0.42195349
v -0.13671750 -0.30674021 0.34513306
v -0.07587952 -0.31180744 0.36368513
v -0.01637171 -0.30674021 0.38423586
v 0.47524289 -0.08753773 0.07352494
v 0.48201110 -0.08773108 0.00641203
v 0.48110448 -0.08753773 -0.05696155
v 0.45785769 -0.20552426 0.07051930
v 0.46325491 -0.20707385 0.00579117
v 0.46384232 -0.20552426 -0.05501563
v 0.42332997 -0.30674021 0.06532563
v 0.42490338 -0.31180744 0.00425915
v 0.42981696 -0.30674021 -0.05228498
v -0.03075013 -0.08753773 -0.43280203
v -0.09821911 -0.08773108 -0.41632459
v -0.16252370 -0.08753773 -0.38998655
v -0.02652488 -0.20552426 -0.41532895
v -0.09113508 -0.20707385 -0.39821081
v -0.15374946 -0.20552426 -0.37399106
v -0.01637171 -0.30674021 -0.38084602
v -0.07587895 -0.31180744 -0.36094450
v -0.13671750 -0.30674021 -0.34174322
v -0.35570962 -0.08753773 0.20457843
v -0.31915716 -0.08773108 0.26365363
v -0.27426932 -0.08753773 0.31667162
v -0.33867823 -0.20552426 0.19516065
v -0.30218020 -0.20707385 0.25131865
v -0.26004908 -0.20552426 0.30338409
v -0.30456839 -0.30674021 0.17484862
v -0.26635917 -0.31180744 0.22529359
v -0.23019057 -0.30674021 0.27722068
v 0.35089354 -0.08753773 0.31667162
v 0.39581371 -0.08773108 0.26365363
v 0.43233385 -0.08753773 0.20457843
v 0.33839244 -0.20552426 0.30338409
v 0.38077531 -0.20707385 0.25131865
v 0.41702159 -0.20552426 0.19516065
v 0.31298597 -0.30674021 0.27722068
v 0.35004759 -0.31180744 0.22529359
v 0.38736379 -0.30674021 0.17484862
v 0.23306010 -0.08753773 -0.39836560
v 0.17306865 -0.08773108 -0.41881143
v 0.10714869 -0.08753773 -0.43311331
v 0.22587515 -0.20552426 -0.38254928
v 0.16786307 -0.20707385 -0.40078156
v 0.10463520 -0.20552426 -0.41565044
v 0.21276339 -0.30674021 -0.35103287
v 0.15746835 -0.31180744 -0.36383334
v 0.09890459 -0.30674021 -0.38120720
v 0.38872401 0.77324211 0.35462285
v 0.43919846 0.77324211 0.29537926
v 0.47994497 0.77324211 0.22906751
v 0.38516498 0.76681919 0.35106326
v 0.43512687 0.76681919 0.29242125
v 0.47546004 0.76681919 0.22678252
v 0.38329560 0.74938467 0.34919331
v 0.43298873 0.74938467 0.29086711
v 0.47310418 0.74938467 0.22558276
v -0.40357022 0.77324211 0.22906751
v -0.36282371 0.77324211 0.29537926
v -0.31234926 0.77324211 0.35462285
v -0.39908530 0.76681919 0.22678252
v -0.35875268 0.76681919 0.29242125
v -0.30879023 0.76681919 0.35106326
v -0.39672943 0.74938467 0.22558276
v -0.35661398 0.74938467 0.29086711
v -0.30692085 0.74938467 0.34919331
v -0.03932763 0.77324211 -0.48565049
v -0.11498515 0.77324211 -0.46738985
v -0.18692659 0.77324211 -0.43769293
v -0.03854064 0.76681919 -0.48067908
v -0.11342988 0.76681919 -0.46260385
v -0.18464104 0.76681919 -0.43320800
v -0.03812730 0.74938467 -0.47806750
v -0.11261341 0.74938467 -0.46008979
v -0.18344071 0.74938467 -0.43085270
v 0.52810268 0.77324211 0.08196920
v 0.53586824 0.77324211 0.00678568
v 0.53461575 0.77324211 -0.06426048
v 0.52312844 0.76681919 0.08117824
v 0.53081575 0.76681919 0.00675790
v 0.52957573 0.76681919 -0.06356704
v 0.52051629 0.74938467 0.08076263
v 0.52816165 0.74938467 0.00674315
v 0.52692844 0.74938467 -0.06320303
v -0.18692659 0.77324211 0.44574743
v -0.11498515 0.77324211 0.47544435
v -0.03932819 0.77324211 0.49370499
v -0.18464160 0.76681919 0.44126250
v -0.11343045 0.76681919 0.47065778
v -0.03854120 0.76681919 0.48873358
v -0.18344071 0.74938467 0.43890720
v -0.11261341 0.74938467 0.46814429
v -0.03812786 0.74938467 0.48612200
v -0.31234926 0.77324211 -0.34656835
v -0.36282371 0.77324211 -0.28732476
v -0.40357022 0.77324211 -0.22101301
v -0.30879023 0.76681919 -0.34300876
v -0.35875268 0.76681919 -0.28436675
v -0.39908530 0.76681919 -0.21872802
v -0.30692085 0.74938467 -0.34113881
v -0.35661398 0.74938467 -0.28281261
v -0.39672943 0.74938467 -0.21752826
v 0.42107447 0.77324211 -0.32505600
v 0.39310404 0.77324211 -0.35758733
v 0.35841189 0.77324211 -0.38914173
v 0.41718715 0.76681919 -0.32171470
v 0.41718715 0.76681919 -0.32171470
v 0.38950079 0.76681919 -0.35391547
v 0.38950079 0.76681919 -0.35391547
v 0.35516075 0.76681919 -0.38514951
v 0.35516075 0.76681919 -0.38514951
v 0.41514540 0.74938467 -0.31995985
v 0.38760816 0.74938467 -0.35198712
v 0.35345296 0.74938467 -0.38305333
v 0.11570238 0.77324211 0.49370499
v 0.19135990 0.77324211 0.47544435
v 0.26330134 0.77324211 0.44574743
v 0.11491539 0.76681919 0.48873358
v 0.18980463 0.76681919 0.47065778
v 0.26101579 0.76681919 0.44126250
v 0.11450205 0.74938467 0.48612200
v 0.18898816 0.74938467 0.46814429
v 0.25981546 0.74938467 0.43890720
v -0.45147732 0.77324211 -0.07356997
v -0.45748973 0.77324211 0.00402725
v -0.45147732 0.77324211 0.08162446
v -0.44650591 0.76681919 -0.07278241
v -0.45245709 0.76681919 0.00402725
v -0.44650591 0.76681919 0.08083691
v -0.44389490 0.74938467 -0.07236850
v -0.44981376 0.74938467 0.00402725
v -0.44389490 0.74938467 0.08042300
v 0.25653766 0.77324211 -0.44700242
v 0.18935614 0.77324211 -0.47014828
v 0.11545233 0.77324211 -0.48599522
v 0.25432071 0.76681919 -0.44242337
v 0.25432071 0.76681919 -0.44242337
v 0.18782129 0.76681919 -0.46533393
v 0.18782129 0.76681919 -0.46533393
v 0.11466761 0.76681919 -0.48102041
v 0.11466761 0.76681919 -0.48102041
v 0.25315667 0.74938467 -0.44001817
v 0.18701502 0.74938467 -0.46280513
v 0.11425540 0.74938467 -0.47840713
v 0.37985337 0.66129521 0.34575051
v 0.42905095 0.66129521 0.28800606
v 0.46876610 0.66129521 0.22337261
v 0.37723215 0.59064028 0.34312930
v 0.42605211 0.59064028 0.28582766
v 0.46546279 0.59064028 0.22168977
v 0.37420270 0.50897431 0.34009871
v 0.42258607 0.50897431 0.28330964
v 0.46164465 0.50897431 0.21974498
v -0.39239135 0.66129521 0.22337261
v -0.35267620 0.66129521 0.28800606
v -0.30347862 0.66129521 0.34575051
v -0.30347862 0.66129521 0.34575051
v -0.38908804 0.59064028 0.22168977
v -0.38908804 0.59064028 0.22168977
v -0.34967736 0.59064028 0.28582766
v -0.34967736 0.59064028 0.28582766
v -0.34967736 0.59064028 0.28582766
v -0.30085741 0.59064028 0.34312873
v -0.30085741 0.59064028 0.34312873
v -0.38526990 0.50897431 0.21974498
v -0.34621132 0.50897374 0.28330964
v -0.34621132 0.50897374 0.28330964
v -0.34621132 0.50897374 0.28330964
v -0.34621132 0.50897374 0.28330964
v -0.29782795 0.50897431 0.34009871
v -0.03736639 0.66129521 -0.47325881
v -0.11110917 0.66129521 -0.45546028
v -0.18123000 0.66129521 -0.42651462
v -0.03678692 0.59064028 -0.46959716
v -0.10996385 0.59064028 -0.45193527
v -0.17954659 0.59064028 -0.42321188
v -0.03611673 0.50897374 -0.46536511
v -0.10863991 0.50897431 -0.44786085
v -0.17760123 0.50897374 -0.41939374
v 0.51570534 0.66129521 0.07999719
v 0.51570534 0.66129521 0.07999719
v 0.52327472 0.66129521 0.00671594
v 0.52327472 0.66129521 0.00671594
v 0.52205398 0.66129521 -0.06253228
v 0.51204142 0.59064028 0.07941432
v 0.51955297 0.59064028 0.00669496
v 0.51955297 0.59064028 0.00669496
v 0.51834130 0.59064028 -0.06202198
v 0.51834130 0.59064028 -0.06202198
v 0.50780710 0.50897431 0.07874073
v 0.51525174 0.50897431 0.00667115
v 0.51405085 0.50897431 -0.06143174
v -0.18123000 0.66129521 0.43456912
v -0.18123000 0.66129521 0.43456912
v -0.11110917 0.66129521 0.46351478
v -0.11110917 0.66129521 0.46351478
v -0.11110917 0.66129521 0.46351478
v -0.11110917 0.66129521 0.46351478
v -0.03736639 0.66129521 0.48131388
v -0.03736639 0.66129521 0.48131388
v -0.17954715 0.59064028 0.43126638
v -0.17954715 0.59064028 0.43126638
v -0.10996385 0.59064028 0.45998977
v -0.10996385 0.59064028 0.45998977
v -0.03678692 0.59064028 0.47765223
v -0.03678692 0.59064028 0.47765223
v -0.03678692 0.59064028 0.47765223
v -0.03678692 0.59064028 0.47765223
v -0.17760123 0.50897431 0.42744824
v -0.17760123 0.50897431 0.42744824
v -0.10863991 0.50897374 0.45591535
v -0.03611673 0.50897431 0.47341961
v -0.03611673 0.50897431 0.47341961
v -0.03611673 0.50897431 0.47341961
v -0.30347862 0.66129521 -0.33769601
v -0.30347862 0.66129521 -0.33769601
v -0.35267620 0.66129521 -0.27995156
v -0.35267620 0.66129521 -0.27995156
v -0.35267620 0.66129521 -0.27995156
v -0.39239135 0.66129521 -0.21531811
v -0.39239135 0.66129521 -0.21531811
v -0.30085741 0.59064028 -0.33507480
v -0.30085741 0.59064028 -0.33507480
v -0.34967736 0.59064028 -0.27777316
v -0.34967736 0.59064028 -0.27777316
v -0.38908804 0.59064028 -0.21363527
v -0.38908804 0.59064028 -0.21363527
v -0.29782795 0.50897431 -0.33204421
v -0.29782795 0.50897431 -0.33204421
v -0.29782795 0.50897431 -0.33204421
v -0.29782795 0.50897431 -0.33204421
v -0.34621132 0.50897374 -0.27525514
v -0.34621132 0.50897374 -0.27525514
v -0.34621132 0.50897374 -0.27525514
v -0.34621132 0.50897374 -0.27525514
v -0.38526990 0.50897431 -0.21169048
v -0.38526990 0.50897431 -0.21169048
v -0.38526990 0.50897431 -0.21169048
v -0.38526990 0.50897431 -0.21169048
v 0.41138566 0.66129521 -0.31672854
v 0.38412284 0.66129521 -0.34843603
v 0.35030840 0.66129521 -0.37919210
v 0.40852233 0.59064028 -0.31426779
v 0.38146874 0.59064028 -0.34573203
v 0.34791398 0.59064028 -0.37625223
v 0.40521278 0.50897431 -0.31142317
v 0.37840130 0.50897431 -0.34260676
v 0.34514592 0.50897374 -0.37285423
v 0.11374114 0.66129521 0.48131388
v 0.18748392 0.66129521 0.46351478
v 0.25760475 0.66129521 0.43456912
v 0.11316167 0.59064028 0.47765223
v 0.18633859 0.59064028 0.45998977
v 0.25592134 0.59064028 0.43126638
v 0.11249148 0.50897431 0.47341961
v 0.18501466 0.50897431 0.45591535
v 0.25397598 0.50897431 0.42744880
v -0.43908622 0.66129521 -0.07160646
v -0.43908622 0.66129521 -0.07160646
v -0.44494611 0.66129521 0.00402725
v -0.44494611 0.66129521 0.00402725
v -0.44494611 0.66129521 0.00402725
v -0.44494611 0.66129521 0.00402725
v -0.43908622 0.66129521 0.07966096
v -0.43908622 0.66129521 0.07966096
v -0.43908622 0.66129521 0.07966096
v -0.43908622 0.66129521 0.07966096
v -0.43542456 0.59064028 -0.07102643
v -0.43542456 0.59064028 -0.07102643
v -0.43542456 0.59064028 -0.07102643
v -0.44123966 0.59064028 0.00402725
v -0.44123966 0.59064028 0.00402725
v -0.44123966 0.59064028 0.00402725
v -0.43542456 0.59064028 0.07908093
v -0.43542456 0.59064028 0.07908093
v -0.43119251 0.50897431 -0.07035567
v -0.43119251 0.50897431 -0.07035567
v -0.43695545 0.50897374 0.00402725
v -0.43695545 0.50897374 0.00402725
v -0.43695545 0.50897374 0.00402725
v -0.43119251 0.50897431 0.07841017
v -0.43119251 0.50897431 0.07841017
v 0.25101230 0.66129521 -0.43558881
v 0.18553063 0.66129521 -0.45814897
v 0.11349677 0.66129521 -0.47359504
v 0.24937935 0.59064028 -0.43221632
v 0.18440004 0.59064028 -0.45460298
v 0.11291900 0.59064028 -0.46993112
v 0.24749239 0.50897431 -0.42831824
v 0.18309368 0.50897431 -0.45050474
v 0.11225108 0.50897374 -0.46569567
v 0.49910146 0.66129521 -0.17439639
v 0.48029991 0.66129521 -0.21605974
v 0.45856870 0.66129521 -0.25178609
v 0.49556512 0.59064028 -0.17302767
v 0.49556512 0.59064028 -0.17302767
v 0.47690815 0.59064028 -0.21437123
v 0.47690815 0.59064028 -0.21437123
v 0.45534363 0.59064028 -0.24982372
v 0.45534363 0.59064028 -0.24982372
v 0.49147822 0.50897431 -0.17144518
v 0.47298795 0.50897431 -0.21241963
v 0.45161564 0.50897374 -0.24755517
v 0.51106789 0.77324211 -0.17902874
v 0.51106789 0.77324211 -0.17902874
v 0.51106789 0.77324211 -0.17902874
v 0.49177816 0.77324211 -0.22177392
v 0.49177816 0.77324211 -0.22177392
v 0.46948279 0.77324211 -0.25842787
v 0.46948279 0.77324211 -0.25842787
v 0.50626658 0.76681919 -0.17717013
v 0.50626658 0.76681919 -0.17717013
v 0.50626658 0.76681919 -0.17717013
v 0.48717302 0.76681919 -0.21948156
v 0.48717302 0.76681919 -0.21948156
v 0.46510388 0.76681919 -0.25576299
v 0.50374515 0.74938467 -0.17619377
v 0.50374515 0.74938467 -0.17619377
v 0.50374515 0.74938467 -0.17619377
v 0.48475422 0.74938467 -0.21827726
v 0.46280415 0.74938467 -0.25436365
v 0.46280415 0.74938467 -0.25436365
v 0.46012850 -0.08753773 -0.15921794
v 0.44273991 -0.08773108 -0.19736365
v 0.42303116 -0.08753773 -0.23022384
v 0.44391869 -0.20552426 -0.15231024
v 0.42597103 -0.20707385 -0.18902599
v 0.40830291 -0.20552426 -0.22169397
v 0.41238980 -0.30674021 -0.13790687
v 0.39192072 -0.31180744 -0.17206037
v 0.37920983 -0.30674021 -0.20564745
v 0.48267789 0.33313616 -0.16803868
v 0.46454653 0.33313616 -0.20821764
v 0.44358926 0.33313616 -0.24267108
v 0.47806709 0.24100801 -0.16625378
v 0.47806709 0.24100801 -0.16625378
v 0.46012397 0.24100801 -0.20601599
v 0.46012397 0.24100801 -0.20601599
v 0.43938443 0.24100801 -0.24011223
v 0.43938443 0.24100801 -0.24011223
v 0.47310985 0.14195570 -0.16433507
v 0.45536858 0.14195570 -0.20364879
v 0.43486265 0.14195570 -0.23736060
v 0.04416237 -0.89036503 -0.39478276
v 0.04416237 -0.89036503 -0.39478276
v 0.04416237 -0.89036503 -0.39478276
v 0.03818737 0.77415951 -0.50106651
v 0.26051003 -0.89036503 -0.34080031
v 0.26051003 -0.89036503 -0.34080031
v 0.31874380 0.77415951 -0.42707878
v 0.43483940 -0.89036503 -0.10085659
v 0.43483940 -0.89036503 -0.10085659
v 0.53489018 0.77415951 -0.12957885
v 0.41932415 -0.89036503 0.12158399
v 0.41932415 -0.89036503 0.12158399
v 0.51856016 0.77415951 0.16010959
v 0.27602527 -0.89036503 0.31881826
v 0.27602527 -0.89036503 0.31881826
v 0.33507382 0.77415951 0.41265704
v 0.04416237 -0.89036503 0.39415543
v 0.04416237 -0.89036503 0.39415543
v 0.03818737 0.77415951 0.50912101
v -0.18770054 -0.89036503 0.31881826
v -0.18770054 -0.89036503 0.31881826
v -0.25869907 0.77415951 0.41265704
v -0.33099999 -0.89036503 0.12158399
v -0.33099999 -0.89036503 0.12158399
v -0.44218541 0.77415951 0.16011016
v -0.33099999 -0.89036503 -0.12221132
v -0.33099999 -0.89036503 -0.12221132
v -0.44218541 0.77415951 -0.15205509
v -0.18770054 -0.89036503 -0.31944558
v -0.18770054 -0.89036503 -0.31944558
v -0.25869907 0.77415951 -0.40460254
v 0.35389408 0.77415951 -0.48109071
v 0.35389408 0.77415951 -0.48109071
v 0.03818737 0.77415951 -0.56434824
v 0.03818737 0.77415951 -0.56434824
v 0.03818737 0.77415951 -0.56434824
v 0.59712070 0.77415951 -0.14631767
v 0.59712070 0.77415951 -0.14631767
v 0.57874439 0.77415951 0.17966468
v 0.57874439 0.77415951 0.17966468
v 0.37226982 0.77415951 0.46385271
v 0.37226982 0.77415951 0.46385271
v 0.03818737 0.77415951 0.57240274
v 0.03818737 0.77415951 0.57240274
v -0.29589507 0.77415951 0.46385271
v -0.29589507 0.77415951 0.46385271
v -0.50236965 0.77415951 0.17966468
v -0.50236965 0.77415951 0.17966468
v -0.50236965 0.77415951 -0.17161018
v -0.50236965 0.77415951 -0.17161018
v -0.29589507 0.77415951 -0.45579821
v -0.29589507 0.77415951 -0.45579821
v 0.03818737 -0.56232165 -0.49641772
v 0.03818737 -0.56232165 -0.49641772
v 0.03818737 -0.24643124 -0.51621321
v 0.03818737 -0.24643124 -0.51621321
v 0.03818737 0.09376568 -0.53753165
v 0.03818737 0.09376568 -0.53753165
v 0.03818737 0.43396259 -0.55885009
v 0.03818737 0.43396259 -0.55885009
v 0.35084025 0.43396259 -0.47639770
v 0.35084025 0.43396259 -0.47639770
v 0.33899856 0.09376568 -0.45820227
v 0.33899856 0.09376568 -0.45820227
v 0.32715687 -0.24643124 -0.44000627
v 0.32715687 -0.24643124 -0.44000627
v 0.31616171 -0.56232165 -0.42311095
v 0.31616171 -0.56232165 -0.42311095
v 0.59171384 0.43396259 -0.14486333
v 0.57074920 0.09376568 -0.13922457
v 0.54978513 -0.24643124 -0.13358524
v 0.53031850 -0.56232165 -0.12834904
v 0.57351557 0.43396259 0.17796596
v 0.55324040 0.09376568 0.17137805
v 0.53296523 -0.24643124 0.16479014
v 0.51413873 -0.56232165 0.15867340
v 0.36903851 0.43396259 0.45940463
v 0.35650736 0.09376568 0.44215778
v 0.34397677 -0.24643124 0.42491037
v 0.33234147 -0.56232165 0.40889560
v 0.03818737 0.43396259 0.56690459
v 0.03818737 0.09376568 0.54558615
v 0.03818737 -0.24643124 0.52426771
v 0.03818737 -0.56232165 0.50447222
v -0.29266376 0.43396259 0.45940463
v -0.29266376 0.43396259 0.45940463
v -0.28013261 0.09376568 0.44215778
v -0.28013261 0.09376568 0.44215778
v -0.26760202 -0.24643124 0.42491037
v -0.25596672 -0.56232165 0.40889560
v -0.25596672 -0.56232165 0.40889560
v -0.53449104 0.32302438 0.06907914
v -0.53449104 0.32302438 0.06907914
v -0.53449104 0.32302438 0.06907914
v -0.52515887 0.20516259 0.06669152
v -0.52515887 0.20516259 0.06669152
v -0.52515887 0.20516259 0.06669152
v -0.51887373 -0.35519219 0.05342327
v -0.51887373 -0.35519219 0.05342327
v -0.52049080 -0.47505263 0.06133285
v -0.52049080 -0.47505263 0.06133285
v -0.53449104 0.32302438 -0.06179632
v -0.53449104 0.32302438 -0.06179632
v -0.52515887 0.20516259 -0.06244553
v -0.52515887 0.20516259 -0.06244553
v -0.51887430 -0.35519219 -0.06726952
v -0.51887430 -0.35519219 -0.06726952
v -0.52049080 -0.47505263 -0.05759432
v -0.52049080 -0.47505263 -0.05759432
v -0.29266376 0.43396259 -0.45135013
v -0.28013261 0.09376568 -0.43410328
v -0.26760202 -0.24643124 -0.41685587
v -0.25596672 -0.56232165 -0.40084110
v -0.50693565 0.42744499 0.17424307
v -0.50693565 0.42744499 0.17424307
v -0.48706645 0.10028328 0.16803902
v -0.46560967 -0.25301518 0.16127420
v -0.46560967 -0.25301518 0.16127420
v -0.44681095 -0.56254391 0.15540694
v -0.44681095 -0.56254391 0.15540694
v -0.50693565 0.42744499 -0.16618858
v -0.48706645 0.10028385 -0.15998452
v -0.46560967 -0.25301518 -0.15321970
v -0.44681095 -0.56254391 -0.14735244
v -0.80576349 0.25997001 0.05341534
v -0.80576349 0.25997001 0.05341534
v -0.80576349 0.25997001 0.05341534
v -0.80576349 0.25997001 0.05341534
v -0.73035261 0.16969253 0.00478419
v -0.73035261 0.16969253 0.00478419
v -0.68318771 -0.29921165 0.00653790
v -0.68318771 -0.29921165 0.00653790
v -0.68318771 -0.29921165 0.00653790
v -0.73463909 -0.40557365 0.05003775
v -0.80576349 0.25997001 -0.07653025
v -0.80576349 0.25997001 -0.07653025
v -0.80576349 0.25997001 -0.07653025
v -0.73035261 0.16969253 -0.12382896
v -0.73035261 0.16969253 -0.12382896
v -0.68318771 -0.29921165 -0.11515790
v -0.68318771 -0.29921165 -0.11515790
v -0.68318771 -0.29921165 -0.11515790
v -0.73463909 -0.40557365 -0.07008918
v -0.79390649 -0.06364343 -0.01463936
v -0.79390649 -0.06364343 -0.01463936
v -0.79390649 -0.06364343 -0.13981027
v -0.79390649 -0.06364343 -0.13981027
v -0.90284151 -0.06892896 -0.08532263
v -0.90284151 -0.06892896 0.03977061
v -0.90284151 -0.06892896 0.03977061
v 0.03818737 0.71746002 -0.57661574
v 0.03818737 0.71746002 -0.57661574
v 0.36070766 0.71746002 -0.49156084
v 0.36070766 0.71746002 -0.49156084
v 0.60918408 0.71746002 -0.14956315
v 0.60918408 0.71746002 -0.14956315
v 0.59041145 0.71746002 0.18345561
v 0.59041145 0.71746002 0.18345561
v 0.37948029 0.71746002 0.47377682
v 0.37948029 0.71746002 0.47377682
v 0.03818737 0.71746002 0.58467024
v 0.03818737 0.71746002 0.58467024
v -0.30310554 0.71746002 0.47377682
v -0.30310554 0.71746002 0.47377682
v -0.51403670 0.71746002 0.18345561
v -0.51403670 0.71746002 -0.17540111
v -0.30310554 0.71746002 -0.46572232
v -0.58196041 0.20865358 -0.07989082
v -0.58196041 0.20865358 -0.07989082
v -0.60782955 0.32372235 -0.06533096
v -0.60782955 0.32372235 -0.06533096
v -0.60782955 0.32372235 0.06555470
v -0.60782955 0.32372235 0.06555470
v -0.58196041 0.20865358 0.04929725
v -0.58196041 0.20865358 0.04929725
v -0.48371665 -0.34876020 0.07291656
v -0.47508982 -0.48429975 0.07177803
v -0.47508982 -0.48429975 -0.06372353
v -0.48371665 -0.34876020 -0.06486206
v -0.52704696 0.33200047 0.07902026
v -0.52704696 0.33200047 0.07902026
v -0.51837364 0.19572836 0.07786926
v -0.51837364 0.19572836 0.07786926
v -0.51837364 0.19572836 -0.06981476
v -0.51837364 0.19572836 -0.06981476
v -0.52704696 0.33200047 -0.07096576
v -0.52704696 0.33200047 -0.07096576
v 0.30883216 -0.77289843 -0.41184817
v 0.30883216 -0.77289843 -0.41184817
v 0.51734169 -0.77289843 -0.12485862
v 0.51734169 -0.77289843 -0.12485862
v 0.50158887 -0.77289843 0.15459557
v 0.50158887 -0.77289843 0.15459557
v 0.32458498 -0.77289843 0.39822022
v 0.32458498 -0.77289843 0.39822022
v 0.03818737 -0.77289843 0.49127655
v 0.03818737 -0.77289843 0.49127655
v -0.24821023 -0.77289843 0.39822022
v -0.24821023 -0.77289843 0.39822022
v -0.42521412 -0.77289843 0.15459557
v -0.42521412 -0.77289843 -0.14654107
v -0.24821023 -0.77289843 -0.39016572
v 0.03818737 -0.77289843 -0.48322205
v 0.03818737 -0.77289843 -0.48322205
v 0.37277898 -0.89036503 -0.23906783
v 0.37277898 -0.89036503 -0.23906783
v 0.50524032 0.77415951 -0.33530670
v 0.50524032 0.77415951 -0.33530670
v 0.45323952 0.77415951 -0.29752613
v 0.44941967 -0.56232165 -0.29475069
v 0.46568619 -0.24643124 -0.30656856
v 0.48320406 0.09376568 -0.31929646
v 0.50072250 0.43396259 -0.33202380
v 0.51532035 0.71746002 -0.34263057
v 0.51532035 0.71746002 -0.34263057
v 0.43857590 -0.77289843 -0.28687230
v 0.43857590 -0.77289843 -0.28687230
v 0.08930933 -0.89568344 -0.36666265
v 0.08930933 -0.89568344 -0.36666265
v 0.15201329 -0.89835512 -0.33775725
v 0.15201329 -0.89835512 -0.33775725
v 0.15201329 -0.89835512 -0.33775725
v 0.21589830 -0.89568344 -0.33478620
v 0.21589830 -0.89568344 -0.33478620
v 0.28844983 0.77415951 -0.51292124
v 0.28844983 0.77415951 -0.51292124
v 0.21144966 0.77415951 -0.53944979
v 0.21144966 0.77415951 -0.53944979
v 0.12674460 0.77415951 -0.55761291
v 0.12674460 0.77415951 -0.55761291
v 0.03818737 0.75023969 -0.57842332
v 0.03818737 0.75023969 -0.57842332
v 0.03818737 0.76707207 -0.57774860
v 0.03818737 0.76707207 -0.57774860
v 0.03818737 0.77327386 -0.57343943
v 0.03818737 0.77327386 -0.57343943
v 0.30651089 -0.81345671 -0.40838723
v 0.29896475 -0.84828040 -0.39753041
v 0.28212387 -0.87483334 -0.37318252
v 0.36608504 -0.89568344 -0.20510540
v 0.36608504 -0.89568344 -0.20510540
v 0.37007498 -0.89835512 -0.16090815
v 0.37007498 -0.89835512 -0.16090815
v 0.40248327 -0.89568344 -0.12505763
v 0.40248327 -0.89568344 -0.12505763
v 0.47703402 0.77415951 -0.37315190
v 0.47703402 0.77415951 -0.37315190
v 0.44497613 0.77415951 -0.41043749
v 0.44497613 0.77415951 -0.41043749
v 0.40521335 0.77415951 -0.44660382
v 0.40521335 0.77415951 -0.44660382
v 0.51333303 -0.81345671 -0.12372066
v 0.50067601 -0.84828040 -0.11989912
v 0.47231606 -0.87483334 -0.11140610
v 0.41533364 -0.89568344 -0.06028698
v 0.41533364 -0.89568344 -0.06028698
v 0.39841792 -0.89835512 0.00138959
v 0.39841792 -0.89835512 0.00138959
v 0.39841792 -0.89835512 0.00138959
v 0.40653161 -0.89568344 0.06995684
v 0.40653161 -0.89568344 0.06995684
v 0.59970449 0.77415951 0.09336069
v 0.59970449 0.77415951 0.09336069
v 0.60860518 0.77415951 0.00718881
v 0.60860518 0.77415951 0.00718881
v 0.60716955 0.77415951 -0.07424072
v 0.60716955 0.77415951 -0.07424072
v 0.49764882 -0.81345671 0.15319056
v 0.48496741 -0.84828040 0.14820043
v 0.45653319 -0.87483334 0.13674147
v 0.37923421 -0.89568344 0.15229300
v 0.37923421 -0.89568344 0.15229300
v 0.32896558 -0.89835512 0.20171851
v 0.32896558 -0.89835512 0.20171851
v 0.32896558 -0.89835512 0.20171851
v 0.29555768 -0.89568344 0.26746327
v 0.29555768 -0.89568344 0.26746327
v 0.43995539 0.77415951 0.40586274
v 0.43995539 0.77415951 0.40586274
v 0.49780701 0.77415951 0.33796057
v 0.49780701 0.77415951 0.33796057
v 0.54450868 0.77415951 0.26195775
v 0.54450868 0.77415951 0.26195775
v 0.32219510 -0.81345671 0.39468104
v 0.31467391 -0.84828040 0.38258987
v 0.29790674 -0.87483334 0.35507191
v 0.22507738 -0.89568344 0.31867027
v 0.22507738 -0.89568344 0.31867027
v 0.15502687 -0.89835512 0.32809259
v 0.15502687 -0.89835512 0.32809259
v 0.15502687 -0.89835512 0.32809259
v 0.08968638 -0.89568344 0.36266170
v 0.08968638 -0.89568344 0.36266170
v 0.12703150 0.77415951 0.56527221
v 0.12703150 0.77415951 0.56527221
v 0.21374656 0.77415951 0.54434273
v 0.21374656 0.77415951 0.54434273
v 0.29620235 0.77415951 0.51030546
v 0.29620235 0.77415951 0.51030546
v 0.03830588 -0.81345671 0.48692259
v 0.03913312 -0.84828040 0.47211836
v 0.04124461 -0.87483334 0.43846665
v 0.00256762 -0.89568344 0.36266170
v 0.00256762 -0.89568344 0.36266170
v -0.05997304 -0.89835512 0.32809259
v -0.05997304 -0.89835512 0.32809259
v -0.13282338 -0.89568344 0.31867027
v -0.13282338 -0.89568344 0.31867027
v -0.21982760 0.77415951 0.51030546
v -0.21982760 0.77415951 0.51030546
v -0.13737181 0.77415951 0.54434273
v -0.13737181 0.77415951 0.54434273
v -0.05065675 0.77415951 0.56527221
v -0.05065675 0.77415951 0.56527221
v -0.24558334 -0.81345671 0.39468104
v -0.23640767 -0.84828040 0.38258987
v -0.21541808 -0.87483334 0.35507191
v -0.20330367 -0.89568344 0.26746327
v -0.20330367 -0.89568344 0.26746327
v -0.23391119 -0.89835512 0.20171851
v -0.23391119 -0.89835512 0.20171851
v -0.23391119 -0.89835512 0.20171851
v -0.28698021 -0.89568344 0.15229300
v -0.28698021 -0.89568344 0.15229300
v -0.46813393 0.77415951 0.26195775
v -0.46813393 0.77415951 0.26195775
v -0.42143226 0.77415951 0.33796057
v -0.42143226 0.77415951 0.33796057
v -0.36358064 0.77415951 0.40586274
v -0.36358064 0.77415951 0.40586274
v -0.42103650 -0.81345671 0.15319056
v -0.40670117 -0.84828040 0.14820043
v -0.37404453 -0.87483334 0.13674147
v -0.31390112 -0.89568344 0.06943804
v -0.31390112 -0.89568344 0.06943804
v -0.30034995 -0.89835512 -0.00275854
v -0.30034995 -0.89835512 -0.00275854
v -0.30034995 -0.89835512 -0.00275854
v -0.31390112 -0.89568344 -0.07292076
v -0.31390112 -0.89568344 -0.07292076
v -0.52304284 0.77415951 -0.08491100
v -0.52304284 0.77415951 -0.08491100
v -0.52993353 0.77415951 0.00402725
v -0.52993353 0.77415951 0.00402725
v -0.52304284 0.77415951 0.09296550
v -0.52304284 0.77415951 0.09296550
v -0.42103650 -0.81345671 -0.14530842
v -0.40670117 -0.84828040 -0.14152033
v -0.37404453 -0.87483334 -0.13312937
v -0.28698021 -0.89568344 -0.15577515
v -0.28698021 -0.89568344 -0.15577515
v -0.23391119 -0.89835512 -0.20723560
v -0.23391119 -0.89835512 -0.20723560
v -0.23391119 -0.89835512 -0.20723560
v -0.20330367 -0.89568344 -0.27094598
v -0.20330367 -0.89568344 -0.27094598
v -0.36358064 0.77415951 -0.39780824
v -0.36358064 0.77415951 -0.39780824
v -0.42143226 0.77415951 -0.32990607
v -0.42143226 0.77415951 -0.32990607
v -0.46813393 0.77415951 -0.25390325
v -0.46813393 0.77415951 -0.25390325
v -0.24558334 -0.81345671 -0.38679947
v -0.23640767 -0.84828040 -0.37590920
v -0.21541808 -0.87483334 -0.35145925
v -0.13282338 -0.89568344 -0.32215298
v -0.13282338 -0.89568344 -0.32215298
v -0.05997304 -0.89835512 -0.33360912
v -0.05997304 -0.89835512 -0.33360912
v -0.05997304 -0.89835512 -0.33360912
v 0.00256762 -0.89568344 -0.36614385
v 0.00256762 -0.89568344 -0.36614385
v -0.05065675 0.77415951 -0.55721771
v -0.05065675 0.77415951 -0.55721771
v -0.13737181 0.77415951 -0.53628823
v -0.13737181 0.77415951 -0.53628823
v -0.21982760 0.77415951 -0.50225096
v -0.21982760 0.77415951 -0.50225096
v 0.26058657 0.77415951 -0.45536559
v 0.19215880 0.77415951 -0.47894010
v 0.11688456 0.77415951 -0.49508131
v 0.42817381 0.77415951 -0.33115800
v 0.39968515 0.77415951 -0.36429204
v 0.36434946 0.77415951 -0.39643158
v 0.53718651 0.77416007 0.08341447
v 0.54509665 0.77415951 0.00683671
v 0.54382091 0.77415951 -0.06552658
v 0.39522347 0.77416007 0.36112344
v 0.44663403 0.77415951 0.30078102
v 0.48813635 0.77416007 0.23324002
v 0.11713971 0.77416007 0.50278484
v 0.19419998 0.77415951 0.48418514
v 0.26747556 0.77416007 0.45393767
v -0.19110081 0.77416007 0.45393767
v -0.11782523 0.77415951 0.48418514
v -0.04076496 0.77416007 0.50278484
v -0.41176160 0.77416007 0.23324002
v -0.37025928 0.77415951 0.30078102
v -0.31884872 0.77416007 0.36112344
v -0.46055661 0.77416007 -0.07500900
v -0.46668072 0.77415951 0.00402725
v -0.46055661 0.77416007 0.08306350
v -0.31884872 0.77416007 -0.35306895
v -0.37025928 0.77415951 -0.29272652
v -0.41176160 0.77416007 -0.22518552
v -0.04076496 0.77415951 -0.49473034
v -0.11782523 0.77415951 -0.47613064
v -0.19110081 0.77416007 -0.44588317
v 0.03818737 0.77415951 -0.55001121
v 0.03818737 0.77415951 -0.53270709
v 0.03818737 0.77415951 -0.51540354
v 0.32670781 0.77415951 -0.43931567
v 0.33631894 0.77415951 -0.45408475
v 0.34593007 0.77415951 -0.46885326
v 0.54898907 0.77415951 -0.13337148
v 0.56600515 0.77415951 -0.13794826
v 0.58302124 0.77415951 -0.14252561
v 0.53219582 0.77416007 0.16454009
v 0.54865228 0.77415951 0.16988742
v 0.56510874 0.77415951 0.17523418
v 0.34350106 0.77416007 0.42425605
v 0.35367182 0.77415951 0.43825459
v 0.36384257 0.77415951 0.45225369
v 0.03818737 0.77416007 0.52345861
v 0.03818737 0.77415951 0.54076216
v 0.03818737 0.77415951 0.55806571
v -0.26712631 0.77416007 0.42425605
v -0.27729707 0.77415951 0.43825459
v -0.28746782 0.77415951 0.45225369
v -0.45582107 0.77416007 0.16454009
v -0.47227753 0.77415951 0.16988742
v -0.48873399 0.77415951 0.17523418
v -0.45582107 0.77416007 -0.15648559
v -0.47227753 0.77415951 -0.16183292
v -0.48873399 0.77415951 -0.16718025
v -0.26712631 0.77416007 -0.41620156
v -0.27729707 0.77415951 -0.43020009
v -0.28746782 0.77415951 -0.44419919
v 0.03818737 -0.72860423 -0.48599749
v 0.03818737 -0.72860423 -0.48599749
v 0.03818737 -0.67975762 -0.48905869
v 0.03818737 -0.67975762 -0.48905869
v 0.03818737 -0.62483680 -0.49250035
v 0.03818737 -0.62483680 -0.49250035
v 0.03818737 -0.49132482 -0.50086693
v 0.03818737 -0.49132482 -0.50086693
v 0.03818737 -0.41349117 -0.50574422
v 0.03818737 -0.41349117 -0.50574422
v 0.03818737 -0.33110058 -0.51090727
v 0.03818737 -0.33110058 -0.51090727
v 0.03818737 -0.16138201 -0.52154240
v 0.03818737 -0.16138201 -0.52154240
v 0.03818737 -0.07633278 -0.52687215
v 0.03818737 -0.07633278 -0.52687215
v 0.03818737 0.00871645 -0.53220190
v 0.03818737 0.00871645 -0.53220190
v 0.03818737 0.17881491 -0.54286140
v 0.03818737 0.17881491 -0.54286140
v 0.03818737 0.26386413 -0.54819059
v 0.03818737 0.26386413 -0.54819059
v 0.03818737 0.34891336 -0.55352034
v 0.03818737 0.34891336 -0.55352034
v 0.35888874 0.66519046 -0.48876499
v 0.35888874 0.66519046 -0.48876499
v 0.35651416 0.59697361 -0.48511638
v 0.35651416 0.59697361 -0.48511638
v 0.35376934 0.51812617 -0.48089964
v 0.35376934 0.51812617 -0.48089964
v 0.34787940 0.34891336 -0.47184870
v 0.34787940 0.34891336 -0.47184870
v 0.34491912 0.26386413 -0.46730027
v 0.34491912 0.26386413 -0.46730027
v 0.34195884 0.17881491 -0.46275127
v 0.34195884 0.17881491 -0.46275127
v 0.33603828 0.00871645 -0.45365327
v 0.33603828 0.00871645 -0.45365327
v 0.33307800 -0.07633278 -0.44910427
v 0.33307800 -0.07633278 -0.44910427
v 0.33011772 -0.16138201 -0.44455527
v 0.33011772 -0.16138201 -0.44455527
v 0.32421020 -0.33110058 -0.43547768
v 0.32421020 -0.33110058 -0.43547768
v 0.32134234 -0.41349117 -0.43107100
v 0.32134234 -0.41349117 -0.43107100
v 0.31863267 -0.49132482 -0.42690812
v 0.31863267 -0.49132482 -0.42690812
v 0.60596298 0.66519046 -0.14869622
v 0.60175928 0.59697361 -0.14756563
v 0.59690014 0.51812617 -0.14625871
v 0.58647253 0.34891336 -0.14345378
v 0.58123123 0.26386413 -0.14204423
v 0.57599050 0.17881491 -0.14063412
v 0.56550847 0.00871645 -0.13781445
v 0.56026717 -0.07633278 -0.13640490
v 0.55502587 -0.16138201 -0.13499535
v 0.54456708 -0.33110058 -0.13218192
v 0.53949021 -0.41349173 -0.13081603
v 0.53469343 -0.49132482 -0.12952612
v 0.58729581 0.66519046 0.18244352
v 0.58323046 0.59697361 0.18112242
v 0.57853120 0.51812617 0.17959551
v 0.56844663 0.34891336 0.17631884
v 0.56337770 0.26386413 0.17467229
v 0.55830877 0.17881491 0.17302517
v 0.54817147 0.00871645 0.16973093
v 0.54310253 -0.07633278 0.16808438
v 0.53803416 -0.16138201 0.16643726
v 0.52791898 -0.33110058 0.16315095
v 0.52300880 -0.41349173 0.16155543
v 0.51837022 -0.49132482 0.16004836
v 0.37755534 0.66519046 0.47112725
v 0.37504242 0.59697361 0.46766858
v 0.37213827 0.51812617 0.46367127
v 0.36590530 0.34891336 0.45509264
v 0.36277265 0.26386413 0.45078121
v 0.35964001 0.17881491 0.44646921
v 0.35337471 0.00871645 0.43784579
v 0.35024207 -0.07633278 0.43353379
v 0.34710942 -0.16138201 0.42922236
v 0.34085830 -0.33110058 0.42061822
v 0.33782318 -0.41349173 0.41644116
v 0.33495645 -0.49132482 0.41249488
v 0.03818737 0.66519046 0.58139414
v 0.03818737 0.59697361 0.57711957
v 0.03818737 0.51812617 0.57217878
v 0.03818737 0.34891336 0.56157484
v 0.03818737 0.26386413 0.55624509
v 0.03818737 0.17881491 0.55091590
v 0.03818737 0.00871645 0.54025640
v 0.03818737 -0.07633278 0.53492665
v 0.03818737 -0.16138201 0.52959689
v 0.03818737 -0.33110058 0.51896177
v 0.03818737 -0.41349173 0.51379872
v 0.03818737 -0.49132482 0.50892143
v -0.30118059 0.66519046 0.47112725
v -0.30118059 0.66519046 0.47112725
v -0.29866767 0.59697361 0.46766858
v -0.29866767 0.59697361 0.46766858
v -0.29576352 0.51812617 0.46367127
v -0.29576352 0.51812617 0.46367127
v -0.28953112 0.34891336 0.45509264
v -0.28953112 0.34891336 0.45509264
v -0.28639847 0.26386413 0.45078121
v -0.28639847 0.26386413 0.45078121
v -0.28326582 0.17881491 0.44646921
v -0.28326582 0.17881491 0.44646921
v -0.27699996 0.00871645 0.43784579
v -0.27699996 0.00871645 0.43784579
v -0.27386732 -0.07633278 0.43353379
v -0.27386732 -0.07633278 0.43353379
v -0.27073467 -0.16138201 0.42922236
v -0.26448355 -0.33110058 0.42061822
v -0.26448355 -0.33110058 0.42061822
v -0.26144899 -0.41349173 0.41644116
v -0.26144899 -0.41349173 0.41644116
v -0.25858170 -0.49132482 0.41249488
v -0.25858170 -0.49132482 0.41249488
v -0.51106394 0.66523469 0.18241631
v -0.50798856 0.59732912 0.18090413
v -0.50600181 0.51883889 0.17870816
v -0.49550164 0.34162918 0.20466462
v -0.49550164 0.34162918 0.20466462
v -0.48914562 0.26386413 0.21114934
v -0.48914562 0.26386413 0.21114934
v -0.48616437 0.18609909 0.20115435
v -0.47547538 0.00804683 0.16884075
v -0.46878711 -0.07634128 0.16766140
v -0.46534261 -0.16074130 0.16557032
v -0.45466667 -0.33857981 0.18920947
v -0.45466667 -0.33857981 0.18920947
v -0.44853802 -0.41472722 0.19508524
v -0.44853802 -0.41472722 0.19508524
v -0.44569851 -0.48797218 0.18583982
v -0.44569851 -0.48797218 0.18583982
v -0.51106394 0.66523469 -0.17436181
v -0.50798856 0.59732912 -0.17284963
v -0.50600181 0.51883889 -0.17065366
v -0.49550164 0.34162918 -0.19661012
v -0.48914562 0.26386413 -0.20309484
v -0.48616437 0.18609909 -0.19309985
v -0.47547538 0.00804683 -0.16078625
v -0.46878711 -0.07634128 -0.15960690
v -0.46534261 -0.16074130 -0.15751582
v -0.45466667 -0.33857981 -0.18115497
v -0.44853802 -0.41472722 -0.18703074
v -0.44569851 -0.48797218 -0.17778532
v -0.30118059 0.66519046 -0.46307275
v -0.29866767 0.59697361 -0.45961408
v -0.29576352 0.51812617 -0.45561677
v -0.28953055 0.34891336 -0.44703814
v -0.28639847 0.26386413 -0.44272671
v -0.28326526 0.17881491 -0.43841471
v -0.27699996 0.00871645 -0.42979129
v -0.27386732 -0.07633278 -0.42547929
v -0.27073467 -0.16138201 -0.42116786
v -0.26448355 -0.33110058 -0.41256372
v -0.26144899 -0.41349117 -0.40838667
v -0.25858170 -0.49132482 -0.40444038
v -0.18899045 -0.56232165 -0.44174241
v -0.11638960 -0.56232165 -0.47171149
v -0.04003864 -0.56232165 -0.49013939
v -0.19797676 -0.24643124 -0.45937481
v -0.12250407 -0.24643124 -0.49052948
v -0.04313273 -0.24643124 -0.50968653
v -0.20765422 0.09376568 -0.47836404
v -0.12908858 0.09376568 -0.51079558
v -0.04646496 0.09376568 -0.53073735
v -0.21733169 0.43396259 -0.49735326
v -0.13567366 0.43396259 -0.53106167
v -0.04979719 0.43396259 -0.55178874
v -0.41089920 -0.56282060 -0.22488048
v -0.36746172 -0.56250195 -0.29066436
v -0.31568319 -0.56234433 -0.34986542
v -0.42857867 -0.24844804 -0.23389173
v -0.38348897 -0.24698009 -0.30230816
v -0.32967832 -0.24649984 -0.36386226
v -0.44793644 0.09576207 -0.24378749
v -0.40082484 0.09430886 -0.31491076
v -0.34475925 0.09383372 -0.37894489
v -0.46684402 0.43196620 -0.25342584
v -0.41805071 0.43341941 -0.32742490
v -0.35982771 0.43389512 -0.39401448
v -0.45974637 -0.58970807 0.07673867
v -0.45974637 -0.58970807 0.07673867
v -0.46315515 -0.59671102 0.00402725
v -0.46315515 -0.59671102 0.00402725
v -0.45974637 -0.58970807 -0.06868417
v -0.45974637 -0.58970807 -0.06868417
v -0.48277374 -0.22165243 0.08010152
v -0.48277374 -0.22165243 0.08010152
v -0.48731650 -0.21350017 0.00402725
v -0.48731650 -0.21350017 0.00402725
v -0.48277374 -0.22165243 -0.07204702
v -0.48277374 -0.22165243 -0.07204702
v -0.50095102 0.06887971 0.08279644
v -0.50095102 0.06887971 0.08279644
v -0.50460531 0.06071498 0.00402725
v -0.50460531 0.06071498 0.00402725
v -0.50095102 0.06887971 -0.07474194
v -0.50095102 0.06887971 -0.07474194
v -0.52534938 0.45884856 0.08636114
v -0.52534938 0.45884856 0.08636114
v -0.53022213 0.46701386 0.00402725
v -0.53022213 0.46701386 0.00402725
v -0.52534938 0.45884856 -0.07830664
v -0.52534938 0.45884856 -0.07830664
v -0.31568319 -0.56234433 0.35791992
v -0.36746172 -0.56250195 0.29871886
v -0.41089920 -0.56282060 0.23293498
v -0.32967832 -0.24649984 0.37191676
v -0.38348897 -0.24698009 0.31036266
v -0.42857923 -0.24844804 0.24194623
v -0.34475925 0.09383372 0.38699939
v -0.40082484 0.09430886 0.32296526
v -0.44793644 0.09576263 0.25184199
v -0.35982771 0.43389512 0.40206898
v -0.41805071 0.43341941 0.33547940
v -0.46684402 0.43196620 0.26148034
v -0.04003864 -0.56232165 0.49819388
v -0.11638960 -0.56232165 0.47976598
v -0.18899045 -0.56232165 0.44979690
v -0.04313273 -0.24643124 0.51774103
v -0.12250407 -0.24643124 0.49858398
v -0.19797676 -0.24643124 0.46742931
v -0.04646496 0.09376568 0.53879242
v -0.12908858 0.09376568 0.51885007
v -0.20765422 0.09376568 0.48641854
v -0.04979775 0.43396259 0.55984324
v -0.13567366 0.43396259 0.53911617
v -0.21733169 0.43396259 0.50540776
v 0.26536520 -0.56232165 0.44979690
v 0.19276435 -0.56232165 0.47976598
v 0.11641339 -0.56232165 0.49819388
v 0.27435151 -0.24643124 0.46742931
v 0.19887825 -0.24643124 0.49858398
v 0.11950748 -0.24643124 0.51774103
v 0.28402897 0.09376568 0.48641854
v 0.20546333 0.09376568 0.51885007
v 0.12283971 0.09376568 0.53879242
v 0.29370644 0.43396259 0.50540776
v 0.21204841 0.43396259 0.53911617
v 0.12617194 0.43396259 0.55984324
v 0.48399502 -0.56232165 0.23113024
v 0.44287485 -0.56232165 0.29804980
v 0.39193717 -0.56232165 0.35783658
v 0.50162913 -0.24643124 0.24011370
v 0.45888225 -0.24643124 0.30968000
v 0.40593003 -0.24643124 0.37183171
v 0.52062005 0.09376568 0.24978777
v 0.47612173 0.09376568 0.32220492
v 0.42099962 0.09376568 0.38690357
v 0.53961098 0.43396259 0.25946240
v 0.49336064 0.43396259 0.33473040
v 0.43606921 0.43396259 0.40197542
v 0.53916702 -0.56232165 -0.06488644
v 0.54043085 -0.56232165 0.00681119
v 0.53259385 -0.56232165 0.08268418
v 0.55898349 -0.24643124 -0.06761255
v 0.56029722 -0.24643124 0.00692119
v 0.55215007 -0.24643124 0.08579528
v 0.58032461 0.09376568 -0.07054788
v 0.58169220 0.09376568 0.00703969
v 0.57321166 0.09376568 0.08914622
v 0.60166573 0.43396259 -0.07348378
v 0.60308775 0.43396259 0.00715820
v 0.59427268 0.43396259 0.09249659
v 0.47343644 -0.56232165 -0.26083419
v 0.49593650 -0.56232165 -0.22384401
v 0.51540256 -0.56232165 -0.18070648
v 0.49065267 -0.24643124 -0.27131056
v 0.51404291 -0.24643124 -0.23285753
v 0.53427896 -0.24643124 -0.18801391
v 0.50919397 0.09376568 -0.28259319
v 0.53354243 0.09376568 -0.24256448
v 0.55460799 0.09376568 -0.19588323
v 0.52773527 0.43396259 -0.29387638
v 0.55304252 0.43396259 -0.25227144
v 0.57493702 0.43396259 -0.20375312
v 0.11616051 -0.56232165 -0.49048752
v 0.19074188 -0.56232165 -0.47449486
v 0.25853915 -0.56232165 -0.45113694
v 0.11924496 -0.24643124 -0.51004828
v 0.19677584 -0.24643124 -0.49342342
v 0.26725556 -0.24643124 -0.46914130
v 0.12256642 0.09376568 -0.53111440
v 0.20327473 0.09376568 -0.51380802
v 0.27664216 0.09376568 -0.48853082
v 0.12588787 0.43396259 -0.55217996
v 0.20977363 0.43396259 -0.53419262
v 0.28602933 0.43396259 -0.50792034
v -0.53237275 0.29632119 0.08688334
v -0.53237275 0.29632119 0.08688334
v -0.52981900 0.26409320 0.09225619
v -0.52981900 0.26409320 0.09225619
v -0.52726922 0.23186578 0.08544374
v -0.52726922 0.23186578 0.08544374
v -0.51926552 -0.38234784 0.07215395
v -0.51926552 -0.38234784 0.07215395
v -0.51971855 -0.41512241 0.07987472
v -0.51971855 -0.41512241 0.07987472
v -0.52015004 -0.44789642 0.07634347
v -0.52015004 -0.44789642 0.07634347
v -0.53237275 0.29632119 -0.08029623
v -0.53237275 0.29632119 -0.08029623
v -0.52981957 0.26409320 -0.08650198
v -0.52981957 0.26409320 -0.08650198
v -0.52726922 0.23186578 -0.08051735
v -0.52726922 0.23186578 -0.08051735
v -0.51926552 -0.38234784 -0.08197113
v -0.51926552 -0.38234784 -0.08197113
v -0.51971855 -0.41512241 -0.08486450
v -0.51971855 -0.41512241 -0.08486450
v -0.52015004 -0.44789642 -0.07654442
v -0.52015004 -0.44789642 -0.07654442
v -0.52069492 -0.49190769 0.03553629
v -0.52069492 -0.49190769 0.03553629
v -0.52076182 -0.49752661 0.00348917
v -0.52076182 -0.49752661 0.00348917
v -0.52069492 -0.49190826 -0.02936591
v -0.52069492 -0.49190826 -0.02936591
v -0.51862312 -0.33833657 0.02488983
v -0.51862312 -0.33833657 0.02488983
v -0.51853864 -0.33271821 -0.00860029
v -0.51853864 -0.33271821 -0.00860029
v -0.51862312 -0.33833657 -0.04125012
v -0.51862312 -0.33833657 -0.04125012
v -0.52385025 0.18858820 0.03715676
v -0.52385025 0.18858820 0.03715676
v -0.52341479 0.18306340 0.00184262
v -0.52341479 0.18306340 0.00184262
v -0.52385025 0.18858820 -0.03333147
v -0.52385025 0.18858820 -0.03333147
v -0.53580703 0.33959820 0.03971107
v -0.53580703 0.33959820 0.03971107
v -0.53624589 0.34512300 0.00393029
v -0.53624589 0.34512300 0.00393029
v -0.53580703 0.33959820 -0.03199507
v -0.53580703 0.33959820 -0.03199507
v -0.52683944 0.32676825 0.07348752
v -0.52754592 0.32408863 0.07060946
v -0.52986323 0.32312133 0.06945108
v -0.51747382 0.18674773 0.08696896
v -0.51420510 0.17141109 0.10202324
v -0.50611408 0.14618832 0.12596630
v -0.48394345 -0.35392666 0.06766902
v -0.48768278 -0.35628479 0.06392515
v -0.48768278 -0.35628479 0.06392515
v -0.49822718 -0.35648834 0.05980310
v -0.47422799 -0.49308477 0.08019450
v -0.47123312 -0.50692001 0.09415278
v -0.46392343 -0.52775991 0.11635970
v -0.51880342 0.20096740 -0.06448387
v -0.51965392 0.20369691 -0.06193750
v -0.52156015 0.20480028 -0.06148787
v -0.52728510 0.34098054 -0.08037901
v -0.52591921 0.35631718 -0.09604678
v -0.52084801 0.38153995 -0.12121228
v -0.47612119 -0.47908907 -0.05884454
v -0.48119182 -0.47642306 -0.05661058
v -0.48119182 -0.47642306 -0.05661058
v -0.49456156 -0.47538376 -0.05640136
v -0.48398200 -0.33974952 -0.07358981
v -0.48279982 -0.32433690 -0.08814457
v -0.47824345 -0.29901717 -0.11150873
v -0.78855746 0.23951681 0.06054076
v -0.78855746 0.23951681 0.06054076
v -0.76788540 0.21483155 0.05321519
v -0.76788540 0.21483155 0.05321519
v -0.74731709 0.19014630 0.03384381
v -0.74731709 0.19014630 0.03384381
v -0.74731709 0.19014630 0.03384381
v -0.69498347 -0.32330950 0.03355691
v -0.69498347 -0.32330950 0.03355691
v -0.70911185 -0.35239294 0.05110086
v -0.70911185 -0.35239294 0.05110086
v -0.72312115 -0.38147580 0.05722497
v -0.78855746 0.23951681 -0.10556492
v -0.78855746 0.23951681 -0.10556492
v -0.76788540 0.21483155 -0.12454394
v -0.76788540 0.21483155 -0.12454394
v -0.74731709 0.19014630 -0.13132916
v -0.74731709 0.19014630 -0.13132916
v -0.69498347 -0.32330950 -0.12191081
v -0.69498347 -0.32330950 -0.12191081
v -0.70911185 -0.35239294 -0.11515223
v -0.70911185 -0.35239294 -0.11515223
v -0.72312115 -0.38147580 -0.09714278
v -0.74174694 -0.42053098 0.02889734
v -0.74410960 -0.42551656 -0.00184909
v -0.74174694 -0.42053098 -0.03667618
v -0.67582471 -0.28425490 -0.02729185
v -0.67336395 -0.27926874 -0.06273980
v -0.67582471 -0.28425490 -0.09396477
v -0.71985867 0.15699751 -0.03107087
v -0.71636711 0.15276546 -0.06840464
v -0.71985867 0.15699751 -0.10130395
v -0.81647913 0.27266560 0.03085064
v -0.81647913 0.27266560 0.03085064
v -0.82005743 0.27689708 -0.00245293
v -0.82005743 0.27689708 -0.00245293
v -0.81647913 0.27266560 -0.04031572
v -0.81647913 0.27266560 -0.04031572
v -0.56165066 -0.47362267 0.05938806
v -0.61440613 -0.46573294 0.05676117
v -0.67369848 -0.44513288 0.05359961
v -0.67369848 -0.44513288 -0.06594105
v -0.61440613 -0.46573294 -0.06245630
v -0.56165066 -0.47362267 -0.05966101
v -0.61476163 0.20991684 -0.08993911
v -0.61476163 0.20991684 -0.08993911
v -0.61476163 0.20991684 -0.08993911
v -0.65319028 0.20701553 -0.10156193
v -0.69312316 0.19519369 -0.11333898
v -0.57670834 0.32342581 -0.06383126
v -0.55568814 0.32322566 -0.06281804
v -0.54240402 0.32309922 -0.06217790
v -0.65026685 0.32310036 0.06347383
v -0.70058198 0.31639961 0.06076699
v -0.70058198 0.31639961 0.06076699
v -0.75404392 0.29742229 0.05741605
v -0.75404392 0.29742229 0.05741605
v -0.55785236 0.20717259 0.05667953
v -0.55785236 0.20717259 0.05667953
v -0.54157280 0.20617184 0.06166511
v -0.54157280 0.20617184 0.06166511
v -0.54157280 0.20617184 0.06166511
v -0.53128582 0.20553907 0.06481534
v -0.53128582 0.20553907 0.06481534
v -0.53128582 0.20553907 0.06481534
v -0.53128582 0.20553907 0.06481534
v -0.55158310 -0.35228691 -0.07732290
v -0.59296522 -0.34460753 -0.08976731
v -0.59296522 -0.34460753 -0.08976731
v -0.63836336 -0.32822535 -0.10293066
v -0.63836336 -0.32822535 0.01833423
v -0.59296578 -0.34460753 0.03123677
v -0.59296578 -0.34460753 0.03123677
v -0.55158310 -0.35228691 0.04351504
v -0.76102249 0.12732780 -0.00383980
v -0.76102249 0.12732780 -0.00383980
v -0.78291473 0.07120042 -0.00995541
v -0.79437313 0.00598580 -0.01355016
v -0.72333264 -0.25497245 -0.12508031
v -0.72333264 -0.25497245 -0.12508031
v -0.75650921 -0.19824745 -0.13247620
v -0.75650921 -0.19824745 -0.13247620
v -0.78074201 -0.13311278 -0.13738183
v -0.78074201 -0.13311278 -0.13738183
v -0.79253663 -0.34293263 -0.07477199
v -0.84302526 -0.26160005 -0.07938620
v -0.88146921 -0.16809296 -0.08317202
v -0.79253663 -0.34293263 0.04627857
v -0.84302526 -0.26160005 0.04286470
v -0.88146921 -0.16809296 0.04045780
v -0.72333264 -0.25497245 -0.00273190
v -0.72333264 -0.25497245 -0.00273190
v -0.75650921 -0.19824745 -0.00929089
v -0.75650921 -0.19824745 -0.00929089
v -0.78074201 -0.13311278 -0.01323548
v -0.78074201 -0.13311278 -0.01323548
v -0.76102249 0.12732780 -0.13182812
v -0.76102249 0.12732780 -0.13182812
v -0.78291473 0.07120042 -0.13711535
v -0.78291473 0.07120042 -0.13711535
v -0.79437313 0.00598580 -0.13974847
v -0.79437313 0.00598580 -0.13974847
v -0.85082541 0.19987139 -0.08014540
v -0.88469541 0.12105344 -0.08328486
v -0.90327073 0.02946903 -0.08523362
v -0.85082541 0.19987139 0.04891340
v -0.85082541 0.19987139 0.04891340
v -0.88469541 0.12105344 0.04461047
v -0.88469541 0.12105344 0.04461047
v -0.90327073 0.02946903 0.04131113
v -0.90327073 0.02946903 0.04131113
v -0.77857665 -0.06290067 -0.05065770
v -0.77346576 -0.06265289 -0.08744149
v -0.77857665 -0.06290067 -0.11911610
v -0.81859912 -0.06484093 -0.14505894
v -0.84839073 -0.06628620 -0.13601991
v -0.87817270 -0.06773147 -0.11525486
v -0.91814924 -0.06967229 -0.04932697
v -0.92325163 -0.06992007 -0.01257436
v -0.91814924 -0.06967229 0.01907756
v -0.87817270 -0.06773147 0.04504309
v -0.87817270 -0.06773147 0.04504309
v -0.87817270 -0.06773147 0.04504309
v -0.84839073 -0.06628620 0.03603638
v -0.84839073 -0.06628620 0.03603638
v -0.81859912 -0.06484093 0.01529400
v -0.81859912 -0.06484093 0.01529400
v 0.03818737 0.51812617 -0.56412428
v 0.03818737 0.51812617 -0.56412428
v 0.03818737 0.59697361 -0.56906507
v 0.03818737 0.59697361 -0.56906507
v 0.03818737 0.66519046 -0.57333964
v 0.03818737 0.66519046 -0.57333964
v 0.35894374 0.77327386 -0.48885004
v 0.36133702 0.76707207 -0.49252757
v 0.36171180 0.75023969 -0.49310363
v 0.60606051 0.77327386 -0.14872287
v 0.61029823 0.76707207 -0.14986253
v 0.61096161 0.75023969 -0.15004113
v 0.58739050 0.77327386 0.18247414
v 0.59148874 0.76707207 0.18380601
v 0.59213058 0.75023969 0.18401410
v 0.37761374 0.77327386 0.47120776
v 0.38014651 0.76707207 0.47469365
v 0.38054284 0.75023969 0.47523966
v 0.03818737 0.77327386 0.58149393
v 0.03818737 0.76707207 0.58580309
v 0.03818737 0.75023969 0.58647725
v -0.30123899 0.77327386 0.47120776
v -0.30377176 0.76707207 0.47469365
v -0.30416809 0.75023969 0.47523966
v -0.51101575 0.77327386 0.18247414
v -0.51511399 0.76707207 0.18380601
v -0.51575583 0.75023969 0.18401410
v -0.51101575 0.77327386 -0.17441964
v -0.51511399 0.76707207 -0.17575151
v -0.51575583 0.75023969 -0.17595960
v -0.30123899 0.77327386 -0.46315327
v -0.30377176 0.76707207 -0.46663915
v -0.30416809 0.75023969 -0.46718517
v -0.22539663 0.71746059 -0.51317809
v -0.14116104 0.71746002 -0.54794961
v -0.05257433 0.71746002 -0.56933099
v -0.47906162 0.71746059 -0.25947000
v -0.43135241 0.71746002 -0.33711314
v -0.37225226 0.71746059 -0.40648100
v -0.53515556 0.71746059 0.09488534
v -0.54219536 0.71746002 0.00402725
v -0.53515556 0.71746059 -0.08683084
v -0.37225226 0.71746059 0.41453549
v -0.43135241 0.71746002 0.34516764
v -0.47906162 0.71746059 0.26752450
v -0.05257433 0.71746059 0.57738549
v -0.05257433 0.71746059 0.57738549
v -0.14116104 0.71746002 0.55600411
v -0.14116104 0.71746002 0.55600411
v -0.22539663 0.71746059 0.52123259
v -0.22539663 0.71746059 0.52123259
v 0.30177081 0.71746059 0.52123259
v 0.30177081 0.71746059 0.52123259
v 0.21753579 0.71746002 0.55600411
v 0.21753579 0.71746002 0.55600411
v 0.12894908 0.71746059 0.57738549
v 0.12894908 0.71746059 0.57738549
v 0.55543637 0.71746059 0.26752450
v 0.55543637 0.71746059 0.26752450
v 0.50772716 0.71746002 0.34516764
v 0.50772716 0.71746002 0.34516764
v 0.44862701 0.71746059 0.41453549
v 0.44862701 0.71746059 0.41453549
v 0.61945009 0.71746059 -0.07593037
v 0.61945009 0.71746059 -0.07593037
v 0.62091691 0.71746002 0.00725685
v 0.62091691 0.71746002 0.00725685
v 0.61182401 0.71746059 0.09528904
v 0.61182401 0.71746059 0.09528904
v 0.54318645 0.71746059 -0.30327886
v 0.54318645 0.71746059 -0.30327886
v 0.56929202 0.71746002 -0.26036075
v 0.56929202 0.71746002 -0.26036075
v 0.59187770 0.71746059 -0.21031098
v 0.59187770 0.71746059 -0.21031098
v 0.12865594 0.71746002 -0.56973469
v 0.21518899 0.71746002 -0.55117978
v 0.29385159 0.71746059 -0.52407856
v -0.53128582 0.20553907 -0.06432682
v -0.54157280 0.20617184 -0.06748668
v -0.55785236 0.20717202 -0.07248644
v -0.75404335 0.29742229 -0.07308178
v -0.70058198 0.31639961 -0.07001037
v -0.65026685 0.32310036 -0.06740276
v -0.65026685 0.32310036 -0.06740276
v -0.54240402 0.32309922 0.06869868
v -0.54240402 0.32309922 0.06869868
v -0.54240402 0.32309922 0.06869868
v -0.55568814 0.32322566 0.06806025
v -0.55568814 0.32322566 0.06806025
v -0.55568814 0.32322566 0.06806025
v -0.57670834 0.32342581 0.06704986
v -0.57670834 0.32342581 0.06704986
v -0.69312316 0.19519369 0.01565064
v -0.65319028 0.20701610 0.02760176
v -0.61476163 0.20991684 0.03926768
v -0.57835943 0.19247211 0.01782847
v -0.57716137 0.18707829 -0.01814055
v -0.57835943 0.19247211 -0.05269095
v -0.61150425 0.33990381 -0.03354353
v -0.61273123 0.34529764 0.00304578
v -0.61273123 0.34529764 0.00304578
v -0.61150425 0.33990381 0.03816544
v -0.61150425 0.33990381 0.03816544
v -0.60192827 0.29765193 0.08018713
v -0.60192827 0.29765193 0.08018713
v -0.60192827 0.29765193 0.08018713
v -0.59483743 0.26618825 0.08175714
v -0.59483743 0.26618825 0.08175714
v -0.59483743 0.26618825 0.08175714
v -0.58778118 0.23472400 0.07116624
v -0.58778118 0.23472400 0.07116624
v -0.58778118 0.23472400 0.07116624
v -0.58778118 0.23472400 -0.09484872
v -0.59483743 0.26618825 -0.09704355
v -0.60192827 0.29765193 -0.08701738
v -0.47824345 -0.29901717 0.11956322
v -0.48279982 -0.32433690 0.09619907
v -0.48398200 -0.33974952 0.08164431
v -0.49456156 -0.47538376 0.06263524
v -0.48119182 -0.47642306 0.06412530
v -0.48119182 -0.47642306 0.06412530
v -0.47612119 -0.47908907 0.06683214
v -0.46392343 -0.52775991 -0.10830520
v -0.47123312 -0.50692001 -0.08609828
v -0.47422799 -0.49308534 -0.07214000
v -0.49822718 -0.35648834 -0.06098665
v -0.48768278 -0.35628479 -0.05860811
v -0.48768278 -0.35628479 -0.05860811
v -0.48394345 -0.35392666 -0.05995699
v -0.48493002 -0.32970010 0.04178854
v -0.48533428 -0.32334636 0.00402725
v -0.48493002 -0.32969953 -0.03373404
v -0.47387645 -0.50335985 -0.03293628
v -0.47347219 -0.50971303 0.00402725
v -0.47387645 -0.50335985 0.04099078
v -0.48176222 -0.37946807 -0.08390685
v -0.47940295 -0.41652969 -0.08991303
v -0.47704425 -0.45359131 -0.08310909
v -0.47704425 -0.45359131 0.09116359
v -0.47940295 -0.41652969 0.09796752
v -0.48176222 -0.37946807 0.09196135
v -0.52084801 0.38153995 0.12926677
v -0.52591921 0.35631718 0.10410127
v -0.52728510 0.34098054 0.08843351
v -0.52156015 0.20480028 0.06793551
v -0.51965392 0.20369691 0.06951572
v -0.51880342 0.20096740 0.07247884
v -0.50611408 0.14618832 -0.11791180
v -0.51420510 0.17141109 -0.09396874
v -0.51747382 0.18674773 -0.07891446
v -0.52986323 0.32312133 -0.06172204
v -0.52754592 0.32408863 -0.06265191
v -0.52683944 0.32676825 -0.06544493
v -0.52826714 0.35116377 0.04512757
v -0.52826714 0.35116377 0.04512757
v -0.52867367 0.35755153 0.00402725
v -0.52867367 0.35755153 0.00402725
v -0.52826714 0.35116377 -0.03707307
v -0.52826714 0.35116377 -0.03707307
v -0.51715347 0.17656507 -0.03626681
v -0.51715347 0.17656507 -0.03626681
v -0.51674693 0.17017731 0.00402725
v -0.51674693 0.17017731 0.00402725
v -0.51715347 0.17656507 0.04432131
v -0.51715347 0.17656507 0.04432131
v -0.52508233 0.30112590 -0.09172344
v -0.52508233 0.30112590 -0.09172344
v -0.52271059 0.26386413 -0.09829661
v -0.52271059 0.26386413 -0.09829661
v -0.52033885 0.22660237 -0.09091717
v -0.52033885 0.22660237 -0.09091717
v -0.52033885 0.22660237 0.09897167
v -0.52033885 0.22660237 0.09897167
v -0.52271059 0.26386413 0.10635111
v -0.52271059 0.26386413 0.10635111
v -0.52508233 0.30112590 0.09977794
v -0.52508233 0.30112590 0.09977794
v 0.31398558 -0.62483680 -0.41976739
v 0.31398558 -0.62483680 -0.41976739
v 0.31207424 -0.67975705 -0.41682979
v 0.31207424 -0.67975705 -0.41682979
v 0.31037382 -0.72860423 -0.41421707
v 0.31037382 -0.72860423 -0.41421707
v 0.52646634 -0.62483680 -0.12731314
v 0.52308138 -0.67975762 -0.12640255
v 0.52007120 -0.72860423 -0.12559288
v 0.51041301 -0.62483680 0.15746286
v 0.50713975 -0.67975762 0.15639918
v 0.50422880 -0.72860423 0.15545343
v 0.33003891 -0.62483680 0.40572666
v 0.32801587 -0.67975762 0.40294215
v 0.32621679 -0.72860423 0.40046552
v 0.03818737 -0.62483680 0.50055485
v 0.03818737 -0.67975762 0.49711319
v 0.03818737 -0.72860423 0.49405199
v -0.25366416 -0.62483680 0.40572666
v -0.25366416 -0.62483680 0.40572666
v -0.25164112 -0.67975705 0.40294215
v -0.25164112 -0.67975705 0.40294215
v -0.24984204 -0.72860423 0.40046552
v -0.24984204 -0.72860423 0.40046552
v -0.43717147 -0.62800630 0.15659536
v -0.43165745 -0.68083321 0.15617975
v -0.42796461 -0.72873917 0.15542622
v -0.43717147 -0.62800630 -0.14854086
v -0.43165745 -0.68083321 -0.14812525
v -0.42796461 -0.72873917 -0.14737172
v -0.25366416 -0.62483680 -0.39767216
v -0.25164112 -0.67975705 -0.39488765
v -0.24984204 -0.72860423 -0.39241102
v 0.04124461 -0.87483390 -0.43485398
v 0.04124461 -0.87483390 -0.43485398
v 0.03913312 -0.84828040 -0.46543769
v 0.03913312 -0.84828040 -0.46543769
v 0.03830588 -0.81345671 -0.47904046
v 0.03830588 -0.81345671 -0.47904046
v 0.11410458 -0.77289843 -0.47744834
v 0.18671905 -0.77289843 -0.46187753
v 0.25272916 -0.77289843 -0.43913536
v 0.46195990 -0.77289843 -0.25384995
v 0.46195990 -0.77289843 -0.25384995
v 0.48386631 -0.77289843 -0.21783500
v 0.48386631 -0.77289843 -0.21783500
v 0.50281925 -0.77289843 -0.17583543
v 0.50281925 -0.77289843 -0.17583543
v 0.52595717 -0.77289843 -0.06306922
v 0.52595717 -0.77289843 -0.06306922
v 0.52718755 -0.77289843 0.00673748
v 0.52718755 -0.77289843 0.00673748
v 0.51955694 -0.77289843 0.08061011
v 0.51955694 -0.77289843 0.08061011
v 0.47223951 -0.77289843 0.22514220
v 0.43220401 -0.77289843 0.29029728
v 0.38260953 -0.77289843 0.34850724
v 0.38260953 -0.77289843 0.34850724
v 0.25937490 -0.77289843 0.43804253
v 0.25937490 -0.77289843 0.43804253
v 0.18868822 -0.77289843 0.46722179
v 0.11435066 -0.77289843 0.48516378
v -0.03797591 -0.77289843 0.48516378
v -0.03797591 -0.77289843 0.48516378
v -0.11231347 -0.77289843 0.46722122
v -0.11231347 -0.77289843 0.46722122
v -0.18300015 -0.77289843 0.43804253
v -0.18300015 -0.77289843 0.43804253
v -0.30623478 -0.77289900 0.34850724
v -0.35582926 -0.77289843 0.29029728
v -0.39586476 -0.77289843 0.22514220
v -0.44293611 -0.77289900 0.08027105
v -0.44884363 -0.77289843 0.00402725
v -0.44293611 -0.77289843 -0.07221655
v -0.39586476 -0.77289900 -0.21708770
v -0.35582926 -0.77289843 -0.28224278
v -0.30623478 -0.77289843 -0.34045274
v -0.18300015 -0.77289900 -0.42998804
v -0.11231347 -0.77289843 -0.45916672
v -0.03797591 -0.77289843 -0.47710928
v 0.27352823 -0.89568344 -0.30254914
v 0.27352823 -0.89568344 -0.30254914
v 0.29760907 -0.89835512 -0.26064878
v 0.29760907 -0.89835512 -0.26064878
v 0.33841002 -0.89568344 -0.24319612
v 0.33841002 -0.89568344 -0.24319612
v 0.58018003 0.77415951 -0.20578239
v 0.58018003 0.77415951 -0.20578239
v 0.55807120 0.77415951 -0.25477472
v 0.55807120 0.77415951 -0.25477472
v 0.53251730 0.77415951 -0.29678620
v 0.53251730 0.77415951 -0.29678620
v 0.51983590 0.77415951 -0.18242277
v 0.50018896 0.77415951 -0.22596061
v 0.47747968 0.77415951 -0.26329438
v 0.36134723 -0.56232165 -0.39274554
v 0.39635803 -0.56232165 -0.36090198
v 0.42458473 -0.56232165 -0.32807298
v 0.37413013 -0.24643124 -0.40844053
v 0.41052553 -0.24643124 -0.37533710
v 0.43986864 -0.24643124 -0.34120911
v 0.38789619 0.09376568 -0.42534265
v 0.42578336 0.09376568 -0.39088297
v 0.45632907 0.09376568 -0.35535620
v 0.40166283 0.43396259 -0.44224476
v 0.44104062 0.43396259 -0.40642826
v 0.47278893 0.43396259 -0.36950329
v 0.41313484 0.71746002 -0.45632948
v 0.41313484 0.71746002 -0.45632948
v 0.45375548 0.71746059 -0.41938296
v 0.45375548 0.71746059 -0.41938296
v 0.48650567 0.71746002 -0.38129282
v 0.48650567 0.71746002 -0.38129282
v 0.35282643 -0.77289900 -0.38228336
v 0.35282643 -0.77289900 -0.38228336
v 0.38691359 -0.77289843 -0.35127951
v 0.38691359 -0.77289843 -0.35127951
v 0.41439583 -0.77289843 -0.31931574
v 0.41439583 -0.77289843 -0.31931574
v 0.43530037 -0.81345671 -0.28449205
v 0.42523791 -0.84828040 -0.27718179
v 0.40275713 -0.87483334 -0.26084837
v 0.51262883 0.66519046 -0.34067501
v 0.50911629 0.59697361 -0.33812296
v 0.50505604 0.51812617 -0.33517289
v 0.49634247 0.34891336 -0.32884182
v 0.49196300 0.26386413 -0.32566041
v 0.48758353 0.17881491 -0.32247844
v 0.47882459 0.00871645 -0.31611449
v 0.47444512 -0.07633278 -0.31293251
v 0.47006566 -0.16138201 -0.30975054
v 0.46132600 -0.33110058 -0.30340076
v 0.45708317 -0.41349173 -0.30031858
v 0.45307565 -0.49132482 -0.29740649
v 0.44620028 -0.62483680 -0.29241184
v 0.44337210 -0.67975762 -0.29035705
v 0.44085692 -0.72860423 -0.28852962
v 0.46502110 0.77415951 -0.30608548
v 0.47924020 0.77415951 -0.31641613
v 0.49345873 0.77415951 -0.32674678
v 0.51271104 0.77327386 -0.34073397
v 0.51625136 0.76707207 -0.34330700
v 0.51680588 0.75023969 -0.34370956
v 0.12893774 0.75023969 -0.57152129
v 0.12883228 0.76707207 -0.57085451
v 0.12816095 0.77327386 -0.56659637
v 0.21574011 0.75023969 -0.55290798
v 0.21553429 0.76707207 -0.55226274
v 0.21422057 0.77327386 -0.54814296
v 0.29464709 0.75023969 -0.52572285
v 0.29434998 0.76707207 -0.52510879
v 0.29245282 0.77327386 -0.52118972
v 0.54475816 0.75023969 -0.30423538
v 0.54417188 0.76707207 -0.30387817
v 0.54042405 0.77327386 -0.30159772
v 0.57094538 0.75023969 -0.26118403
v 0.57032849 0.76707207 -0.26087672
v 0.56638674 0.77327386 -0.25891435
v 0.59360136 0.75023969 -0.21097833
v 0.59295839 0.76707207 -0.21072886
v 0.58884938 0.77327386 -0.20913844
v 0.62125994 0.75023969 -0.07617928
v 0.62058465 0.76707207 -0.07608629
v 0.61627095 0.77327386 -0.07549265
v 0.62273072 0.75023969 0.00726706
v 0.62205373 0.76707207 0.00726309
v 0.61772926 0.77327386 0.00723928
v 0.61360948 0.75023969 0.09557310
v 0.61294326 0.76707207 0.09546708
v 0.60868626 0.77327386 0.09478952
v 0.55704664 0.75023969 0.26834494
v 0.55644562 0.76707207 0.26803877
v 0.55260707 0.77327386 0.26608320
v 0.50918887 0.75023969 0.34622962
v 0.50864285 0.76707207 0.34583329
v 0.50515867 0.77327386 0.34330166
v 0.44990445 0.75023969 0.41581350
v 0.44942761 0.76707207 0.41533666
v 0.44638171 0.77327386 0.41229019
v 0.30259182 0.75023969 0.52284228
v 0.30228564 0.76707207 0.52224184
v 0.30032951 0.77327386 0.51840328
v 0.21809371 0.75023969 0.55772267
v 0.21788562 0.76707207 0.55708140
v 0.21655432 0.77327386 0.55298487
v 0.12923144 0.75023969 0.57917039
v 0.12912598 0.76707207 0.57850417
v 0.12845239 0.77327386 0.57424944
v -0.05285726 0.75023969 0.57917096
v -0.05275180 0.76707207 0.57850417
v -0.05207821 0.77327386 0.57424944
v -0.14171896 0.75023969 0.55772267
v -0.14151087 0.76707207 0.55708140
v -0.14017957 0.77327386 0.55298487
v -0.22621707 0.75023969 0.52284228
v -0.22591089 0.76707207 0.52224184
v -0.22395476 0.77327386 0.51840328
v -0.37352970 0.75023969 0.41581350
v -0.37305286 0.76707207 0.41533666
v -0.37000696 0.77327386 0.41229019
v -0.43281412 0.75023969 0.34622962
v -0.43226810 0.76707207 0.34583329
v -0.42878392 0.77327386 0.34330166
v -0.48067189 0.75023969 0.26834494
v -0.48007087 0.76707207 0.26803877
v -0.47623232 0.77327386 0.26608320
v -0.53694046 0.75023969 0.09516827
v -0.53627480 0.76707207 0.09506224
v -0.53201951 0.77327386 0.09438809
v -0.54400238 0.75023969 0.00402725
v -0.54332765 0.76707207 0.00402725
v -0.53902076 0.77327386 0.00402725
v -0.53694046 0.75023969 -0.08711377
v -0.53627424 0.76707207 -0.08700774
v -0.53201951 0.77327386 -0.08633359
v -0.48067189 0.75023969 -0.26029044
v -0.48007087 0.76707207 -0.25998427
v -0.47623232 0.77327386 -0.25802870
v -0.43281412 0.75023969 -0.33817513
v -0.43226867 0.76707207 -0.33777880
v -0.42878392 0.77327386 -0.33524716
v -0.37352970 0.75023969 -0.40775900
v -0.37305286 0.76707207 -0.40728216
v -0.37000696 0.77327386 -0.40423570
v -0.22621707 0.75023969 -0.51478779
v -0.22591089 0.76707207 -0.51418734
v -0.22395476 0.77327386 -0.51034878
v -0.14171896 0.75023969 -0.54966818
v -0.14151087 0.76707207 -0.54902690
v -0.14017957 0.77327386 -0.54493037
v -0.05285669 0.75023969 -0.57111646
v -0.05275123 0.76707207 -0.57044967
v -0.05207821 0.77327386 -0.56619494
v 0.07389671 -0.92024169 -0.02191673
v 0.07389671 -0.92024169 -0.02191673
v 0.07389671 -0.92024169 -0.02191673
v 0.07389671 -0.92024169 -0.02191673
v 0.07389671 -0.92024169 -0.02191673
v 0.07389671 -0.92024169 -0.02191673
v 0.07389671 -0.92024169 -0.02191673
v 0.05163593 -0.90721952 -0.28952356
v 0.12250405 -0.91154285 -0.23085661
v 0.12250405 -0.91154285 -0.23085661
v 0.20539416 -0.90722008 -0.25414138
v 0.22088673 -0.91154285 -0.18253901
v 0.29174974 -0.90722008 -0.18019675
v 0.27208012 -0.91154285 -0.11207799
v 0.33538964 -0.90722008 -0.07521709
v 0.28763052 -0.91154285 -0.00357955
v 0.32152661 -0.90722008 0.08194935
v 0.24016682 -0.91154285 0.12492700
v 0.24016682 -0.91154285 0.12492700
v 0.21834035 -0.90722008 0.22284417
v 0.12632106 -0.91154285 0.20745707
v 0.12632106 -0.91154285 0.20745707
v 0.05204586 -0.90721952 0.27687651
v -0.01429254 -0.91154285 0.20745707
v -0.11424919 -0.90721952 0.22284417
v -0.12805155 -0.91154285 0.12480679
v -0.12805155 -0.91154285 0.12480679
v -0.21702551 -0.90721952 0.08138519
v -0.17150320 -0.91154285 -0.00892461
v -0.17150320 -0.91154285 -0.00892461
v -0.21702551 -0.90721952 -0.09346808
v -0.12805155 -0.91154285 -0.14265602
v -0.12805155 -0.91154285 -0.14265602
v -0.11424919 -0.90721952 -0.23492706
v -0.01437985 -0.91154285 -0.22542650
v -0.01437985 -0.91154285 -0.22542650
v 0.11911852 0.77415951 -0.50924881
v 0.19652919 0.77415951 -0.49264947
v 0.26689949 0.77415951 -0.46840534
v 0.12181458 0.77415951 -0.52634711
v 0.20180395 0.77415951 -0.50919495
v 0.27451820 0.77415951 -0.48414341
v 0.12451064 0.77415951 -0.54344541
v 0.20707870 0.77415951 -0.52574043
v 0.28213691 0.77415951 -0.49988149
v 0.48994903 0.77415951 -0.27088247
v 0.51330298 0.77415951 -0.23248898
v 0.53350784 0.77415951 -0.18771510
v 0.50499821 0.77415951 -0.28004001
v 0.52913008 0.77415951 -0.24036795
v 0.55000796 0.77415951 -0.19410287
v 0.52004795 0.77415951 -0.28919811
v 0.54495717 0.77415951 -0.24824691
v 0.56650865 0.77415951 -0.20049006
v 0.55817325 0.77415951 -0.06750085
v 0.55948528 0.77416007 0.00691666
v 0.55135061 0.77415951 0.08566827
v 0.57549551 0.77415951 -0.06988393
v 0.57685120 0.77415951 0.00701304
v 0.56844550 0.77415951 0.08838758
v 0.59281721 0.77415951 -0.07226644
v 0.59421655 0.77415951 0.00710887
v 0.58554040 0.77415951 0.09110745
v 0.50090791 0.77415951 0.23974629
v 0.45822794 0.77416007 0.30920486
v 0.40535793 0.77415951 0.37125961
v 0.51632223 0.77415951 0.24759860
v 0.47222024 0.77415951 0.31937108
v 0.41758915 0.77415951 0.38349309
v 0.53173655 0.77415951 0.25545148
v 0.48621310 0.77415951 0.32953730
v 0.42982093 0.77415951 0.39572657
v 0.27398409 0.77415951 0.46670866
v 0.19862878 0.77416007 0.49781456
v 0.11938104 0.77415951 0.51694214
v 0.28183924 0.77415951 0.48212128
v 0.20397327 0.77415951 0.51426422
v 0.12208560 0.77415951 0.53402853
v 0.28969382 0.77415951 0.49753447
v 0.20931776 0.77415951 0.53071331
v 0.12479074 0.77415951 0.55111492
v -0.04300629 0.77415951 0.51694214
v -0.12225403 0.77416007 0.49781456
v -0.19760934 0.77415951 0.46670866
v -0.04571085 0.77415951 0.53402853
v -0.12759852 0.77415951 0.51426422
v -0.20546449 0.77415951 0.48212128
v -0.04841599 0.77415951 0.55111492
v -0.13294301 0.77415951 0.53071331
v -0.21331907 0.77415951 0.49753447
v -0.32898319 0.77415951 0.37125961
v -0.38185319 0.77416007 0.30920486
v -0.42453316 0.77415951 0.23974629
v -0.34121497 0.77415951 0.38349309
v -0.39584605 0.77415951 0.31937108
v -0.43994748 0.77415951 0.24759860
v -0.35344618 0.77415951 0.39572657
v -0.40983835 0.77415951 0.32953730
v -0.45536180 0.77415951 0.25545148
v -0.47471390 0.77415951 0.08530710
v -0.48101152 0.77416007 0.00402725
v -0.47471390 0.77415951 -0.07725260
v -0.49179973 0.77415951 0.08801450
v -0.49830713 0.77415951 0.00402725
v -0.49179973 0.77415951 -0.07996000
v -0.50888555 0.77415951 0.09072190
v -0.51560274 0.77415951 0.00402725
v -0.50888555 0.77415951 -0.08266740
v -0.42453316 0.77415951 -0.23169179
v -0.38185319 0.77416007 -0.30115036
v -0.32898319 0.77415951 -0.36320511
v -0.43994748 0.77415951 -0.23954410
v -0.39584605 0.77415951 -0.31131658
v -0.34121497 0.77415951 -0.37543859
v -0.45536180 0.77415951 -0.24739698
v -0.40983835 0.77415951 -0.32148280
v -0.35344618 0.77415951 -0.38767207
v -0.19760934 0.77415951 -0.45865416
v -0.12225403 0.77415951 -0.48976007
v -0.04300629 0.77415951 -0.50888764
v -0.20546449 0.77415951 -0.47406678
v -0.12759852 0.77415951 -0.50620915
v -0.04571085 0.77415951 -0.52597403
v -0.21331907 0.77415951 -0.48947997
v -0.13294301 0.77415951 -0.52265881
v -0.04841599 0.77415951 -0.54306042
v -0.18426002 -0.72860423 -0.43246070
v -0.18564972 -0.67975762 -0.43518681
v -0.18721236 -0.62483680 -0.43825255
v -0.11317077 -0.72860423 -0.46180552
v -0.11411652 -0.67975705 -0.46471534
v -0.11517963 -0.62483680 -0.46798746
v -0.03840966 -0.72860423 -0.47985013
v -0.03888821 -0.67975705 -0.48287278
v -0.03942628 -0.62483680 -0.48627135
v -0.19101009 -0.49132482 -0.44570513
v -0.19322420 -0.41349173 -0.45004945
v -0.19556816 -0.33110058 -0.45464834
v -0.11776343 -0.49132482 -0.47594070
v -0.11926993 -0.41349117 -0.48057758
v -0.12086489 -0.33110058 -0.48548549
v -0.04073377 -0.49132482 -0.49453303
v -0.04149638 -0.41349117 -0.49934908
v -0.04230322 -0.33110058 -0.50444750
v -0.20039612 -0.16138201 -0.46412226
v -0.20281549 -0.07633278 -0.46886971
v -0.20523486 0.00871645 -0.47361659
v -0.12415006 -0.16138201 -0.49559614
v -0.12579604 -0.07633278 -0.50066224
v -0.12744260 0.00871645 -0.50572891
v -0.04396564 -0.16138201 -0.51494938
v -0.04479913 -0.07633278 -0.52021223
v -0.04563204 0.00871645 -0.52547507
v -0.21007359 0.17881491 -0.48311148
v -0.21249296 0.26386413 -0.48785893
v -0.21491233 0.34891336 -0.49260638
v -0.13073457 0.17881491 -0.51586167
v -0.13238112 0.26386413 -0.52092834
v -0.13402711 0.34891336 -0.52599501
v -0.04729844 0.17881491 -0.53600020
v -0.04813136 0.26386413 -0.54126304
v -0.04896427 0.34891336 -0.54652589
v -0.39842134 -0.72863485 -0.21832886
v -0.40173826 -0.67999916 -0.21958645
v -0.40621412 -0.62545256 -0.22105383
v -0.35810291 -0.72860990 -0.28386722
v -0.36078593 -0.67980241 -0.28562037
v -0.36401780 -0.62496664 -0.28765418
v -0.30820056 -0.72860536 -0.34241455
v -0.31039029 -0.67976272 -0.34457309
v -0.31287940 -0.62485267 -0.34700720
v -0.41382263 -0.49137698 -0.23380895
v -0.41731701 -0.41407857 -0.23973405
v -0.42271537 -0.33286053 -0.23848836
v -0.37082457 -0.49147167 -0.29499677
v -0.37452705 -0.41367374 -0.29894135
v -0.37894564 -0.33150088 -0.30093377
v -0.31879826 -0.49134296 -0.35322600
v -0.32221610 -0.41351441 -0.35680884
v -0.32589647 -0.33115104 -0.36032875
v -0.43228228 -0.16233513 -0.23419224
v -0.43622970 -0.07633731 -0.23659233
v -0.44193140 0.00965596 -0.23909051
v -0.38756283 -0.16175963 -0.30469975
v -0.39164235 -0.07633391 -0.30778250
v -0.39623615 0.00908953 -0.31099282
v -0.33341595 -0.16142907 -0.36753752
v -0.33715472 -0.07633278 -0.37130010
v -0.34095698 0.00876294 -0.37507799
v -0.45151531 0.18048697 -0.25368609
v -0.45528016 0.26386413 -0.26010050
v -0.46087072 0.34724130 -0.25860930
v -0.40487148 0.17918856 -0.31990031
v -0.40890224 0.26386413 -0.32419020
v -0.41346882 0.34854028 -0.32618602
v -0.34849348 0.17886140 -0.38294504
v -0.35222657 0.26386413 -0.38685730
v -0.35602600 0.34886687 -0.39048324
v -0.44574557 -0.72894329 0.08068495
v -0.44924903 -0.68246729 0.08102118
v -0.45388818 -0.63453525 0.08075810
v -0.45164855 -0.72906349 0.00402725
v -0.45492578 -0.68342948 0.00402725
v -0.45885166 -0.63785670 0.00402725
v -0.44574500 -0.72894329 -0.07263046
v -0.44924903 -0.68246729 -0.07296668
v -0.45388818 -0.63453581 -0.07270360
v -0.64216166 0.29745745 -0.09091320
v -0.63242749 0.26650860 -0.10312968
v -0.62274492 0.23555975 -0.10310926
v -0.68976088 0.29161740 -0.09556937
v -0.67676706 0.26170785 -0.11025737
v -0.66384354 0.23179831 -0.11269998
v -0.74013554 0.27426112 -0.10059011
v -0.72343243 0.24630771 -0.11765778
v -0.70681949 0.21835486 -0.12248971
v -0.48388618 -0.15362438 0.08540349
v -0.48758185 -0.07634525 0.08681077
v -0.49349731 0.00091460 0.08691509
v -0.48957994 -0.14982552 0.00402725
v -0.49350355 -0.07634695 0.00402725
v -0.49881345 -0.00289050 0.00402725
v -0.48388618 -0.15362438 -0.07734899
v -0.48758185 -0.07634525 -0.07875627
v -0.49349731 0.00091460 -0.07886059
v -0.56302109 -0.49068582 -0.03030202
v -0.56347525 -0.49637334 0.00295279
v -0.56302109 -0.49068525 0.03466595
v -0.61734713 -0.48276603 -0.03172461
v -0.61832350 -0.48844392 0.00201895
v -0.61734713 -0.48276603 0.03333465
v -0.67856330 -0.46157290 -0.03379301
v -0.68017980 -0.46705290 0.00048920
v -0.67856386 -0.46157290 0.03144825
v -0.30820056 -0.72860536 0.35046904
v -0.31039029 -0.67976272 0.35262759
v -0.31287940 -0.62485267 0.35506170
v -0.35810291 -0.72860990 0.29192172
v -0.36078593 -0.67980241 0.29367487
v -0.36401780 -0.62496664 0.29570868
v -0.39842134 -0.72863485 0.22638335
v -0.40173826 -0.67999916 0.22764095
v -0.40621412 -0.62545256 0.22910833
v -0.31879882 -0.49134296 0.36128050
v -0.32221610 -0.41351441 0.36486334
v -0.32589647 -0.33115104 0.36838325
v -0.37082457 -0.49147167 0.30305126
v -0.37452705 -0.41367374 0.30699585
v -0.37894564 -0.33150088 0.30898827
v -0.41382263 -0.49137698 0.24186345
v -0.41731701 -0.41407857 0.24778854
v -0.42271537 -0.33286053 0.24654286
v -0.33341652 -0.16142907 0.37559202
v -0.33715472 -0.07633278 0.37935460
v -0.34095698 0.00876294 0.38313248
v -0.38756283 -0.16175963 0.31275368
v -0.39164235 -0.07633391 0.31583700
v -0.39623615 0.00908953 0.31904732
v -0.43228228 -0.16233513 0.24224674
v -0.43622970 -0.07633731 0.24464683
v -0.44193140 0.00965596 0.24714500
v -0.34849348 0.17886140 0.39099954
v -0.35222657 0.26386413 0.39491180
v -0.35602600 0.34886687 0.39853773
v -0.40487148 0.17918856 0.32795481
v -0.40890224 0.26386413 0.33224470
v -0.41346882 0.34854028 0.33424052
v -0.45151531 0.18048697 0.26174059
v -0.45528072 0.26386413 0.26815500
v -0.46087072 0.34724130 0.26666380
v -0.03840966 -0.72860423 0.48790463
v -0.03888821 -0.67975762 0.49092728
v -0.03942628 -0.62483680 0.49432585
v -0.11317077 -0.72860480 0.46986002
v -0.11411652 -0.67975705 0.47276984
v -0.11517963 -0.62483680 0.47604140
v -0.18426002 -0.72860423 0.44051520
v -0.18564972 -0.67975762 0.44324131
v -0.18721236 -0.62483680 0.44630705
v -0.04073377 -0.49132482 0.50258753
v -0.04149638 -0.41349173 0.50740358
v -0.04230322 -0.33110058 0.51250200
v -0.11776343 -0.49132482 0.48399520
v -0.11927050 -0.41349173 0.48863152
v -0.12086489 -0.33110058 0.49353999
v -0.19101009 -0.49132482 0.45375963
v -0.19322420 -0.41349173 0.45810395
v -0.19556816 -0.33110058 0.46270284
v -0.04396564 -0.16138201 0.52300388
v -0.04479913 -0.07633278 0.52826672
v -0.04563204 0.00871645 0.53352900
v -0.12415006 -0.16138201 0.50365008
v -0.12579604 -0.07633278 0.50871674
v -0.12744260 0.00871645 0.51378341
v -0.20039612 -0.16138201 0.47217676
v -0.20281549 -0.07633278 0.47692364
v -0.20523486 0.00871645 0.48167109
v -0.04729844 0.17881491 0.54405470
v -0.04813136 0.26386413 0.54931754
v -0.04896427 0.34891336 0.55458039
v -0.13073513 0.17881491 0.52391617
v -0.13238112 0.26386413 0.52898284
v -0.13402711 0.34891336 0.53404951
v -0.21007359 0.17881491 0.49116598
v -0.21249296 0.26386413 0.49591343
v -0.21491233 0.34891336 0.50066088
v 0.26063477 -0.72860423 0.44051520
v 0.26202447 -0.67975762 0.44324188
v 0.26358711 -0.62483680 0.44630705
v 0.18954552 -0.72860480 0.46986002
v 0.19049127 -0.67975705 0.47276984
v 0.19155438 -0.62483680 0.47604196
v 0.11478441 -0.72860423 0.48790463
v 0.11526295 -0.67975762 0.49092728
v 0.11580103 -0.62483680 0.49432585
v 0.26738484 -0.49132482 0.45375963
v 0.26959895 -0.41349173 0.45810395
v 0.27194291 -0.33110058 0.46270341
v 0.19413818 -0.49132482 0.48399520
v 0.19564468 -0.41349173 0.48863208
v 0.19723964 -0.33110058 0.49353999
v 0.11710852 -0.49132482 0.50258753
v 0.11787113 -0.41349173 0.50740358
v 0.11867796 -0.33110058 0.51250200
v 0.27677087 -0.16138201 0.47217676
v 0.27919024 -0.07633278 0.47692421
v 0.28160961 0.00871645 0.48167109
v 0.20052481 -0.16138201 0.50365064
v 0.20217079 -0.07633278 0.50871674
v 0.20381735 0.00871645 0.51378341
v 0.12034039 -0.16138201 0.52300388
v 0.12117388 -0.07633278 0.52826672
v 0.12200679 0.00871645 0.53352957
v 0.28644834 0.17881491 0.49116598
v 0.28886771 0.26386413 0.49591343
v 0.29128707 0.34891336 0.50066088
v 0.20710932 0.17881491 0.52391617
v 0.20875587 0.26386413 0.52898284
v 0.21040186 0.34891336 0.53404951
v 0.12367262 0.17881491 0.54405470
v 0.12450610 0.26386413 0.54931754
v 0.12533902 0.34891336 0.55458039
v 0.47471218 -0.72860423 0.22640207
v 0.47743886 -0.67975762 0.22779064
v 0.48050517 -0.62483680 0.22935271
v 0.43444817 -0.72860480 0.29192796
v 0.43692367 -0.67975705 0.29372647
v 0.43970705 -0.62483680 0.29574837
v 0.38457190 -0.72860423 0.35046961
v 0.38673556 -0.67975762 0.35263383
v 0.38916796 -0.62483680 0.35506681
v 0.48795831 -0.49132482 0.23314930
v 0.49230319 -0.41349173 0.23536285
v 0.49690209 -0.33110058 0.23770567
v 0.44647243 -0.49132482 0.30066365
v 0.45041645 -0.41349173 0.30352924
v 0.45459180 -0.33110058 0.30656266
v 0.39508229 -0.49132482 0.36098226
v 0.39853018 -0.41349173 0.36443016
v 0.40217936 -0.33110058 0.36808047
v 0.50637657 -0.16138201 0.24253250
v 0.51112459 -0.07633278 0.24495073
v 0.51587204 0.00871645 0.24736953
v 0.46319198 -0.16138201 0.31281151
v 0.46750170 -0.07633278 0.31594246
v 0.47181200 0.00871645 0.31907397
v 0.40969771 -0.16138201 0.37559996
v 0.41346483 -0.07633278 0.37936764
v 0.41723194 0.00871645 0.38313589
v 0.52536750 0.17881491 0.25220657
v 0.53011551 0.26386413 0.25462537
v 0.53486296 0.34891336 0.25704360
v 0.48043146 0.17881491 0.32533643
v 0.48474118 0.26386413 0.32846794
v 0.48905091 0.34891336 0.33159889
v 0.42476674 0.17881491 0.39067181
v 0.42853442 0.26386413 0.39443950
v 0.43230153 0.34891336 0.39820774
v 0.52873545 -0.72860423 -0.06345138
v 0.53180006 -0.67975762 -0.06387322
v 0.53524512 -0.62483680 -0.06434723
v 0.52997320 -0.72860480 0.00675279
v 0.53304518 -0.67975705 0.00676980
v 0.53649931 -0.62483680 0.00678908
v 0.52229949 -0.72860423 0.08104613
v 0.52532327 -0.67975762 0.08152751
v 0.52872354 -0.62483680 0.08206842
v 0.54362076 -0.49132482 -0.06549936
v 0.54850316 -0.41349173 -0.06617068
v 0.55367188 -0.33110058 -0.06688169
v 0.54489594 -0.49132482 0.00683558
v 0.54979080 -0.41349173 0.00686279
v 0.55497257 -0.33110058 0.00689171
v 0.53698919 -0.49132482 0.08338328
v 0.54180751 -0.41349173 0.08414986
v 0.54690820 -0.33110058 0.08496123
v 0.56431891 -0.16138201 -0.06834624
v 0.56965377 -0.07633278 -0.06908050
v 0.57498919 0.00871645 -0.06981419
v 0.56564625 -0.16138201 0.00695067
v 0.57099471 -0.07633278 0.00698016
v 0.57634374 0.00871645 0.00701021
v 0.55741575 -0.16138201 0.08663273
v 0.56268086 -0.07633278 0.08747075
v 0.56794598 0.00871645 0.08830820
v 0.58566003 0.17881491 -0.07128214
v 0.59099545 0.26386413 -0.07201583
v 0.59633031 0.34891336 -0.07274952
v 0.58704123 0.17881491 0.00706918
v 0.59239026 0.26386413 0.00709866
v 0.59773872 0.34891336 0.00712871
v 0.57847677 0.17881491 0.08998367
v 0.58374189 0.26386413 0.09082112
v 0.58900757 0.34891336 0.09165914
v 0.46437359 -0.72860423 -0.25531903
v 0.46703620 -0.67975762 -0.25693894
v 0.47002937 -0.62483680 -0.25876069
v 0.48640531 -0.72860480 -0.21909883
v 0.48920513 -0.67975705 -0.22049307
v 0.49235309 -0.62483680 -0.22206025
v 0.50546655 -0.72860423 -0.17685999
v 0.50838544 -0.67975762 -0.17799001
v 0.51166720 -0.62483680 -0.17926064
v 0.47730618 -0.49132482 -0.26318835
v 0.48154787 -0.41349173 -0.26576988
v 0.48603847 -0.33110058 -0.26850223
v 0.50000582 -0.49132482 -0.22586932
v 0.50446750 -0.41349173 -0.22809024
v 0.50919000 -0.33110058 -0.23044157
v 0.51964539 -0.49132482 -0.18234906
v 0.52429645 -0.41349173 -0.18414927
v 0.52921966 -0.33110058 -0.18605551
v 0.49528842 -0.16138201 -0.27413136
v 0.49992360 -0.07633278 -0.27695215
v 0.50455879 0.00871645 -0.27977295
v 0.51891793 -0.16138201 -0.23528427
v 0.52379295 -0.07633278 -0.23771101
v 0.52866798 0.00871645 -0.24013775
v 0.53936150 -0.16138201 -0.18998138
v 0.54444347 -0.07633278 -0.19194885
v 0.54952602 0.00871645 -0.19391632
v 0.51382972 0.17881491 -0.28541399
v 0.51846490 0.26386413 -0.28823479
v 0.52310009 0.34891336 -0.29105558
v 0.53841745 0.17881491 -0.24499122
v 0.54329247 0.26386413 -0.24741796
v 0.54816750 0.34891336 -0.24984470
v 0.55969053 0.17881491 -0.19785070
v 0.56477251 0.26386413 -0.19981817
v 0.56985505 0.34891336 -0.20178565
v 0.11453663 -0.72860423 -0.48019089
v 0.11501404 -0.67975762 -0.48321581
v 0.11554985 -0.62483680 -0.48661665
v 0.18756500 -0.72860423 -0.46453163
v 0.18849828 -0.67975705 -0.46745846
v 0.18954722 -0.62483680 -0.47074930
v 0.25395103 -0.72860423 -0.44165962
v 0.25529934 -0.67975762 -0.44444414
v 0.25681435 -0.62483680 -0.44757395
v 0.11685338 -0.49132482 -0.49488400
v 0.11761372 -0.41349117 -0.49970345
v 0.11841828 -0.33110058 -0.50480527
v 0.19209813 -0.49132482 -0.47874903
v 0.19358479 -0.41349117 -0.48341313
v 0.19515877 -0.33110058 -0.48834995
v 0.26049812 -0.49132482 -0.45518359
v 0.26264590 -0.41349117 -0.45961975
v 0.26491955 -0.33110058 -0.46431560
v 0.12007504 -0.16138201 -0.51531509
v 0.12090569 -0.07633278 -0.52058134
v 0.12173577 0.00871645 -0.52584759
v 0.19840084 -0.16138201 -0.49851957
v 0.20002528 -0.07633278 -0.50361572
v 0.20165029 0.00871645 -0.50871187
v 0.26960236 -0.16138201 -0.47398854
v 0.27194915 -0.07633278 -0.47883634
v 0.27429537 0.00871645 -0.48368358
v 0.12339650 0.17881491 -0.53638065
v 0.12422714 0.26386413 -0.54164690
v 0.12505722 0.34891336 -0.54691371
v 0.20489917 0.17881491 -0.51890417
v 0.20652418 0.26386413 -0.52400032
v 0.20814862 0.34891336 -0.52909647
v 0.27898896 0.17881491 -0.49337863
v 0.28133575 0.26386413 -0.49822587
v 0.28368254 0.34891336 -0.50307311
v -0.52494851 0.30606329 0.11163494
v -0.52221957 0.26386413 0.11889417
v -0.51958077 0.22166498 0.11060924
v -0.52235451 0.31463342 0.13074380
v -0.51878245 0.26386413 0.13872198
v -0.51593216 0.21309485 0.12929229
v -0.51427824 0.32783930 0.16015779
v -0.50918606 0.26386413 0.16841380
v -0.50631423 0.19988954 0.15790739
v -0.48166413 -0.37450914 0.10294857
v -0.47895276 -0.41648944 0.10958185
v -0.47632757 -0.45842097 0.10193309
v -0.47931620 -0.36586190 0.12069098
v -0.47579913 -0.41620594 0.12798083
v -0.47297266 -0.46616215 0.11926102
v -0.47193166 -0.35251881 0.14798271
v -0.46698520 -0.41553462 0.15551580
v -0.46417007 -0.47721742 0.14579241
v -0.51958077 0.22166498 -0.10255474
v -0.52221957 0.26386413 -0.11083967
v -0.52494851 0.30606329 -0.10358044
v -0.51593216 0.21309485 -0.12123779
v -0.51878245 0.26386413 -0.13066748
v -0.52235451 0.31463342 -0.12268930
v -0.50631423 0.19988954 -0.14985289
v -0.50918606 0.26386413 -0.16035930
v -0.51427824 0.32783930 -0.15210329
v -0.47632757 -0.45842097 -0.09387859
v -0.47895276 -0.41648944 -0.10152735
v -0.48166413 -0.37450914 -0.09489408
v -0.47297266 -0.46616215 -0.11120652
v -0.47579913 -0.41620594 -0.11992633
v -0.47931620 -0.36586190 -0.11263648
v -0.46417007 -0.47721742 -0.13773791
v -0.46698520 -0.41553462 -0.14746130
v -0.47193166 -0.35251881 -0.13992821
v -0.47299364 -0.51450243 0.04559761
v -0.47260695 -0.52160575 0.00402725
v -0.47299364 -0.51450243 -0.03754311
v -0.47070582 -0.53143233 0.05338075
v -0.47072226 -0.53931753 0.00402725
v -0.47070582 -0.53143233 -0.04532682
v -0.46611826 -0.55567703 0.06503193
v -0.46737132 -0.56394042 0.00402725
v -0.46611826 -0.55567703 -0.05697743
v -0.48548114 -0.31825361 -0.03855860
v -0.48600107 -0.31111968 0.00402725
v -0.48548114 -0.31825361 0.04661310
v -0.48544712 -0.29919918 -0.04675621
v -0.48649662 -0.29106847 0.00402725
v -0.48544712 -0.29919918 0.05481071
v -0.48421107 -0.26893186 -0.05916603
v -0.48662193 -0.25991267 0.00402725
v -0.48421107 -0.26893186 0.06722053
v -0.51623947 0.16515770 0.04930349
v -0.51585392 0.15799145 0.00402725
v -0.51623947 0.16515770 -0.04124899
v -0.51371975 0.14619853 0.05769842
v -0.51376341 0.13804231 0.00402725
v -0.51371975 0.14619853 -0.04964392
v -0.50850169 0.11605141 0.07024885
v -0.50985511 0.10701351 0.00402725
v -0.50850169 0.11605141 -0.06219435
v -0.52880068 0.36257114 -0.04227468
v -0.52932855 0.36973682 0.00402725
v -0.52880068 0.36257114 0.05032918
v -0.52865836 0.38152974 -0.05109656
v -0.52975323 0.38968596 0.00402725
v -0.52865836 0.38152974 0.05915106
v -0.52715469 0.41167686 -0.06445382
v -0.52971808 0.42071476 0.00402725
v -0.52715469 0.41167686 0.07250832
v -0.73915690 -0.27490061 -0.13075423
v -0.75814159 -0.29895254 -0.12261389
v -0.77700268 -0.32300446 -0.10314215
v -0.77623440 -0.21260092 -0.13767157
v -0.79994385 -0.22992375 -0.12884119
v -0.82354785 -0.24724714 -0.10856602
v -0.80363953 -0.14103823 -0.14250237
v -0.83121419 -0.15060287 -0.13345029
v -0.85872421 -0.16016807 -0.11281678
v -0.71346807 -0.24260289 -0.03746884
v -0.71017213 -0.23847970 -0.07333410
v -0.71346807 -0.24260289 -0.10447799
v -0.74422981 -0.18933882 -0.04462828
v -0.74013043 -0.18636890 -0.08083884
v -0.74422981 -0.18933882 -0.11206722
v -0.76650817 -0.12819410 -0.04896522
v -0.76175902 -0.12655435 -0.08547459
v -0.76650760 -0.12819410 -0.11689744
v -0.62274492 0.23555975 0.06292157
v -0.63242749 0.26650860 0.07567782
v -0.64216166 0.29745745 0.07628791
v -0.66384354 0.23179831 0.05325998
v -0.67676649 0.26170785 0.06845261
v -0.68976145 0.29161740 0.07152118
v -0.70681949 0.21835486 0.04321623
v -0.72343243 0.24630771 0.06073978
v -0.74013554 0.27426112 0.06617215
v -0.65531481 0.33901704 0.03722140
v -0.65531481 0.33901704 0.03722140
v -0.65700048 0.34432241 0.00248502
v -0.65700048 0.34432241 0.00248502
v -0.65531481 0.33901704 -0.03448021
v -0.65531481 0.33901704 -0.03448021
v -0.70732354 0.33178161 0.03581525
v -0.70732354 0.33178161 0.03581525
v -0.70957451 0.33690895 0.00153587
v -0.70732354 0.33178161 -0.03582795
v -0.76270760 0.31179845 0.03375252
v -0.76560098 0.31659012 -0.00003640
v -0.76270760 0.31179788 -0.03772965
v -0.55012252 -0.33522376 0.01380848
v -0.54963264 -0.32953624 -0.02010292
v -0.55012252 -0.33522376 -0.05241199
v -0.58987623 -0.32757387 0.00011328
v -0.58987623 -0.32757387 0.00011328
v -0.58884260 -0.32189655 -0.03430500
v -0.58884260 -0.32189655 -0.03430500
v -0.58987623 -0.32757387 -0.06619847
v -0.58987623 -0.32757387 -0.06619847
v -0.63329046 -0.31178533 -0.01423622
v -0.63159401 -0.30630533 -0.04918578
v -0.63329046 -0.31178533 -0.08068518
v -0.55391345 -0.37977709 -0.09021410
v -0.55668775 -0.41295479 -0.09091944
v -0.55941897 -0.44613249 -0.08041756
v -0.59790374 -0.37205008 -0.10047104
v -0.59790374 -0.37205008 -0.10047104
v -0.60380106 -0.40516995 -0.09853532
v -0.60380106 -0.40516995 -0.09853532
v -0.60962920 -0.43829039 -0.08539748
v -0.64648273 -0.35471194 -0.11145826
v -0.65619308 -0.38667911 -0.10688318
v -0.65619308 -0.38667911 -0.10688318
v -0.66580648 -0.41864628 -0.09109691
v -0.55941897 -0.44613249 0.07263363
v -0.55668775 -0.41295479 0.07400292
v -0.55391345 -0.37977709 0.06409072
v -0.60962920 -0.43829039 0.06786804
v -0.60380106 -0.40516995 0.06661668
v -0.60380106 -0.40516995 0.06661668
v -0.59790374 -0.37205008 0.05404697
v -0.59790374 -0.37205008 0.05404697
v -0.66580648 -0.41864628 0.06256493
v -0.65619308 -0.38667911 0.05867024
v -0.65619308 -0.38667911 0.05867024
v -0.64648273 -0.35471194 0.04341185
v -0.60982368 0.19400016 -0.06383977
v -0.60818109 0.18869479 -0.02965054
v -0.60982368 0.19400016 0.00669213
v -0.64660236 0.19163353 -0.07672132
v -0.64441093 0.18650619 -0.04295678
v -0.64660236 0.19163353 -0.00620928
v -0.68465339 0.18081753 -0.08974690
v -0.68183542 0.17602586 -0.05642688
v -0.68465339 0.18081753 -0.01932160
v -0.80213529 -0.35530219 -0.04039736
v -0.80532804 -0.35942537 -0.00505204
v -0.80213529 -0.35530219 0.02570233
v -0.85507787 -0.27050924 -0.04431643
v -0.85908936 -0.27347859 -0.00848293
v -0.85507787 -0.27050924 0.02246762
v -0.89556414 -0.17301221 -0.04759140
v -0.90025829 -0.17465195 -0.01129068
v -0.89556414 -0.17301221 0.01997908
v -0.77700268 -0.32300446 0.05233068
v -0.75814159 -0.29895254 0.04472331
v -0.73915690 -0.27490061 0.02562805
v -0.82354785 -0.24724714 0.04833903
v -0.79994385 -0.22992375 0.03989591
v -0.77623440 -0.21260092 0.01988836
v -0.85872421 -0.16016807 0.04573426
v -0.83121419 -0.15060287 0.03689594
v -0.80363953 -0.14103823 0.01641042
v -0.77910623 0.00268306 -0.04982139
v -0.77401972 0.00158252 -0.08686940
v -0.77910623 0.00268306 -0.11880935
v -0.76869110 0.06419009 -0.04636442
v -0.76395499 0.06185351 -0.08362732
v -0.76869110 0.06419009 -0.11584850
v -0.74850438 0.11712643 -0.04015129
v -0.74433810 0.11372560 -0.07752702
v -0.74850438 0.11712643 -0.11006232
v -0.81899431 0.01130592 -0.14518142
v -0.84874907 0.01772713 -0.13622346
v -0.87854749 0.02414835 -0.11539548
v -0.80587632 0.08249552 -0.14287998
v -0.83366587 0.09612664 -0.13419022
v -0.86153821 0.10975833 -0.11349831
v -0.78124720 0.14376328 -0.13822779
v -0.80575158 0.16359960 -0.13019461
v -0.83035859 0.18343591 -0.11004645
v -0.91863119 0.03277121 -0.04886203
v -0.92375399 0.03387174 -0.01167397
v -0.91863119 0.03277121 0.02036861
v -0.89909821 0.12806376 -0.04666493
v -0.90390350 0.13040035 -0.00910492
v -0.89909821 0.12806376 0.02333456
v -0.86356408 0.21007277 -0.04353341
v -0.86781654 0.21347303 -0.00572790
v -0.86356408 0.21007277 0.02712775
v -0.87854749 0.02414835 0.04663975
v -0.84874907 0.01772713 0.03753778
v -0.81899431 0.01130592 0.01661057
v -0.86153821 0.10975833 0.05015512
v -0.83366587 0.09612664 0.04116088
v -0.80587689 0.08249552 0.02025748
v -0.83035859 0.18343591 0.05499952
v -0.80575158 0.16359960 0.04652521
v -0.78124777 0.14376328 0.02606804
v -0.78124777 0.14376328 0.02606804
v -0.21972611 0.51812617 -0.50205138
v -0.22196914 0.59697361 -0.50645239
v -0.22390940 0.66519046 -0.51026033
v -0.13730264 0.51812617 -0.53607504
v -0.13882842 0.59697361 -0.54077259
v -0.14014895 0.66519046 -0.54483625
v -0.05062160 0.51812617 -0.55699658
v -0.05139441 0.59697361 -0.56187557
v -0.05206233 0.66519046 -0.56609685
v -0.47030382 0.51715094 -0.25352790
v -0.47311951 0.59669579 -0.25587412
v -0.47624252 0.66515588 -0.25796236
v -0.42202364 0.51773551 -0.32972463
v -0.42551746 0.59683810 -0.33261631
v -0.42873743 0.66517346 -0.33518139
v -0.36351941 0.51807741 -0.39764325
v -0.36694916 0.59695660 -0.40113537
v -0.36994119 0.66518820 -0.40416425
v -0.52606153 0.52619791 0.09202769
v -0.52866913 0.59914917 0.09357048
v -0.53204332 0.66546262 0.09435577
v -0.53224064 0.53014647 0.00402725
v -0.53541240 0.60029564 0.00402725
v -0.53901736 0.66560551 0.00402725
v -0.52606153 0.52619791 -0.08397319
v -0.52866913 0.59914917 -0.08551598
v -0.53204332 0.66546262 -0.08630127
v -0.36351941 0.51807741 0.40569775
v -0.36694916 0.59695660 0.40918987
v -0.36994119 0.66518820 0.41221875
v -0.42202364 0.51773551 0.33777913
v -0.42551746 0.59683810 0.34067081
v -0.42873743 0.66517346 0.34323589
v -0.47030382 0.51715151 0.26158239
v -0.47311951 0.59669579 0.26392862
v -0.47624252 0.66515588 0.26601686
v -0.05062216 0.51812617 0.56505108
v -0.05139441 0.59697361 0.56993007
v -0.05206233 0.66519046 0.57415135
v -0.13730264 0.51812617 0.54412954
v -0.13882899 0.59697361 0.54882653
v -0.14014895 0.66519046 0.55289018
v -0.21972611 0.51812617 0.51010588
v -0.22196914 0.59697361 0.51450689
v -0.22390940 0.66519046 0.51831483
v 0.29610086 0.51812617 0.51010588
v 0.29834389 0.59697361 0.51450689
v 0.30028415 0.66519046 0.51831483
v 0.21367739 0.51812617 0.54412954
v 0.21520317 0.59697361 0.54882653
v 0.21652370 0.66519046 0.55289074
v 0.12699635 0.51812617 0.56505108
v 0.12776916 0.59697361 0.56993007
v 0.12843708 0.66519046 0.57415135
v 0.54430910 0.51812617 0.26185569
v 0.54871068 0.59697361 0.26409815
v 0.55251861 0.66519046 0.26603784
v 0.49762557 0.51812617 0.33782903
v 0.50162119 0.59697361 0.34073204
v 0.50507816 0.66519046 0.34324326
v 0.43979720 0.51812617 0.40570455
v 0.44328989 0.59697361 0.40919780
v 0.44631141 0.66519046 0.41221989
v 0.60694558 0.51812617 -0.07421010
v 0.61189205 0.59697361 -0.07489050
v 0.61617116 0.66519046 -0.07547904
v 0.60838065 0.51812617 0.00718768
v 0.61333959 0.59697361 0.00721489
v 0.61762947 0.66519046 0.00723871
v 0.59948337 0.51812617 0.09332554
v 0.60436462 0.59697361 0.09410232
v 0.60858760 0.66519046 0.09477421
v 0.53232226 0.51812617 -0.29666770
v 0.53661951 0.59697361 -0.29928268
v 0.54033730 0.66519046 -0.30154499
v 0.55786651 0.51812617 -0.25467323
v 0.56238603 0.59697361 -0.25692306
v 0.56629602 0.66519046 -0.25886955
v 0.57996627 0.51812617 -0.20569961
v 0.58467800 0.59697361 -0.20752363
v 0.58875469 0.66519046 -0.20910158
v 0.12670945 0.51812617 -0.55739178
v 0.12747943 0.59697361 -0.56227417
v 0.12814564 0.66519046 -0.56649828
v 0.21138106 0.51812617 -0.53923547
v 0.21288756 0.59697361 -0.54396024
v 0.21419052 0.66519046 -0.54804770
v 0.28835118 0.51812617 -0.51271769
v 0.29052673 0.59697361 -0.51721112
v 0.29240916 0.66519046 -0.52109957
v -0.52972998 0.18900721 -0.03541915
v -0.52921175 0.18349658 -0.00031253
v -0.52972998 0.18900721 0.03507192
v -0.53960136 0.18971085 -0.03892545
v -0.53894478 0.18422404 -0.00393166
v -0.53960136 0.18971085 0.03157186
v -0.55522377 0.19082386 -0.04447349
v -0.55434890 0.18537447 -0.00965887
v -0.55522377 0.19082386 0.02603232
v -0.54397459 0.33963109 0.03954437
v -0.54449850 0.34514171 0.00383504
v -0.54397459 0.33963109 -0.03216233
v -0.55768680 0.33968666 0.03926428
v -0.55835358 0.34517347 0.00367458
v -0.55768680 0.33968666 -0.03244243
v -0.57938286 0.33977397 0.03882146
v -0.58027587 0.34522336 0.00342113
v -0.57938286 0.33977397 -0.03288638
v -0.53379647 0.23217423 0.08390378
v -0.53379647 0.23217423 0.08390378
v -0.53683329 0.26431943 0.09112333
v -0.53683329 0.26431943 0.09112333
v -0.53683329 0.26431943 0.09112333
v -0.53683329 0.26431943 0.09112333
v -0.53987692 0.29646464 0.08616099
v -0.53987692 0.29646464 0.08616099
v -0.54475591 0.23269189 0.08131772
v -0.54475591 0.23269189 0.08131772
v -0.54475591 0.23269189 0.08131772
v -0.54860978 0.26469875 0.08922163
v -0.54860978 0.26469875 0.08922163
v -0.54860978 0.26469875 0.08922163
v -0.54860978 0.26469875 0.08922163
v -0.55247555 0.29670561 0.08494819
v -0.55247555 0.29670561 0.08494819
v -0.55247555 0.29670561 0.08494819
v -0.55247555 0.29670561 0.08494819
v -0.56209972 0.23351120 0.07722572
v -0.56724463 0.26529920 0.08621259
v -0.56724463 0.26529920 0.08621259
v -0.56724463 0.26529920 0.08621259
v -0.56724463 0.26529920 0.08621259
v -0.57241109 0.29708720 0.08302891
v -0.57241109 0.29708720 0.08302891
v -0.57241109 0.29708720 0.08302891
v -0.57241109 0.29708720 0.08302891
v -0.53987692 0.29646464 -0.08102141
v -0.53683329 0.26431943 -0.08763938
v -0.53379704 0.23217366 -0.08206298
v -0.55247555 0.29670561 -0.08223875
v -0.54860978 0.26469875 -0.08954845
v -0.54475591 0.23269189 -0.08465868
v -0.57241109 0.29708720 -0.08416483
v -0.56724463 0.26529920 -0.09256996
v -0.56209972 0.23351120 -0.08876656
v -0.49873294 -0.33976879 -0.03421769
v -0.49890077 -0.33419580 -0.00129910
v -0.49873294 -0.33976879 0.03197386
v -0.48859280 -0.33939061 -0.03107257
v -0.48859280 -0.33939061 -0.03107257
v -0.48889615 -0.33375922 0.00244874
v -0.48889615 -0.33375922 0.00244874
v -0.48859280 -0.33939061 0.03607550
v -0.48859280 -0.33939061 0.03607550
v -0.48504342 -0.33632600 -0.03113607
v -0.48540970 -0.33045874 0.00382994
v -0.48504342 -0.33632600 0.03880898
v -0.49403652 -0.49210330 0.03611122
v -0.49386075 -0.49767630 0.00380045
v -0.49403652 -0.49210330 -0.02885165
v -0.48027556 -0.49331724 0.03685398
v -0.48027556 -0.49331724 0.03685398
v -0.47997051 -0.49894863 0.00395978
v -0.47997051 -0.49894863 0.00395978
v -0.48027556 -0.49331724 -0.02903535
v -0.48027556 -0.49331724 -0.02903535
v -0.47502065 -0.49668972 0.03830209
v -0.47465380 -0.50255642 0.00401874
v -0.47502065 -0.49668972 -0.03027707
v -0.49540298 -0.44844640 -0.07422598
v -0.49640940 -0.41593605 -0.08116429
v -0.49740731 -0.38342570 -0.07686817
v -0.48266544 -0.44920391 -0.07409614
v -0.48266544 -0.44920391 -0.07409614
v -0.48444183 -0.41635392 -0.08041189
v -0.48444183 -0.41635392 -0.08041189
v -0.48621539 -0.38350338 -0.07532652
v -0.48621539 -0.38350338 -0.07532652
v -0.47789361 -0.45073196 -0.07683189
v -0.48003288 -0.41650758 -0.08314764
v -0.48217159 -0.38228377 -0.07758996
v -0.49740731 -0.38342570 0.07738448
v -0.49640940 -0.41593605 0.08371611
v -0.49540298 -0.44844640 0.07879800
v -0.48621539 -0.38350338 0.08114705
v -0.48621539 -0.38350338 0.08114705
v -0.48444183 -0.41635392 0.08683571
v -0.48444183 -0.41635392 0.08683571
v -0.48266544 -0.44920391 0.08111871
v -0.48266544 -0.44920391 0.08111871
v -0.48217159 -0.38228377 0.08536493
v -0.48003288 -0.41650758 0.09099802
v -0.47789361 -0.45073196 0.08475711
v -0.53103294 0.33976037 -0.03197919
v -0.53142246 0.34530671 0.00398643
v -0.53103294 0.33976037 0.03989081
v -0.52865609 0.34101909 -0.03250196
v -0.52902634 0.34666239 0.00401534
v -0.52865609 0.34101909 0.04051450
v -0.52796946 0.34445848 -0.03404022
v -0.52834651 0.35035580 0.00402555
v -0.52796946 0.34445848 0.04208961
v -0.52039384 0.18816125 0.03845745
v -0.52000545 0.18261491 0.00310588
v -0.52039384 0.18816125 -0.03218671
v -0.51854431 0.18676701 0.03963736
v -0.51817463 0.18112314 0.00375452
v -0.51854431 0.18676701 -0.03211187
v -0.51767340 0.18327716 0.04136953
v -0.51729692 0.17737984 0.00399323
v -0.51767340 0.18327716 -0.03338080
v -0.52343974 0.23160723 -0.07979840
v -0.52570942 0.26396109 -0.08603818
v -0.52798080 0.29631438 -0.08006092
v -0.52144108 0.23097333 -0.08064266
v -0.52359907 0.26389305 -0.08711207
v -0.52575705 0.29681277 -0.08117223
v -0.52062404 0.22946909 -0.08402478
v -0.52282172 0.26386754 -0.09082986
v -0.52501882 0.29826655 -0.08470178
v -0.52798080 0.29631438 0.08749683
v -0.52570942 0.26396109 0.09312199
v -0.52343974 0.23160723 0.08653351
v -0.52575705 0.29681277 0.08904359
v -0.52359907 0.26389305 0.09487910
v -0.52144108 0.23097333 0.08830650
v -0.52501882 0.29826655 0.09273359
v -0.52282172 0.26386754 0.09884807
v -0.52062404 0.22946909 0.09203052
v 0.10567394 -0.87630525 -0.42415706
v 0.11140966 -0.84867446 -0.45844097
v 0.11346275 -0.81350604 -0.47313578
v 0.17082618 -0.87759290 -0.40502892
v 0.18110410 -0.84906796 -0.44211549
v 0.18542006 -0.81355537 -0.45753265
v 0.23222719 -0.87630525 -0.39061875
v 0.24501179 -0.84867446 -0.42196506
v 0.25090230 -0.81350604 -0.43520722
v 0.41723081 -0.87630525 -0.22902408
v 0.44603982 -0.84867446 -0.24470886
v 0.45826593 -0.81350604 -0.25167099
v 0.43153439 -0.87759290 -0.19177989
v 0.46556655 -0.84906796 -0.20873870
v 0.47978622 -0.81355537 -0.21580573
v 0.45410985 -0.87630525 -0.15373113
v 0.48528720 -0.84867446 -0.16825017
v 0.49876013 -0.81350604 -0.17416392
v 0.47347953 -0.87630525 -0.05856275
v 0.50724237 -0.84867446 -0.06103541
v 0.52165652 -0.81350604 -0.06254588
v 0.46821045 -0.87759290 0.00428523
v 0.50665837 -0.84906796 0.00597091
v 0.52265443 -0.81355537 0.00663032
v 0.46626963 -0.87630525 0.07215962
v 0.50064766 -0.84867446 0.07729886
v 0.51525798 -0.81350604 0.07988776
v 0.42629365 -0.87630525 0.19389341
v 0.45564754 -0.84867446 0.21464883
v 0.46842024 -0.81350604 0.22294056
v 0.38497163 -0.87759290 0.25007240
v 0.41575662 -0.84906796 0.27656977
v 0.42856277 -0.81355537 0.28742829
v 0.34362353 -0.87630525 0.30767908
v 0.36900166 -0.84867446 0.33390712
v 0.37952338 -0.81350604 0.34529635
v 0.23972910 -0.87630525 0.38316310
v 0.25186336 -0.84867446 0.41901249
v 0.25754748 -0.81350604 0.43391765
v 0.17315993 -0.87759290 0.40396274
v 0.18316229 -0.84906796 0.44555918
v 0.18739264 -0.81355537 0.46264898
v 0.10596594 -0.87630525 0.42662496
v 0.11166707 -0.84867446 0.46456485
v 0.11370882 -0.81350604 0.48065333
v -0.02245499 -0.87630525 0.42662496
v -0.03312300 -0.84867446 0.46456485
v -0.03706191 -0.81350604 0.48065333
v -0.08865334 -0.87759290 0.40396274
v -0.10434039 -0.84906796 0.44555918
v -0.11071058 -0.81355537 0.46264898
v -0.15621758 -0.87630525 0.38316310
v -0.17331985 -0.84867446 0.41901249
v -0.18090000 -0.81350604 0.43391765
v -0.26011202 -0.87630525 0.30767908
v -0.29045759 -0.84867446 0.33390712
v -0.30287647 -0.81350604 0.34529635
v -0.30046504 -0.87759290 0.25007240
v -0.33693472 -0.84906796 0.27656920
v -0.35188071 -0.81355537 0.28742829
v -0.34278214 -0.87630525 0.19389341
v -0.37710347 -0.84867446 0.21464883
v -0.39177333 -0.81350604 0.22294056
v -0.38246668 -0.87630525 0.07175819
v -0.42184617 -0.84867446 0.07694506
v -0.43836386 -0.81350604 0.07954870
v -0.38136954 -0.87759290 0.00107321
v -0.42577771 -0.84906796 0.00313820
v -0.44399979 -0.81355537 0.00391555
v -0.38246668 -0.87630525 -0.06888886
v -0.42184617 -0.84867446 -0.07046624
v -0.43836386 -0.81350604 -0.07169208
v -0.34278214 -0.87630525 -0.19102408
v -0.37710347 -0.84867446 -0.20817058
v -0.39177333 -0.81350604 -0.21508394
v -0.30046504 -0.87759290 -0.24792655
v -0.33693472 -0.84906796 -0.27029337
v -0.35188071 -0.81355537 -0.27959719
v -0.26011202 -0.87630525 -0.30480975
v -0.29045759 -0.84867446 -0.32742830
v -0.30287647 -0.81350604 -0.33743973
v -0.15621758 -0.87630525 -0.38029320
v -0.17331928 -0.84867446 -0.41253423
v -0.18090000 -0.81350604 -0.42606103
v -0.08865334 -0.87759290 -0.40181633
v -0.10434039 -0.84906796 -0.43928278
v -0.11071058 -0.81355537 -0.45481787
v -0.02245499 -0.87630525 -0.42375563
v -0.03312300 -0.84867446 -0.45808660
v -0.03706191 -0.81350604 -0.47279671
v 0.31675138 -0.87630525 -0.34278820
v 0.34019435 -0.84867446 -0.36795313
v 0.34998182 -0.81350604 -0.37893922
v 0.34596182 -0.87759290 -0.30956003
v 0.37260718 -0.84906796 -0.33668676
v 0.38372255 -0.81355537 -0.34802609
v 0.37696283 -0.87630525 -0.28444783
v 0.40078229 -0.84867446 -0.30700005
v 0.41118211 -0.81350604 -0.31647623
v 0.40506877 0.51812617 -0.44642578
v 0.40825925 0.59697361 -0.45034372
v 0.41101938 0.66519046 -0.45373265
v 0.44481567 0.51812617 -0.41027419
v 0.44835202 0.59697361 -0.41387744
v 0.45141152 0.66519046 -0.41699421
v 0.47686109 0.51812617 -0.37300335
v 0.48067640 0.59697361 -0.37628228
v 0.48397687 0.66519046 -0.37911896
v 0.39133785 0.17881491 -0.42956789
v 0.39477951 0.26386413 -0.43379370
v 0.39822117 0.34891336 -0.43801895
v 0.42959753 0.17881491 -0.39476915
v 0.43341171 0.26386413 -0.39865533
v 0.43722645 0.34891336 -0.40254208
v 0.46044375 0.17881491 -0.35889312
v 0.46455900 0.26386413 -0.36243003
v 0.46867368 0.34891336 -0.36596638
v 0.37757178 -0.16138201 -0.41266578
v 0.38101344 -0.07633278 -0.41689159
v 0.38445510 0.00871645 -0.42111683
v 0.41433970 -0.16138201 -0.37922328
v 0.41815444 -0.07633278 -0.38311003
v 0.42196862 0.00871645 -0.38699622
v 0.44398389 -0.16138201 -0.34474603
v 0.44809857 -0.07633278 -0.34828238
v 0.45221382 0.00871645 -0.35181929
v 0.36422019 -0.49132482 -0.39627282
v 0.36736985 -0.41349173 -0.40014029
v 0.37070378 -0.33110058 -0.40423343
v 0.39954227 -0.49132482 -0.36414632
v 0.40303269 -0.41349173 -0.36770308
v 0.40672779 -0.33110058 -0.37146793
v 0.42801959 -0.49132482 -0.33102532
v 0.43178556 -0.41349173 -0.33426173
v 0.43577211 -0.33110058 -0.33768808
v 0.35461870 -0.72860423 -0.38448443
v 0.35659524 -0.67975762 -0.38691117
v 0.35881786 -0.62483680 -0.38963955
v 0.38890034 -0.72860480 -0.35330368
v 0.39109064 -0.67975705 -0.35553594
v 0.39355424 -0.62483680 -0.35804546
v 0.41653907 -0.72860423 -0.32115791
v 0.41890231 -0.67975762 -0.32318888
v 0.42155981 -0.62483680 -0.32547331
v 0.37360792 0.77415951 -0.40779869
v 0.40994606 0.77415951 -0.37474686
v 0.43924382 0.77415951 -0.34067217
v 0.38478112 0.77415951 -0.42151770
v 0.42233036 0.77415951 -0.38736476
v 0.45260392 0.77415951 -0.35215495
v 0.39595489 0.77415951 -0.43523671
v 0.43471466 0.77415951 -0.39998267
v 0.46596401 0.77415951 -0.36363773
v 0.41430171 0.75023969 -0.45776285
v 0.41386626 0.76707207 -0.45722760
v 0.41108402 0.77327386 -0.45381146
v 0.45504936 0.75023969 -0.42070123
v 0.45456628 0.76707207 -0.42020907
v 0.45148240 0.77327386 -0.41706679
v 0.48790161 0.75023969 -0.38249201
v 0.48738054 0.76707207 -0.38204465
v 0.48405342 0.77327386 -0.37918530
vn -0.3817 0.0529 0.9228
vn -0.2678 0.0526 0.9620
vn -0.2677 0.0526 0.9621
vn -0.1429 0.0524 0.9884
vn -0.1429 0.0522 0.9884
vn 0.3233 -0.1127 -0.9396
vn 0.2872 -0.0319 -0.9573
vn 0.2679 -0.0526 -0.9620
vn 0.2677 -0.0521 -0.9621
vn 0.2095 0.0152 -0.9777
vn 0.2082 -0.1197 -0.9707
vn -0.4981 0.0533 0.8655
vn -0.4980 0.0533 0.8655
vn -0.2679 0.0526 0.9620
vn -0.1429 0.0524 0.9883
vn 0.0020 0.0524 0.9986
vn 0.0020 0.0521 0.9986
vn 0.0750 -0.1195 -0.9900
vn 0.0755 0.0256 -0.9968
vn 0.0752 -0.1298 -0.9887
vn 0.0759 0.0153 -0.9970
vn 0.1429 -0.0524 -0.9883
vn -0.0021 -0.0454 -0.9990
vn -0.0021 -0.0524 -0.9986
vn 0.1435 -0.0452 -0.9886
vn 0.2080 -0.1123 -0.9717
vn 0.2027 0.0077 -0.9792
vn 0.3324 0.0077 -0.9431
vn 0.3194 0.0070 -0.9476
vn 0.4337 -0.1220 -0.8928
vn 0.4434 0.0082 -0.8963
vn 0.4346 -0.1131 -0.8935
vn 0.4316 0.0165 -0.9019
vn 0.4374 0.0074 -0.8993
vn 0.4373 0.0164 -0.8992
vn -0.9823 -0.1124 -0.1500
vn -0.9616 -0.2745 0.0015
vn -0.9927 -0.1203 -0.0026
vn -0.9546 -0.2669 -0.1324
vn -0.9579 -0.2590 0.1238
vn -0.9822 -0.1107 0.1517
vn -0.8431 -0.5377 0.0029
vn -0.8499 -0.5183 -0.0954
vn -0.8628 -0.5000 0.0747
vn -0.9484 -0.0743 -0.3082
vn -0.9851 -0.0775 -0.1539
vn -0.9464 -0.1076 -0.3044
vn -0.9969 -0.0784 -0.0000
vn -0.9862 -0.0600 0.1546
vn -0.9453 -0.1110 0.3067
vn -0.9558 -0.0901 0.2800
vn -0.9218 -0.2485 0.2977
vn -0.8446 -0.4646 0.2660
vn -0.7051 -0.6432 0.2984
vn -0.8553 -0.5127 -0.0751
vn -0.6393 -0.7614 -0.1078
vn -0.6145 -0.7857 -0.0719
vn -0.8379 -0.4754 -0.2680
vn -0.7519 -0.6357 -0.1747
vn -0.9222 -0.2505 -0.2946
vn -0.9886 -0.1301 -0.0763
vn -0.9967 0.0249 -0.0769
vn -0.9887 -0.1291 -0.0766
vn -0.9967 0.0260 -0.0772
vn -0.9886 -0.1291 0.0769
vn -0.9967 0.0260 0.0775
vn -0.9885 -0.1301 0.0766
vn -0.9967 0.0249 0.0772
vn -0.9986 -0.0524 -0.0000
vn -0.9865 -0.0524 0.1549
vn -0.9643 -0.1318 -0.2296
vn -0.9865 -0.0524 -0.1549
vn -0.9724 0.0277 -0.2319
vn -0.9644 -0.1301 0.2303
vn -0.9498 -0.0524 0.3086
vn -0.9497 -0.0524 0.3086
vn -0.9724 0.0260 0.2318
vn -0.9723 0.0277 0.2322
vn -0.9642 -0.1318 0.2299
vn -0.9960 0.0250 0.0855
vn -0.9960 0.0250 -0.0855
vn -0.9973 0.0253 -0.0695
vn -0.9560 -0.0804 -0.2823
vn -0.9706 0.0267 -0.2394
vn -0.9503 -0.0517 -0.3069
vn -0.9501 -0.0447 -0.3087
vn -0.9645 -0.1301 -0.2300
vn -0.9725 0.0260 -0.2316
vn 0.1576 -0.0524 0.9861
vn 0.3086 -0.0524 0.9498
vn 0.4521 -0.0524 0.8904
vn 0.4277 -0.0800 0.9004
vn 0.3783 -0.1301 0.9165
vn 0.1593 -0.0517 0.9859
vn 0.0800 0.0277 0.9964
vn 0.4506 -0.0517 0.8912
vn 0.5660 -0.0245 0.8241
vn 0.5213 0.0277 0.8529
vn 0.5170 -0.1301 0.8460
vn 0.5166 -0.1318 0.8460
vn 0.5210 0.0260 0.8532
vn 0.5618 -0.0894 0.8225
vn 0.4519 -0.0591 0.8901
vn 0.3082 -0.0605 0.9494
vn 0.1577 -0.0603 0.9856
vn 0.0796 -0.1318 0.9881
vn 0.0296 -0.0903 0.9955
vn 0.7553 -0.0880 -0.6494
vn 0.7581 0.0078 -0.6521
vn 0.7533 -0.1143 -0.6477
vn 0.7581 -0.0186 -0.6518
vn 0.6683 -0.1145 -0.7350
vn 0.6726 0.0195 -0.7398
vn 0.6675 -0.1263 -0.7338
vn 0.6728 0.0076 -0.7397
vn 0.7159 -0.0535 -0.6961
vn 0.7158 -0.0535 -0.6962
vn 0.8001 -0.0653 -0.5963
vn 0.7794 -0.0533 -0.6242
vn 0.7794 -0.0533 -0.6243
vn 0.8011 -0.0411 -0.5971
vn 0.5530 -0.1261 -0.8236
vn 0.5576 0.0160 -0.8299
vn 0.5536 -0.1224 -0.8238
vn 0.5577 0.0197 -0.8298
vn 0.5629 0.0159 -0.8264
vn 0.5521 0.0206 -0.8336
vn 0.6777 0.0186 -0.7351
vn 0.6677 0.0073 -0.7444
vn 0.7628 0.0081 -0.6466
vn 0.7539 -0.0200 -0.6567
vn 0.8055 -0.0171 -0.5923
vn 0.7987 -0.0879 -0.5953
vn 0.7975 -0.0411 -0.6019
vn 0.8016 -0.0184 -0.5976
vn -0.7071 -0.0524 -0.7052
vn -0.8079 -0.0524 -0.5870
vn -0.8892 -0.0524 -0.4546
vn -0.7549 -0.1302 -0.6428
vn -0.7612 0.0249 -0.6481
vn -0.7548 -0.1291 -0.6431
vn -0.7609 0.0260 -0.6483
vn -0.8450 -0.1291 -0.5189
vn -0.8519 0.0260 -0.5231
vn -0.8447 -0.1301 -0.5191
vn -0.8517 0.0249 -0.5234
vn -0.5870 -0.0524 -0.8079
vn -0.6506 0.0260 -0.7589
vn -0.6451 -0.1301 -0.7530
vn -0.8448 -0.1301 -0.5191
vn -0.9156 -0.1301 -0.3806
vn -0.9231 0.0277 -0.3837
vn -0.9152 -0.1318 -0.3808
vn -0.9230 0.0260 -0.3840
vn -0.9259 0.0266 -0.3769
vn -0.8477 0.0253 -0.5298
vn -0.8559 0.0249 -0.5166
vn -0.7558 0.0249 -0.6543
vn -0.7657 0.0253 -0.6427
vn -0.6452 -0.1318 -0.7526
vn -0.6447 0.0267 -0.7639
vn -0.6556 0.0277 -0.7546
vn -0.6504 0.0277 -0.7591
vn -0.4521 -0.0524 0.8904
vn -0.3326 -0.0796 0.9397
vn -0.3784 -0.1291 0.9166
vn -0.4294 -0.0249 0.9028
vn -0.2324 -0.1291 0.9640
vn -0.2342 0.0260 0.9718
vn -0.2327 -0.1301 0.9638
vn -0.2346 0.0249 0.9718
vn -0.3086 -0.0524 0.9498
vn -0.4277 -0.0798 0.9004
vn -0.2327 -0.1302 0.9638
vn -0.5870 -0.0524 0.8079
vn -0.3812 0.0250 0.9242
vn -0.0790 -0.1301 0.9883
vn -0.0796 0.0277 0.9964
vn -0.0793 -0.1318 0.9881
vn -0.0800 0.0260 0.9965
vn -0.0872 0.0277 0.9958
vn -0.0722 0.0267 0.9970
vn -0.2421 0.0253 0.9699
vn -0.3087 -0.0436 0.9501
vn -0.4516 -0.0440 0.8911
vn -0.5163 -0.1318 0.8462
vn -0.5146 0.0277 0.8570
vn -0.5207 0.0260 0.8533
vn -0.5168 -0.1301 0.8462
vn 0.9841 -0.0524 0.1695
vn 0.9977 -0.0526 0.0427
vn 0.9977 -0.0526 0.0426
vn 0.9841 -0.0524 0.1696
vn 0.9956 -0.0529 -0.0778
vn 0.9956 -0.0529 -0.0779
vn 0.9977 -0.0526 0.0425
vn 0.9956 -0.0737 -0.0576
vn 0.9935 -0.1127 -0.0175
vn 0.9491 -0.0524 0.3106
vn 0.9955 -0.0529 -0.0780
vn 0.9962 -0.0524 -0.0689
vn 0.9830 -0.1220 -0.1371
vn 0.9902 0.0164 -0.1385
vn 0.9841 -0.1131 -0.1372
vn 0.9904 0.0074 -0.1381
vn 0.9911 0.0165 -0.1318
vn 0.9960 -0.0459 -0.0771
vn 0.9981 -0.0451 0.0427
vn 0.9846 -0.0452 0.1690
vn 0.9494 -0.0454 0.3107
vn -0.1576 -0.0524 -0.9861
vn -0.2832 -0.0796 -0.9558
vn -0.2327 -0.1291 -0.9640
vn -0.3787 -0.1291 -0.9165
vn -0.3817 0.0260 -0.9239
vn -0.3783 -0.1301 -0.9165
vn -0.3814 0.0250 -0.9241
vn -0.3086 -0.0524 -0.9498
vn -0.0796 -0.1298 -0.9883
vn -0.0800 0.0256 -0.9965
vn -0.2349 0.0249 -0.9717
vn -0.4521 -0.0524 -0.8904
vn -0.5170 -0.1301 -0.8460
vn -0.5210 0.0260 -0.8532
vn -0.5213 0.0277 -0.8529
vn -0.5166 -0.1318 -0.8460
vn -0.5151 0.0277 -0.8567
vn -0.5271 0.0266 -0.8494
vn -0.3748 0.0254 -0.9268
vn -0.3884 0.0249 -0.9212
vn -0.2329 -0.1301 -0.9637
vn -0.2273 0.0249 -0.9735
vn -0.2414 0.0253 -0.9701
vn -0.0730 0.0266 -0.9970
vn -0.0793 -0.1301 -0.9883
vn -0.8073 -0.0517 0.5878
vn -0.8079 -0.0524 0.5870
vn -0.8517 0.0260 0.5233
vn -0.7071 -0.0524 0.7052
vn -0.7242 -0.0800 0.6850
vn -0.8446 -0.1301 0.5194
vn -0.8516 0.0249 0.5236
vn -0.8449 -0.1291 0.5191
vn -0.7546 -0.1291 0.6433
vn -0.7610 0.0249 0.6483
vn -0.9229 0.0260 0.3843
vn -0.9154 -0.1301 0.3808
vn -0.8215 -0.0796 0.5647
vn -0.7547 -0.1301 0.6430
vn -0.6449 -0.1301 0.7531
vn -0.6504 0.0260 0.7591
vn -0.6560 0.0277 0.7542
vn -0.6450 -0.1318 0.7528
vn -0.7080 -0.0439 0.7049
vn -0.7555 0.0249 0.6547
vn -0.8561 0.0249 0.5162
vn -0.8476 0.0252 0.5301
vn -0.9151 -0.1318 0.3811
vn -0.9260 0.0267 0.3766
vn -0.9200 0.0277 0.3908
vn -0.9229 0.0277 0.3840
vn 0.7259 -0.0249 0.6873
vn 0.8079 -0.0524 0.5870
vn 0.7609 0.0260 0.6483
vn 0.8892 -0.0524 0.4546
vn 0.7071 -0.0524 0.7052
vn 0.6452 -0.1318 0.7526
vn 0.6504 0.0277 0.7591
vn 0.8892 -0.0450 0.4554
vn 0.8082 -0.0444 0.5872
vn 0.7078 -0.0447 0.7050
vn 0.7083 -0.0517 0.7040
vn 0.6556 0.0277 0.7546
vn 0.6506 0.0260 0.7589
vn 0.6451 -0.1301 0.7530
vn 0.2151 -0.8985 -0.3827
vn 0.2474 -0.9225 -0.2962
vn 0.2773 -0.9313 -0.2361
vn 0.1577 -0.9688 -0.1911
vn -0.0036 -0.9052 -0.4250
vn -0.0236 -0.9170 -0.3982
vn 0.0873 -0.9333 -0.3483
vn -0.1136 -0.9350 -0.3361
vn -0.2354 -0.9127 -0.3339
vn -0.2443 -0.9221 -0.3002
vn -0.1224 -0.9393 -0.3204
vn -0.2769 -0.9403 -0.1977
vn -0.3727 -0.9192 -0.1270
vn -0.3622 -0.9266 -0.1012
vn -0.2704 -0.9443 -0.1875
vn -0.3272 -0.9449 0.0111
vn -0.3672 -0.9231 0.1141
vn -0.3502 -0.9290 0.1197
vn -0.3207 -0.9472 -0.0027
vn -0.2532 -0.9474 0.1958
vn -0.2291 -0.9234 0.3080
vn -0.0053 -0.9385 0.3453
vn -0.0720 -0.9712 0.2272
vn -0.0965 -0.9472 0.3058
vn -0.0037 -0.9200 0.3918
vn 0.0798 -0.9683 0.2366
vn 0.2359 -0.9138 0.3307
vn 0.1025 -0.9403 0.3244
vn 0.3999 -0.9052 0.1436
vn 0.3714 -0.9170 0.1454
vn 0.2845 -0.9349 0.2119
vn 0.3582 -0.9333 0.0246
vn 0.4376 -0.8960 -0.0762
vn 0.3891 -0.9183 -0.0735
vn 0.3623 -0.9250 0.1145
vn 0.3102 -0.9314 -0.1907
vn 0.3753 -0.8888 -0.2631
vn 0.1285 -0.9183 -0.3745
vn 0.3626 -0.5736 -0.7345
vn 0.2312 -0.7473 -0.6229
vn 0.0403 -0.9119 -0.4084
vn 0.2697 -0.7230 -0.6360
vn 0.1179 -0.8478 -0.5170
vn -0.0670 -0.6066 -0.7922
vn -0.1216 -0.7577 -0.6411
vn -0.1102 -0.9248 -0.3642
vn -0.1030 -0.7273 -0.6786
vn -0.1530 -0.8581 -0.4902
vn -0.5116 -0.6222 -0.5926
vn -0.4625 -0.7736 -0.4331
vn -0.2867 -0.9348 -0.2094
vn -0.4667 -0.7456 -0.4757
vn -0.3859 -0.8807 -0.2748
vn -0.3400 -0.9404 0.0102
vn -0.4591 -0.8883 0.0095
vn -0.5346 -0.7914 0.2965
vn -0.2605 -0.9426 0.2090
vn -0.5711 -0.7698 0.2849
vn -0.3623 -0.8912 0.2729
vn -0.3963 -0.6426 0.6558
vn -0.2607 -0.7886 0.5570
vn -0.0898 -0.9414 0.3251
vn -0.2934 -0.7687 0.5683
vn -0.1398 -0.8894 0.4353
vn 0.0635 -0.6338 0.7708
vn 0.1171 -0.7783 0.6169
vn 0.1155 -0.9373 0.3287
vn 0.1013 -0.7585 0.6437
vn 0.1382 -0.8832 0.4481
vn 0.4273 -0.6856 0.5894
vn 0.4690 -0.7634 0.4440
vn 0.2754 -0.7679 0.5784
vn 0.4751 -0.7425 0.4723
vn 0.3834 -0.8743 0.2975
vn 0.7724 -0.6060 0.1904
vn 0.6541 -0.7490 0.1055
vn 0.3812 -0.9244 0.0168
vn 0.6706 -0.7268 0.1484
vn 0.5003 -0.8656 0.0204
vn 0.7861 -0.5751 -0.2268
vn 0.6224 -0.7501 -0.2235
vn 0.3363 -0.9197 -0.2028
vn 0.6511 -0.7388 -0.1740
vn 0.4396 -0.8628 -0.2496
vn 0.6577 -0.5357 -0.5296
vn 0.4978 -0.7489 -0.4374
vn 0.1553 -0.9056 -0.3946
vn 0.5422 -0.7298 -0.4163
vn 0.2779 -0.8552 -0.4375
vn 0.1606 -0.1110 0.9808
vn 0.2993 -0.2665 0.9162
vn 0.3042 -0.1177 0.9453
vn 0.1679 -0.2622 0.9503
vn 0.4160 -0.2484 0.8748
vn 0.4478 -0.1075 0.8876
vn 0.2668 -0.5248 0.8083
vn 0.1698 -0.5094 0.8436
vn 0.3439 -0.4831 0.8052
vn 0.0027 -0.1074 0.9942
vn 0.5840 -0.1066 0.8047
vn 0.5691 -0.2345 0.7881
vn 0.5189 -0.4395 0.7332
vn 0.0021 -0.4764 0.8792
vn 0.0039 -0.2506 0.9681
vn 0.7721 -0.0997 -0.6276
vn 0.6853 -0.2454 -0.6857
vn 0.7132 -0.1132 -0.6918
vn 0.7337 -0.2428 -0.6346
vn 0.6244 -0.2320 -0.7459
vn 0.6164 -0.1021 -0.7808
vn 0.6006 -0.4907 -0.6313
vn 0.6295 -0.4757 -0.6144
vn 0.6056 -0.4497 -0.6565
vn 0.8106 -0.0648 -0.5820
vn 0.7775 -0.0743 -0.6245
vn 0.8036 -0.0985 -0.5870
vn 0.7146 -0.0755 -0.6954
vn 0.6160 -0.0732 -0.7843
vn 0.4968 -0.1031 -0.8617
vn 0.4975 -0.0723 -0.8644
vn 0.4893 -0.2210 -0.8437
vn 0.4630 -0.4131 -0.7842
vn 0.7278 -0.4532 -0.5147
vn 0.7323 -0.4175 -0.5380
vn 0.7861 -0.2201 -0.5775
vn -0.7066 -0.1098 -0.6990
vn -0.7806 -0.2661 -0.5655
vn -0.8020 -0.1174 -0.5856
vn -0.6957 -0.2581 -0.6704
vn -0.8500 -0.2522 -0.4624
vn -0.8841 -0.1087 -0.4546
vn -0.6906 -0.5238 -0.4986
vn -0.6366 -0.5037 -0.5839
vn -0.7493 -0.4877 -0.4480
vn -0.5862 -0.0732 -0.8069
vn -0.7065 -0.0763 -0.7036
vn -0.5868 -0.1050 -0.8029
vn -0.8066 -0.0773 -0.5860
vn -0.8876 -0.0747 -0.4545
vn -0.6615 -0.4937 -0.5646
vn -0.5254 -0.4599 -0.7159
vn -0.5742 -0.2416 -0.7822
vn -0.4463 -0.1132 0.8877
vn -0.2956 -0.2747 0.9150
vn -0.3095 -0.1205 0.9432
vn -0.4210 -0.2694 0.8662
vn -0.1784 -0.2567 0.9499
vn -0.1594 -0.1099 0.9811
vn -0.2568 -0.5383 0.8027
vn -0.3533 -0.5216 0.7766
vn -0.1959 -0.4973 0.8452
vn -0.5862 -0.0749 0.8067
vn -0.4507 -0.0778 0.8893
vn -0.5820 -0.1091 0.8058
vn -0.3080 -0.0784 0.9481
vn -0.1581 -0.0752 0.9846
vn -0.3378 -0.5158 0.7873
vn -0.5117 -0.4853 0.7090
vn -0.5647 -0.2561 0.7846
vn 0.9805 -0.1054 0.1657
vn 0.9682 -0.2460 0.0451
vn 0.9929 -0.1105 0.0451
vn 0.9581 -0.2429 0.1519
vn 0.9722 -0.2294 -0.0460
vn 0.9920 -0.1011 -0.0750
vn 0.8707 -0.4895 0.0466
vn 0.8704 -0.4768 0.1227
vn 0.8944 -0.4472 0.0031
vn 0.9479 -0.0721 0.3102
vn 0.9829 -0.0743 0.1687
vn 0.9462 -0.1021 0.3071
vn 0.9963 -0.0747 0.0426
vn 0.9944 -0.0721 -0.0770
vn 0.9732 -0.1030 -0.2058
vn 0.9691 -0.0862 -0.2310
vn 0.9541 -0.2212 -0.2019
vn 0.8913 -0.4139 -0.1850
vn 0.8760 -0.4501 0.1734
vn 0.8517 -0.4446 0.2773
vn 0.9253 -0.2327 0.2994
vn -0.1606 -0.1068 -0.9812
vn -0.2999 -0.2558 -0.9190
vn -0.3049 -0.1139 -0.9455
vn -0.1681 -0.2480 -0.9541
vn -0.4183 -0.2427 -0.8753
vn -0.4483 -0.1059 -0.8876
vn -0.2688 -0.5063 -0.8194
vn -0.1711 -0.4864 -0.8568
vn -0.3497 -0.4710 -0.8099
vn -0.0021 -0.0722 -0.9974
vn -0.1580 -0.0750 -0.9846
vn -0.0047 -0.1024 -0.9947
vn -0.3082 -0.0760 -0.9483
vn -0.4510 -0.0736 -0.8895
vn -0.2152 -0.4705 -0.8557
vn -0.0067 -0.4438 -0.8961
vn -0.0066 -0.2325 -0.9726
vn -0.8827 -0.1136 0.4560
vn -0.7763 -0.2777 0.5659
vn -0.8046 -0.1214 0.5812
vn -0.8490 -0.2711 0.4535
vn -0.7021 -0.2608 0.6626
vn -0.7055 -0.1112 0.6999
vn -0.6773 -0.5431 0.4962
vn -0.7399 -0.5249 0.4208
vn -0.6532 -0.5036 0.5654
vn -0.8873 -0.0780 0.4545
vn -0.8065 -0.0788 0.5860
vn -0.7066 -0.0757 0.7036
vn -0.7339 -0.5210 0.4358
vn 0.7064 -0.1081 0.6995
vn 0.7829 -0.2562 0.5670
vn 0.8022 -0.1143 0.5860
vn 0.6956 -0.2522 0.6727
vn 0.8536 -0.2388 0.4629
vn 0.8844 -0.1046 0.4549
vn 0.6995 -0.5072 0.5034
vn 0.6386 -0.4925 0.5913
vn 0.7612 -0.4660 0.4510
vn 0.7065 -0.0756 0.7037
vn 0.8067 -0.0760 0.5861
vn 0.8877 -0.0730 0.4546
vn 0.6714 -0.4766 0.5675
vn 0.3763 -0.1038 -0.9207
vn 0.2539 -0.2469 -0.9352
vn 0.2684 -0.1120 -0.9568
vn 0.3526 -0.2411 -0.9042
vn 0.1595 -0.2342 -0.9590
vn 0.1444 -0.1037 -0.9841
vn 0.2189 -0.4907 -0.8434
vn 0.2936 -0.4740 -0.8301
vn 0.1757 -0.4557 -0.8726
vn 0.3805 -0.0744 -0.9218
vn 0.2673 -0.0750 -0.9607
vn 0.1433 -0.0726 -0.9870
vn 0.3092 -0.4536 -0.8358
vn -0.3304 0.8845 -0.3295
vn -0.3777 0.8843 -0.2744
vn -0.7411 0.4010 -0.5385
vn -0.6486 0.4011 -0.6468
vn -0.4154 0.8845 -0.2124
vn -0.8156 0.4011 -0.4170
vn -0.8045 0.1051 -0.5845
vn -0.7042 0.1051 -0.7022
vn -0.8854 0.1051 -0.4527
vn -0.0277 0.9989 -0.0382
vn -0.0335 0.9989 -0.0334
vn -0.2740 0.8847 -0.3771
vn -0.0382 0.9989 -0.0278
vn -0.0421 0.9989 -0.0215
vn -0.0449 0.9989 -0.0147
vn -0.4434 0.8845 -0.1451
vn -0.8706 0.4011 -0.2849
vn -0.9451 0.1051 -0.3093
vn -0.9489 0.0560 -0.3105
vn -0.8890 0.0560 -0.4545
vn -0.8078 0.0560 -0.5869
vn -0.7070 0.0560 -0.7050
vn -0.5845 0.1052 -0.8045
vn -0.5869 0.0561 -0.8077
vn -0.5384 0.4013 -0.7410
vn 0.4154 0.8845 -0.2124
vn 0.3777 0.8843 -0.2744
vn 0.7411 0.4010 -0.5385
vn 0.8156 0.4011 -0.4170
vn 0.3304 0.8845 -0.3295
vn 0.6486 0.4011 -0.6468
vn 0.8045 0.1051 -0.5845
vn 0.8854 0.1051 -0.4527
vn 0.7042 0.1051 -0.7022
vn 0.0448 0.9989 -0.0146
vn 0.0421 0.9989 -0.0215
vn 0.4433 0.8847 -0.1441
vn 0.0382 0.9989 -0.0278
vn 0.0334 0.9989 -0.0334
vn 0.0277 0.9989 -0.0382
vn 0.2740 0.8847 -0.3771
vn 0.5384 0.4013 -0.7410
vn 0.5845 0.1052 -0.8045
vn 0.5869 0.0561 -0.8077
vn 0.7070 0.0560 -0.7050
vn 0.8077 0.0560 -0.5869
vn 0.8890 0.0560 -0.4545
vn 0.9458 0.1052 -0.3073
vn 0.9496 0.0561 -0.3085
vn 0.8711 0.4013 -0.2830
vn 0.0736 0.8845 0.4607
vn 0.1443 0.8843 0.4440
vn 0.2831 0.4010 0.8713
vn 0.1446 0.4011 0.9046
vn 0.2113 0.8845 0.4160
vn 0.4147 0.4011 0.8168
vn 0.3073 0.1051 0.9458
vn 0.1569 0.1051 0.9820
vn 0.4502 0.1051 0.8867
vn 0.0001 0.9989 0.0472
vn 0.0075 0.9989 0.0467
vn 0.0010 0.8845 0.4665
vn 0.0146 0.9989 0.0450
vn 0.0214 0.9989 0.0421
vn 0.0277 0.9989 0.0382
vn 0.2740 0.8847 0.3771
vn 0.5384 0.4013 0.7411
vn 0.5845 0.1051 0.8045
vn 0.5868 0.0560 0.8078
vn 0.4521 0.0560 0.8902
vn 0.3085 0.0560 0.9496
vn 0.1576 0.0560 0.9859
vn 0.0021 0.1051 0.9945
vn 0.0021 0.0560 0.9984
vn 0.0019 0.4012 0.9160
vn 0.0009 0.8844 0.4667
vn -0.4618 0.8834 -0.0794
vn -0.4689 0.8830 -0.0197
vn -0.9153 0.4009 -0.0393
vn -0.9029 0.4006 -0.1557
vn -0.4664 0.8838 0.0369
vn -0.9126 0.4026 0.0710
vn -0.9935 0.1054 -0.0425
vn -0.9800 0.1051 -0.1688
vn -0.9913 0.1060 0.0775
vn -0.0469 0.9989 -0.0080
vn -0.4435 0.8845 -0.1451
vn -0.0476 0.9989 -0.0020
vn -0.0472 0.9989 0.0038
vn -0.0457 0.9989 0.0097
vn -0.4539 0.8858 0.0962
vn -0.8945 0.4055 0.1883
vn -0.9729 0.1069 0.2052
vn -0.9769 0.0569 0.2062
vn -0.9954 0.0565 0.0779
vn -0.9975 0.0562 -0.0426
vn -0.9839 0.0560 -0.1695
vn 0.2113 0.8845 -0.4160
vn 0.1443 0.8843 -0.4440
vn 0.2831 0.4010 -0.8713
vn 0.4147 0.4011 -0.8168
vn 0.0736 0.8845 -0.4607
vn 0.1446 0.4011 -0.9046
vn 0.3073 0.1051 -0.9458
vn 0.4503 0.1051 -0.8867
vn 0.1569 0.1051 -0.9820
vn 0.0214 0.9989 -0.0421
vn 0.0146 0.9989 -0.0450
vn 0.0074 0.9989 -0.0466
vn -0.0000 0.9989 -0.0472
vn -0.0000 0.8847 -0.4662
vn -0.0000 0.4013 -0.9160
vn -0.0000 0.1052 -0.9945
vn -0.0000 0.0560 -0.9984
vn 0.1575 0.0560 -0.9859
vn 0.3085 0.0561 -0.9496
vn 0.4520 0.0560 -0.8902
vn 0.3304 0.8845 0.3295
vn 0.3777 0.8843 0.2744
vn 0.7411 0.4010 0.5385
vn 0.6486 0.4011 0.6468
vn 0.4154 0.8845 0.2124
vn 0.8156 0.4011 0.4170
vn 0.8045 0.1051 0.5845
vn 0.7042 0.1051 0.7022
vn 0.8854 0.1051 0.4527
vn 0.0335 0.9989 0.0334
vn 0.0382 0.9989 0.0278
vn 0.0421 0.9989 0.0215
vn 0.0448 0.9989 0.0146
vn 0.4434 0.8847 0.1441
vn 0.8711 0.4013 0.2830
vn 0.9458 0.1052 0.3073
vn 0.9496 0.0560 0.3085
vn 0.8890 0.0560 0.4545
vn 0.8078 0.0560 0.5868
vn 0.7070 0.0560 0.7050
vn 0.7069 0.0560 0.7050
vn 0.5869 0.0560 0.8077
vn 0.5384 0.4013 0.7410
vn -0.3672 0.8823 0.2943
vn -0.3329 0.8856 0.3239
vn -0.6551 0.4065 0.6368
vn -0.7142 0.4037 0.5718
vn -0.2851 0.8869 0.3634
vn -0.5633 0.4075 0.7188
vn 0.7752 0.1174 -0.6207
vn 0.7128 -0.1073 -0.6931
vn 0.7113 0.1260 -0.6915
vn 0.7761 -0.1068 -0.6215
vn 0.6134 -0.1074 -0.7825
vn 0.6116 0.1301 -0.7804
vn -0.0393 0.9988 0.0285
vn -0.0373 0.9989 0.0299
vn -0.3846 0.8798 0.2794
vn -0.0335 0.9989 0.0326
vn -0.0286 0.9989 0.0364
vn -0.0234 0.9989 0.0404
vn -0.2318 0.8858 0.4020
vn -0.4555 0.4056 0.7924
vn 0.4958 -0.1069 -0.8618
vn 0.4942 0.1288 -0.8598
vn 0.4977 -0.0645 -0.8649
vn 0.6157 -0.0649 -0.7853
vn 0.7154 -0.0647 -0.6957
vn 0.7789 -0.0645 -0.6238
vn 0.8264 -0.0726 -0.5584
vn 0.8031 -0.0484 -0.5939
vn 0.9182 -0.1586 -0.3631
vn 0.8205 -0.1402 -0.5541
vn -0.7408 0.4018 0.5383
vn -0.0736 0.8845 -0.4607
vn -0.1443 0.8843 -0.4440
vn -0.2831 0.4010 -0.8713
vn -0.1446 0.4011 -0.9046
vn -0.2113 0.8845 -0.4160
vn -0.4147 0.4011 -0.8168
vn -0.3073 0.1051 -0.9458
vn -0.1569 0.1051 -0.9820
vn -0.4502 0.1051 -0.8867
vn -0.0074 0.9989 -0.0466
vn -0.0146 0.9989 -0.0450
vn -0.0214 0.9989 -0.0421
vn -0.4520 0.0560 -0.8902
vn -0.3085 0.0560 -0.9496
vn -0.1575 0.0560 -0.9859
vn 0.4609 0.8845 0.0724
vn 0.4668 0.8843 -0.0000
vn 0.9161 0.4010 -0.0000
vn 0.9050 0.4011 0.1420
vn 0.4609 0.8845 -0.0724
vn 0.9050 0.4011 -0.1420
vn 0.9945 0.1051 -0.0000
vn 0.9824 0.1051 0.1542
vn 0.9824 0.1051 -0.1542
vn 0.0467 0.9989 0.0073
vn 0.0473 0.9989 -0.0000
vn 0.0467 0.9989 -0.0073
vn 0.9864 0.0560 -0.1548
vn 0.9984 0.0561 -0.0000
vn 0.9863 0.0561 0.1548
vn -0.1792 0.8838 0.4321
vn -0.1261 0.8830 0.4521
vn -0.2454 0.4010 0.8826
vn -0.3495 0.4027 0.8460
vn -0.0671 0.8834 0.4637
vn -0.1310 0.4006 0.9068
vn 0.3788 0.1255 -0.9169
vn 0.2666 -0.1054 -0.9580
vn 0.2658 0.1253 -0.9558
vn 0.3800 -0.1060 -0.9189
vn 0.1423 -0.1051 -0.9842
vn 0.1418 0.1276 -0.9816
vn -0.0182 0.9989 0.0437
vn -0.0128 0.9989 0.0459
vn -0.0068 0.9989 0.0471
vn 0.0001 0.9989 0.0473
vn 0.0009 0.8845 0.4665
vn 0.0305 -0.0729 -0.9969
vn -0.1870 -0.2175 -0.9580
vn 0.0722 0.0183 -0.9972
vn 0.0295 -0.1368 -0.9902
vn 0.1428 -0.0635 -0.9877
vn 0.2676 -0.0636 -0.9614
vn 0.3815 -0.0639 -0.9222
vn 0.5871 -0.0485 0.8081
vn 0.7072 -0.0485 0.7053
vn 0.5870 -0.0524 0.8079
vn 0.8081 -0.0486 0.5871
vn 0.8893 -0.0486 0.4547
vn 0.9493 -0.0485 0.3106
vn 0.8892 0.0524 -0.4546
vn 0.8079 0.0524 -0.5870
vn 0.7071 0.0524 -0.7052
vn -0.9166 -0.1319 0.3774
vn -0.9140 -0.1301 0.3842
vn -0.6478 -0.1301 0.7506
vn -0.5871 -0.0485 0.8081
vn 0.5870 0.0524 -0.8079
vn -0.6501 0.0277 0.7593
vn -0.7607 0.0260 0.6486
vn -0.7547 -0.1302 0.6430
vn 0.9497 0.0524 -0.3086
vn 0.9498 0.0524 -0.3086
vn 0.1576 0.0524 0.9861
vn 0.3086 0.0524 0.9498
vn 0.4521 0.0524 0.8904
vn 0.0021 0.0524 0.9986
vn 0.5870 0.0521 0.8079
vn 0.5870 0.0524 0.8079
vn 0.9785 -0.0761 0.1916
vn 0.9953 -0.0734 0.0627
vn 0.9884 -0.1123 0.1021
vn -0.9977 0.0526 -0.0426
vn -0.9956 0.0529 0.0779
vn -0.9956 0.0529 0.0778
vn -0.9977 0.0526 -0.0425
vn 0.9656 -0.1196 0.2308
vn -0.9841 0.0524 -0.1695
vn -0.9770 0.0533 0.2062
vn -0.9771 0.0533 0.2061
vn 0.9770 -0.0533 -0.2062
vn 0.9770 -0.0533 -0.2064
vn 0.9730 -0.0292 -0.2288
vn 0.4521 0.0524 -0.8904
vn 0.3086 0.0524 -0.9498
vn 0.3086 0.0524 -0.9497
vn 0.4522 0.0524 -0.8904
vn 0.1576 0.0524 -0.9861
vn 0.1576 0.0521 -0.9861
vn -0.4522 -0.0486 0.8906
vn -0.3750 -0.1291 0.9180
vn -0.2362 -0.1291 0.9631
vn -0.1576 -0.0524 0.9861
vn -0.1576 -0.0486 0.9863
vn -0.0757 -0.1319 0.9884
vn 0.5870 0.0521 -0.8079
vn -0.6422 -0.1319 -0.7551
vn -0.6478 -0.1301 -0.7506
vn -0.7524 -0.1301 -0.6457
vn -0.7572 -0.1291 -0.6403
vn 0.8892 0.0524 0.4546
vn 0.8079 0.0524 0.5869
vn 0.9498 0.0521 0.3086
vn -0.9497 -0.0524 -0.3086
vn -0.9498 -0.0524 -0.3086
vn -0.7794 0.0533 0.6243
vn -0.7159 0.0535 0.6962
vn -0.6161 0.0536 0.7859
vn -0.8077 0.0569 0.5868
vn -0.7792 0.0570 0.6241
vn -0.8079 0.0532 0.5870
vn -0.7157 0.0572 0.6960
vn -0.6159 0.0572 0.7857
vn -0.4980 0.0569 0.8653
vn -0.6160 0.0536 0.7859
vn -0.7159 0.0535 0.6961
vn -0.7794 0.0533 0.6242
vn -0.8079 0.0532 0.5869
vn 0.0757 -0.1319 0.9884
vn 0.1576 -0.0486 0.9863
vn 0.3086 -0.0485 0.9499
vn 0.4522 -0.0485 0.8906
vn -0.9967 0.0260 -0.0773
vn -0.9634 -0.1318 -0.2334
vn -0.9867 -0.0485 -0.1549
vn -0.9889 -0.1291 -0.0730
vn -0.9889 -0.1291 0.0730
vn -0.9882 -0.1301 0.0802
vn -0.9653 -0.1301 0.2265
vn -0.9634 -0.1318 0.2334
vn 0.9866 0.0521 -0.1549
vn 0.9865 0.0524 -0.1549
vn -0.3816 0.0564 0.9226
vn -0.2677 0.0562 0.9618
vn -0.1428 0.0560 0.9882
vn -0.9378 0.0536 0.3431
vn -0.8833 0.0535 0.4657
vn -0.8833 0.0535 0.4658
vn -0.9378 0.0536 0.3430
vn -0.8346 0.0533 0.5483
vn -0.8345 0.0533 0.5484
vn 0.9378 -0.0536 -0.3431
vn 0.8833 -0.0535 -0.4657
vn 0.8346 -0.0533 -0.5483
vn -0.9376 0.0572 0.3430
vn -0.8831 0.0572 0.4656
vn -0.8344 0.0570 0.5482
vn 0.8154 -0.0411 -0.5774
vn 0.8144 -0.0653 -0.5767
vn 0.8219 -0.0532 -0.5671
vn -0.4338 0.8869 0.1589
vn -0.4110 0.8855 0.2165
vn -0.8081 0.4064 0.4263
vn -0.8577 0.4075 0.3136
vn -0.3935 0.8823 0.2584
vn -0.7646 0.4036 0.5025
vn 0.9653 -0.2156 -0.1476
vn 0.8876 -0.0927 -0.4512
vn 0.7522 -0.2044 -0.6264
vn 0.9265 -0.0810 -0.3674
vn -0.8309 0.1068 0.5460
vn -0.8795 0.1073 0.4637
vn -0.0435 0.9989 0.0160
vn -0.4337 0.8870 0.1588
vn -0.4538 0.8859 0.0963
vn -0.0414 0.9989 0.0218
vn -0.4109 0.8856 0.2164
vn -0.0399 0.9989 0.0262
vn -0.3934 0.8823 0.2583
vn -0.3848 0.8797 0.2795
vn -0.7409 0.4017 0.5383
vn -0.8044 0.1066 0.5844
vn 0.8383 -0.0952 -0.5369
vn 0.8130 -0.0485 -0.5802
vn 0.7864 -0.0726 -0.6134
vn 0.8180 -0.0259 -0.5747
vn -0.9337 0.1074 0.3416
vn -0.9376 0.0573 0.3430
vn 0.9653 -0.1296 -0.2268
vn 0.9606 0.0123 -0.2775
vn 0.9393 -0.1332 -0.3161
vn 0.9627 0.0086 -0.2704
vn -0.8578 0.4073 0.3136
vn -0.9337 0.1074 0.3415
vn -0.4540 0.8858 0.0963
vn -0.8944 0.4056 0.1884
vn 0.9324 -0.1041 -0.3460
vn 0.8635 -0.2438 -0.4414
vn 0.8808 -0.1091 -0.4607
vn 0.9036 -0.2442 -0.3519
vn 0.8428 -0.2237 -0.4896
vn 0.8345 -0.0959 -0.5425
vn 0.7853 -0.4884 -0.3805
vn 0.8099 -0.4783 -0.3395
vn 0.8143 -0.4367 -0.3824
vn 0.9374 -0.0613 -0.3429
vn 0.8831 -0.0605 -0.4653
vn 0.8343 -0.0584 -0.5482
vn 0.8815 -0.4477 -0.1504
vn 0.8833 -0.0535 -0.4658
vn 0.9378 -0.0536 -0.3430
vn 0.8345 -0.0533 -0.5484
vn 0.9616 0.0160 -0.2739
vn 0.9391 -0.0532 -0.3396
vn 0.9545 -0.1225 -0.2720
vn 0.1431 -0.0075 -0.9897
vn 0.1359 0.3145 -0.9395
vn 0.2548 0.3155 -0.9141
vn 0.2682 -0.0075 -0.9633
vn 0.0741 0.8548 -0.5137
vn 0.1383 0.8560 -0.4981
vn 0.3630 0.3169 -0.8762
vn 0.3823 -0.0076 -0.9240
vn 0.1966 0.8569 -0.4766
vn -0.0020 -0.0588 -0.9983
vn -0.0021 -0.0075 -1.0000
vn 0.1428 -0.0588 -0.9880
vn -0.0020 0.3139 -0.9494
vn -0.0011 0.8535 -0.5210
vn -0.0001 0.9987 -0.0509
vn 0.0072 0.9987 -0.0501
vn 0.0134 0.9987 -0.0485
vn 0.0190 0.9987 -0.0463
vn 0.0248 0.9988 -0.0433
vn 0.2565 0.8570 -0.4469
vn 0.4733 0.3183 -0.8214
vn 0.4989 -0.0076 -0.8666
vn 0.3816 -0.0593 -0.9224
vn 0.4979 -0.0598 -0.8652
vn 0.2677 -0.0590 -0.9617
vn 0.8357 -0.0076 -0.5491
vn 0.7918 0.3203 -0.5200
vn 0.8382 0.3198 -0.4417
vn 0.8846 -0.0077 -0.4663
vn 0.4248 0.8611 -0.2793
vn 0.4534 0.8586 -0.2393
vn 0.8899 0.3194 -0.3258
vn 0.9391 -0.0077 -0.3436
vn 0.4834 0.8574 -0.1766
vn 0.8076 -0.0596 -0.5867
vn 0.8090 -0.0076 -0.5878
vn 0.8343 -0.0598 -0.5481
vn 0.7662 0.3211 -0.5567
vn 0.4081 0.8634 -0.2965
vn 0.0390 0.9988 -0.0283
vn 0.0408 0.9988 -0.0268
vn 0.0437 0.9988 -0.0231
vn 0.0467 0.9988 -0.0170
vn 0.0488 0.9988 -0.0102
vn 0.5043 0.8570 -0.1059
vn 0.9274 0.3183 -0.1963
vn 0.9784 -0.0076 -0.2066
vn 0.9374 -0.0601 -0.3429
vn 0.9767 -0.0598 -0.2062
vn 0.8830 -0.0600 -0.4655
vn 0.9969 -0.0076 -0.0781
vn 0.9455 0.3169 -0.0745
vn 0.9481 0.3155 0.0402
vn 0.9991 -0.0075 0.0426
vn 0.5140 0.8569 -0.0397
vn 0.5164 0.8560 0.0224
vn 0.9355 0.3145 0.1610
vn 0.9855 -0.0075 0.1697
vn 0.5114 0.8548 0.0882
vn 0.9952 -0.0593 -0.0779
vn 0.0499 0.9987 -0.0038
vn 0.0502 0.9987 0.0022
vn 0.0499 0.9987 0.0086
vn 0.0484 0.9987 0.0158
vn 0.4952 0.8535 0.1621
vn 0.9024 0.3139 0.2953
vn 0.9504 -0.0075 0.3110
vn 0.9838 -0.0587 0.1694
vn 0.9488 -0.0588 0.3104
vn 0.9974 -0.0589 0.0425
vn 0.8904 -0.0075 0.4552
vn 0.8454 0.3138 0.4322
vn 0.7681 0.3139 0.5581
vn 0.8090 -0.0075 0.5878
vn 0.4640 0.8535 0.2373
vn 0.4215 0.8536 0.3062
vn 0.6723 0.3138 0.6705
vn 0.7081 -0.0075 0.7061
vn 0.3690 0.8535 0.3680
vn 0.8888 -0.0587 0.4544
vn 0.0454 0.9987 0.0232
vn 0.0412 0.9987 0.0299
vn 0.0361 0.9987 0.0360
vn 0.0300 0.9987 0.0413
vn 0.3065 0.8533 0.4218
vn 0.5581 0.3138 0.7681
vn 0.5878 -0.0075 0.8090
vn 0.7069 -0.0587 0.7049
vn 0.5868 -0.0587 0.8076
vn 0.8076 -0.0587 0.5868
vn 0.4527 -0.0075 0.8916
vn 0.4299 0.3138 0.8466
vn 0.2934 0.3139 0.9030
vn 0.3090 -0.0075 0.9510
vn 0.2359 0.8535 0.4647
vn 0.1610 0.8536 0.4955
vn 0.1498 0.3138 0.9376
vn 0.1578 -0.0075 0.9874
vn 0.0823 0.8535 0.5146
vn 0.4520 -0.0587 0.8901
vn 0.0231 0.9987 0.0454
vn 0.0158 0.9987 0.0485
vn 0.0080 0.9987 0.0503
vn -0.0000 0.9987 0.0510
vn -0.0000 0.8533 0.5214
vn -0.0000 0.3138 0.9495
vn -0.0000 -0.0075 1.0000
vn 0.1575 -0.0587 0.9858
vn -0.0000 -0.0587 0.9983
vn 0.3085 -0.0588 0.9494
vn -0.1578 -0.0075 0.9874
vn -0.1498 0.3138 0.9376
vn -0.2934 0.3139 0.9030
vn -0.3090 -0.0075 0.9510
vn -0.0823 0.8535 0.5146
vn -0.1610 0.8536 0.4955
vn -0.4299 0.3138 0.8466
vn -0.4528 -0.0075 0.8916
vn -0.2359 0.8535 0.4647
vn -0.1575 -0.0587 0.9858
vn -0.0080 0.9987 0.0503
vn -0.0158 0.9987 0.0485
vn -0.0231 0.9987 0.0454
vn -0.0300 0.9987 0.0413
vn -0.3065 0.8533 0.4218
vn -0.5581 0.3138 0.7681
vn -0.5878 -0.0075 0.8090
vn -0.4520 -0.0587 0.8901
vn -0.5868 -0.0588 0.8076
vn -0.3085 -0.0588 0.9494
vn -0.7081 -0.0075 0.7061
vn -0.6723 0.3138 0.6705
vn -0.7681 0.3139 0.5581
vn -0.8090 -0.0075 0.5878
vn -0.3690 0.8535 0.3680
vn -0.4215 0.8536 0.3062
vn -0.8454 0.3138 0.4322
vn -0.8904 -0.0075 0.4552
vn -0.4640 0.8535 0.2373
vn -0.7069 -0.0588 0.7049
vn -0.0361 0.9987 0.0360
vn -0.0412 0.9987 0.0299
vn -0.0454 0.9987 0.0232
vn -0.0485 0.9987 0.0158
vn -0.4959 0.8533 0.1611
vn -0.9030 0.3138 0.2934
vn -0.9510 -0.0075 0.3090
vn -0.8888 -0.0581 0.4546
vn -0.9494 -0.0577 0.3086
vn -0.8076 -0.0586 0.5868
vn -0.9879 -0.0075 0.1551
vn -0.9380 0.3138 0.1473
vn -0.9495 0.3139 -0.0000
vn -1.0000 -0.0075 -0.0000
vn -0.5148 0.8535 0.0808
vn -0.5210 0.8536 -0.0000
vn -0.9380 0.3138 -0.1473
vn -0.9879 -0.0075 -0.1551
vn -0.5149 0.8535 -0.0808
vn -0.9863 -0.0578 0.1548
vn -0.0504 0.9987 0.0079
vn -0.0509 0.9987 -0.0000
vn -0.0504 0.9987 -0.0079
vn -0.0485 0.9987 -0.0158
vn -0.4959 0.8533 -0.1611
vn -0.9030 0.3138 -0.2934
vn -0.9510 -0.0075 -0.3090
vn -0.9863 -0.0579 -0.1548
vn -0.9495 -0.0577 -0.3085
vn -0.9983 -0.0580 -0.0001
vn -0.8904 -0.0075 -0.4552
vn -0.8454 0.3138 -0.4322
vn -0.7681 0.3139 -0.5581
vn -0.8090 -0.0075 -0.5878
vn -0.4640 0.8535 -0.2373
vn -0.4215 0.8536 -0.3062
vn -0.6723 0.3138 -0.6705
vn -0.7081 -0.0075 -0.7061
vn -0.3690 0.8535 -0.3680
vn -0.8888 -0.0580 -0.4545
vn -0.0454 0.9987 -0.0232
vn -0.0412 0.9987 -0.0299
vn -0.0361 0.9987 -0.0360
vn -0.0300 0.9987 -0.0413
vn -0.3065 0.8533 -0.4218
vn -0.5581 0.3138 -0.7681
vn -0.5878 -0.0075 -0.8090
vn -0.7068 -0.0587 -0.7049
vn -0.5868 -0.0588 -0.8076
vn -0.8076 -0.0585 -0.5869
vn -0.4527 -0.0075 -0.8916
vn -0.4299 0.3138 -0.8466
vn -0.2934 0.3139 -0.9030
vn -0.3090 -0.0075 -0.9510
vn -0.2359 0.8535 -0.4647
vn -0.1610 0.8536 -0.4955
vn -0.1498 0.3138 -0.9376
vn -0.1578 -0.0075 -0.9874
vn -0.0823 0.8535 -0.5146
vn -0.4520 -0.0588 -0.8901
vn -0.0231 0.9987 -0.0454
vn -0.0158 0.9987 -0.0485
vn -0.0080 0.9987 -0.0503
vn -0.0001 0.9987 -0.0510
vn -0.1575 -0.0588 -0.9858
vn -0.0021 -0.0588 -0.9983
vn -0.3085 -0.0588 -0.9494
vn -0.0018 -0.9943 -0.1068
vn 0.0166 -0.9972 -0.0729
vn 0.0027 -1.0000 -0.0020
vn -0.0230 -0.9974 -0.0685
vn 0.0530 -0.9939 -0.0972
vn 0.0462 -0.9975 -0.0536
vn 0.0028 -1.0000 -0.0020
vn 0.0919 -0.9935 -0.0668
vn 0.0653 -0.9975 -0.0274
vn 0.1088 -0.9939 -0.0203
vn 0.0744 -0.9972 0.0067
vn 0.1011 -0.9943 0.0347
vn 0.0580 -0.9974 0.0429
vn 0.0600 -0.9949 0.0815
vn 0.0209 -0.9977 0.0644
vn 0.0580 -0.9974 0.0430
vn 0.0005 -0.9953 0.0965
vn -0.0199 -0.9979 0.0613
vn -0.0549 -0.9956 0.0759
vn -0.0512 -0.9980 0.0372
vn -0.0892 -0.9956 0.0288
vn -0.0645 -0.9979 -0.0000
vn -0.0916 -0.9953 -0.0302
vn -0.0548 -0.9977 -0.0398
vn -0.0589 -0.9949 -0.0821
vn -0.0547 -0.9977 -0.0398
vn -0.0001 -0.9618 -0.2737
vn 0.0403 -0.9747 -0.2199
vn -0.0443 -0.9762 -0.2122
vn 0.0491 -0.9793 -0.1963
vn -0.0599 -0.9811 -0.1838
vn 0.1423 -0.9581 -0.2486
vn 0.1486 -0.9744 -0.1686
vn 0.0704 -0.9741 -0.2148
vn 0.1333 -0.9801 -0.1471
vn 0.2453 -0.9529 -0.1782
vn 0.2073 -0.9735 -0.0962
vn 0.1556 -0.9735 -0.1675
vn 0.1811 -0.9801 -0.0813
vn 0.2804 -0.9581 -0.0585
vn 0.2260 -0.9741 -0.0006
vn 0.2062 -0.9744 -0.0892
vn 0.2019 -0.9793 0.0139
vn 0.2603 -0.9618 0.0846
vn 0.1881 -0.9762 0.1077
vn 0.2216 -0.9747 0.0295
vn 0.1563 -0.9811 0.1138
vn 0.1548 -0.9651 0.2111
vn 0.0837 -0.9786 0.1877
vn 0.1580 -0.9771 0.1429
vn 0.0565 -0.9831 0.1740
vn 0.0009 -0.9680 0.2510
vn -0.0416 -0.9804 0.1924
vn 0.0425 -0.9793 0.1980
vn -0.0543 -0.9845 0.1669
vn -0.1436 -0.9696 0.1982
vn -0.1443 -0.9812 0.1284
vn -0.0785 -0.9808 0.1788
vn -0.1398 -0.9850 0.1015
vn -0.2329 -0.9696 0.0753
vn -0.1943 -0.9807 0.0194
vn -0.1667 -0.9812 0.0975
vn -0.1755 -0.9845 -0.0000
vn -0.2384 -0.9680 -0.0784
vn -0.1752 -0.9793 -0.1016
vn -0.1959 -0.9804 -0.0199
vn -0.1481 -0.9831 -0.1075
vn -0.1529 -0.9651 -0.2124
vn -0.0871 -0.9770 -0.1944
vn -0.1527 -0.9787 -0.1376
vn -0.0599 -0.9811 -0.1837
vn -0.0000 1.0000 -0.0000
vn -0.0068 0.9989 0.0470
vn 0.0247 0.9988 -0.0433
vn 0.0190 0.9988 -0.0462
vn 0.0134 0.9987 -0.0484
vn -0.0414 0.9989 0.0217
vn 0.0436 0.9988 -0.0231
vn 0.0407 0.9988 -0.0268
vn -0.0468 0.9989 -0.0080
vn 0.0498 0.9988 -0.0038
vn -0.0420 0.9989 -0.0215
vn -0.0146 0.9989 -0.0449
vn 0.0157 0.9987 0.0484
vn 0.0146 0.9989 -0.0449
vn -0.0157 0.9987 0.0484
vn 0.0335 0.9989 -0.0334
vn 0.0420 0.9989 -0.0215
vn 0.0449 0.9989 -0.0146
vn -0.0485 0.9987 0.0157
vn 0.0466 0.9989 -0.0073
vn 0.0449 0.9989 0.0146
vn -0.0485 0.9987 -0.0157
vn -0.0503 0.9987 -0.0079
vn -0.0503 0.9987 0.0079
vn 0.0420 0.9989 0.0215
vn 0.0146 0.9989 0.0449
vn 0.0074 0.9989 0.0466
vn -0.0157 0.9987 -0.0484
vn -0.4519 -0.0625 -0.8899
vn -0.3084 -0.0625 -0.9492
vn -0.1575 -0.0625 -0.9855
vn -0.5858 -0.0847 -0.8060
vn -0.5866 -0.0625 -0.8074
vn -0.4508 -0.0853 -0.8886
vn -0.5866 -0.0626 -0.8075
vn -0.5864 -0.0626 -0.8076
vn -0.5858 -0.0629 -0.8080
vn -0.0021 -0.0625 -0.9980
vn -0.1578 -0.0855 -0.9838
vn -0.0021 -0.0836 -0.9965
vn -0.3079 -0.0866 -0.9475
vn -0.5854 -0.0628 -0.8083
vn -0.5849 -0.0627 -0.8087
vn -0.5851 -0.0624 -0.8086
vn -0.5857 -0.0623 -0.8081
vn -0.5862 -0.0624 -0.8077
vn -0.5865 -0.0625 -0.8076
vn -0.5860 -0.0627 -0.8079
vn -0.5853 -0.0628 -0.8084
vn -0.5860 -0.0619 -0.8079
vn -0.8878 -0.0677 -0.4552
vn -0.8852 -0.0780 -0.4585
vn -0.8047 -0.0688 -0.5897
vn -0.8070 -0.0641 -0.5871
vn -0.8793 -0.0910 -0.4676
vn -0.8001 -0.0739 -0.5952
vn -0.7058 -0.0637 -0.7055
vn -0.7066 -0.0627 -0.7048
vn -0.7040 -0.0651 -0.7072
vn -0.9475 -0.0868 -0.3078
vn -0.9486 -0.0703 -0.3085
vn -0.8867 -0.0872 -0.4540
vn -0.9472 -0.0858 -0.3089
vn -0.9443 -0.1072 -0.3111
vn -0.9351 -0.1394 -0.3259
vn -0.8662 -0.1042 -0.4887
vn -0.7921 -0.0779 -0.6054
vn -0.7010 -0.0662 -0.7101
vn -0.7058 -0.0867 -0.7030
vn -0.8058 -0.0883 -0.5855
vn -0.8472 -0.0953 -0.5226
vn -0.8388 -0.0633 -0.5408
vn -0.7784 -0.0629 -0.6246
vn -0.7828 -0.0746 -0.6177
vn -0.8515 -0.0338 -0.5232
vn -0.7839 -0.0518 -0.6187
vn -0.6957 -0.0626 -0.7156
vn -0.6974 -0.0656 -0.7137
vn -0.6976 -0.0598 -0.7140
vn -0.8977 -0.1173 -0.4248
vn -0.8869 -0.0640 -0.4575
vn -0.9056 -0.0142 -0.4239
vn -0.9462 -0.0008 -0.3237
vn -0.8714 -0.0295 -0.4897
vn -0.7936 -0.0504 -0.6064
vn -0.7011 -0.0597 -0.7106
vn -0.8817 -0.0453 -0.4696
vn -0.8839 -0.0627 -0.4635
vn -0.8026 -0.0626 -0.5932
vn -0.8007 -0.0555 -0.5965
vn -0.8796 -0.0806 -0.4688
vn -0.7999 -0.0697 -0.5961
vn -0.7048 -0.0626 -0.7066
vn -0.7039 -0.0610 -0.7077
vn -0.7039 -0.0642 -0.7074
vn -0.9497 -0.0359 -0.3110
vn -0.9489 -0.0628 -0.3092
vn -0.9464 -0.0908 -0.3100
vn -0.9381 -0.1286 -0.3217
vn -0.8673 -0.0980 -0.4881
vn -0.7922 -0.0755 -0.6055
vn -0.7009 -0.0657 -0.7102
vn -0.8478 -0.0937 -0.5219
vn -0.8386 -0.0630 -0.5411
vn -0.7783 -0.0627 -0.6247
vn -0.7828 -0.0739 -0.6179
vn -0.8513 -0.0316 -0.5237
vn -0.7838 -0.0510 -0.6189
vn -0.6974 -0.0654 -0.7137
vn -0.6976 -0.0595 -0.7140
vn -0.8990 -0.1152 -0.4225
vn -0.8867 -0.0635 -0.4580
vn -0.9050 -0.0105 -0.4252
vn -0.9459 0.0050 -0.3244
vn -0.8714 -0.0260 -0.4899
vn -0.7937 -0.0491 -0.6064
vn -0.7011 -0.0594 -0.7106
vn -0.9856 -0.0696 0.1541
vn -0.9848 -0.0848 0.1515
vn -0.9966 -0.0823 -0.0000
vn -0.9976 -0.0688 0.0001
vn -0.9834 -0.1075 0.1461
vn -0.9947 -0.1024 -0.0000
vn -0.9848 -0.0851 -0.1514
vn -0.9856 -0.0702 -0.1541
vn -0.9835 -0.1077 -0.1457
vn -0.9474 -0.0875 0.3079
vn -0.9486 -0.0703 0.3085
vn -0.9841 -0.0883 0.1539
vn -0.9472 -0.0858 0.3089
vn -0.9443 -0.1072 0.3111
vn -0.9351 -0.1394 0.3258
vn -0.9802 -0.1437 0.1365
vn -0.9915 -0.1301 -0.0000
vn -0.9802 -0.1437 -0.1365
vn -0.9842 -0.0884 -0.1535
vn -0.9959 -0.0900 -0.0000
vn 0.0490 0.5494 -0.8341
vn 0.1417 0.2384 -0.9608
vn 0.0799 0.3108 -0.9471
vn -0.0537 0.5822 -0.8113
vn 0.2247 -0.1533 -0.9623
vn 0.2267 -0.0543 -0.9725
vn -0.0363 0.3483 -0.9367
vn -0.2158 0.5692 -0.7934
vn 0.1900 0.0342 -0.9812
vn 0.0336 0.7868 -0.6163
vn 0.0913 0.5004 -0.8610
vn -0.0251 0.8039 -0.5942
vn 0.1613 0.1608 -0.9737
vn 0.2102 -0.2366 -0.9486
vn 0.1777 -0.6700 -0.7208
vn 0.2300 -0.6212 -0.7492
vn 0.2300 -0.6212 -0.7491
vn 0.3221 -0.5369 -0.7797
vn 0.4207 -0.4162 -0.8061
vn 0.4914 -0.2846 -0.8231
vn 0.1151 0.0798 -0.9901
vn -0.1859 0.3244 -0.9275
vn -0.4011 0.4880 -0.7752
vn -0.3549 0.7443 -0.5657
vn -0.5641 0.6152 -0.5507
vn -0.1589 0.8002 -0.5783
vn -0.9889 -0.0364 0.1440
vn -0.9871 -0.0627 0.1474
vn -0.9980 -0.0627 -0.0000
vn -0.9992 -0.0401 -0.0001
vn -0.9856 -0.0898 0.1434
vn -0.9963 -0.0860 -0.0000
vn -0.9871 -0.0630 -0.1474
vn -0.9889 -0.0365 -0.1440
vn -0.9855 -0.0901 -0.1435
vn -0.9462 -0.0008 0.3237
vn -0.9497 -0.0359 0.3110
vn -0.9910 -0.0030 0.1337
vn -0.9489 -0.0629 0.3094
vn -0.9464 -0.0909 0.3100
vn -0.9381 -0.1286 0.3217
vn -0.9832 -0.1253 0.1326
vn -0.9936 -0.1127 -0.0000
vn -0.9832 -0.1253 -0.1326
vn -0.9910 -0.0030 -0.1337
vn -0.9999 -0.0145 -0.0000
vn -0.0713 -0.9381 -0.3390
vn -0.0860 -0.9963 0.0043
vn -0.2356 -0.9718 0.0068
vn -0.2120 -0.9199 -0.3300
vn -0.0921 -0.9205 0.3798
vn -0.2300 -0.8911 0.3913
vn -0.4372 -0.8993 0.0086
vn -0.4043 -0.8586 -0.3151
vn -0.4144 -0.8197 0.3956
vn 0.0210 -0.7341 -0.6787
vn -0.0075 -0.9384 -0.3455
vn -0.0306 -0.7513 -0.6593
vn -0.0172 -0.9998 0.0023
vn -0.0286 -0.9294 0.3681
vn -0.0580 -0.6774 0.7333
vn -0.1005 -0.6463 0.7565
vn -0.1899 -0.5957 0.7804
vn -0.3028 -0.5215 0.7978
vn -0.4115 -0.4241 0.8067
vn -0.6021 -0.6968 0.3897
vn -0.6417 -0.7669 0.0096
vn -0.6041 -0.7405 -0.2944
vn -0.3171 -0.7290 -0.6067
vn -0.5040 -0.6490 -0.5699
vn -0.1481 -0.7572 -0.6362
vn -0.7064 -0.0629 0.7050
vn -0.7056 -0.0636 0.7058
vn -0.8046 -0.0685 0.5899
vn -0.8067 -0.0647 0.5874
vn -0.7040 -0.0652 0.7072
vn -0.8001 -0.0739 0.5953
vn -0.8852 -0.0783 0.4586
vn -0.8877 -0.0679 0.4554
vn -0.8793 -0.0911 0.4676
vn -0.5856 -0.0865 0.8060
vn -0.5866 -0.0626 0.8074
vn -0.7057 -0.0876 0.7030
vn -0.5865 -0.0627 0.8075
vn -0.5863 -0.0628 0.8077
vn -0.5858 -0.0630 0.8080
vn -0.7009 -0.0663 0.7101
vn -0.7920 -0.0778 0.6055
vn -0.8662 -0.1039 0.4887
vn -0.8865 -0.0892 0.4540
vn -0.8057 -0.0899 0.5854
vn -0.6973 -0.0657 0.7138
vn -0.6957 -0.0625 0.7157
vn -0.7784 -0.0627 0.6246
vn -0.7825 -0.0748 0.6181
vn -0.6980 -0.0601 0.7136
vn -0.7840 -0.0518 0.6186
vn -0.8388 -0.0633 0.5408
vn -0.8473 -0.0952 0.5226
vn -0.8515 -0.0337 0.5233
vn -0.5852 -0.0629 0.8084
vn -0.5850 -0.0625 0.8086
vn -0.5853 -0.0622 0.8084
vn -0.5860 -0.0624 0.8079
vn -0.7013 -0.0596 0.7103
vn -0.7937 -0.0503 0.6063
vn -0.8714 -0.0293 0.4898
vn -0.9056 -0.0142 0.4239
vn -0.8869 -0.0639 0.4575
vn -0.8976 -0.1173 0.4248
vn -0.7040 -0.0609 0.7076
vn -0.7049 -0.0625 0.7066
vn -0.8027 -0.0627 0.5931
vn -0.8006 -0.0557 0.5965
vn -0.7037 -0.0641 0.7076
vn -0.7999 -0.0699 0.5960
vn -0.8838 -0.0628 0.4635
vn -0.8817 -0.0454 0.4696
vn -0.8796 -0.0807 0.4687
vn -0.5864 -0.0625 0.8076
vn -0.5863 -0.0627 0.8077
vn -0.5858 -0.0629 0.8080
vn -0.7009 -0.0657 0.7103
vn -0.7922 -0.0755 0.6055
vn -0.8673 -0.0978 0.4880
vn -0.6973 -0.0654 0.7138
vn -0.6957 -0.0624 0.7157
vn -0.7783 -0.0626 0.6247
vn -0.7826 -0.0741 0.6181
vn -0.6980 -0.0600 0.7136
vn -0.7840 -0.0512 0.6187
vn -0.8386 -0.0630 0.5411
vn -0.8479 -0.0936 0.5219
vn -0.8513 -0.0317 0.5237
vn -0.5853 -0.0629 0.8084
vn -0.5859 -0.0621 0.8080
vn -0.7014 -0.0593 0.7103
vn -0.7937 -0.0490 0.6063
vn -0.8714 -0.0258 0.4898
vn -0.9459 0.0050 0.3244
vn -0.9050 -0.0105 0.4252
vn -0.8867 -0.0635 0.4580
vn -0.8990 -0.1152 0.4225
vn -0.1575 -0.0625 0.9855
vn -0.3084 -0.0625 0.9492
vn -0.4519 -0.0625 0.8899
vn -0.0001 -0.0858 0.9963
vn -0.0000 -0.0625 0.9980
vn -0.1580 -0.0874 0.9836
vn -0.5866 -0.0626 0.8075
vn -0.4504 -0.0878 0.8885
vn -0.3078 -0.0890 0.9473
vn -0.5852 -0.0622 0.8085
vn -0.5850 -0.0625 0.8087
vn -0.5862 -0.0627 0.8077
vn -0.5858 -0.0621 0.8081
vn 0.4519 -0.0625 0.8899
vn 0.3084 -0.0625 0.9492
vn 0.1575 -0.0625 0.9855
vn 0.5856 -0.0847 0.8062
vn 0.5866 -0.0625 0.8074
vn 0.4503 -0.0863 0.8887
vn 0.1576 -0.0873 0.9836
vn 0.3077 -0.0879 0.9474
vn 0.8886 -0.0625 0.4543
vn 0.8074 -0.0625 0.5866
vn 0.7067 -0.0625 0.7047
vn 0.9471 -0.0836 0.3100
vn 0.9485 -0.0625 0.3104
vn 0.8869 -0.0847 0.4541
vn 0.7059 -0.0856 0.7031
vn 0.8059 -0.0867 0.5857
vn 0.9950 -0.0631 -0.0778
vn 0.9971 -0.0627 0.0426
vn 0.9836 -0.0626 0.1694
vn 0.9750 -0.0839 -0.2059
vn 0.9765 -0.0636 -0.2061
vn 0.9934 -0.0845 -0.0769
vn 0.9821 -0.0845 0.1686
vn 0.9954 -0.0856 0.0426
vn 0.8340 -0.0636 -0.5480
vn 0.8828 -0.0639 -0.4654
vn 0.9372 -0.0639 -0.3429
vn 0.8063 -0.0827 -0.5858
vn 0.8074 -0.0635 -0.5866
vn 0.8336 -0.0843 -0.5460
vn 0.9354 -0.0855 -0.3432
vn 0.8814 -0.0863 -0.4644
vn 0.1428 -0.0626 -0.9878
vn 0.2677 -0.0627 -0.9615
vn 0.3815 -0.0631 -0.9222
vn -0.0020 -0.0625 -0.9980
vn 0.1430 -0.0842 -0.9861
vn 0.4977 -0.0636 -0.8650
vn 0.3804 -0.0849 -0.9209
vn 0.4971 -0.0839 -0.8636
vn 0.2671 -0.0857 -0.9598
vn -0.9951 -0.0350 0.0923
vn -0.9922 -0.0643 0.1067
vn -0.9700 -0.0645 0.2342
vn -0.9788 -0.0104 0.2044
vn -0.9914 -0.0930 0.0917
vn -0.9721 -0.1173 0.2030
vn -0.9319 -0.0641 0.3570
vn -0.9479 -0.0019 0.3186
vn -0.9405 -0.1247 0.3162
vn -0.9987 -0.0489 0.0156
vn -0.9982 -0.0548 0.0242
vn -0.9982 -0.0190 0.0562
vn -0.9976 -0.0638 0.0273
vn -0.9971 -0.0722 0.0234
vn -0.9969 -0.0770 0.0146
vn -0.9926 -0.1074 0.0559
vn -0.9810 -0.1453 0.1288
vn -0.9631 -0.1582 0.2175
vn -0.9749 0.0347 0.2199
vn -0.9459 0.0050 0.3243
vn -0.9913 0.0203 0.1300
vn -0.9951 -0.0378 0.0917
vn -0.9923 -0.0645 0.1057
vn -0.9703 -0.0649 0.2331
vn -0.9790 -0.0150 0.2032
vn -0.9916 -0.0912 0.0920
vn -0.9720 -0.1158 0.2045
vn -0.9322 -0.0646 0.3561
vn -0.9484 -0.0067 0.3170
vn -0.9395 -0.1254 0.3189
vn -0.9989 -0.0316 0.0336
vn -0.9977 -0.0450 0.0515
vn -0.9981 -0.0227 0.0566
vn -0.9961 -0.0640 0.0604
vn -0.9948 -0.0845 0.0565
vn -0.9941 -0.1016 0.0393
vn -0.9927 -0.1061 0.0574
vn -0.9802 -0.1470 0.1326
vn -0.9605 -0.1672 0.2223
vn -0.8977 -0.1173 0.4248
vn -0.9056 -0.0142 0.4238
vn -0.9752 0.0266 0.2199
vn -0.9914 0.0133 0.1301
vn -0.9915 -0.0928 -0.0917
vn -0.9922 -0.0644 -0.1066
vn -0.9700 -0.0645 -0.2342
vn -0.9721 -0.1172 -0.2030
vn -0.9951 -0.0349 -0.0923
vn -0.9788 -0.0104 -0.2044
vn -0.9319 -0.0641 -0.3570
vn -0.9405 -0.1247 -0.3162
vn -0.9479 -0.0019 -0.3186
vn -0.9969 -0.0770 -0.0146
vn -0.9971 -0.0722 -0.0235
vn -0.9926 -0.1074 -0.0559
vn -0.9976 -0.0638 -0.0273
vn -0.9982 -0.0548 -0.0243
vn -0.9987 -0.0489 -0.0156
vn -0.9982 -0.0190 -0.0562
vn -0.9913 0.0203 -0.1300
vn -0.9749 0.0347 -0.2199
vn -0.9631 -0.1582 -0.2176
vn -0.9810 -0.1453 -0.1288
vn -0.9916 -0.0910 -0.0920
vn -0.9923 -0.0645 -0.1057
vn -0.9703 -0.0649 -0.2331
vn -0.9720 -0.1158 -0.2044
vn -0.9951 -0.0376 -0.0917
vn -0.9790 -0.0150 -0.2032
vn -0.9322 -0.0646 -0.3560
vn -0.9395 -0.1254 -0.3189
vn -0.9484 -0.0067 -0.3170
vn -0.9940 -0.1019 -0.0400
vn -0.9948 -0.0848 -0.0570
vn -0.9927 -0.1061 -0.0574
vn -0.9960 -0.0641 -0.0618
vn -0.9976 -0.0448 -0.0526
vn -0.9989 -0.0310 -0.0342
vn -0.9981 -0.0227 -0.0566
vn -0.9914 0.0133 -0.1301
vn -0.9752 0.0266 -0.2199
vn -0.9605 -0.1673 -0.2223
vn -0.9802 -0.1470 -0.1326
vn -0.9944 -0.1030 0.0228
vn -0.9952 -0.0979 -0.0000
vn -0.9907 -0.1362 -0.0000
vn -0.9878 -0.1450 0.0567
vn -0.9944 -0.1030 -0.0228
vn -0.9878 -0.1449 -0.0567
vn -0.9887 -0.1499 -0.0000
vn -0.9809 -0.1657 0.1021
vn -0.9809 -0.1657 -0.1021
vn -0.9936 -0.1113 0.0194
vn -0.9935 -0.1142 -0.0000
vn -0.9936 -0.1116 -0.0193
vn -0.9915 -0.1302 -0.0000
vn -0.9994 -0.0262 -0.0221
vn -0.9995 -0.0315 -0.0000
vn -1.0000 -0.0003 -0.0000
vn -0.9985 0.0090 -0.0549
vn -0.9994 -0.0262 0.0221
vn -0.9985 0.0090 0.0548
vn -1.0000 0.0058 -0.0000
vn -0.9947 0.0213 -0.1002
vn -0.9947 0.0213 0.1002
vn -0.9996 -0.0248 -0.0157
vn -0.9997 -0.0236 -0.0000
vn -0.9996 -0.0254 0.0156
vn -0.9945 -0.1028 0.0218
vn -0.9953 -0.0971 -0.0000
vn -0.9916 -0.1291 -0.0000
vn -0.9888 -0.1393 0.0542
vn -0.9945 -0.1028 -0.0217
vn -0.9888 -0.1392 -0.0541
vn -0.9909 -0.1347 -0.0000
vn -0.9836 -0.1512 0.0988
vn -0.9836 -0.1512 -0.0988
vn -0.9970 -0.0770 0.0054
vn -0.9971 -0.0758 -0.0000
vn -0.9970 -0.0771 -0.0059
vn -0.9995 -0.0231 -0.0218
vn -0.9996 -0.0288 -0.0000
vn -1.0000 0.0051 -0.0000
vn -0.9984 0.0153 -0.0545
vn -0.9995 -0.0231 0.0216
vn -0.9984 0.0152 0.0544
vn -0.9999 0.0118 -0.0000
vn -0.9946 0.0286 -0.0998
vn -0.9946 0.0286 0.0998
vn -0.9988 -0.0480 -0.0065
vn -0.9988 -0.0485 -0.0000
vn -0.9988 -0.0482 0.0065
vn -0.9909 0.0034 0.1342
vn -1.0000 -0.0095 -0.0000
vn -0.9909 0.0034 -0.1342
vn 0.0610 -0.0874 -0.9943
vn -0.2692 -0.3001 -0.9151
vn -0.3613 -0.2433 -0.9001
vn -0.0001 -0.0837 -0.9965
vn -0.4895 -0.4338 -0.7565
vn -0.5873 -0.3398 -0.7345
vn -0.4167 -0.1624 -0.8944
vn -0.0384 -0.0599 -0.9975
vn -0.6485 -0.2245 -0.7274
vn 0.4750 0.3224 -0.8188
vn 0.1365 -0.0618 -0.9887
vn 0.5062 0.2362 -0.8295
vn -0.1411 -0.3252 -0.9351
vn -0.3451 -0.5050 -0.7911
vn -0.6537 -0.5340 -0.5362
vn -0.7517 -0.4101 -0.5165
vn -0.8163 -0.2693 -0.5111
vn -0.8521 -0.0976 -0.5142
vn -0.6785 -0.0820 -0.7300
vn -0.4407 -0.0602 -0.8957
vn -0.0538 -0.0235 -0.9983
vn 0.5234 0.1006 -0.8461
vn 0.5262 0.0362 -0.8496
vn 0.5189 0.1648 -0.8388
vn 0.7540 0.5954 0.2775
vn 0.8122 0.5832 -0.0135
vn 0.9080 0.4187 -0.0128
vn 0.8637 0.4280 0.2662
vn 0.7791 0.4906 -0.3903
vn 0.8509 0.3545 -0.3876
vn 0.9654 0.2603 -0.0130
vn 0.9273 0.2652 0.2643
vn 0.8936 0.2221 -0.3900
vn 0.4425 0.6804 0.5842
vn 0.5718 0.7641 0.2986
vn 0.6342 0.5468 0.5466
vn 0.6541 0.7563 -0.0132
vn 0.6612 0.6358 -0.3982
vn 0.4751 0.3225 -0.8187
vn 0.5063 0.2363 -0.8294
vn 0.5191 0.1648 -0.8387
vn 0.5235 0.1006 -0.8460
vn 0.5263 0.0362 -0.8495
vn 0.9158 0.0822 -0.3931
vn 0.9954 0.0949 -0.0129
vn 0.9593 0.0939 0.2661
vn 0.8186 0.2482 0.5180
vn 0.8499 0.0841 0.5202
vn 0.7520 0.3998 0.5241
vn -0.1654 -0.5622 0.8103
vn -0.1404 -0.2375 0.9612
vn -0.0837 -0.3020 0.9496
vn -0.0590 -0.6022 0.7962
vn -0.1085 0.1930 0.9752
vn -0.1243 0.1175 0.9853
vn 0.0214 -0.3386 0.9407
vn 0.1186 -0.6007 0.7906
vn -0.1247 0.0405 0.9914
vn -0.2108 -0.7827 0.5856
vn -0.2096 -0.5133 0.8322
vn -0.1515 -0.8082 0.5691
vn -0.1607 -0.1712 0.9720
vn -0.0963 0.2534 0.9626
vn -0.0435 0.6919 0.7207
vn -0.0919 0.6631 0.7429
vn -0.1935 0.6084 0.7697
vn -0.3256 0.5158 0.7924
vn -0.4482 0.3848 0.8069
vn -0.0985 -0.0212 0.9949
vn 0.1627 -0.3233 0.9322
vn 0.3389 -0.5228 0.7822
vn 0.2180 -0.7947 0.5665
vn 0.4941 -0.6636 0.5616
vn -0.0117 -0.8259 0.5637
vn -0.0860 0.9339 0.3470
vn -0.0815 0.9967 0.0050
vn -0.2429 0.9700 0.0074
vn -0.2378 0.9015 0.3616
vn -0.0666 0.9534 -0.2943
vn -0.2202 0.9312 -0.2905
vn -0.4703 0.8824 0.0090
vn -0.4490 0.8112 0.3747
vn -0.4387 0.8514 -0.2875
vn -0.0174 0.9410 0.3379
vn -0.0860 0.9339 0.3471
vn -0.0174 0.9410 0.3378
vn -0.0093 1.0000 0.0033
vn -0.0093 1.0000 0.0032
vn 0.0017 0.9533 -0.3019
vn -0.0814 0.9967 0.0049
vn 0.0336 0.7869 -0.6162
vn -0.0251 0.8040 -0.5941
vn -0.5642 0.6152 -0.5506
vn -0.6640 0.6927 -0.2815
vn -0.7011 0.7130 0.0097
vn -0.6606 0.6470 0.3807
vn -0.3257 0.5160 0.7923
vn -0.4483 0.3849 0.8068
vn -0.1935 0.6084 0.7696
vn 0.0236 0.9414 0.3365
vn 0.1473 0.9891 -0.0040
vn 0.2706 0.9627 -0.0070
vn 0.1506 0.9319 0.3301
vn 0.2547 0.8919 -0.3736
vn 0.3620 0.8470 -0.3892
vn 0.1506 0.9318 0.3301
vn 0.2706 0.9627 -0.0071
vn 0.4512 0.8924 -0.0106
vn 0.3443 0.8833 0.3183
vn 0.3621 0.8470 -0.3892
vn 0.5074 0.7638 -0.3989
vn -0.1417 0.7277 0.6711
vn -0.0363 0.9394 0.3409
vn -0.0865 0.7494 0.6564
vn 0.0874 0.9962 -0.0015
vn 0.1978 0.9126 -0.3577
vn 0.2590 0.6494 -0.7149
vn 0.2991 0.5966 -0.7448
vn 0.3601 0.5196 -0.7748
vn 0.3602 0.5196 -0.7748
vn 0.4246 0.4235 -0.8002
vn 0.2148 0.7568 0.6174
vn 0.4423 0.6805 0.5842
vn 0.0304 0.7682 0.6395
vn 0.0303 0.7682 0.6395
vn 0.2421 0.1891 -0.9517
vn 0.1399 -0.1626 -0.9767
vn 0.0890 -0.2408 -0.9665
vn 0.2383 0.0950 -0.9665
vn 0.0431 -0.4688 -0.8823
vn -0.0428 -0.5132 -0.8572
vn 0.0889 -0.2407 -0.9665
vn -0.0071 -0.3033 -0.9529
vn 0.2046 0.0032 -0.9788
vn -0.1788 -0.5329 -0.8271
vn -0.0072 -0.3035 -0.9528
vn 0.2334 0.2668 -0.9351
vn 0.1564 -0.0905 -0.9835
vn 0.0781 -0.4213 -0.9035
vn -0.1410 -0.3251 -0.9351
vn -0.1157 -0.2364 0.9648
vn -0.1369 0.1316 0.9818
vn -0.0927 0.2056 0.9742
vn -0.1320 -0.1610 0.9781
vn -0.1399 0.4532 0.8803
vn -0.0520 0.5053 0.8614
vn -0.0052 0.2680 0.9634
vn -0.1328 -0.0826 0.9877
vn -0.0520 0.5053 0.8613
vn 0.0952 0.5361 0.8388
vn -0.0051 0.2681 0.9634
vn -0.1053 -0.2949 0.9497
vn -0.1553 0.0673 0.9856
vn -0.1808 0.4043 0.8966
vn 0.2885 0.5147 0.8074
vn 0.1237 0.2952 0.9474
vn 0.1237 0.2951 0.9474
vn -0.1074 -0.0157 0.9941
vn 0.1277 -0.9257 -0.3560
vn 0.0068 -1.0000 -0.0072
vn 0.1683 -0.9857 -0.0095
vn 0.2767 -0.8854 -0.3736
vn -0.0887 -0.9545 0.2847
vn 0.0687 -0.9558 0.2859
vn 0.4233 -0.9059 -0.0118
vn 0.4901 -0.7791 -0.3910
vn 0.3252 -0.9000 0.2902
vn 0.1776 -0.6701 -0.7207
vn 0.0615 -0.9369 -0.3440
vn 0.2300 -0.6213 -0.7490
vn -0.0599 -0.9982 -0.0057
vn -0.1538 -0.9445 0.2902
vn 0.6215 -0.7289 0.2871
vn 0.7009 -0.7131 -0.0141
vn 0.7012 -0.5920 -0.3972
vn -0.7557 -0.5945 -0.2746
vn -0.7929 -0.6092 0.0099
vn -0.8880 -0.4596 0.0102
vn -0.8525 -0.4510 -0.2641
vn -0.7414 -0.5524 0.3809
vn -0.8277 -0.4158 0.3769
vn -0.9537 -0.3006 0.0101
vn -0.9188 -0.2952 -0.2621
vn -0.8853 -0.2720 0.3772
vn -0.4825 -0.3229 0.8142
vn -0.5191 -0.2366 0.8213
vn -0.5421 -0.1552 0.8258
vn -0.5578 -0.0651 0.8274
vn -0.9196 -0.1018 0.3793
vn -0.9939 -0.1097 0.0098
vn -0.9585 -0.1069 -0.2643
vn -0.0581 0.0259 0.9980
vn 0.2565 0.2766 0.9261
vn 0.3512 0.2215 0.9097
vn -0.0121 0.0359 0.9993
vn 0.4651 0.4373 0.7697
vn 0.5796 0.3308 0.7447
vn 0.4054 0.1410 0.9032
vn 0.0155 0.0228 0.9996
vn 0.6445 0.2072 0.7360
vn 0.4424 0.6803 0.5843
vn 0.6342 0.5468 0.5467
vn 0.7519 0.3998 0.5243
vn 0.8185 0.2482 0.5181
vn 0.6717 0.0662 0.7379
vn 0.4264 0.0402 0.9036
vn 0.0236 -0.0034 0.9997
vn 0.9598 -0.0854 0.2675
vn 0.9969 -0.0777 -0.0127
vn 0.9658 -0.2589 -0.0128
vn 0.9234 -0.2736 0.2693
vn 0.9174 -0.0632 -0.3929
vn 0.8955 -0.2138 -0.3904
vn 0.8832 -0.4687 -0.0135
vn 0.8276 -0.4887 0.2760
vn 0.8350 -0.3867 -0.3915
vn 0.8474 -0.0883 0.5236
vn 0.5306 -0.0290 -0.8471
vn 0.5332 -0.0973 -0.8403
vn 0.5254 -0.1791 -0.8318
vn 0.7020 -0.4616 0.5424
vn 0.8059 -0.2668 0.5286
vn -0.0454 0.0175 -0.9988
vn -0.4333 0.0502 -0.8999
vn -0.3934 0.1548 -0.9063
vn -0.0145 0.0540 -0.9984
vn -0.6739 0.0723 -0.7352
vn -0.6324 0.2196 -0.7428
vn -0.3134 0.2495 -0.9163
vn 0.0402 0.0787 -0.9961
vn -0.5466 0.3596 -0.7562
vn 0.5305 -0.0290 -0.8472
vn -0.8502 0.0895 -0.5189
vn -0.8078 0.2689 -0.5246
vn -0.7193 0.4434 -0.5348
vn -0.5643 0.6151 -0.5506
vn -0.4012 0.4880 -0.7752
vn -0.1860 0.3244 -0.9275
vn 0.5252 -0.1790 -0.8319
vn 0.4903 -0.2853 -0.8235
vn 0.5331 -0.0973 -0.8404
vn -0.9585 0.0992 -0.2672
vn -0.9950 0.0994 0.0097
vn -0.9533 0.3020 0.0100
vn -0.9158 0.2977 -0.2695
vn -0.9205 0.0838 0.3816
vn -0.8852 0.2652 0.3822
vn -0.8636 0.5041 0.0096
vn -0.8255 0.4935 -0.2738
vn -0.8070 0.4509 0.3813
vn -0.5598 0.0331 0.8279
vn -0.5494 0.1341 0.8247
vn -0.5200 0.2480 0.8174
vn -0.4484 0.3848 0.8068
vn -0.6607 0.6469 0.3807
vn -0.7012 0.7129 0.0097
vn -0.6641 0.6926 -0.2815
vn 0.0170 -0.0315 0.9994
vn 0.4183 -0.0675 0.9058
vn 0.3775 -0.1690 0.9105
vn -0.0075 -0.0512 0.9987
vn 0.6660 -0.0836 0.7413
vn 0.6213 -0.2327 0.7482
vn 0.2941 -0.2590 0.9200
vn -0.0501 -0.0524 0.9974
vn 0.5203 -0.3835 0.7630
vn -0.5577 -0.0651 0.8275
vn -0.5597 0.0331 0.8280
vn 0.0237 -0.0034 0.9997
vn 0.4263 0.0402 0.9037
vn 0.4265 0.0402 0.9036
vn 0.6716 0.0661 0.7379
vn 0.6717 0.0661 0.7378
vn -0.5629 0.3703 -0.7389
vn -0.5338 0.6511 -0.5395
vn -0.7028 0.4462 -0.5541
vn -0.3335 0.5696 -0.7512
vn 0.3390 -0.5226 0.7823
vn 0.1628 -0.3233 0.9322
vn -0.5199 0.2479 0.8175
vn -0.4482 0.3847 0.8069
vn -0.5492 0.1341 0.8248
vn -0.5865 -0.0625 -0.8075
vn -0.5866 -0.0625 -0.8075
vn -0.8825 -0.0395 -0.4686
vn -0.8870 -0.0498 -0.4592
vn -0.8053 -0.0575 -0.5901
vn -0.8013 -0.0532 -0.5959
vn -0.8884 -0.0577 -0.4554
vn -0.8070 -0.0606 -0.5875
vn -0.7057 -0.0616 -0.7058
vn -0.7042 -0.0604 -0.7075
vn -0.7065 -0.0622 -0.7050
vn -0.9499 -0.0275 -0.3113
vn -0.9499 -0.0443 -0.3093
vn -0.9495 -0.0561 -0.3088
vn -0.9890 -0.0278 0.1454
vn -0.9874 -0.0450 0.1517
vn -0.9989 -0.0473 -0.0000
vn -0.9995 -0.0327 -0.0000
vn -0.9864 -0.0561 0.1543
vn -0.9984 -0.0574 -0.0002
vn -0.9874 -0.0454 -0.1517
vn -0.9890 -0.0282 -0.1454
vn -0.9864 -0.0566 -0.1542
vn -0.9499 -0.0275 0.3113
vn -0.9499 -0.0444 0.3094
vn -0.9495 -0.0559 0.3088
vn -0.7043 -0.0604 0.7074
vn -0.7058 -0.0613 0.7057
vn -0.8053 -0.0575 0.5900
vn -0.8013 -0.0532 0.5959
vn -0.7066 -0.0624 0.7048
vn -0.8072 -0.0612 0.5871
vn -0.8870 -0.0503 0.4591
vn -0.8825 -0.0397 0.4686
vn -0.8884 -0.0582 0.4554
vn -0.5863 -0.0623 0.8077
vn -0.5865 -0.0624 0.8075
vn -0.5866 -0.0625 0.8074
vn -0.0000 -0.0588 0.9983
vn -0.1575 -0.0588 0.9858
vn -0.4520 -0.0588 0.8901
vn -0.5867 -0.0588 0.8077
vn -0.5866 -0.0625 0.8075
vn 0.5868 -0.0589 0.8076
vn 0.4520 -0.0588 0.8901
vn 0.1575 -0.0588 0.9858
vn 0.8888 -0.0588 0.4544
vn 0.7069 -0.0588 0.7049
vn 0.9767 -0.0597 -0.2062
vn 0.9973 -0.0590 0.0425
vn 0.9838 -0.0588 0.1694
vn 0.8076 -0.0597 -0.5867
vn 0.8830 -0.0601 -0.4655
vn 0.0468 -0.9419 -0.3326
vn -0.0721 -0.9974 -0.0022
vn -0.0718 -0.9974 -0.0030
vn 0.0475 -0.9411 -0.3347
vn -0.1710 -0.9343 0.3128
vn -0.1694 -0.9363 0.3075
vn -0.0713 -0.9974 -0.0041
vn 0.0487 -0.9398 -0.3381
vn -0.1669 -0.9393 0.2997
vn 0.1268 -0.7238 -0.6783
vn 0.0176 -0.9434 -0.3311
vn 0.1557 -0.7155 -0.6811
vn -0.1005 -0.9949 -0.0016
vn -0.1991 -0.9284 0.3138
vn -0.2585 -0.7266 0.6366
vn -0.2310 -0.7370 0.6352
vn -0.2283 -0.7471 0.6242
vn -0.2243 -0.7621 0.6073
vn 0.1628 -0.6940 -0.7013
vn 0.1584 -0.7074 -0.6889
vn -0.0051 0.9444 0.3287
vn 0.0031 1.0000 0.0007
vn 0.0030 1.0000 0.0012
vn -0.0052 0.9438 0.3304
vn 0.0141 0.9470 -0.3208
vn 0.0140 0.9484 -0.3167
vn 0.0026 1.0000 0.0023
vn -0.0053 0.9428 0.3332
vn 0.0138 0.9505 -0.3104
vn -0.0544 0.7297 0.6816
vn -0.0258 0.9444 0.3278
vn -0.0325 0.7270 0.6859
vn -0.0169 0.9999 0.0003
vn -0.0064 0.9461 -0.3237
vn 0.0239 0.7426 -0.6693
vn 0.0455 0.7480 -0.6621
vn 0.0450 0.7566 -0.6524
vn 0.0443 0.7694 -0.6373
vn -0.0339 0.7093 0.7041
vn -0.0330 0.7203 0.6929
vn -0.2235 -0.4161 0.8814
vn -0.1626 -0.0495 0.9855
vn -0.1630 -0.0750 0.9838
vn -0.2220 -0.4375 0.8714
vn -0.1625 -0.0493 0.9855
vn -0.0893 0.3484 0.9331
vn -0.0903 0.3296 0.9398
vn -0.1630 -0.0749 0.9838
vn -0.2220 -0.4374 0.8714
vn -0.1630 -0.0751 0.9838
vn -0.1634 -0.1150 0.9798
vn -0.2195 -0.4697 0.8551
vn -0.0919 0.2989 0.9498
vn -0.1634 -0.1148 0.9799
vn -0.2586 -0.7264 0.6368
vn -0.2490 -0.4020 0.8811
vn -0.2235 -0.4162 0.8814
vn -0.2310 -0.7369 0.6353
vn -0.1862 -0.0356 0.9819
vn -0.1862 -0.0354 0.9819
vn -0.1120 0.3576 0.9271
vn -0.0893 0.3486 0.9330
vn -0.1626 -0.0493 0.9855
vn -0.0544 0.7296 0.6817
vn -0.0326 0.7269 0.6860
vn -0.0893 0.3487 0.9330
vn -0.0325 0.7268 0.6860
vn -0.0331 0.7202 0.6930
vn -0.0903 0.3297 0.9397
vn -0.0331 0.7201 0.6930
vn -0.0339 0.7091 0.7043
vn -0.0919 0.2991 0.9498
vn -0.0918 0.2991 0.9498
vn -0.0435 0.6918 0.7208
vn -0.0962 0.2535 0.9625
vn -0.1633 -0.1149 0.9799
vn -0.0963 0.2533 0.9626
vn -0.1608 -0.1713 0.9720
vn -0.2096 -0.5132 0.8323
vn -0.2243 -0.7620 0.6075
vn -0.2195 -0.4698 0.8550
vn -0.2096 -0.5134 0.8322
vn -0.2103 -0.7826 0.5859
vn -0.2284 -0.7470 0.6243
vn -0.2220 -0.4376 0.8713
vn -0.2235 -0.4163 0.8813
vn -0.2284 -0.7470 0.6244
vn 0.1001 0.4066 -0.9081
vn 0.1609 0.0336 -0.9864
vn 0.1617 0.0596 -0.9850
vn 0.0995 0.4267 -0.8989
vn 0.1949 -0.3461 -0.9177
vn 0.1976 -0.3252 -0.9248
vn 0.1627 0.1004 -0.9816
vn 0.0989 0.4574 -0.8838
vn 0.2018 -0.2911 -0.9352
vn 0.0775 0.3935 -0.9161
vn 0.1368 0.0162 -0.9905
vn 0.1682 -0.3617 -0.9170
vn 0.1268 0.9276 -0.3513
vn 0.0151 0.9999 -0.0007
vn -0.4035 0.9150 0.0051
vn -0.3144 0.8882 -0.3352
vn -0.1100 0.9326 0.3436
vn -0.4935 0.8100 0.3167
vn -0.3145 0.8881 -0.3352
vn -0.4037 0.9149 0.0051
vn -0.9311 0.3645 0.0100
vn -0.9192 0.3649 -0.1479
vn -0.4936 0.8100 0.3167
vn -0.9425 0.3009 0.1454
vn 0.2590 0.6494 -0.7150
vn 0.1935 0.6845 -0.7029
vn -0.2140 0.7029 0.6783
vn -0.5543 0.5747 0.6020
vn -0.5545 0.5746 0.6019
vn -0.9461 0.1922 0.2608
vn -0.9057 0.2758 -0.3218
vn -0.2455 0.6766 -0.6942
vn -0.2453 0.6766 -0.6943
vn -0.0626 -0.9317 0.3579
vn -0.0499 -0.9988 0.0010
vn -0.3485 -0.9373 0.0004
vn -0.3633 -0.8739 0.3231
vn -0.0418 -0.9364 -0.3485
vn -0.3472 -0.8807 -0.3221
vn -0.3634 -0.8738 0.3231
vn -0.3487 -0.9372 0.0004
vn -0.8629 -0.5054 0.0004
vn -0.8701 -0.4674 0.1563
vn -0.3474 -0.8807 -0.3221
vn -0.8670 -0.4729 -0.1568
vn -0.0964 -0.6956 0.7119
vn -0.0075 -0.9384 -0.3454
vn -0.0164 -0.7222 -0.6914
vn -0.3377 -0.6829 -0.6478
vn -0.3379 -0.6828 -0.6478
vn -0.8750 -0.3731 -0.3086
vn -0.8856 -0.3571 0.2970
vn -0.3990 -0.6596 0.6370
vn -0.3988 -0.6596 0.6370
vn 0.0377 -0.3899 -0.9201
vn 0.1111 -0.0430 -0.9929
vn -0.2525 -0.0377 -0.9669
vn -0.2992 -0.3713 -0.8790
vn 0.1790 0.3176 -0.9312
vn -0.2239 0.3176 -0.9214
vn -0.2994 -0.3713 -0.8789
vn -0.2527 -0.0377 -0.9668
vn -0.8706 -0.0639 -0.4878
vn -0.8718 -0.2301 -0.4325
vn -0.2241 0.3176 -0.9213
vn -0.8831 0.1153 -0.4549
vn -0.2440 0.3611 0.9000
vn -0.2079 0.0182 0.9780
vn -0.4966 -0.0280 0.8675
vn -0.5458 0.2712 0.7928
vn -0.1496 -0.3349 0.9303
vn -0.4428 -0.3397 0.8298
vn -0.5460 0.2711 0.7927
vn -0.4968 -0.0280 0.8674
vn -0.9128 -0.0625 0.4035
vn -0.9326 0.0708 0.3539
vn -0.4429 -0.3396 0.8297
vn -0.8967 -0.2101 0.3896
vn -0.1809 0.4042 0.8966
vn -0.2754 0.9078 -0.3162
vn -0.2776 0.9607 0.0002
vn -0.8338 0.5520 0.0004
vn -0.8386 0.5086 -0.1951
vn -0.2923 0.9024 0.3166
vn -0.8430 0.5016 0.1943
vn -0.9984 0.0572 -0.0000
vn -0.9982 0.0454 -0.0387
vn -0.9982 0.0451 0.0387
vn -0.2652 0.7055 -0.6572
vn -0.0170 0.9999 0.0003
vn -0.0259 0.9444 0.3278
vn -0.3327 0.6840 0.6492
vn -0.8615 0.3445 0.3731
vn -0.9974 0.0120 0.0707
vn -0.9987 -0.0490 0.0155
vn -0.9988 -0.0479 0.0065
vn -0.9988 -0.0484 -0.0000
vn -0.9973 0.0132 -0.0719
vn -0.9987 -0.0489 -0.0155
vn -0.8459 0.3660 -0.3879
vn -0.4773 -0.8326 0.2811
vn -0.4070 -0.9134 0.0045
vn -0.8624 -0.5061 0.0078
vn -0.8783 -0.4551 0.1464
vn -0.3213 -0.8985 -0.2992
vn -0.8485 -0.5079 -0.1483
vn -0.9893 -0.1458 0.0004
vn -0.9900 -0.1385 0.0272
vn -0.9896 -0.1413 -0.0274
vn -0.2586 -0.7265 0.6367
vn -0.1991 -0.9284 0.3137
vn -0.5197 -0.6460 0.5591
vn 0.0176 -0.9435 -0.3310
vn 0.1268 -0.7237 -0.6783
vn -0.2311 -0.7261 -0.6476
vn -0.8370 -0.4336 -0.3339
vn -0.9906 -0.1245 -0.0567
vn -0.9969 -0.0770 -0.0145
vn -0.9970 -0.0768 -0.0057
vn -0.9971 -0.0761 -0.0000
vn -0.9970 -0.0768 0.0057
vn -0.9913 -0.1206 0.0534
vn -0.9969 -0.0769 0.0145
vn -0.8911 -0.3567 0.2807
vn -0.1758 -0.3892 -0.9042
vn -0.1852 -0.0161 -0.9826
vn -0.8184 -0.0611 -0.5714
vn -0.8206 -0.2723 -0.5024
vn -0.2276 0.3587 -0.9053
vn -0.8329 0.1604 -0.5297
vn -0.9930 -0.0647 -0.0986
vn -0.9916 -0.0987 -0.0836
vn -0.9952 -0.0255 -0.0945
vn 0.1367 0.0162 -0.9905
vn -0.9971 -0.0722 -0.0234
vn -0.3877 0.3208 0.8642
vn -0.4498 -0.0436 0.8921
vn -0.8770 -0.0632 0.4764
vn -0.8689 0.1338 0.4766
vn -0.5046 -0.3666 0.7816
vn -0.8878 -0.2257 0.4010
vn -0.9936 -0.0642 0.0930
vn -0.9955 -0.0266 0.0911
vn -0.9923 -0.0962 0.0781
vn -0.1863 -0.0355 0.9819
vn -0.9976 -0.0638 0.0272
vn 0.0914 -0.8765 -0.4727
vn 0.1293 -0.5979 -0.7911
vn 0.2089 -0.6115 -0.7632
vn 0.1176 -0.8887 -0.4431
vn 0.1433 -0.2483 -0.9580
vn 0.2583 -0.2546 -0.9319
vn 0.2884 -0.5914 -0.7530
vn 0.1548 -0.8726 -0.4632
vn 0.3644 -0.2448 -0.8985
vn -0.0000 -0.9618 -0.2738
vn -0.0013 -0.8640 -0.5035
vn 0.0404 -0.9747 -0.2199
vn -0.0025 -0.5854 -0.8107
vn -0.0025 -0.2421 -0.9702
vn 0.4854 -0.2373 -0.8415
vn 0.4096 -0.5750 -0.7082
vn 0.2584 -0.8562 -0.4474
vn 0.0704 -0.9741 -0.2149
vn 0.1424 -0.9581 -0.2487
vn 0.0491 -0.9793 -0.1964
vn 0.4458 -0.8679 -0.2190
vn 0.6998 -0.5834 -0.4123
vn 0.7061 -0.6086 -0.3620
vn 0.4119 -0.8888 -0.2009
vn 0.8182 -0.2402 -0.5223
vn 0.8572 -0.2529 -0.4487
vn 0.7476 -0.5938 -0.2976
vn 0.4442 -0.8737 -0.1983
vn 0.9073 -0.2468 -0.3404
vn 0.2454 -0.9529 -0.1783
vn 0.4320 -0.8455 -0.3139
vn 0.2074 -0.9735 -0.0962
vn 0.6697 -0.5610 -0.4866
vn 0.7874 -0.2294 -0.5721
vn 0.8062 -0.0828 -0.5858
vn 0.9503 -0.2373 -0.2016
vn 0.8001 -0.5750 -0.1707
vn 0.5053 -0.8562 -0.1075
vn 0.2063 -0.9744 -0.0893
vn 0.2805 -0.9581 -0.0586
vn 0.1812 -0.9801 -0.0814
vn 0.4887 -0.8724 -0.0040
vn 0.8053 -0.5913 -0.0416
vn 0.7904 -0.6115 0.0371
vn 0.4578 -0.8887 0.0251
vn 0.9671 -0.2448 -0.0689
vn 0.9661 -0.2547 0.0423
vn 0.7921 -0.5982 0.1215
vn 0.4779 -0.8764 0.0592
vn 0.9554 -0.2484 0.1597
vn 0.2261 -0.9741 -0.0005
vn 0.9954 -0.0855 0.0426
vn 0.9821 -0.0846 0.1686
vn 0.9220 -0.2421 0.3023
vn 0.7703 -0.5854 0.2529
vn 0.4785 -0.8640 0.1568
vn 0.2217 -0.9747 0.0295
vn 0.2604 -0.9618 0.0847
vn 0.2020 -0.9793 0.0139
vn 0.4080 -0.8822 0.2352
vn 0.7002 -0.6068 0.3761
vn 0.6307 -0.6265 0.4579
vn 0.3582 -0.8968 0.2596
vn 0.8587 -0.2530 0.4457
vn 0.7801 -0.2635 0.5674
vn 0.5707 -0.6129 0.5465
vn 0.3468 -0.8850 0.3105
vn 0.6878 -0.2569 0.6789
vn 0.1882 -0.9762 0.1078
vn 0.7059 -0.0857 0.7031
vn 0.5685 -0.2507 0.7836
vn 0.4692 -0.6011 0.6470
vn 0.2860 -0.8738 0.3934
vn 0.1581 -0.9770 0.1429
vn 0.1831 -0.8915 0.4144
vn 0.3392 -0.6230 0.7049
vn 0.2370 -0.6428 0.7284
vn 0.1317 -0.9054 0.4037
vn 0.4312 -0.2623 0.8633
vn 0.2968 -0.2733 0.9150
vn 0.1392 -0.6287 0.7651
vn 0.0960 -0.8939 0.4379
vn 0.1574 -0.2661 0.9510
vn -0.0001 -0.0859 0.9963
vn -0.0005 -0.2591 0.9659
vn -0.0005 -0.6158 0.7879
vn 0.0001 -0.8825 0.4703
vn 0.0425 -0.9793 0.1981
vn 0.0008 -0.9680 0.2510
vn 0.0565 -0.9831 0.1741
vn -0.0939 -0.8987 0.4284
vn -0.1387 -0.6365 0.7587
vn -0.2332 -0.6553 0.7185
vn -0.1267 -0.9116 0.3911
vn -0.1582 -0.2704 0.9497
vn -0.2968 -0.2811 0.9126
vn -0.3324 -0.6399 0.6928
vn -0.1740 -0.9000 0.3997
vn -0.4303 -0.2728 0.8605
vn -0.0416 -0.9804 0.1925
vn -0.1580 -0.0875 0.9836
vn -0.3079 -0.0890 0.9473
vn -0.5670 -0.2643 0.7801
vn -0.4592 -0.6246 0.6317
vn -0.2708 -0.8875 0.3728
vn -0.0785 -0.9807 0.1789
vn -0.1436 -0.9696 0.1983
vn -0.3237 -0.9017 0.2866
vn -0.5546 -0.6428 0.5284
vn -0.6079 -0.6599 0.4416
vn -0.3286 -0.9138 0.2387
vn -0.6853 -0.2744 0.6746
vn -0.7757 -0.2840 0.5636
vn -0.6739 -0.6429 0.3641
vn -0.3727 -0.9017 0.2192
vn -0.8533 -0.2744 0.4433
vn -0.1443 -0.9812 0.1285
vn -0.9172 -0.2643 0.2982
vn -0.7427 -0.6246 0.2415
vn -0.4382 -0.8875 0.1423
vn -0.1668 -0.9812 0.0976
vn -0.1398 -0.9850 0.1016
vn -0.4338 -0.9000 0.0418
vn -0.7619 -0.6396 0.1021
vn -0.7554 -0.6553 -0.0002
vn -0.4111 -0.9116 -0.0003
vn -0.9514 -0.2727 0.1434
vn -0.9597 -0.2811 0.0002
vn -0.7643 -0.6366 -0.1025
vn -0.4367 -0.8986 -0.0433
vn -0.9521 -0.2705 -0.1429
vn -0.9187 -0.2591 -0.2980
vn -0.7495 -0.6158 -0.2429
vn -0.4472 -0.8825 -0.1454
vn -0.1960 -0.9804 -0.0199
vn -0.2385 -0.9680 -0.0784
vn -0.3866 -0.8940 -0.2266
vn -0.6848 -0.6284 -0.3689
vn -0.6195 -0.6428 -0.4505
vn -0.3432 -0.9054 -0.2500
vn -0.8558 -0.2660 -0.4436
vn -0.7785 -0.2733 -0.5651
vn -0.5654 -0.6232 -0.5403
vn -0.3375 -0.8914 -0.3026
vn -0.6877 -0.2624 -0.6769
vn -0.1752 -0.9793 -0.1017
vn -0.5696 -0.2507 -0.7828
vn -0.4703 -0.6011 -0.6461
vn -0.2858 -0.8738 -0.3935
vn -0.1527 -0.9786 -0.1376
vn -0.1530 -0.9651 -0.2125
vn -0.1481 -0.9831 -0.1076
vn -0.1879 -0.8851 -0.4258
vn -0.3433 -0.6129 -0.7117
vn -0.2406 -0.6265 -0.7413
vn -0.1361 -0.8969 -0.4209
vn -0.4331 -0.2568 -0.8640
vn -0.2985 -0.2635 -0.9173
vn -0.1412 -0.6070 -0.7821
vn -0.0973 -0.8821 -0.4609
vn -0.1585 -0.2531 -0.9544
vn -0.0871 -0.9770 -0.1945
vn -0.0026 -0.2421 -0.9702
vn -0.0444 -0.9762 -0.2123
vn -0.0001 -0.9618 -0.2738
vn 0.3259 -0.8737 -0.3612
vn 0.5140 -0.5937 -0.6191
vn 0.5625 -0.6086 -0.5596
vn 0.3183 -0.8888 -0.3296
vn 0.6040 -0.2467 -0.7578
vn 0.6916 -0.2530 -0.6765
vn 0.6083 -0.5835 -0.5381
vn 0.3460 -0.8679 -0.3564
vn 0.7496 -0.2402 -0.6168
vn 0.6155 -0.0855 -0.7835
vn 0.7140 -0.0863 -0.6948
vn 0.7768 -0.0844 -0.6240
vn 0.1556 -0.9735 -0.1676
vn 0.6157 -0.0639 -0.7854
vn 0.7154 -0.0639 -0.6957
vn 0.7789 -0.0636 -0.6239
vn 0.4978 -0.0636 -0.8650
vn 0.6158 -0.0602 -0.7856
vn 0.7156 -0.0601 -0.6959
vn 0.7791 -0.0598 -0.6240
vn 0.4972 -0.0839 -0.8636
vn 0.7768 -0.0843 -0.6240
vn -0.0372 0.9989 0.0299
vn 0.0381 0.9988 -0.0304
vn 0.0354 0.9988 -0.0344
vn 0.0306 0.9988 -0.0391
vn 0.6170 -0.0077 -0.7869
vn 0.5848 0.3194 -0.7457
vn 0.6791 0.3198 -0.6607
vn 0.7169 -0.0077 -0.6972
vn 0.3174 0.8574 -0.4052
vn 0.3676 0.8586 -0.3572
vn 0.7393 0.3203 -0.5923
vn 0.7805 -0.0076 -0.6252
vn 0.3970 0.8611 -0.3177
vn 0.6159 -0.0600 -0.7856
vn 0.0306 0.9988 -0.0392
vn 0.0381 0.9988 -0.0305
vn 0.7156 -0.0600 -0.6959
vt 0.224582 0.654440
vt 0.224587 0.645030
vt 0.237665 0.644961
vt 0.237660 0.654274
vt 0.224587 0.634942
vt 0.237666 0.634979
vt 0.520319 0.787323
vt 0.511170 0.801405
vt 0.511110 0.787323
vt 0.520274 0.801405
vt 0.501327 0.801486
vt 0.501155 0.787405
vt 0.211987 0.662902
vt 0.211995 0.654600
vt 0.224574 0.662660
vt 0.211999 0.645096
vt 0.212000 0.634908
vt 0.211997 0.624553
vt 0.224584 0.624690
vt 0.320108 0.852124
vt 0.309826 0.865221
vt 0.309786 0.852124
vt 0.320041 0.865221
vt 0.699674 0.425876
vt 0.689502 0.439957
vt 0.689459 0.425876
vt 0.699602 0.439957
vt 0.809461 0.787055
vt 0.825013 0.797116
vt 0.809455 0.797155
vt 0.825019 0.787143
vt 0.809555 0.777212
vt 0.825112 0.777424
vt 0.511235 0.816963
vt 0.520225 0.816963
vt 0.420745 0.859914
vt 0.412947 0.875472
vt 0.412862 0.859914
vt 0.420731 0.875472
vt 0.904754 0.471367
vt 0.896858 0.485449
vt 0.896781 0.471367
vt 0.904741 0.485449
vt 0.260823 0.908572
vt 0.252838 0.921669
vt 0.252766 0.908572
vt 0.260811 0.921669
vt 0.060023 0.586135
vt 0.042449 0.577416
vt 0.059512 0.576287
vt 0.043147 0.586890
vt 0.042127 0.567958
vt 0.058967 0.566526
vt 0.027263 0.578809
vt 0.028470 0.587671
vt 0.027506 0.569762
vt 0.077472 0.595238
vt 0.077091 0.585369
vt 0.060426 0.595820
vt 0.076601 0.575347
vt 0.076017 0.565422
vt 0.058343 0.557117
vt 0.075352 0.555846
vt 0.041735 0.558915
vt 0.027815 0.561504
vt 0.019075 0.564300
vt 0.016332 0.571213
vt 0.015229 0.580530
vt 0.017302 0.589220
vt 0.029666 0.595885
vt 0.020739 0.595195
vt 0.043739 0.596129
vt 0.818089 0.667966
vt 0.807760 0.681064
vt 0.807704 0.667966
vt 0.818037 0.681064
vt 0.866323 0.471367
vt 0.856065 0.484465
vt 0.856033 0.471367
vt 0.866248 0.484465
vt 0.789600 0.209472
vt 0.803524 0.219904
vt 0.789443 0.219749
vt 0.803679 0.209743
vt 0.803471 0.229972
vt 0.789389 0.229932
vt 0.780614 0.439988
vt 0.768061 0.429678
vt 0.780667 0.429664
vt 0.768009 0.439899
vt 0.768009 0.419292
vt 0.780614 0.419175
vt 0.025622 0.875518
vt 0.015259 0.888124
vt 0.015229 0.875518
vt 0.025550 0.888124
vt 0.456039 0.809450
vt 0.468586 0.819560
vt 0.455981 0.819484
vt 0.468643 0.809625
vt 0.878330 0.207808
vt 0.868394 0.220908
vt 0.868394 0.207810
vt 0.878226 0.220905
vt 0.803522 0.239694
vt 0.789441 0.239764
vt 0.091546 0.564470
vt 0.090873 0.554772
vt 0.092138 0.574522
vt 0.379516 0.840727
vt 0.369420 0.856285
vt 0.369354 0.840727
vt 0.379454 0.856285
vt 0.799391 0.293600
vt 0.789389 0.309097
vt 0.789389 0.293538
vt 0.799265 0.309158
vt 0.799505 0.279519
vt 0.789389 0.279456
vt 0.761048 0.854883
vt 0.750908 0.867980
vt 0.750826 0.854883
vt 0.761023 0.867980
vt 0.328944 0.757401
vt 0.319766 0.770400
vt 0.319566 0.757314
vt 0.329048 0.770486
vt 0.311276 0.770327
vt 0.310987 0.757241
vt 0.536475 0.015317
vt 0.527674 0.029468
vt 0.527194 0.015405
vt 0.536850 0.029380
vt 0.519279 0.029553
vt 0.518704 0.015492
vt 0.338896 0.744907
vt 0.328845 0.744808
vt 0.338896 0.757499
vt 0.319373 0.744720
vt 0.310708 0.744646
vt 0.352756 0.576504
vt 0.364919 0.585110
vt 0.352321 0.584724
vt 0.365350 0.576972
vt 0.378008 0.585512
vt 0.378435 0.577458
vt 0.902188 0.651973
vt 0.894214 0.665925
vt 0.894124 0.651845
vt 0.902188 0.666051
vt 0.516228 0.471367
vt 0.531308 0.479892
vt 0.515762 0.479328
vt 0.531769 0.472032
vt 0.519915 0.045089
vt 0.528203 0.045005
vt 0.537264 0.044918
vt 0.546588 0.029293
vt 0.546879 0.044833
vt 0.546324 0.015229
vt 0.338896 0.770582
vt 0.417159 0.948156
vt 0.412906 0.961150
vt 0.412862 0.948054
vt 0.417159 0.961251
vt 0.506322 0.934933
vt 0.501209 0.947959
vt 0.501155 0.934862
vt 0.506322 0.948029
vt 0.864901 0.408949
vt 0.860696 0.422928
vt 0.860648 0.408848
vt 0.864901 0.423027
vt 0.855641 0.422875
vt 0.855535 0.408795
vt 0.929211 0.127886
vt 0.925348 0.140374
vt 0.925310 0.127771
vt 0.929211 0.140487
vt 0.921051 0.140285
vt 0.920970 0.127682
vt 0.696578 0.937914
vt 0.691411 0.950446
vt 0.691360 0.937841
vt 0.696578 0.950517
vt 0.375890 0.928842
vt 0.369418 0.941416
vt 0.369354 0.928811
vt 0.375890 0.941447
vt 0.939116 0.651876
vt 0.932712 0.664942
vt 0.932645 0.651845
vt 0.939116 0.664973
vt 0.936784 0.602796
vt 0.930452 0.616847
vt 0.930380 0.602765
vt 0.936784 0.616877
vt 0.757158 0.898468
vt 0.750906 0.913996
vt 0.750826 0.898438
vt 0.757158 0.914026
vt 0.937628 0.777282
vt 0.932637 0.792769
vt 0.932573 0.777212
vt 0.937628 0.792838
vt 0.937284 0.537594
vt 0.933133 0.553051
vt 0.933080 0.537495
vt 0.937284 0.553149
vt 0.938850 0.408906
vt 0.935119 0.424350
vt 0.935071 0.408795
vt 0.938850 0.424459
vt 0.626656 0.947810
vt 0.622877 0.961776
vt 0.622834 0.947698
vt 0.626656 0.961887
vt 0.971104 0.602879
vt 0.967282 0.615860
vt 0.967242 0.602765
vt 0.971104 0.615972
vt 0.822731 0.739523
vt 0.809697 0.731387
vt 0.822792 0.731219
vt 0.809636 0.739605
vt 0.809636 0.722318
vt 0.822731 0.722055
vt 0.897336 0.883688
vt 0.889211 0.897656
vt 0.889119 0.883576
vt 0.897336 0.897766
vt 0.218315 0.860427
vt 0.209348 0.874452
vt 0.209246 0.860371
vt 0.218315 0.874507
vt 0.061897 0.923425
vt 0.054672 0.935839
vt 0.054600 0.923236
vt 0.061897 0.936025
vt 0.929267 0.279570
vt 0.920963 0.292060
vt 0.920880 0.279456
vt 0.929267 0.292172
vt 0.904613 0.408851
vt 0.895449 0.421399
vt 0.895358 0.408795
vt 0.904613 0.421455
vt 0.858661 0.883590
vt 0.848856 0.896181
vt 0.848758 0.883576
vt 0.858661 0.896195
vt 0.809455 0.712616
vt 0.822548 0.712251
vt 0.865036 0.607306
vt 0.855441 0.621375
vt 0.855332 0.607293
vt 0.865036 0.621388
vt 0.808984 0.293765
vt 0.808737 0.309321
vt 0.860591 0.340202
vt 0.851737 0.355705
vt 0.851624 0.340147
vt 0.860591 0.355759
vt 0.863695 0.777322
vt 0.855672 0.792768
vt 0.855570 0.777212
vt 0.863695 0.792877
vt 0.896289 0.015412
vt 0.889310 0.030784
vt 0.889221 0.015229
vt 0.896289 0.030964
vt 0.463130 0.905706
vt 0.456061 0.919600
vt 0.455981 0.905521
vt 0.463130 0.919783
vt 0.822548 0.746748
vt 0.809455 0.746754
vt 0.710011 0.352722
vt 0.699734 0.365805
vt 0.699799 0.352722
vt 0.709840 0.365805
vt 0.172448 0.851419
vt 0.162101 0.864502
vt 0.162065 0.851419
vt 0.172376 0.864502
vt 0.699664 0.379872
vt 0.709656 0.379872
vt 0.689504 0.379877
vt 0.689459 0.365811
vt 0.825078 0.429043
vt 0.812486 0.419006
vt 0.825077 0.419164
vt 0.812486 0.428788
vt 0.812480 0.408795
vt 0.825072 0.408850
vt 0.633320 0.861200
vt 0.622869 0.873791
vt 0.622834 0.861200
vt 0.633251 0.873791
vt 0.263163 0.865523
vt 0.252869 0.878091
vt 0.252766 0.865500
vt 0.263163 0.878114
vt 0.701654 0.852220
vt 0.691466 0.865280
vt 0.691360 0.852197
vt 0.701654 0.865303
vt 0.511343 0.847443
vt 0.501270 0.861487
vt 0.501155 0.847420
vt 0.511343 0.861509
vt 0.858227 0.077898
vt 0.848281 0.093417
vt 0.848155 0.077875
vt 0.858227 0.093439
vt 0.689555 0.395418
vt 0.699586 0.395413
vt 0.709453 0.395413
vt 0.719227 0.379877
vt 0.718903 0.395418
vt 0.774579 0.559343
vt 0.760506 0.549496
vt 0.774572 0.549663
vt 0.760512 0.559067
vt 0.719792 0.352728
vt 0.719520 0.365811
vt 0.716439 0.521431
vt 0.729650 0.531035
vt 0.716553 0.531205
vt 0.729537 0.521362
vt 0.729827 0.539783
vt 0.716733 0.540045
vt 0.691436 0.656416
vt 0.705676 0.665836
vt 0.691597 0.666088
vt 0.705517 0.656273
vt 0.705895 0.674484
vt 0.691818 0.674835
vt 0.703807 0.511121
vt 0.703834 0.521497
vt 0.716413 0.511157
vt 0.703949 0.531369
vt 0.704131 0.540297
vt 0.716956 0.547516
vt 0.704356 0.547843
vt 0.730048 0.547177
vt 0.737529 0.425876
vt 0.730132 0.439986
vt 0.730132 0.425905
vt 0.737445 0.439957
vt 0.721699 0.681314
vt 0.706149 0.681794
vt 0.721447 0.674097
vt 0.721232 0.665557
vt 0.721075 0.656115
vt 0.705442 0.646221
vt 0.721000 0.646189
vt 0.691360 0.646249
vt 0.729511 0.511195
vt 0.518704 0.145691
vt 0.531801 0.155408
vt 0.518705 0.155365
vt 0.531800 0.145835
vt 0.902622 0.537495
vt 0.893645 0.550671
vt 0.893645 0.537576
vt 0.902529 0.550591
vt 0.545881 0.155455
vt 0.545881 0.145989
vt 0.545994 0.164238
vt 0.531915 0.164292
vt 0.412919 0.809449
vt 0.425466 0.819752
vt 0.412862 0.819687
vt 0.425523 0.809616
vt 0.425523 0.829425
vt 0.412919 0.829457
vt 0.252766 0.817814
vt 0.265369 0.826995
vt 0.252766 0.826881
vt 0.265369 0.818017
vt 0.265494 0.835042
vt 0.252893 0.835009
vt 0.217293 0.904965
vt 0.209246 0.918204
vt 0.209246 0.905111
vt 0.217210 0.918059
vt 0.902116 0.777212
vt 0.894152 0.791434
vt 0.894152 0.777357
vt 0.902026 0.791291
vt 0.463855 0.859367
vt 0.455981 0.875064
vt 0.455981 0.859510
vt 0.463755 0.874922
vt 0.862033 0.712251
vt 0.853250 0.727886
vt 0.853250 0.712331
vt 0.861923 0.727808
vt 0.858223 0.837530
vt 0.848758 0.853119
vt 0.848758 0.837562
vt 0.858104 0.853087
vt 0.825112 0.806908
vt 0.809555 0.807072
vt 0.531915 0.135804
vt 0.545994 0.136072
vt 0.518820 0.135556
vt 0.820998 0.365143
vt 0.812480 0.378337
vt 0.812480 0.365242
vt 0.820910 0.378239
vt 0.737116 0.352754
vt 0.728529 0.365821
vt 0.728895 0.352738
vt 0.736664 0.365837
vt 0.897114 0.077875
vt 0.888685 0.092053
vt 0.888685 0.077973
vt 0.897019 0.091956
vt 0.774572 0.576487
vt 0.760512 0.567974
vt 0.774579 0.568352
vt 0.760506 0.576017
vt 0.468643 0.828892
vt 0.456039 0.828909
vt 0.821083 0.352539
vt 0.812480 0.352639
vt 0.737551 0.340163
vt 0.729249 0.340147
vt 0.825072 0.438238
vt 0.812480 0.437891
vt 0.817697 0.087076
vt 0.802149 0.077875
vt 0.817690 0.078169
vt 0.802155 0.086670
vt 0.817697 0.095120
vt 0.802155 0.094613
vt 0.863666 0.651845
vt 0.855332 0.667498
vt 0.855332 0.651942
vt 0.863561 0.667402
vt 0.858763 0.015229
vt 0.849632 0.030830
vt 0.849632 0.015272
vt 0.858648 0.030786
vt 0.803679 0.248824
vt 0.789600 0.248998
vt 0.898013 0.837530
vt 0.888681 0.850671
vt 0.888681 0.837575
vt 0.897916 0.850627
vt 0.716956 0.480857
vt 0.729770 0.490855
vt 0.716675 0.490604
vt 0.730048 0.481209
vt 0.729589 0.500933
vt 0.716492 0.500788
vt 0.691749 0.616261
vt 0.705599 0.626109
vt 0.691519 0.625908
vt 0.705827 0.616570
vt 0.705469 0.636074
vt 0.691387 0.635987
vt 0.704734 0.471367
vt 0.704356 0.480518
vt 0.717330 0.471797
vt 0.704072 0.490362
vt 0.703887 0.500648
vt 0.721027 0.636170
vt 0.721156 0.626330
vt 0.721381 0.616912
vt 0.706149 0.607703
vt 0.721699 0.608157
vt 0.692075 0.607293
vt 0.818300 0.886120
vt 0.809327 0.899152
vt 0.809233 0.886056
vt 0.818300 0.899216
vt 0.435867 0.766938
vt 0.445395 0.734976
vt 0.445395 0.761789
vt 0.431925 0.758647
vt 0.029204 0.779900
vt 0.040020 0.748090
vt 0.040020 0.775903
vt 0.023946 0.769551
vt 0.774570 0.505425
vt 0.785443 0.471367
vt 0.785391 0.501017
vt 0.769150 0.493909
vt 0.768375 0.142311
vt 0.757388 0.178586
vt 0.757467 0.147492
vt 0.773953 0.153995
vt 0.522404 0.723908
vt 0.501155 0.756865
vt 0.510152 0.726510
vt 0.524735 0.736597
vt 0.452040 0.691525
vt 0.412862 0.694566
vt 0.442020 0.683469
vt 0.443837 0.701119
vt 0.443103 0.671314
vt 0.430187 0.670251
vt 0.424009 0.660212
vt 0.412862 0.666495
vt 0.266683 0.755176
vt 0.277514 0.787356
vt 0.261433 0.765657
vt 0.277480 0.759285
vt 0.580063 0.729098
vt 0.587921 0.696495
vt 0.587704 0.723792
vt 0.574445 0.719900
vt 0.423127 0.760298
vt 0.423626 0.751447
vt 0.431525 0.778992
vt 0.436876 0.777030
vt 0.428829 0.774694
vt 0.444851 0.775604
vt 0.424664 0.770242
vt 0.024923 0.792392
vt 0.031146 0.791218
vt 0.021053 0.786831
vt 0.040020 0.790660
vt 0.015229 0.780283
vt 0.770385 0.519038
vt 0.776582 0.517575
vt 0.766468 0.513135
vt 0.785443 0.516815
vt 0.760506 0.505869
vt 0.772583 0.127682
vt 0.766309 0.129615
vt 0.776581 0.133667
vt 0.757388 0.130860
vt 0.782714 0.140849
vt 0.530837 0.710460
vt 0.524017 0.710964
vt 0.533103 0.717248
vt 0.514868 0.710169
vt 0.537269 0.725663
vt 0.467982 0.690165
vt 0.463093 0.685048
vt 0.464225 0.696045
vt 0.457711 0.677406
vt 0.460502 0.704518
vt 0.455447 0.661818
vt 0.448415 0.660291
vt 0.455788 0.668527
vt 0.439534 0.657101
vt 0.428666 0.646247
vt 0.422009 0.648887
vt 0.432806 0.651216
vt 0.412913 0.651359
vt 0.262466 0.742207
vt 0.258584 0.747925
vt 0.268659 0.743525
vt 0.252766 0.754558
vt 0.277514 0.744149
vt 0.577413 0.741831
vt 0.582028 0.739383
vt 0.573880 0.737458
vt 0.587921 0.737540
vt 0.567727 0.732277
vt 0.414703 0.769615
vt 0.419110 0.769216
vt 0.414598 0.765301
vt 0.412862 0.760002
vt 0.537803 0.061964
vt 0.530328 0.079019
vt 0.528908 0.062076
vt 0.538832 0.078717
vt 0.522365 0.078879
vt 0.520747 0.062132
vt 0.533057 0.093886
vt 0.540842 0.093089
vt 0.525265 0.093242
vt 0.547232 0.061852
vt 0.548345 0.480651
vt 0.548826 0.472958
vt 0.564985 0.482223
vt 0.565644 0.475029
vt 0.578941 0.485156
vt 0.518704 0.092489
vt 0.580178 0.479243
vt 0.587712 0.488742
vt 0.438278 0.643858
vt 0.445879 0.648453
vt 0.453802 0.652884
vt 0.548608 0.092195
vt 0.544750 0.103759
vt 0.549535 0.100732
vt 0.547773 0.078416
vt 0.206002 0.550958
vt 0.189140 0.545346
vt 0.206196 0.546857
vt 0.189158 0.549469
vt 0.189568 0.540662
vt 0.206429 0.541961
vt 0.173999 0.542187
vt 0.174561 0.546561
vt 0.174947 0.537923
vt 0.222833 0.555353
vt 0.223070 0.551628
vt 0.205799 0.554635
vt 0.223297 0.547481
vt 0.223504 0.542494
vt 0.206632 0.535836
vt 0.223682 0.536244
vt 0.189967 0.534881
vt 0.175965 0.533019
vt 0.167133 0.530768
vt 0.163865 0.533040
vt 0.162065 0.536775
vt 0.163481 0.542226
vt 0.175229 0.550255
vt 0.166475 0.546676
vt 0.189168 0.553121
vt 0.060802 0.621698
vt 0.043641 0.613248
vt 0.060760 0.613799
vt 0.043890 0.620956
vt 0.043747 0.604938
vt 0.060654 0.605107
vt 0.028339 0.611149
vt 0.029133 0.618693
vt 0.028998 0.603541
vt 0.077771 0.628565
vt 0.077885 0.621584
vt 0.060719 0.628565
vt 0.077872 0.613561
vt 0.077734 0.604708
vt 0.017658 0.599915
vt 0.016106 0.606899
vt 0.888472 0.938350
vt 0.896131 0.928224
vt 0.897336 0.938350
vt 0.908787 0.207808
vt 0.913771 0.218592
vt 0.908787 0.225381
vt 0.209246 0.958862
vt 0.209246 0.948662
vt 0.215969 0.954149
vt 0.750826 0.944484
vt 0.753633 0.953732
vt 0.750826 0.960094
vt 0.044021 0.627615
vt 0.029927 0.624973
vt 0.576554 0.061649
vt 0.566572 0.078705
vt 0.566850 0.061748
vt 0.575972 0.078416
vt 0.557087 0.078559
vt 0.556994 0.061798
vt 0.565769 0.093603
vt 0.574758 0.092815
vt 0.556894 0.092950
vt 0.586172 0.044534
vt 0.576722 0.044598
vt 0.585838 0.061559
vt 0.566856 0.044670
vt 0.556825 0.044749
vt 0.555567 0.103665
vt 0.564245 0.105098
vt 0.573529 0.103529
vt 0.582902 0.091934
vt 0.580353 0.100498
vt 0.584895 0.078134
vt 0.547424 0.527752
vt 0.564620 0.536310
vt 0.547541 0.537026
vt 0.564304 0.527419
vt 0.564532 0.544439
vt 0.547664 0.545426
vt 0.579808 0.534739
vt 0.578968 0.526520
vt 0.579172 0.542509
vt 0.530338 0.517918
vt 0.530341 0.527844
vt 0.547392 0.518013
vt 0.530431 0.537288
vt 0.530585 0.545829
vt 0.547831 0.552519
vt 0.530785 0.553048
vt 0.564485 0.551268
vt 0.578466 0.548804
vt 0.587272 0.545786
vt 0.590319 0.540065
vt 0.591824 0.531975
vt 0.590129 0.524170
vt 0.578094 0.518344
vt 0.586951 0.518566
vt 0.564068 0.518147
vt 0.206556 0.490419
vt 0.189184 0.482671
vt 0.206247 0.481250
vt 0.189686 0.491425
vt 0.189059 0.474334
vt 0.205906 0.472717
vt 0.174029 0.485604
vt 0.175046 0.493584
vt 0.174452 0.477417
vt 0.223821 0.499780
vt 0.223634 0.489988
vt 0.206768 0.500019
vt 0.223349 0.480647
vt 0.222974 0.471981
vt 0.205486 0.465080
vt 0.222516 0.464219
vt 0.188861 0.466920
vt 0.174931 0.470407
vt 0.166192 0.474692
vt 0.163338 0.481620
vt 0.162065 0.490602
vt 0.163934 0.497876
vt 0.176070 0.501444
vt 0.167215 0.502583
vt 0.190093 0.500516
vt 0.057596 0.548315
vt 0.039860 0.543023
vt 0.056802 0.540281
vt 0.040823 0.550634
vt 0.602241 0.061519
vt 0.593000 0.078305
vt 0.594454 0.061533
vt 0.600378 0.078486
vt 0.024926 0.547766
vt 0.026359 0.554529
vt 0.589731 0.092717
vt 0.024935 0.540704
vt 0.074620 0.546860
vt 0.073840 0.538667
vt 0.602909 0.044437
vt 0.594967 0.044480
vt 0.509274 0.696495
vt 0.506718 0.705783
vt 0.501155 0.701570
vt 0.517834 0.699277
vt 0.526479 0.701648
vt 0.015560 0.560948
vt 0.548001 0.489256
vt 0.564814 0.499550
vt 0.547742 0.498523
vt 0.564859 0.490533
vt 0.564393 0.508809
vt 0.547518 0.508186
vt 0.579988 0.501617
vt 0.579487 0.492876
vt 0.579046 0.510164
vt 0.530927 0.488645
vt 0.530635 0.498061
vt 0.530436 0.507900
vt 0.590184 0.513168
vt 0.591982 0.505100
vt 0.590627 0.495786
vt 0.206736 0.528193
vt 0.189701 0.519049
vt 0.206785 0.519358
vt 0.189861 0.527561
vt 0.189939 0.509866
vt 0.206821 0.509809
vt 0.174500 0.518368
vt 0.175203 0.526391
vt 0.175268 0.509791
vt 0.223818 0.528461
vt 0.223898 0.519472
vt 0.223904 0.509752
vt 0.164086 0.508771
vt 0.162460 0.517153
vt 0.164036 0.525237
vt 0.370479 0.403298
vt 0.381495 0.402442
vt 0.381509 0.403165
vt 0.370604 0.404011
vt 0.824052 0.553434
vt 0.823991 0.563183
vt 0.823132 0.563493
vt 0.823192 0.553843
vt 0.823369 0.545099
vt 0.820748 0.554114
vt 0.820924 0.545417
vt 0.820689 0.563712
vt 0.359334 0.404617
vt 0.370272 0.402007
vt 0.359740 0.405860
vt 0.381493 0.401136
vt 0.392714 0.402004
vt 0.392511 0.403295
vt 0.403652 0.404611
vt 0.403250 0.405854
vt 0.824052 0.573615
vt 0.823192 0.573819
vt 0.820748 0.573982
vt 0.815960 0.574189
vt 0.815900 0.563962
vt 0.815960 0.554403
vt 0.816135 0.545743
vt 0.821214 0.537854
vt 0.816423 0.538211
vt 0.823660 0.537495
vt 0.359974 0.406548
vt 0.318785 0.504788
vt 0.314569 0.494575
vt 0.315262 0.494362
vt 0.319435 0.504472
vt 0.311976 0.483833
vt 0.312696 0.483729
vt 0.673350 0.471367
vt 0.672806 0.478314
vt 0.670354 0.478592
vt 0.670895 0.471683
vt 0.672343 0.486479
vt 0.669894 0.486713
vt 0.323480 0.514977
vt 0.317620 0.505380
vt 0.324539 0.514210
vt 0.313326 0.494977
vt 0.310685 0.484036
vt 0.309786 0.472827
vt 0.311093 0.472828
vt 0.311822 0.472836
vt 0.671976 0.495673
vt 0.669529 0.495858
vt 0.664736 0.496008
vt 0.665100 0.486902
vt 0.665558 0.478814
vt 0.666097 0.471933
vt 0.755981 0.291512
vt 0.756477 0.299484
vt 0.751679 0.299283
vt 0.751185 0.291344
vt 0.758432 0.291740
vt 0.758931 0.299755
vt 0.325131 0.513798
vt 0.162100 0.613227
vt 0.162085 0.603249
vt 0.162995 0.603605
vt 0.163010 0.613481
vt 0.162065 0.594122
vt 0.162976 0.594570
vt 0.165469 0.603792
vt 0.165484 0.613615
vt 0.165450 0.594806
vt 0.816989 0.171998
vt 0.814213 0.161100
vt 0.815496 0.160877
vt 0.818222 0.171577
vt 0.813171 0.149893
vt 0.814474 0.149874
vt 0.813868 0.138659
vt 0.815158 0.138845
vt 0.816308 0.127682
vt 0.817553 0.128067
vt 0.818222 0.128284
vt 0.815851 0.138953
vt 0.854510 0.537495
vt 0.863061 0.538221
vt 0.863188 0.540677
vt 0.854683 0.539954
vt 0.863188 0.545474
vt 0.854718 0.544755
vt 0.170270 0.594987
vt 0.170289 0.603936
vt 0.170304 0.613718
vt 0.165493 0.624039
vt 0.170313 0.624099
vt 0.163019 0.623962
vt 0.162109 0.623815
vt 0.114876 0.669519
vt 0.117602 0.679888
vt 0.116757 0.680073
vt 0.114059 0.669809
vt 0.120235 0.689597
vt 0.119363 0.689683
vt 0.114388 0.680682
vt 0.111704 0.670473
vt 0.116980 0.690240
vt 0.835399 0.207808
vt 0.837427 0.218827
vt 0.836128 0.218962
vt 0.834137 0.208143
vt 0.837936 0.229744
vt 0.836628 0.229680
vt 0.837177 0.239991
vt 0.835883 0.239740
vt 0.835399 0.248998
vt 0.834137 0.248583
vt 0.122616 0.698109
vt 0.121720 0.698109
vt 0.119324 0.698620
vt 0.114668 0.699762
vt 0.112334 0.691416
vt 0.109753 0.681898
vt 0.107080 0.671731
vt 0.109085 0.660139
vt 0.104471 0.661441
vt 0.111425 0.659419
vt 0.112215 0.659023
vt 0.672578 0.505454
vt 0.672424 0.516149
vt 0.671561 0.516278
vt 0.671714 0.505692
vt 0.672383 0.527145
vt 0.671521 0.527162
vt 0.669116 0.516351
vt 0.669268 0.505822
vt 0.669076 0.527177
vt 0.310685 0.461617
vt 0.311976 0.461822
vt 0.313326 0.450676
vt 0.314569 0.451080
vt 0.317620 0.440271
vt 0.318785 0.440865
vt 0.323480 0.430673
vt 0.324539 0.431441
vt 0.672458 0.538168
vt 0.671595 0.538074
vt 0.669150 0.538030
vt 0.664359 0.538005
vt 0.664285 0.527197
vt 0.664326 0.516416
vt 0.664477 0.505931
vt 0.672843 0.495333
vt 0.758601 0.219113
vt 0.758374 0.229485
vt 0.757509 0.229680
vt 0.757734 0.219414
vt 0.758254 0.240320
vt 0.757390 0.240406
vt 0.755062 0.229787
vt 0.755286 0.219576
vt 0.754944 0.240455
vt 0.403652 0.541017
vt 0.392714 0.543627
vt 0.392511 0.542339
vt 0.403250 0.539777
vt 0.381493 0.544498
vt 0.381495 0.543194
vt 0.370272 0.543630
vt 0.370479 0.542342
vt 0.359334 0.541023
vt 0.359740 0.539783
vt 0.758247 0.251352
vt 0.757383 0.251326
vt 0.754937 0.251316
vt 0.750145 0.251315
vt 0.750153 0.240498
vt 0.750270 0.229875
vt 0.750493 0.219707
vt 0.755611 0.210084
vt 0.750817 0.210254
vt 0.758061 0.209871
vt 0.758931 0.209472
vt 0.162065 0.681892
vt 0.162078 0.677054
vt 0.162988 0.676661
vt 0.162976 0.681449
vt 0.162089 0.671311
vt 0.162999 0.670976
vt 0.130102 0.595185
vt 0.127774 0.590488
vt 0.130269 0.590662
vt 0.127608 0.594987
vt 0.127902 0.585078
vt 0.130398 0.585222
vt 0.766887 0.032131
vt 0.768906 0.037733
vt 0.767629 0.038097
vt 0.765647 0.032596
vt 0.770597 0.043702
vt 0.769290 0.043957
vt 0.771635 0.050404
vt 0.770308 0.050537
vt 0.771691 0.058205
vt 0.770364 0.058196
vt 0.162099 0.664210
vt 0.163009 0.663947
vt 0.127974 0.578300
vt 0.130470 0.578408
vt 0.123145 0.578282
vt 0.123073 0.585031
vt 0.122946 0.590419
vt 0.122780 0.594899
vt 0.127423 0.599030
vt 0.122596 0.598925
vt 0.129916 0.599250
vt 0.766943 0.038303
vt 0.764981 0.032858
vt 0.672649 0.548950
vt 0.672949 0.559237
vt 0.672081 0.558928
vt 0.671784 0.548746
vt 0.673350 0.568780
vt 0.672478 0.568374
vt 0.669633 0.558772
vt 0.669338 0.548645
vt 0.670028 0.568167
vt 0.330797 0.422132
vt 0.331721 0.423056
vt 0.339363 0.414832
vt 0.340132 0.415889
vt 0.348952 0.408938
vt 0.349546 0.410102
vt 0.349885 0.410747
vt 0.672965 0.576836
vt 0.670513 0.576583
vt 0.665716 0.576398
vt 0.665233 0.568017
vt 0.664840 0.558661
vt 0.664546 0.548575
vt 0.758354 0.262315
vt 0.758571 0.272948
vt 0.757704 0.272702
vt 0.757489 0.262178
vt 0.758891 0.282989
vt 0.758021 0.282642
vt 0.755256 0.272577
vt 0.755043 0.262109
vt 0.755571 0.282464
vt 0.348952 0.536705
vt 0.349546 0.535543
vt 0.339363 0.530814
vt 0.340132 0.529759
vt 0.330797 0.523516
vt 0.331721 0.522594
vt 0.332241 0.522097
vt 0.750777 0.282333
vt 0.750463 0.272487
vt 0.750251 0.262063
vt 0.162107 0.655464
vt 0.162112 0.645453
vt 0.163022 0.645381
vt 0.163017 0.655290
vt 0.162113 0.634722
vt 0.163023 0.634758
vt 0.130468 0.569924
vt 0.127885 0.560116
vt 0.130381 0.560126
vt 0.127972 0.569861
vt 0.127705 0.549581
vt 0.130200 0.549534
vt 0.770485 0.067307
vt 0.769179 0.067133
vt 0.767916 0.077257
vt 0.766657 0.076902
vt 0.763931 0.087436
vt 0.762745 0.086895
vt 0.758475 0.097224
vt 0.757388 0.096505
vt 0.127423 0.538773
vt 0.129916 0.538667
vt 0.122596 0.538919
vt 0.122877 0.549682
vt 0.123057 0.560173
vt 0.123143 0.569878
vt 0.317938 0.593076
vt 0.327725 0.603343
vt 0.317681 0.603184
vt 0.327980 0.593312
vt 0.327572 0.613822
vt 0.317527 0.613745
vt 0.339333 0.603526
vt 0.339586 0.593584
vt 0.339182 0.613912
vt 0.310602 0.583444
vt 0.310244 0.592895
vt 0.318294 0.583680
vt 0.309986 0.603063
vt 0.309831 0.613686
vt 0.317482 0.624498
vt 0.309786 0.624502
vt 0.327527 0.624493
vt 0.339138 0.624487
vt 0.351531 0.624480
vt 0.351575 0.614007
vt 0.351724 0.603721
vt 0.351975 0.593875
vt 0.339936 0.584344
vt 0.328332 0.583988
vt 0.658444 0.472287
vt 0.657908 0.479128
vt 0.647924 0.479537
vt 0.648456 0.472749
vt 0.657453 0.487168
vt 0.647473 0.487516
vt 0.937235 0.837530
vt 0.928470 0.849240
vt 0.928470 0.837632
vt 0.937156 0.849139
vt 0.762424 0.824425
vt 0.750833 0.815655
vt 0.762430 0.815966
vt 0.750826 0.824038
vt 0.309786 0.938585
vt 0.317482 0.948355
vt 0.309786 0.948319
vt 0.317482 0.938679
vt 0.216934 0.829913
vt 0.209252 0.820262
vt 0.216940 0.820418
vt 0.209246 0.829702
vt 0.657091 0.496221
vt 0.647113 0.496499
vt 0.750833 0.806371
vt 0.762430 0.806599
vt 0.171347 0.894960
vt 0.162065 0.907524
vt 0.162065 0.895142
vt 0.171258 0.907344
vt 0.023609 0.918581
vt 0.015229 0.931184
vt 0.015229 0.918800
vt 0.023529 0.930967
vt 0.821167 0.340147
vt 0.812480 0.340248
vt 0.510672 0.891967
vt 0.501155 0.904404
vt 0.501155 0.892012
vt 0.510580 0.904359
vt 0.369408 0.734435
vt 0.381181 0.743892
vt 0.369573 0.744036
vt 0.381018 0.734376
vt 0.839513 0.287363
vt 0.839442 0.279456
vt 0.849396 0.280353
vt 0.849467 0.288199
vt 0.177989 0.613863
vt 0.177975 0.604137
vt 0.188005 0.604400
vt 0.188019 0.614051
vt 0.177956 0.595241
vt 0.187986 0.595572
vt 0.199599 0.604704
vt 0.199613 0.614269
vt 0.199580 0.595955
vt 0.177998 0.624183
vt 0.863156 0.553126
vt 0.854736 0.552411
vt 0.015229 0.822850
vt 0.023652 0.823531
vt 0.023652 0.833518
vt 0.015293 0.832842
vt 0.023652 0.845061
vt 0.015368 0.844391
vt 0.622834 0.904249
vt 0.631118 0.904919
vt 0.631118 0.917240
vt 0.622914 0.916576
vt 0.211955 0.596364
vt 0.211974 0.605029
vt 0.211988 0.614501
vt 0.199622 0.624418
vt 0.188028 0.624292
vt 0.317546 0.635151
vt 0.327742 0.645121
vt 0.317699 0.645286
vt 0.327591 0.635064
vt 0.102359 0.683841
vt 0.104925 0.693304
vt 0.095255 0.695767
vt 0.092709 0.686377
vt 0.339351 0.644930
vt 0.339200 0.634963
vt 0.339565 0.653945
vt 0.327958 0.654216
vt 0.309850 0.635218
vt 0.099702 0.673734
vt 0.107246 0.701601
vt 0.097559 0.704000
vt 0.339819 0.661563
vt 0.328214 0.661904
vt 0.352205 0.661200
vt 0.351954 0.653655
vt 0.351742 0.644727
vt 0.351593 0.634856
vt 0.656833 0.506086
vt 0.656683 0.516510
vt 0.646708 0.516633
vt 0.646857 0.506289
vt 0.937164 0.350914
vt 0.927130 0.340175
vt 0.937164 0.340147
vt 0.927130 0.350859
vt 0.635179 0.516775
vt 0.635327 0.506523
vt 0.646669 0.527268
vt 0.635140 0.527315
vt 0.209252 0.810119
vt 0.216940 0.810216
vt 0.209246 0.799530
vt 0.216934 0.799564
vt 0.092712 0.824985
vt 0.100397 0.835796
vt 0.092709 0.835815
vt 0.100400 0.825029
vt 0.100400 0.846470
vt 0.092712 0.846552
vt 0.927572 0.077898
vt 0.937606 0.088468
vt 0.927572 0.088572
vt 0.937606 0.077875
vt 0.578320 0.885454
vt 0.567822 0.897028
vt 0.567727 0.885430
vt 0.578320 0.897051
vt 0.890423 0.279479
vt 0.880025 0.291835
vt 0.879924 0.279456
vt 0.890423 0.291858
vt 0.622834 0.527364
vt 0.622873 0.516926
vt 0.623019 0.506772
vt 0.635581 0.496821
vt 0.623270 0.497164
vt 0.750826 0.796396
vt 0.762424 0.796534
vt 0.379585 0.802773
vt 0.369605 0.794290
vt 0.379648 0.794162
vt 0.369542 0.802835
vt 0.369542 0.784861
vt 0.379585 0.784659
vt 0.937328 0.712367
vt 0.928860 0.723860
vt 0.928784 0.712251
vt 0.937328 0.723975
vt 0.422291 0.905988
vt 0.412946 0.917540
vt 0.412862 0.905930
vt 0.422291 0.917597
vt 0.100244 0.963018
vt 0.092753 0.970518
vt 0.092709 0.962823
vt 0.100244 0.970712
vt 0.022923 0.970304
vt 0.015229 0.961797
vt 0.022923 0.961642
vt 0.015229 0.970408
vt 0.742508 0.240561
vt 0.742625 0.230000
vt 0.742501 0.251314
vt 0.369354 0.774772
vt 0.379395 0.774493
vt 0.701450 0.895774
vt 0.691450 0.907370
vt 0.691360 0.895760
vt 0.701450 0.907384
vt 0.703752 0.821739
vt 0.691415 0.811783
vt 0.703808 0.811740
vt 0.691360 0.821686
vt 0.319131 0.895736
vt 0.309876 0.908071
vt 0.309786 0.895679
vt 0.319131 0.908128
vt 0.101177 0.919975
vt 0.092790 0.932252
vt 0.092709 0.919861
vt 0.101177 0.932366
vt 0.856125 0.926843
vt 0.848829 0.939042
vt 0.848758 0.926652
vt 0.856125 0.939231
vt 0.575161 0.927701
vt 0.567793 0.939116
vt 0.567727 0.927508
vt 0.575161 0.939306
vt 0.379395 0.810264
vt 0.369354 0.810269
vt 0.177956 0.680790
vt 0.177968 0.676075
vt 0.187998 0.675786
vt 0.187986 0.680465
vt 0.177979 0.670477
vt 0.188009 0.670231
vt 0.199592 0.675452
vt 0.199580 0.680089
vt 0.199603 0.669947
vt 0.121161 0.721055
vt 0.122516 0.725231
vt 0.115047 0.726921
vt 0.113700 0.722770
vt 0.170270 0.681039
vt 0.170282 0.676296
vt 0.170293 0.670666
vt 0.170303 0.663704
vt 0.177989 0.663556
vt 0.188019 0.663363
vt 0.199612 0.663140
vt 0.211978 0.669644
vt 0.211967 0.675096
vt 0.211955 0.679688
vt 0.252766 0.952504
vt 0.257042 0.952127
vt 0.257001 0.964456
vt 0.252766 0.964830
vt 0.103963 0.725007
vt 0.105300 0.729126
vt 0.094034 0.731675
vt 0.092709 0.727593
vt 0.328577 0.710793
vt 0.319005 0.720739
vt 0.318852 0.710703
vt 0.328656 0.720828
vt 0.310178 0.720663
vt 0.309956 0.710627
vt 0.319183 0.732339
vt 0.328747 0.732427
vt 0.310434 0.732264
vt 0.338896 0.703206
vt 0.328516 0.703104
vt 0.338896 0.710895
vt 0.318734 0.703014
vt 0.309786 0.702937
vt 0.311051 0.574956
vt 0.318741 0.575241
vt 0.328776 0.575614
vt 0.340375 0.576045
vt 0.338896 0.732527
vt 0.338896 0.720929
vt 0.936792 0.025998
vt 0.926747 0.015272
vt 0.936792 0.015229
vt 0.926747 0.025958
vt 0.927794 0.883576
vt 0.937839 0.894222
vt 0.927794 0.894247
vt 0.937839 0.883634
vt 0.369573 0.702937
vt 0.381020 0.713750
vt 0.369410 0.713623
vt 0.381181 0.703160
vt 0.380964 0.724244
vt 0.369354 0.724211
vt 0.061806 0.844344
vt 0.054164 0.833691
vt 0.061861 0.833682
vt 0.054110 0.844290
vt 0.054110 0.822922
vt 0.061806 0.822850
vt 0.809233 0.929674
vt 0.816929 0.940388
vt 0.809233 0.940407
vt 0.816929 0.929718
vt 0.935212 0.471367
vt 0.942909 0.481733
vt 0.935212 0.481731
vt 0.942909 0.471430
vt 0.839442 0.296331
vt 0.849396 0.297098
vt 0.309786 0.811534
vt 0.322233 0.821603
vt 0.309840 0.821666
vt 0.322179 0.811568
vt 0.309840 0.801040
vt 0.322233 0.801175
vt 0.103300 0.877010
vt 0.092762 0.889403
vt 0.092709 0.877010
vt 0.103251 0.889403
vt 0.691360 0.801459
vt 0.703752 0.801315
vt 0.379872 0.886743
vt 0.369426 0.898353
vt 0.369354 0.886743
vt 0.379850 0.898353
vt 0.937839 0.935304
vt 0.927794 0.924767
vt 0.937839 0.924704
vt 0.927794 0.935285
vt 0.177996 0.655032
vt 0.178001 0.645274
vt 0.188031 0.645221
vt 0.188027 0.654904
vt 0.178002 0.634814
vt 0.188032 0.634842
vt 0.199625 0.645161
vt 0.199620 0.654757
vt 0.199626 0.634874
vt 0.170311 0.655129
vt 0.170316 0.645314
vt 0.170317 0.634793
vt 0.109209 0.708369
vt 0.110873 0.713872
vt 0.101158 0.716177
vt 0.099507 0.710716
vt 0.112336 0.718531
vt 0.102610 0.720801
vt 0.328489 0.667887
vt 0.340375 0.672045
vt 0.328776 0.672479
vt 0.340091 0.667493
vt 0.590421 0.594626
vt 0.586724 0.606091
vt 0.586691 0.594486
vt 0.590421 0.606230
vt 0.116643 0.706570
vt 0.118317 0.712105
vt 0.119789 0.716792
vt 0.582883 0.605988
vt 0.582815 0.594382
vt 0.582955 0.618377
vt 0.586760 0.618479
vt 0.590421 0.618617
vt 0.352756 0.671580
vt 0.352475 0.667073
vt 0.221009 0.767623
vt 0.221009 0.761725
vt 0.221865 0.762118
vt 0.221865 0.767956
vt 0.976461 0.207808
vt 0.976461 0.213899
vt 0.975743 0.213911
vt 0.975743 0.207882
vt 0.369354 0.971999
vt 0.371854 0.976588
vt 0.369354 0.976708
vt 0.371854 0.971905
vt 0.883277 0.137163
vt 0.883294 0.132203
vt 0.885730 0.132538
vt 0.885714 0.137471
vt 0.974695 0.471367
vt 0.974695 0.479168
vt 0.973366 0.479048
vt 0.973366 0.471389
vt 0.758475 0.015229
vt 0.762091 0.020965
vt 0.760939 0.021635
vt 0.757388 0.016002
vt 0.764733 0.026579
vt 0.763532 0.027146
vt 0.534096 0.978487
vt 0.534096 0.984334
vt 0.533381 0.984337
vt 0.533381 0.978550
vt 0.883277 0.127682
vt 0.885714 0.128041
vt 0.892418 0.968903
vt 0.888488 0.973636
vt 0.888472 0.968808
vt 0.892418 0.973730
vt 0.890512 0.132934
vt 0.890496 0.137847
vt 0.885632 0.143277
vt 0.890414 0.143629
vt 0.920970 0.170945
vt 0.925798 0.177076
vt 0.920970 0.177042
vt 0.925798 0.171004
vt 0.123714 0.704982
vt 0.121307 0.705457
vt 0.130702 0.970053
vt 0.130702 0.962823
vt 0.131562 0.963147
vt 0.131562 0.970303
vt 0.548082 0.558022
vt 0.565393 0.560439
vt 0.548352 0.562252
vt 0.564929 0.556426
vt 0.205235 0.561587
vt 0.188709 0.556343
vt 0.205531 0.558177
vt 0.565405 0.563924
vt 0.580500 0.556615
vt 0.579521 0.553063
vt 0.579972 0.560462
vt 0.531012 0.558667
vt 0.531256 0.562981
vt 0.222318 0.562480
vt 0.222590 0.558986
vt 0.579332 0.563657
vt 0.588050 0.559550
vt 0.591005 0.555152
vt 0.592376 0.550043
vt 0.582226 0.746835
vt 0.587866 0.746229
vt 0.590552 0.547215
vt 0.967621 0.340147
vt 0.969382 0.349887
vt 0.967621 0.354955
vt 0.365071 0.666645
vt 0.378435 0.670618
vt 0.365350 0.671108
vt 0.378159 0.666201
vt 0.590421 0.631216
vt 0.586833 0.644172
vt 0.586796 0.631079
vt 0.590421 0.644307
vt 0.501388 0.559506
vt 0.515710 0.563476
vt 0.501638 0.563924
vt 0.515462 0.559108
vt 0.251920 0.563664
vt 0.238131 0.559563
vt 0.252198 0.560085
vt 0.237856 0.563101
vt 0.364804 0.660830
vt 0.583029 0.630978
vt 0.583106 0.644071
vt 0.238378 0.555884
vt 0.252447 0.556364
vt 0.515232 0.553416
vt 0.501155 0.553750
vt 0.377895 0.660446
vt 0.514097 0.213140
vt 0.514033 0.210762
vt 0.526586 0.210498
vt 0.526664 0.212875
vt 0.513999 0.209925
vt 0.526459 0.209663
vt 0.538198 0.210348
vt 0.538290 0.212725
vt 0.537985 0.209514
vt 0.501361 0.218187
vt 0.501204 0.213529
vt 0.514213 0.217799
vt 0.501155 0.211151
vt 0.501217 0.210311
vt 0.162084 0.090605
vt 0.163373 0.090705
vt 0.163355 0.103315
vt 0.162065 0.103417
vt 0.164997 0.115505
vt 0.163734 0.115802
vt 0.167907 0.126696
vt 0.166691 0.127172
vt 0.171695 0.136309
vt 0.170539 0.136939
vt 0.547967 0.209472
vt 0.548254 0.210306
vt 0.548357 0.212682
vt 0.538331 0.217386
vt 0.548368 0.217343
vt 0.526742 0.217535
vt 0.577794 0.213454
vt 0.577656 0.211076
vt 0.582177 0.211329
vt 0.582320 0.213707
vt 0.194673 0.165189
vt 0.195053 0.164683
vt 0.200809 0.168827
vt 0.200473 0.169364
vt 0.272857 0.711750
vt 0.270477 0.711675
vt 0.270129 0.706105
vt 0.272509 0.706173
vt 0.207608 0.172553
vt 0.207323 0.173117
vt 0.573024 0.217901
vt 0.573090 0.213241
vt 0.577713 0.218112
vt 0.572958 0.210864
vt 0.189399 0.160805
vt 0.189817 0.160331
vt 0.190669 0.159333
vt 0.195823 0.163617
vt 0.201489 0.167695
vt 0.208180 0.171362
vt 0.216411 0.174413
vt 0.215971 0.175652
vt 0.269282 0.705690
vt 0.268951 0.698486
vt 0.269796 0.698847
vt 0.272175 0.698907
vt 0.277167 0.706007
vt 0.276834 0.698763
vt 0.277514 0.711566
vt 0.582225 0.218364
vt 0.271865 0.689572
vt 0.269485 0.689523
vt 0.269223 0.678491
vt 0.271602 0.678527
vt 0.268643 0.689231
vt 0.268382 0.678280
vt 0.269039 0.666292
vt 0.271418 0.666314
vt 0.268200 0.666172
vt 0.276524 0.689457
vt 0.226503 0.176626
vt 0.226224 0.177900
vt 0.238012 0.177722
vt 0.237917 0.179014
vt 0.250307 0.177407
vt 0.250408 0.178694
vt 0.262752 0.175387
vt 0.263053 0.176641
vt 0.268124 0.653445
vt 0.268962 0.653470
vt 0.271341 0.653477
vt 0.276079 0.666272
vt 0.276002 0.653474
vt 0.276262 0.678446
vt 0.271395 0.640520
vt 0.269017 0.640527
vt 0.269202 0.627816
vt 0.271581 0.627794
vt 0.268177 0.640598
vt 0.268361 0.627981
vt 0.269511 0.615649
vt 0.271891 0.615613
vt 0.268668 0.615904
vt 0.276056 0.640557
vt 0.274775 0.171443
vt 0.275268 0.172635
vt 0.286044 0.165665
vt 0.286718 0.166765
vt 0.296290 0.158221
vt 0.297127 0.159201
vt 0.305240 0.149275
vt 0.306220 0.150112
vt 0.269093 0.604679
vt 0.269939 0.604340
vt 0.272319 0.604290
vt 0.276550 0.615727
vt 0.276977 0.604440
vt 0.276241 0.627871
vt 0.015229 0.281116
vt 0.015288 0.278726
vt 0.025996 0.278699
vt 0.025949 0.281088
vt 0.015672 0.277847
vt 0.026300 0.277820
vt 0.037702 0.278676
vt 0.037668 0.281066
vt 0.037919 0.277797
vt 0.272857 0.594122
vt 0.277514 0.594303
vt 0.270477 0.594183
vt 0.269627 0.594597
vt 0.312649 0.139016
vt 0.313747 0.139689
vt 0.318370 0.127717
vt 0.319561 0.128210
vt 0.322284 0.115671
vt 0.323536 0.115971
vt 0.324267 0.103173
vt 0.325552 0.103272
vt 0.050249 0.277781
vt 0.050123 0.278660
vt 0.050104 0.281049
vt 0.037761 0.285721
vt 0.050159 0.285704
vt 0.026078 0.285743
vt 0.015392 0.285771
vt 0.062968 0.281040
vt 0.062972 0.278650
vt 0.075931 0.278647
vt 0.075942 0.281036
vt 0.063002 0.277771
vt 0.075865 0.277768
vt 0.088676 0.278650
vt 0.088702 0.281040
vt 0.088516 0.277771
vt 0.062982 0.285694
vt 0.324232 0.090518
vt 0.325516 0.090415
vt 0.322220 0.078013
vt 0.323472 0.077710
vt 0.318307 0.065967
vt 0.319496 0.065472
vt 0.312566 0.054689
vt 0.313664 0.054013
vt 0.100634 0.277781
vt 0.100884 0.278660
vt 0.100924 0.281049
vt 0.088636 0.285694
vt 0.100821 0.285704
vt 0.075916 0.285691
vt 0.112299 0.281066
vt 0.112246 0.278676
vt 0.122506 0.278699
vt 0.122571 0.281088
vt 0.111912 0.277797
vt 0.122096 0.277820
vt 0.015229 0.019921
vt 0.015278 0.017540
vt 0.025897 0.017012
vt 0.025860 0.019392
vt 0.015662 0.016690
vt 0.026202 0.016166
vt 0.112161 0.285721
vt 0.305101 0.044472
vt 0.306079 0.043632
vt 0.296124 0.035537
vt 0.296959 0.034555
vt 0.285879 0.028093
vt 0.286549 0.026991
vt 0.274607 0.022344
vt 0.275097 0.021150
vt 0.037756 0.015748
vt 0.037536 0.016591
vt 0.037513 0.018971
vt 0.026012 0.024050
vt 0.037629 0.023630
vt 0.015414 0.024577
vt 0.122401 0.285743
vt 0.049924 0.018670
vt 0.049933 0.016291
vt 0.062776 0.016116
vt 0.062781 0.018495
vt 0.050061 0.015450
vt 0.062808 0.015276
vt 0.075738 0.016068
vt 0.075759 0.018447
vt 0.075674 0.015229
vt 0.050002 0.023331
vt 0.262562 0.018466
vt 0.262860 0.017211
vt 0.250049 0.016515
vt 0.250147 0.015229
vt 0.237385 0.016515
vt 0.237280 0.015229
vt 0.224887 0.018491
vt 0.224582 0.017236
vt 0.088337 0.015311
vt 0.088495 0.016151
vt 0.088531 0.018530
vt 0.075756 0.023108
vt 0.088489 0.023191
vt 0.062819 0.023156
vt 0.100782 0.018745
vt 0.100732 0.016365
vt 0.112165 0.016703
vt 0.112228 0.019083
vt 0.100483 0.015524
vt 0.111832 0.015859
vt 0.122520 0.017154
vt 0.122595 0.019535
vt 0.122110 0.016307
vt 0.100701 0.023405
vt 0.212864 0.022435
vt 0.212367 0.021243
vt 0.201595 0.028212
vt 0.200917 0.027113
vt 0.191350 0.035657
vt 0.190508 0.034677
vt 0.182400 0.044602
vt 0.181415 0.043765
vt 0.190095 0.034212
vt 0.180934 0.043369
vt 0.131522 0.017709
vt 0.131608 0.020090
vt 0.122447 0.024192
vt 0.131432 0.024746
vt 0.112112 0.023742
vt 0.622832 0.212755
vt 0.622963 0.210379
vt 0.634168 0.210305
vt 0.634049 0.212681
vt 0.623340 0.209546
vt 0.634462 0.209472
vt 0.646241 0.210379
vt 0.646137 0.212755
vt 0.646446 0.209546
vt 0.612804 0.217638
vt 0.612777 0.212979
vt 0.622828 0.217415
vt 0.612921 0.210602
vt 0.613372 0.209767
vt 0.174991 0.054861
vt 0.173888 0.054188
vt 0.169269 0.066160
vt 0.168074 0.065668
vt 0.165356 0.078206
vt 0.164099 0.077906
vt 0.659001 0.209767
vt 0.658890 0.210602
vt 0.658800 0.212979
vt 0.646060 0.217415
vt 0.658685 0.217638
vt 0.634010 0.217341
vt 0.714723 0.160179
vt 0.708805 0.148546
vt 0.726921 0.124181
vt 0.726921 0.155616
vt 0.515426 0.652515
vt 0.521539 0.644141
vt 0.552357 0.644673
vt 0.525667 0.659146
vt 0.515149 0.636377
vt 0.524201 0.632069
vt 0.522185 0.621860
vt 0.534253 0.620207
vt 0.540170 0.608546
vt 0.552357 0.613161
vt 0.766765 0.727445
vt 0.778997 0.732508
vt 0.778997 0.765938
vt 0.760644 0.740322
vt 0.029741 0.690139
vt 0.043264 0.688337
vt 0.062251 0.717633
vt 0.031518 0.704477
vt 0.049832 0.675556
vt 0.062251 0.682170
vt 0.703783 0.728783
vt 0.710353 0.741566
vt 0.691360 0.770858
vt 0.691380 0.735395
vt 0.174364 0.728338
vt 0.180671 0.741337
vt 0.162066 0.769073
vt 0.162066 0.734162
vt 0.638734 0.764901
vt 0.632616 0.752030
vt 0.650949 0.726493
vt 0.650949 0.759891
vt 0.709819 0.174209
vt 0.705511 0.168013
vt 0.716825 0.172874
vt 0.698978 0.160706
vt 0.726791 0.172209
vt 0.501155 0.654772
vt 0.503955 0.649801
vt 0.505955 0.658960
vt 0.506119 0.643304
vt 0.511633 0.666037
vt 0.501390 0.633264
vt 0.505589 0.630792
vt 0.504150 0.637318
vt 0.509887 0.626216
vt 0.510220 0.613662
vt 0.516326 0.611931
vt 0.510660 0.619391
vt 0.524445 0.607932
vt 0.535288 0.594382
vt 0.542283 0.595766
vt 0.530977 0.600611
vt 0.552241 0.596465
vt 0.761871 0.712251
vt 0.768896 0.713914
vt 0.757530 0.718767
vt 0.778876 0.714841
vt 0.750826 0.726818
vt 0.016879 0.679356
vt 0.023987 0.677239
vt 0.016710 0.687239
vt 0.033188 0.672959
vt 0.015229 0.697637
vt 0.044893 0.659023
vt 0.052109 0.661545
vt 0.040345 0.665366
vt 0.062220 0.663528
vt 0.708639 0.712251
vt 0.713210 0.718596
vt 0.701456 0.714772
vt 0.720369 0.726189
vt 0.691360 0.716753
vt 0.179208 0.712349
vt 0.183656 0.718860
vt 0.172129 0.714415
vt 0.190551 0.726781
vt 0.162104 0.715811
vt 0.633882 0.779983
vt 0.629534 0.773488
vt 0.640887 0.778371
vt 0.622834 0.765433
vt 0.650852 0.777483
vt 0.316715 0.295722
vt 0.318215 0.306863
vt 0.315816 0.307428
vt 0.314265 0.295916
vt 0.320875 0.317090
vt 0.318564 0.317996
vt 0.313416 0.307993
vt 0.311815 0.296111
vt 0.316253 0.318902
vt 0.318760 0.284355
vt 0.318744 0.295561
vt 0.316731 0.284198
vt 0.320204 0.306394
vt 0.322790 0.316340
vt 0.326156 0.324883
vt 0.324337 0.325876
vt 0.322141 0.327074
vt 0.319945 0.328273
vt 0.318126 0.329266
vt 0.314338 0.319653
vt 0.311428 0.308461
vt 0.309786 0.296271
vt 0.311833 0.283819
vt 0.309803 0.283661
vt 0.314282 0.284008
vt 0.346386 0.350832
vt 0.351565 0.354559
vt 0.350276 0.356713
vt 0.344925 0.352862
vt 0.357680 0.357910
vt 0.356595 0.360176
vt 0.348987 0.358867
vt 0.343464 0.354892
vt 0.355510 0.362442
vt 0.343018 0.345343
vt 0.347597 0.349150
vt 0.341677 0.346917
vt 0.352632 0.352774
vt 0.358579 0.356033
vt 0.365894 0.358743
vt 0.365202 0.360698
vt 0.364368 0.363056
vt 0.363533 0.365415
vt 0.362842 0.367369
vt 0.354611 0.364319
vt 0.347919 0.360652
vt 0.342253 0.356574
vt 0.338441 0.350716
vt 0.337100 0.352290
vt 0.340059 0.348816
vt 0.374425 0.362720
vt 0.384943 0.363722
vt 0.384767 0.366182
vt 0.373898 0.365146
vt 0.396179 0.363434
vt 0.396376 0.365884
vt 0.384590 0.368641
vt 0.373370 0.367572
vt 0.396574 0.368334
vt 0.374862 0.360710
vt 0.385090 0.361685
vt 0.396015 0.361405
vt 0.407075 0.359609
vt 0.407553 0.361588
vt 0.408129 0.363976
vt 0.408705 0.366364
vt 0.409183 0.368343
vt 0.396738 0.370364
vt 0.384443 0.370679
vt 0.372934 0.369582
vt 0.418540 0.357984
vt 0.428839 0.352704
vt 0.430125 0.354796
vt 0.419483 0.360252
vt 0.438202 0.345900
vt 0.439800 0.347766
vt 0.431410 0.356888
vt 0.420425 0.362520
vt 0.441397 0.349631
vt 0.417759 0.356104
vt 0.427774 0.350970
vt 0.436879 0.344354
vt 0.444832 0.336405
vt 0.446381 0.337725
vt 0.448251 0.339318
vt 0.450121 0.340912
vt 0.451670 0.342232
vt 0.442720 0.351177
vt 0.432475 0.358622
vt 0.421206 0.364399
vt 0.453152 0.328350
vt 0.458381 0.318023
vt 0.460651 0.318960
vt 0.455248 0.329631
vt 0.461958 0.307015
vt 0.464346 0.307585
vt 0.462921 0.319897
vt 0.457343 0.330912
vt 0.466735 0.308155
vt 0.451416 0.327288
vt 0.456501 0.317247
vt 0.459978 0.306542
vt 0.461741 0.295435
vt 0.463770 0.295593
vt 0.466219 0.295782
vt 0.468669 0.295972
vt 0.470698 0.296129
vt 0.468714 0.308628
vt 0.464801 0.320674
vt 0.459079 0.331973
vt 0.463738 0.284027
vt 0.461900 0.272599
vt 0.464287 0.272023
vt 0.466186 0.283832
vt 0.458324 0.261591
vt 0.460591 0.260648
vt 0.466674 0.271447
vt 0.468634 0.283636
vt 0.462859 0.259705
vt 0.461710 0.284189
vt 0.459922 0.273077
vt 0.456445 0.262372
vt 0.451343 0.252350
vt 0.453077 0.251284
vt 0.455170 0.249998
vt 0.457263 0.248712
vt 0.458997 0.247646
vt 0.464738 0.258924
vt 0.468651 0.270969
vt 0.470663 0.283474
vt 0.446254 0.241946
vt 0.438051 0.233781
vt 0.439643 0.231912
vt 0.448120 0.240349
vt 0.428688 0.226978
vt 0.429968 0.224882
vt 0.441236 0.230043
vt 0.449986 0.238752
vt 0.431249 0.222786
vt 0.444709 0.243270
vt 0.436731 0.235330
vt 0.427627 0.228714
vt 0.417610 0.223605
vt 0.418386 0.221724
vt 0.419324 0.219453
vt 0.420261 0.217182
vt 0.421037 0.215300
vt 0.432310 0.221049
vt 0.442555 0.228494
vt 0.451531 0.237428
vt 0.407379 0.218180
vt 0.395944 0.216397
vt 0.396133 0.213949
vt 0.407949 0.215791
vt 0.384370 0.216397
vt 0.384175 0.213949
vt 0.396323 0.211501
vt 0.408520 0.213402
vt 0.383979 0.211501
vt 0.406906 0.220160
vt 0.395787 0.218426
vt 0.384533 0.218426
vt 0.373426 0.220182
vt 0.372949 0.218203
vt 0.372372 0.215815
vt 0.371796 0.213426
vt 0.371318 0.211447
vt 0.383816 0.209472
vt 0.396480 0.209472
vt 0.408993 0.211423
vt 0.361961 0.221807
vt 0.351662 0.227087
vt 0.350376 0.224995
vt 0.361019 0.219539
vt 0.342299 0.233891
vt 0.340702 0.232025
vt 0.349091 0.222902
vt 0.360076 0.217271
vt 0.339104 0.230159
vt 0.362742 0.223686
vt 0.352727 0.228821
vt 0.343623 0.235436
vt 0.335669 0.243386
vt 0.334120 0.242066
vt 0.332250 0.240473
vt 0.330380 0.238879
vt 0.328831 0.237559
vt 0.337781 0.228613
vt 0.348026 0.221169
vt 0.359295 0.215391
vt 0.327349 0.251441
vt 0.322120 0.261767
vt 0.319850 0.260830
vt 0.325253 0.250160
vt 0.318543 0.272776
vt 0.316155 0.272206
vt 0.317580 0.259893
vt 0.323158 0.248879
vt 0.313766 0.271635
vt 0.329085 0.252503
vt 0.324000 0.262544
vt 0.320523 0.273248
vt 0.311787 0.271163
vt 0.315700 0.259117
vt 0.321422 0.247818
vt 0.623523 0.423111
vt 0.623500 0.416163
vt 0.632996 0.416100
vt 0.632961 0.423049
vt 0.623473 0.408351
vt 0.633036 0.408287
vt 0.643229 0.416163
vt 0.643130 0.423111
vt 0.643340 0.408351
vt 0.615133 0.429599
vt 0.615064 0.423299
vt 0.623544 0.429412
vt 0.614988 0.416352
vt 0.614902 0.408541
vt 0.614804 0.399650
vt 0.623443 0.399458
vt 0.633081 0.399394
vt 0.643467 0.399458
vt 0.654348 0.399650
vt 0.654136 0.408541
vt 0.653950 0.416352
vt 0.653784 0.423299
vt 0.643040 0.429412
vt 0.653634 0.429599
vt 0.632928 0.429350
vt 0.623409 0.389359
vt 0.623372 0.378288
vt 0.633189 0.378223
vt 0.633133 0.389295
vt 0.623332 0.366568
vt 0.633249 0.366503
vt 0.643768 0.378288
vt 0.643611 0.389359
vt 0.643935 0.366568
vt 0.614693 0.389553
vt 0.614572 0.378483
vt 0.614443 0.366766
vt 0.614311 0.354724
vt 0.623291 0.354524
vt 0.633311 0.354458
vt 0.644107 0.354524
vt 0.655418 0.354724
vt 0.655131 0.366766
vt 0.654852 0.378483
vt 0.654588 0.389553
vt 0.623250 0.342427
vt 0.623209 0.330329
vt 0.633434 0.330261
vt 0.633372 0.342359
vt 0.623169 0.318231
vt 0.633496 0.318162
vt 0.644452 0.330329
vt 0.644279 0.342427
vt 0.644624 0.318231
vt 0.614178 0.342628
vt 0.614045 0.330532
vt 0.613912 0.318436
vt 0.613779 0.306341
vt 0.623128 0.306133
vt 0.633558 0.306064
vt 0.644796 0.306133
vt 0.656571 0.306341
vt 0.656283 0.318436
vt 0.655995 0.330532
vt 0.655706 0.342628
vt 0.623087 0.294035
vt 0.623046 0.281937
vt 0.633681 0.281867
vt 0.633619 0.293965
vt 0.623005 0.269839
vt 0.633743 0.269768
vt 0.645141 0.281937
vt 0.644969 0.294035
vt 0.645313 0.269839
vt 0.613646 0.294245
vt 0.613513 0.282149
vt 0.613380 0.270053
vt 0.613248 0.257957
vt 0.622964 0.257742
vt 0.633805 0.257670
vt 0.645486 0.257742
vt 0.657724 0.257957
vt 0.657436 0.270053
vt 0.657147 0.282149
vt 0.656859 0.294245
vt 0.096541 0.229083
vt 0.096658 0.222160
vt 0.106366 0.222423
vt 0.106173 0.229365
vt 0.096791 0.214389
vt 0.106589 0.214621
vt 0.115150 0.222801
vt 0.114896 0.229744
vt 0.115437 0.214996
vt 0.086169 0.235200
vt 0.086233 0.228917
vt 0.096417 0.235380
vt 0.086276 0.222095
vt 0.086252 0.214560
vt 0.085957 0.205198
vt 0.097251 0.205468
vt 0.106944 0.205736
vt 0.115775 0.206110
vt 0.123509 0.206585
vt 0.123122 0.215468
vt 0.122782 0.223271
vt 0.122479 0.230212
vt 0.114665 0.236040
vt 0.122205 0.236505
vt 0.105993 0.235662
vt 0.098443 0.195308
vt 0.099200 0.184316
vt 0.107956 0.184574
vt 0.107481 0.195636
vt 0.098922 0.172761
vt 0.108144 0.172888
vt 0.116602 0.184954
vt 0.116177 0.196017
vt 0.117014 0.173247
vt 0.090229 0.194605
vt 0.091465 0.184190
vt 0.090528 0.173352
vt 0.086418 0.161164
vt 0.098163 0.160753
vt 0.108243 0.160870
vt 0.117425 0.161214
vt 0.125464 0.161702
vt 0.124940 0.173732
vt 0.124430 0.185438
vt 0.123948 0.196497
vt 0.098116 0.148518
vt 0.098364 0.136294
vt 0.108833 0.136610
vt 0.108489 0.148755
vt 0.098611 0.124055
vt 0.109191 0.124461
vt 0.118300 0.137026
vt 0.117856 0.149122
vt 0.118745 0.124930
vt 0.086966 0.148087
vt 0.087176 0.136094
vt 0.087228 0.124075
vt 0.086953 0.110902
vt 0.099167 0.111794
vt 0.109649 0.112340
vt 0.119203 0.112837
vt 0.127571 0.113364
vt 0.127044 0.125449
vt 0.126517 0.137533
vt 0.125991 0.149617
vt 0.100482 0.099745
vt 0.101302 0.087890
vt 0.110780 0.088231
vt 0.110264 0.100271
vt 0.100986 0.076027
vt 0.110967 0.076190
vt 0.120145 0.088668
vt 0.119680 0.100750
vt 0.120568 0.076585
vt 0.091596 0.098710
vt 0.092934 0.087653
vt 0.091908 0.076584
vt 0.087441 0.064359
vt 0.100143 0.063975
vt 0.111045 0.064120
vt 0.120979 0.064499
vt 0.129677 0.065027
vt 0.129150 0.077111
vt 0.128624 0.089196
vt 0.128097 0.101280
vt 0.053760 0.229064
vt 0.053651 0.222448
vt 0.064515 0.222439
vt 0.064574 0.228934
vt 0.053616 0.215614
vt 0.064451 0.215946
vt 0.075475 0.222259
vt 0.075489 0.228877
vt 0.075366 0.215426
vt 0.043490 0.235569
vt 0.043318 0.229288
vt 0.053872 0.235317
vt 0.043148 0.222468
vt 0.043006 0.214933
vt 0.043047 0.205569
vt 0.054105 0.209204
vt 0.064386 0.210077
vt 0.074716 0.209026
vt 0.075484 0.235131
vt 0.064628 0.235170
vt 0.643315 0.611486
vt 0.644639 0.615688
vt 0.638301 0.616645
vt 0.636575 0.612637
vt 0.646197 0.619994
vt 0.640259 0.620759
vt 0.631699 0.619118
vt 0.629511 0.615435
vt 0.634115 0.622906
vt 0.648476 0.607725
vt 0.649042 0.611184
vt 0.587198 0.778338
vt 0.590355 0.783572
vt 0.586850 0.784361
vt 0.650041 0.615498
vt 0.651277 0.619915
vt 0.652557 0.623688
vt 0.647743 0.623674
vt 0.642134 0.624279
vt 0.636368 0.626157
vt 0.631094 0.629961
vt 0.628432 0.627133
vt 0.625520 0.623854
vt 0.622834 0.620680
vt 0.586148 0.799098
vt 0.590298 0.797550
vt 0.590355 0.804461
vt 0.585946 0.806452
vt 0.586475 0.791504
vt 0.590308 0.790362
vt 0.052375 0.147208
vt 0.052091 0.136226
vt 0.063774 0.136071
vt 0.063857 0.146518
vt 0.051974 0.125226
vt 0.063678 0.125615
vt 0.075557 0.136023
vt 0.075441 0.147008
vt 0.075469 0.125023
vt 0.041845 0.161549
vt 0.041176 0.148482
vt 0.053182 0.156850
vt 0.040793 0.136495
vt 0.040511 0.124479
vt 0.040463 0.111304
vt 0.052448 0.115523
vt 0.063586 0.116550
vt 0.074775 0.115330
vt 0.074746 0.156664
vt 0.063920 0.155561
vt 0.815013 0.040923
vt 0.810335 0.041054
vt 0.810122 0.033249
vt 0.814872 0.033189
vt 0.805805 0.041278
vt 0.805651 0.033544
vt 0.809868 0.024413
vt 0.814699 0.024442
vt 0.805452 0.024798
vt 0.819004 0.046769
vt 0.815114 0.046936
vt 0.819068 0.040915
vt 0.810494 0.047119
vt 0.805915 0.047290
vt 0.802149 0.047418
vt 0.802195 0.041565
vt 0.802234 0.034047
vt 0.802230 0.025568
vt 0.802149 0.016806
vt 0.725421 0.075365
vt 0.724270 0.064658
vt 0.726931 0.064871
vt 0.805206 0.015719
vt 0.809584 0.015229
vt 0.814500 0.015362
vt 0.819173 0.024916
vt 0.819174 0.016151
vt 0.819131 0.033397
vt 0.105207 0.491077
vt 0.105446 0.484141
vt 0.114172 0.484165
vt 0.113853 0.491096
vt 0.105718 0.476343
vt 0.114559 0.476378
vt 0.024568 0.230070
vt 0.024264 0.223132
vt 0.033274 0.222708
vt 0.033513 0.229628
vt 0.023911 0.215335
vt 0.032991 0.214941
vt 0.095478 0.497353
vt 0.095637 0.491063
vt 0.104994 0.497367
vt 0.095812 0.484126
vt 0.096009 0.476327
vt 0.096233 0.467449
vt 0.106021 0.467466
vt 0.114946 0.467507
vt 0.023412 0.206457
vt 0.032366 0.206029
vt 0.033741 0.235921
vt 0.024848 0.236364
vt 0.113587 0.497386
vt 0.106352 0.457383
vt 0.106718 0.446330
vt 0.115678 0.446371
vt 0.115283 0.457420
vt 0.107122 0.434634
vt 0.116230 0.434702
vt 0.022721 0.196368
vt 0.022078 0.185316
vt 0.030105 0.184913
vt 0.031027 0.195890
vt 0.021702 0.173635
vt 0.030180 0.173355
vt 0.096487 0.457366
vt 0.096767 0.446313
vt 0.097062 0.434613
vt 0.097365 0.422588
vt 0.107540 0.422613
vt 0.116817 0.422701
vt 0.021411 0.161620
vt 0.030724 0.161336
vt 0.038037 0.173806
vt 0.037309 0.184658
vt 0.038693 0.195050
vt 0.107948 0.410532
vt 0.108353 0.398447
vt 0.117781 0.398468
vt 0.117309 0.410599
vt 0.108766 0.386363
vt 0.118321 0.386337
vt 0.020979 0.149511
vt 0.020449 0.137374
vt 0.030159 0.136883
vt 0.030591 0.149101
vt 0.019897 0.125233
vt 0.029698 0.124650
vt 0.097670 0.410510
vt 0.097975 0.398432
vt 0.098280 0.386354
vt 0.098585 0.374276
vt 0.109177 0.374282
vt 0.118840 0.374235
vt 0.019245 0.113121
vt 0.028923 0.112401
vt 0.109575 0.362207
vt 0.109975 0.350136
vt 0.119682 0.350155
vt 0.119252 0.362181
vt 0.110393 0.338065
vt 0.120254 0.338131
vt 0.018445 0.101064
vt 0.017745 0.089035
vt 0.026434 0.088536
vt 0.027432 0.100376
vt 0.017366 0.076998
vt 0.026541 0.076670
vt 0.098890 0.362198
vt 0.099195 0.350120
vt 0.099500 0.338042
vt 0.099805 0.325964
vt 0.110813 0.325990
vt 0.120850 0.326079
vt 0.017094 0.064932
vt 0.027167 0.064605
vt 0.039192 0.064776
vt 0.035037 0.077076
vt 0.034224 0.088160
vt 0.035719 0.099193
vt 0.063703 0.491055
vt 0.063679 0.484118
vt 0.074662 0.484115
vt 0.074618 0.491052
vt 0.063651 0.476318
vt 0.074711 0.476315
vt 0.085465 0.484118
vt 0.085354 0.491055
vt 0.085589 0.476318
vt 0.052964 0.497353
vt 0.052881 0.491063
vt 0.063725 0.497345
vt 0.052789 0.484126
vt 0.052686 0.476327
vt 0.052568 0.467449
vt 0.063620 0.467440
vt 0.074767 0.467437
vt 0.085731 0.467440
vt 0.085253 0.497345
vt 0.074579 0.497342
vt 0.063585 0.457358
vt 0.063546 0.446304
vt 0.074901 0.446301
vt 0.074831 0.457355
vt 0.063505 0.434604
vt 0.074975 0.434601
vt 0.086069 0.446304
vt 0.085892 0.457358
vt 0.086256 0.434604
vt 0.052434 0.457366
vt 0.052288 0.446313
vt 0.052133 0.434613
vt 0.051973 0.422588
vt 0.063463 0.422580
vt 0.075051 0.422577
vt 0.086448 0.422580
vt 0.063420 0.410502
vt 0.063378 0.398423
vt 0.075204 0.398420
vt 0.075127 0.410499
vt 0.063336 0.386345
vt 0.075280 0.386342
vt 0.086834 0.398423
vt 0.086641 0.410502
vt 0.087027 0.386345
vt 0.051813 0.410510
vt 0.051653 0.398432
vt 0.051493 0.386354
vt 0.051333 0.374276
vt 0.063293 0.374267
vt 0.075356 0.374264
vt 0.087221 0.374267
vt 0.063251 0.362189
vt 0.063208 0.350111
vt 0.075509 0.350108
vt 0.075433 0.362186
vt 0.063166 0.338033
vt 0.075585 0.338030
vt 0.087607 0.350111
vt 0.087414 0.362189
vt 0.087800 0.338033
vt 0.051173 0.362198
vt 0.051013 0.350120
vt 0.050853 0.338042
vt 0.050693 0.325964
vt 0.063124 0.325955
vt 0.075661 0.325952
vt 0.087993 0.325955
vt 0.023540 0.491119
vt 0.023264 0.484182
vt 0.032340 0.484159
vt 0.032559 0.491096
vt 0.022955 0.476383
vt 0.032094 0.476360
vt 0.042261 0.484140
vt 0.042418 0.491077
vt 0.042084 0.476341
vt 0.260877 0.422433
vt 0.261124 0.416137
vt 0.269678 0.416615
vt 0.269382 0.422909
vt 0.261396 0.409194
vt 0.270004 0.409675
vt 0.261703 0.401387
vt 0.270370 0.401872
vt 0.262051 0.392501
vt 0.270787 0.392990
vt 0.022603 0.467506
vt 0.031814 0.467482
vt 0.041883 0.467463
vt 0.042561 0.497367
vt 0.032757 0.497386
vt 0.023789 0.497409
vt 0.022203 0.457424
vt 0.021764 0.446371
vt 0.031147 0.446347
vt 0.031495 0.457400
vt 0.021300 0.434671
vt 0.030777 0.434647
vt 0.041404 0.446327
vt 0.041654 0.457381
vt 0.041138 0.434627
vt 0.262448 0.382410
vt 0.271261 0.382903
vt 0.262882 0.371346
vt 0.271780 0.371844
vt 0.263342 0.359635
vt 0.272330 0.360138
vt 0.263814 0.347600
vt 0.272895 0.348108
vt 0.020823 0.422648
vt 0.030398 0.422623
vt 0.040866 0.422603
vt 0.020344 0.410571
vt 0.019864 0.398493
vt 0.029636 0.398468
vt 0.030017 0.410546
vt 0.019385 0.386416
vt 0.029255 0.386390
vt 0.040318 0.398447
vt 0.040592 0.410525
vt 0.040044 0.386370
vt 0.264289 0.335511
vt 0.273463 0.336024
vt 0.264763 0.323422
vt 0.274031 0.323940
vt 0.265238 0.311333
vt 0.274598 0.311856
vt 0.265712 0.299244
vt 0.275166 0.299773
vt 0.018906 0.374338
vt 0.028873 0.374313
vt 0.039770 0.374292
vt 0.018427 0.362261
vt 0.017947 0.350184
vt 0.028111 0.350157
vt 0.028492 0.362235
vt 0.017468 0.338106
vt 0.027730 0.338080
vt 0.039222 0.350136
vt 0.039496 0.362214
vt 0.038948 0.338058
vt 0.266187 0.287155
vt 0.275733 0.287689
vt 0.266661 0.275066
vt 0.276301 0.275605
vt 0.267136 0.262977
vt 0.276868 0.263521
vt 0.267610 0.250888
vt 0.277436 0.251437
vt 0.016989 0.326029
vt 0.027349 0.326002
vt 0.038674 0.325980
vt 0.230646 0.415271
vt 0.230728 0.408322
vt 0.241501 0.408510
vt 0.241352 0.415458
vt 0.230820 0.400509
vt 0.241669 0.400699
vt 0.251812 0.408803
vt 0.251599 0.415749
vt 0.252052 0.400994
vt 0.219732 0.421494
vt 0.219745 0.415193
vt 0.230571 0.421572
vt 0.219759 0.408244
vt 0.219775 0.400431
vt 0.219793 0.391537
vt 0.230926 0.391616
vt 0.241859 0.391808
vt 0.252324 0.392105
vt 0.251406 0.422047
vt 0.241217 0.421758
vt 0.231045 0.381517
vt 0.231176 0.370445
vt 0.242313 0.370640
vt 0.242076 0.381710
vt 0.231315 0.358725
vt 0.242565 0.358921
vt 0.252973 0.370942
vt 0.252634 0.382010
vt 0.253333 0.359227
vt 0.219813 0.381437
vt 0.219836 0.370364
vt 0.219859 0.358643
vt 0.219884 0.346598
vt 0.231457 0.346680
vt 0.242823 0.346879
vt 0.253702 0.347188
vt 0.231600 0.334582
vt 0.231743 0.322483
vt 0.243342 0.322686
vt 0.243083 0.334783
vt 0.231886 0.310385
vt 0.243602 0.310590
vt 0.254444 0.323001
vt 0.254073 0.335095
vt 0.254815 0.310908
vt 0.219908 0.334498
vt 0.219933 0.322399
vt 0.219957 0.310300
vt 0.219982 0.298200
vt 0.232029 0.298286
vt 0.243861 0.298493
vt 0.255186 0.298815
vt 0.232172 0.286188
vt 0.232315 0.274089
vt 0.244380 0.274300
vt 0.244121 0.286397
vt 0.232458 0.261991
vt 0.244640 0.262204
vt 0.255928 0.274628
vt 0.255557 0.286721
vt 0.256299 0.262535
vt 0.220006 0.286101
vt 0.220031 0.274002
vt 0.220055 0.261902
vt 0.220080 0.249803
vt 0.232601 0.249892
vt 0.244899 0.250107
vt 0.256670 0.250442
vt 0.189376 0.415544
vt 0.189201 0.408597
vt 0.198552 0.408402
vt 0.198669 0.415350
vt 0.189003 0.400786
vt 0.198420 0.400590
vt 0.208891 0.408277
vt 0.208944 0.415226
vt 0.208831 0.400464
vt 0.181726 0.422080
vt 0.181522 0.415782
vt 0.189536 0.421843
vt 0.181297 0.408837
vt 0.181045 0.401028
vt 0.180757 0.392139
vt 0.188778 0.391895
vt 0.198269 0.391698
vt 0.208763 0.391570
vt 0.208993 0.421527
vt 0.198776 0.421651
vt 0.188523 0.381798
vt 0.188243 0.370729
vt 0.197911 0.370528
vt 0.198098 0.381599
vt 0.187947 0.359012
vt 0.197713 0.358809
vt 0.208600 0.370398
vt 0.208685 0.381471
vt 0.208510 0.358677
vt 0.180431 0.382044
vt 0.180073 0.370977
vt 0.179694 0.359262
vt 0.179304 0.347223
vt 0.187643 0.346970
vt 0.197509 0.346765
vt 0.208417 0.346632
vt 0.187337 0.334875
vt 0.187031 0.322779
vt 0.197099 0.322570
vt 0.197304 0.334667
vt 0.186725 0.310684
vt 0.196895 0.310472
vt 0.208231 0.322434
vt 0.208324 0.334533
vt 0.208138 0.310336
vt 0.178913 0.335130
vt 0.178522 0.323038
vt 0.178130 0.310945
vt 0.177739 0.298852
vt 0.186420 0.298588
vt 0.196690 0.298375
vt 0.208045 0.298237
vt 0.186114 0.286493
vt 0.185808 0.274397
vt 0.196280 0.274179
vt 0.196485 0.286277
vt 0.185502 0.262302
vt 0.196076 0.262082
vt 0.207860 0.274039
vt 0.207952 0.286138
vt 0.207767 0.261940
vt 0.177348 0.286759
vt 0.176957 0.274666
vt 0.176566 0.262573
vt 0.176174 0.250480
vt 0.185196 0.250206
vt 0.195871 0.249984
vt 0.207674 0.249841
vt 0.464169 0.606990
vt 0.464146 0.600043
vt 0.467981 0.600155
vt 0.467981 0.607101
vt 0.464119 0.592232
vt 0.467981 0.592345
vt 0.170716 0.416324
vt 0.170423 0.409382
vt 0.175145 0.409101
vt 0.175408 0.416045
vt 0.170095 0.401577
vt 0.174850 0.401294
vt 0.460253 0.613218
vt 0.460209 0.606918
vt 0.464191 0.613290
vt 0.460160 0.599970
vt 0.460106 0.592159
vt 0.460043 0.583267
vt 0.464088 0.583341
vt 0.467981 0.583454
vt 0.169721 0.392692
vt 0.174513 0.392407
vt 0.175646 0.422342
vt 0.170981 0.422619
vt 0.467981 0.613400
vt 0.464054 0.573244
vt 0.464016 0.562174
vt 0.467981 0.562290
vt 0.467981 0.573358
vt 0.463976 0.550456
vt 0.467981 0.550573
vt 0.169296 0.382602
vt 0.168831 0.371541
vt 0.173712 0.371251
vt 0.174131 0.382315
vt 0.168338 0.359832
vt 0.173269 0.359539
vt 0.459973 0.573169
vt 0.459896 0.562099
vt 0.459814 0.550380
vt 0.459730 0.538337
vt 0.463934 0.538415
vt 0.467981 0.538532
vt 0.167831 0.347799
vt 0.172813 0.347502
vt 0.463893 0.526319
vt 0.463852 0.514223
vt 0.467981 0.514343
vt 0.467981 0.526438
vt 0.463810 0.502127
vt 0.467981 0.502248
vt 0.167323 0.335712
vt 0.166814 0.323625
vt 0.171898 0.323322
vt 0.172355 0.335412
vt 0.166305 0.311538
vt 0.171440 0.311232
vt 0.459645 0.526241
vt 0.459560 0.514144
vt 0.459476 0.502047
vt 0.459391 0.489951
vt 0.463769 0.490031
vt 0.467981 0.490153
vt 0.165796 0.299451
vt 0.170982 0.299142
vt 0.463727 0.477935
vt 0.463686 0.465839
vt 0.467982 0.465964
vt 0.467982 0.478059
vt 0.463644 0.453743
vt 0.467982 0.453869
vt 0.165288 0.287364
vt 0.164779 0.275277
vt 0.170067 0.274962
vt 0.170525 0.287052
vt 0.164270 0.263190
vt 0.169609 0.262872
vt 0.459307 0.477854
vt 0.459222 0.465757
vt 0.459138 0.453660
vt 0.459053 0.441564
vt 0.463603 0.441647
vt 0.467982 0.441775
vt 0.163761 0.251103
vt 0.169151 0.250782
vt 0.519324 0.423456
vt 0.519152 0.416509
vt 0.529791 0.416285
vt 0.529898 0.423233
vt 0.518958 0.408698
vt 0.529671 0.408473
vt 0.539633 0.416158
vt 0.539678 0.423107
vt 0.539582 0.408345
vt 0.508696 0.430081
vt 0.508478 0.423783
vt 0.519481 0.429756
vt 0.508237 0.416838
vt 0.507967 0.409030
vt 0.507659 0.400142
vt 0.518737 0.399808
vt 0.529535 0.399580
vt 0.539524 0.399451
vt 0.548174 0.399415
vt 0.548164 0.408309
vt 0.548156 0.416122
vt 0.548148 0.423071
vt 0.539720 0.429409
vt 0.548142 0.429373
vt 0.529994 0.429534
vt 0.518486 0.389711
vt 0.518211 0.378641
vt 0.529210 0.378409
vt 0.529380 0.389481
vt 0.517919 0.366924
vt 0.529030 0.366690
vt 0.539385 0.378278
vt 0.539457 0.389351
vt 0.539308 0.366557
vt 0.507310 0.390048
vt 0.506927 0.378982
vt 0.506521 0.367268
vt 0.506105 0.355230
vt 0.517620 0.354882
vt 0.528845 0.354646
vt 0.539229 0.354512
vt 0.548221 0.354474
vt 0.548209 0.366519
vt 0.548196 0.378241
vt 0.548184 0.389314
vt 0.517320 0.342787
vt 0.517019 0.330691
vt 0.528474 0.330450
vt 0.528660 0.342548
vt 0.516718 0.318596
vt 0.528288 0.318352
vt 0.539071 0.330313
vt 0.539150 0.342412
vt 0.538992 0.318214
vt 0.505686 0.343138
vt 0.505268 0.331046
vt 0.504849 0.318954
vt 0.504430 0.306862
vt 0.516418 0.306500
vt 0.528103 0.306254
vt 0.538912 0.306114
vt 0.548273 0.306075
vt 0.548260 0.318175
vt 0.548247 0.330274
vt 0.548234 0.342374
vt 0.516117 0.294404
vt 0.515817 0.282309
vt 0.527732 0.282058
vt 0.527917 0.294156
vt 0.515516 0.270213
vt 0.527546 0.269960
vt 0.538754 0.281916
vt 0.538833 0.294015
vt 0.538675 0.269816
vt 0.504012 0.294770
vt 0.503593 0.282678
vt 0.503175 0.270586
vt 0.502756 0.258494
vt 0.515215 0.258118
vt 0.527360 0.257862
vt 0.538595 0.257717
vt 0.548325 0.257676
vt 0.548312 0.269776
vt 0.548299 0.281875
vt 0.548286 0.293975
vt 0.047995 0.081734
vt 0.047018 0.087747
vt 0.044237 0.087803
vt 0.045303 0.080567
vt 0.048243 0.093740
vt 0.045632 0.095010
vt 0.040111 0.087926
vt 0.041194 0.078805
vt 0.041668 0.097004
vt 0.052582 0.078001
vt 0.049677 0.082418
vt 0.051239 0.076737
vt 0.048791 0.087727
vt 0.049883 0.093020
vt 0.052911 0.097386
vt 0.051635 0.098678
vt 0.049540 0.100899
vt 0.046233 0.104575
vt 0.045479 0.071099
vt 0.049020 0.074596
vt 0.050057 0.178546
vt 0.049169 0.184527
vt 0.046588 0.184538
vt 0.047557 0.177364
vt 0.050304 0.190483
vt 0.047882 0.191631
vt 0.042760 0.184557
vt 0.043743 0.175574
vt 0.044204 0.193310
vt 0.054279 0.174843
vt 0.051617 0.179235
vt 0.053034 0.173574
vt 0.050811 0.184515
vt 0.051821 0.189779
vt 0.054606 0.194124
vt 0.053426 0.195387
vt 0.051483 0.197391
vt 0.048412 0.200438
vt 0.047680 0.167901
vt 0.050970 0.171419
vt 0.078454 0.093479
vt 0.079577 0.087466
vt 0.082417 0.087473
vt 0.081139 0.094704
vt 0.078497 0.081471
vt 0.081221 0.080257
vt 0.086707 0.087523
vt 0.085286 0.096627
vt 0.085450 0.078423
vt 0.073842 0.097205
vt 0.076795 0.092787
vt 0.075146 0.098475
vt 0.077796 0.087477
vt 0.076818 0.082184
vt 0.073839 0.077817
vt 0.075165 0.076531
vt 0.077386 0.074351
vt 0.080979 0.070792
vt 0.080797 0.104277
vt 0.077318 0.100659
vt 0.078056 0.190243
vt 0.079089 0.184269
vt 0.081723 0.184235
vt 0.080546 0.191349
vt 0.078097 0.178304
vt 0.080626 0.177078
vt 0.085700 0.184186
vt 0.084388 0.192963
vt 0.084548 0.175221
vt 0.073810 0.193958
vt 0.076520 0.189566
vt 0.075016 0.195200
vt 0.077439 0.184285
vt 0.076543 0.179019
vt 0.073806 0.174674
vt 0.075034 0.173384
vt 0.077097 0.171193
vt 0.080430 0.167618
vt 0.080253 0.200163
vt 0.077030 0.197171
vt 0.058355 0.198390
vt 0.064255 0.199350
vt 0.064283 0.201876
vt 0.057283 0.200819
vt 0.070138 0.198289
vt 0.071272 0.200699
vt 0.064328 0.205395
vt 0.055687 0.204311
vt 0.072979 0.204161
vt 0.058993 0.196798
vt 0.064239 0.197657
vt 0.069470 0.196707
vt 0.070042 0.170368
vt 0.063997 0.169404
vt 0.063979 0.166559
vt 0.071191 0.167658
vt 0.057971 0.170472
vt 0.056796 0.167783
vt 0.063957 0.162143
vt 0.072940 0.163366
vt 0.055028 0.163520
vt 0.069371 0.172000
vt 0.064011 0.171143
vt 0.058667 0.172093
vt 0.056999 0.101702
vt 0.063424 0.102665
vt 0.063455 0.105511
vt 0.055843 0.104421
vt 0.069833 0.101591
vt 0.071057 0.104290
vt 0.063510 0.109943
vt 0.054130 0.108756
vt 0.072900 0.108593
vt 0.057689 0.100071
vt 0.063408 0.100931
vt 0.069111 0.099973
vt 0.069737 0.073505
vt 0.063165 0.072541
vt 0.063148 0.069711
vt 0.070975 0.070809
vt 0.056612 0.073618
vt 0.055350 0.070944
vt 0.063127 0.065315
vt 0.072861 0.066534
vt 0.053449 0.066702
vt 0.069012 0.075132
vt 0.063179 0.074274
vt 0.057362 0.075233
vt 0.051469 0.060052
vt 0.063091 0.058750
vt 0.074807 0.059850
vt 0.643212 0.084768
vt 0.639550 0.087051
vt 0.637742 0.075717
vt 0.641647 0.074553
vt 0.636066 0.089522
vt 0.634015 0.077072
vt 0.637888 0.063615
vt 0.641874 0.063666
vt 0.634076 0.063754
vt 0.649423 0.091142
vt 0.646483 0.093569
vt 0.646437 0.083082
vt 0.643163 0.096743
vt 0.640019 0.100105
vt 0.637599 0.103090
vt 0.633367 0.091772
vt 0.710609 0.294966
vt 0.706427 0.297618
vt 0.706785 0.285635
vt 0.711106 0.283810
vt 0.707145 0.272037
vt 0.711550 0.271153
vt 0.707426 0.257793
vt 0.711877 0.257880
vt 0.636506 0.050591
vt 0.640173 0.051633
vt 0.644009 0.052863
vt 0.645364 0.063914
vt 0.647371 0.054088
vt 0.645072 0.073793
vt 0.761080 0.665777
vt 0.756134 0.665343
vt 0.756513 0.658238
vt 0.761542 0.658513
vt 0.752156 0.666107
vt 0.752562 0.658845
vt 0.756850 0.649960
vt 0.761948 0.650050
vt 0.752902 0.650385
vt 0.765555 0.673337
vt 0.760660 0.671326
vt 0.766214 0.667437
vt 0.166939 0.813007
vt 0.171881 0.813955
vt 0.171897 0.819377
vt 0.166865 0.818527
vt 0.176089 0.815429
vt 0.176061 0.820962
vt 0.642246 0.694043
vt 0.640888 0.696036
vt 0.634771 0.689997
vt 0.636485 0.688347
vt 0.629602 0.682160
vt 0.631673 0.680979
vt 0.625685 0.673085
vt 0.628058 0.672455
vt 0.623344 0.663333
vt 0.625901 0.663287
vt 0.753080 0.641242
vt 0.757046 0.641010
vt 0.762196 0.640905
vt 0.767416 0.650685
vt 0.767749 0.640956
vt 0.766869 0.659699
vt 0.812096 0.612347
vt 0.816577 0.612825
vt 0.816609 0.619233
vt 0.812230 0.618363
vt 0.821094 0.613663
vt 0.821023 0.620466
vt 0.815182 0.626143
vt 0.811029 0.624801
vt 0.819371 0.627850
vt 0.807704 0.607537
vt 0.811412 0.607293
vt 0.096123 0.786105
vt 0.092709 0.780896
vt 0.096413 0.781243
vt 0.815931 0.607463
vt 0.820486 0.607991
vt 0.824297 0.608821
vt 0.824874 0.614750
vt 0.824718 0.621882
vt 0.822879 0.629660
vt 0.818409 0.637508
vt 0.815236 0.635248
vt 0.811452 0.632996
vt 0.807704 0.631110
vt 0.097182 0.769658
vt 0.092767 0.768655
vt 0.092917 0.762785
vt 0.097627 0.764187
vt 0.096772 0.775554
vt 0.092709 0.774906
vt 0.571966 0.783492
vt 0.576831 0.784255
vt 0.576189 0.791692
vt 0.571397 0.790856
vt 0.582087 0.784576
vt 0.581509 0.791939
vt 0.575614 0.799625
vt 0.570901 0.798706
vt 0.580991 0.799787
vt 0.651930 0.168410
vt 0.648112 0.167699
vt 0.648277 0.161479
vt 0.651925 0.162378
vt 0.572493 0.777293
vt 0.577418 0.777997
vt 0.643154 0.167283
vt 0.637944 0.167206
vt 0.638110 0.160987
vt 0.643376 0.161001
vt 0.633371 0.167511
vt 0.633367 0.161479
vt 0.580640 0.807417
vt 0.575231 0.807350
vt 0.570595 0.806341
vt 0.967742 0.537495
vt 0.970501 0.537820
vt 0.970501 0.547196
vt 0.967784 0.546527
vt 0.568015 0.789527
vt 0.567727 0.797125
vt 0.648416 0.154095
vt 0.651870 0.155225
vt 0.628915 0.816015
vt 0.628983 0.820815
vt 0.623413 0.822812
vt 0.623268 0.817940
vt 0.628915 0.825416
vt 0.623268 0.827354
vt 0.166407 0.800230
vt 0.171154 0.801337
vt 0.171605 0.807739
vt 0.166760 0.806705
vt 0.175507 0.802639
vt 0.175879 0.809119
vt 0.633357 0.810440
vt 0.633388 0.814449
vt 0.628712 0.811840
vt 0.633398 0.819190
vt 0.633388 0.823839
vt 0.633357 0.827574
vt 0.628712 0.828994
vt 0.622834 0.830742
vt 0.178672 0.803926
vt 0.178788 0.810629
vt 0.178767 0.817215
vt 0.968297 0.891529
vt 0.968297 0.883576
vt 0.970532 0.884479
vt 0.162147 0.806224
vt 0.162065 0.812794
vt 0.162065 0.799530
vt 0.622834 0.813564
vt 0.662289 0.108883
vt 0.660121 0.113069
vt 0.654286 0.109453
vt 0.656820 0.105395
vt 0.658120 0.117439
vt 0.651921 0.113694
vt 0.573301 0.853581
vt 0.568724 0.854972
vt 0.567727 0.847058
vt 0.572401 0.846161
vt 0.645572 0.108079
vt 0.648331 0.104145
vt 0.668520 0.107874
vt 0.666789 0.111172
vt 0.664265 0.105613
vt 0.664915 0.115393
vt 0.663204 0.119795
vt 0.661961 0.123637
vt 0.656638 0.121255
vt 0.650141 0.117405
vt 0.643469 0.111537
vt 0.568700 0.838083
vt 0.573289 0.837875
vt 0.576280 0.845692
vt 0.577100 0.837979
vt 0.577100 0.852701
vt 0.659103 0.102234
vt 0.711994 0.087193
vt 0.708191 0.084382
vt 0.711849 0.078588
vt 0.715880 0.081129
vt 0.704606 0.081331
vt 0.708035 0.075811
vt 0.714867 0.071225
vt 0.719071 0.073320
vt 0.817380 0.855598
vt 0.812958 0.853952
vt 0.813830 0.846525
vt 0.818300 0.847694
vt 0.711704 0.093723
vt 0.708491 0.091525
vt 0.715382 0.089265
vt 0.704900 0.088558
vt 0.701529 0.085352
vt 0.698978 0.082430
vt 0.701877 0.078540
vt 0.705115 0.073247
vt 0.809455 0.852271
vt 0.810286 0.845242
vt 0.809455 0.837530
vt 0.969364 0.712251
vt 0.971914 0.719092
vt 0.967786 0.719092
vt 0.812891 0.838256
vt 0.817231 0.838753
vt 0.716248 0.062327
vt 0.720507 0.063741
vt 0.722789 0.074800
vt 0.719454 0.082977
vt 0.110906 0.778525
vt 0.106283 0.779891
vt 0.106935 0.774450
vt 0.111484 0.773023
vt 0.101180 0.780862
vt 0.101759 0.775360
vt 0.107629 0.768849
vt 0.112097 0.767350
vt 0.102385 0.769684
vt 0.113939 0.781823
vt 0.110420 0.783240
vt 0.114232 0.776960
vt 0.105732 0.784556
vt 0.100694 0.785577
vt 0.103007 0.764461
vt 0.108301 0.763710
vt 0.112693 0.762133
vt 0.638116 0.628328
vt 0.633095 0.631870
vt 0.114585 0.771272
vt 0.114971 0.765382
vt 0.701456 0.299247
vt 0.696413 0.299766
vt 0.696583 0.287098
vt 0.701700 0.286751
vt 0.692087 0.299180
vt 0.692235 0.286683
vt 0.696790 0.272721
vt 0.701977 0.272568
vt 0.692400 0.272500
vt 0.706151 0.307020
vt 0.701332 0.309040
vt 0.696369 0.309690
vt 0.692038 0.308974
vt 0.723022 0.052654
vt 0.725626 0.052376
vt 0.719099 0.039667
vt 0.721558 0.038812
vt 0.689459 0.285511
vt 0.689623 0.271912
vt 0.689696 0.257666
vt 0.692500 0.257651
vt 0.696943 0.257672
vt 0.702195 0.257721
vt 0.719354 0.052523
vt 0.715212 0.052055
vt 0.711824 0.041100
vt 0.715672 0.040459
vt 0.711285 0.051352
vt 0.708195 0.041503
vt 0.706336 0.030311
vt 0.709712 0.028541
vt 0.825326 0.494251
vt 0.821300 0.491973
vt 0.821382 0.482043
vt 0.825575 0.483237
vt 0.712203 0.060679
vt 0.820342 0.507037
vt 0.815900 0.503955
vt 0.816160 0.498024
vt 0.820931 0.500517
vt 0.816290 0.490259
vt 0.816226 0.481229
vt 0.815900 0.471499
vt 0.821107 0.471367
vt 0.825351 0.471422
vt 0.698978 0.020564
vt 0.701696 0.017796
vt 0.712753 0.026808
vt 0.704200 0.015229
vt 0.762213 0.631614
vt 0.757031 0.631912
vt 0.756856 0.623276
vt 0.762047 0.622799
vt 0.753026 0.631954
vt 0.752794 0.623142
vt 0.756607 0.615740
vt 0.761783 0.615107
vt 0.752473 0.615452
vt 0.767788 0.631090
vt 0.622834 0.653483
vt 0.625414 0.654012
vt 0.624079 0.644189
vt 0.626542 0.645253
vt 0.626899 0.636123
vt 0.629153 0.637657
vt 0.752156 0.609530
vt 0.756374 0.609940
vt 0.761509 0.609184
vt 0.767216 0.613584
vt 0.766777 0.607293
vt 0.767583 0.621741
vt 0.648077 0.042871
vt 0.644670 0.040611
vt 0.650910 0.031172
vt 0.653674 0.034277
vt 0.641427 0.038540
vt 0.648307 0.028256
vt 0.658261 0.023869
vt 0.660269 0.027624
vt 0.656412 0.020303
vt 0.651079 0.044948
vt 0.707563 0.243848
vt 0.712036 0.244859
vt 0.707585 0.231040
vt 0.712043 0.232884
vt 0.707547 0.220181
vt 0.711930 0.222728
vt 0.707505 0.212077
vt 0.711732 0.215162
vt 0.664965 0.015229
vt 0.666055 0.019241
vt 0.667306 0.023445
vt 0.662111 0.030941
vt 0.668520 0.027134
vt 0.656141 0.037054
vt 0.702285 0.243202
vt 0.696973 0.242961
vt 0.696925 0.229464
vt 0.702285 0.229877
vt 0.692473 0.243131
vt 0.692364 0.229806
vt 0.696878 0.218022
vt 0.702267 0.218582
vt 0.692252 0.218510
vt 0.689628 0.243719
vt 0.969954 0.028894
vt 0.967250 0.028227
vt 0.969954 0.015229
vt 0.689459 0.230910
vt 0.851448 0.151308
vt 0.848680 0.150868
vt 0.850015 0.138753
vt 0.852819 0.138693
vt 0.848680 0.128177
vt 0.851434 0.127682
vt 0.692216 0.210070
vt 0.696913 0.209472
vt 0.702303 0.210143
vt 0.776237 0.375097
vt 0.772291 0.374566
vt 0.774227 0.363385
vt 0.778293 0.362866
vt 0.777246 0.629611
vt 0.773007 0.630385
vt 0.772716 0.620176
vt 0.776842 0.618365
vt 0.773894 0.352995
vt 0.777867 0.351497
vt 0.772164 0.611270
vt 0.776058 0.608555
vt 0.774837 0.388717
vt 0.771555 0.387274
vt 0.779860 0.375680
vt 0.768009 0.385700
vt 0.777184 0.641518
vt 0.772952 0.641176
vt 0.927794 0.965762
vt 0.932297 0.967175
vt 0.927794 0.970829
vt 0.970596 0.085661
vt 0.968063 0.077875
vt 0.971241 0.077875
vt 0.770261 0.354629
vt 0.768009 0.346709
vt 0.771408 0.344249
vt 0.775148 0.341925
vt 0.781524 0.350403
vt 0.778615 0.340147
vt 0.782023 0.362581
vt 0.622923 0.245770
vt 0.622886 0.234554
vt 0.633923 0.234481
vt 0.633866 0.245697
vt 0.622853 0.224851
vt 0.633972 0.224777
vt 0.645816 0.234554
vt 0.645656 0.245770
vt 0.645954 0.224851
vt 0.613116 0.245988
vt 0.612993 0.234774
vt 0.612886 0.225072
vt 0.658507 0.225072
vt 0.658276 0.234774
vt 0.658009 0.245988
vt 0.100070 0.051873
vt 0.100325 0.040574
vt 0.111606 0.040891
vt 0.111280 0.052134
vt 0.100547 0.030843
vt 0.111896 0.031176
vt 0.121816 0.041321
vt 0.121404 0.052533
vt 0.122174 0.031622
vt 0.088019 0.051412
vt 0.088260 0.040270
vt 0.088402 0.030619
vt 0.131108 0.032173
vt 0.130686 0.041865
vt 0.130198 0.053069
vt 0.050614 0.050509
vt 0.050324 0.040151
vt 0.062956 0.039818
vt 0.063031 0.049786
vt 0.050139 0.030726
vt 0.062881 0.030532
vt 0.075705 0.039932
vt 0.075559 0.050294
vt 0.075743 0.030504
vt 0.038505 0.051840
vt 0.038124 0.040703
vt 0.037837 0.031056
vt 0.111216 0.314035
vt 0.111586 0.302833
vt 0.121728 0.302872
vt 0.121331 0.314105
vt 0.111910 0.293144
vt 0.122097 0.293168
vt 0.016677 0.052952
vt 0.016183 0.041716
vt 0.026654 0.041211
vt 0.027065 0.052504
vt 0.015746 0.032007
vt 0.026285 0.031485
vt 0.100107 0.314012
vt 0.100389 0.302815
vt 0.100634 0.293127
vt 0.063082 0.314003
vt 0.063042 0.302805
vt 0.075808 0.302802
vt 0.075737 0.313999
vt 0.063008 0.293117
vt 0.075869 0.293114
vt 0.088363 0.302805
vt 0.088184 0.314003
vt 0.088518 0.293117
vt 0.050534 0.314012
vt 0.050386 0.302815
vt 0.050257 0.293127
vt 0.016515 0.314077
vt 0.016070 0.302880
vt 0.026618 0.302853
vt 0.026972 0.314050
vt 0.015686 0.293193
vt 0.026313 0.293166
vt 0.038149 0.302831
vt 0.038403 0.314028
vt 0.037930 0.293144
vt 0.268080 0.238924
vt 0.277998 0.239479
vt 0.268520 0.227717
vt 0.278524 0.228276
vt 0.268901 0.218020
vt 0.278979 0.218584
vt 0.269192 0.210591
vt 0.279328 0.211158
vt 0.232743 0.237920
vt 0.232876 0.226704
vt 0.245397 0.226923
vt 0.245156 0.238137
vt 0.232990 0.217000
vt 0.245605 0.217220
vt 0.257381 0.227263
vt 0.257037 0.238474
vt 0.257678 0.217563
vt 0.220104 0.237830
vt 0.220127 0.226613
vt 0.220146 0.216908
vt 0.220161 0.209472
vt 0.233078 0.209564
vt 0.245764 0.209786
vt 0.257906 0.210131
vt 0.184894 0.238237
vt 0.184610 0.227023
vt 0.195479 0.226797
vt 0.195668 0.238013
vt 0.184365 0.217322
vt 0.195314 0.217094
vt 0.207495 0.226651
vt 0.207582 0.237868
vt 0.207421 0.216947
vt 0.175787 0.238513
vt 0.175425 0.227302
vt 0.175111 0.217602
vt 0.174870 0.210170
vt 0.184177 0.209888
vt 0.195189 0.209659
vt 0.207364 0.209511
vt 0.463562 0.429677
vt 0.463523 0.418463
vt 0.467982 0.418593
vt 0.467982 0.429806
vt 0.463490 0.408762
vt 0.467982 0.408892
vt 0.163258 0.239141
vt 0.162786 0.227936
vt 0.168274 0.227609
vt 0.168698 0.238818
vt 0.162378 0.218241
vt 0.167907 0.217912
vt 0.458970 0.429593
vt 0.458891 0.418378
vt 0.458824 0.408676
vt 0.458772 0.401241
vt 0.463465 0.401328
vt 0.467982 0.401459
vt 0.162065 0.210812
vt 0.167626 0.210482
vt 0.514918 0.246148
vt 0.514639 0.234935
vt 0.527005 0.234674
vt 0.527177 0.245890
vt 0.514398 0.225233
vt 0.526856 0.224970
vt 0.538444 0.234527
vt 0.538517 0.245744
vt 0.538380 0.224822
vt 0.502342 0.246527
vt 0.501954 0.235317
vt 0.501618 0.225618
vt 0.548360 0.224780
vt 0.548349 0.234485
vt 0.548337 0.245702
vt 0.109669 0.790530
vt 0.104883 0.791771
vt 0.105056 0.790307
vt 0.109822 0.789050
vt 0.099948 0.792866
vt 0.100100 0.791387
vt 0.105328 0.787989
vt 0.110063 0.786708
vt 0.100339 0.789045
vt 0.113435 0.790247
vt 0.109579 0.791411
vt 0.113490 0.789338
vt 0.104781 0.792643
vt 0.099858 0.793748
vt 0.095626 0.794527
vt 0.095680 0.793619
vt 0.095770 0.792094
vt 0.095912 0.789680
vt 0.113725 0.785398
vt 0.113581 0.787812
vt 0.647843 0.177285
vt 0.642797 0.176965
vt 0.642870 0.174999
vt 0.647898 0.175339
vt 0.637676 0.176793
vt 0.637730 0.174846
vt 0.642984 0.171888
vt 0.647984 0.172259
vt 0.637816 0.171766
vt 0.651925 0.178835
vt 0.647811 0.178445
vt 0.651925 0.177711
vt 0.642754 0.178136
vt 0.637643 0.177952
vt 0.633367 0.177937
vt 0.633368 0.176812
vt 0.633368 0.174923
vt 0.633369 0.171935
vt 0.651928 0.172834
vt 0.651926 0.175822
vt 0.309786 0.983518
vt 0.309786 0.978945
vt 0.311473 0.978813
vt 0.311379 0.983371
vt 0.501155 0.983340
vt 0.501155 0.978742
vt 0.502923 0.978487
vt 0.502828 0.983077
vt 0.567727 0.974587
vt 0.567727 0.970028
vt 0.570393 0.969764
vt 0.570243 0.974302
vt 0.848758 0.974742
vt 0.848758 0.970151
vt 0.851546 0.969688
vt 0.851395 0.974271
vt 0.969564 0.417206
vt 0.969308 0.413406
vt 0.970260 0.413362
vt 0.970470 0.417153
vt 0.969462 0.408827
vt 0.970470 0.408795
vt 0.968565 0.933364
vt 0.968297 0.928770
vt 0.969342 0.928570
vt 0.969553 0.933162
vt 0.968460 0.924903
vt 0.969553 0.924704
vt 0.975743 0.248674
vt 0.975743 0.244802
vt 0.977557 0.244369
vt 0.977476 0.248242
vt 0.809233 0.975484
vt 0.809233 0.971610
vt 0.812087 0.970865
vt 0.811961 0.974744
vt 0.058322 0.971953
vt 0.054600 0.970851
vt 0.054600 0.966483
vt 0.058283 0.967768
vt 0.962755 0.971167
vt 0.962755 0.966582
vt 0.966858 0.965762
vt 0.966634 0.970341
vt 0.969574 0.656907
vt 0.969574 0.652366
vt 0.973506 0.651845
vt 0.973284 0.656363
vt 0.971832 0.781123
vt 0.968086 0.780961
vt 0.968086 0.777212
vt 0.971787 0.777551
vt 0.971863 0.783534
vt 0.968086 0.783493
vt 0.691395 0.984771
vt 0.691360 0.980975
vt 0.692960 0.980975
vt 0.692919 0.984752
vt 0.657884 0.610929
vt 0.658386 0.615399
vt 0.656692 0.615419
vt 0.656089 0.610981
vt 0.659128 0.619973
vt 0.657534 0.619961
vt 0.654011 0.615451
vt 0.653248 0.611063
vt 0.655012 0.619943
vt 0.658851 0.607293
vt 0.658953 0.610898
vt 0.657731 0.607340
vt 0.659395 0.615387
vt 0.660078 0.619980
vt 0.660902 0.623896
vt 0.660002 0.623874
vt 0.658491 0.623836
vt 0.656099 0.623776
vt 0.652878 0.607542
vt 0.655852 0.607418
vt 0.898349 0.616657
vt 0.898324 0.611970
vt 0.899744 0.611437
vt 0.899788 0.616210
vt 0.898349 0.607260
vt 0.899788 0.606677
vt 0.130857 0.834907
vt 0.130867 0.830134
vt 0.131364 0.829935
vt 0.131361 0.834914
vt 0.130966 0.825375
vt 0.131474 0.824985
vt 0.895493 0.621388
vt 0.895524 0.617652
vt 0.898425 0.620499
vt 0.895535 0.613003
vt 0.895524 0.608263
vt 0.895493 0.604254
vt 0.898425 0.603351
vt 0.899922 0.602765
vt 0.059452 0.173426
vt 0.055525 0.175862
vt 0.055024 0.175566
vt 0.059093 0.173027
vt 0.064043 0.172150
vt 0.069006 0.172941
vt 0.073112 0.175410
vt 0.130946 0.838859
vt 0.131474 0.839051
vt 0.899922 0.620161
vt 0.058095 0.879595
vt 0.058055 0.884214
vt 0.056079 0.884198
vt 0.056138 0.879496
vt 0.058095 0.888809
vt 0.056138 0.888841
vt 0.960547 0.283801
vt 0.960489 0.288503
vt 0.959724 0.288517
vt 0.959792 0.283617
vt 0.960547 0.293146
vt 0.959792 0.293344
vt 0.061897 0.875910
vt 0.061880 0.879679
vt 0.058215 0.875724
vt 0.061874 0.884261
vt 0.061880 0.888884
vt 0.061897 0.892778
vt 0.058215 0.892608
vt 0.056314 0.892643
vt 0.960723 0.296948
vt 0.959996 0.297281
vt 0.069079 0.195755
vt 0.073106 0.193216
vt 0.064225 0.196632
vt 0.059359 0.195839
vt 0.055295 0.193370
vt 0.960723 0.279823
vt 0.959996 0.279456
vt 0.056314 0.875518
vt 0.894565 0.353419
vt 0.894550 0.348741
vt 0.896242 0.348887
vt 0.896351 0.353611
vt 0.894748 0.344181
vt 0.896349 0.344282
vt 0.657188 0.961028
vt 0.657114 0.956303
vt 0.657680 0.956329
vt 0.657793 0.961251
vt 0.657254 0.951699
vt 0.657790 0.951533
vt 0.891143 0.357192
vt 0.891048 0.353155
vt 0.894806 0.357421
vt 0.891212 0.348435
vt 0.891589 0.343832
vt 0.892135 0.340147
vt 0.895144 0.340532
vt 0.896672 0.340597
vt 0.657605 0.948017
vt 0.658126 0.947697
vt 0.075646 0.179422
vt 0.076475 0.184284
vt 0.075621 0.189160
vt 0.657479 0.965073
vt 0.658126 0.965465
vt 0.896672 0.357654
vt 0.894645 0.716253
vt 0.894323 0.720866
vt 0.892569 0.720926
vt 0.892980 0.716264
vt 0.894329 0.725484
vt 0.892491 0.725593
vt 0.162962 0.942173
vt 0.162798 0.946850
vt 0.162065 0.946910
vt 0.162269 0.942035
vt 0.162966 0.951515
vt 0.162209 0.951771
vt 0.898327 0.712251
vt 0.897835 0.716099
vt 0.895271 0.712436
vt 0.897674 0.720749
vt 0.897839 0.725404
vt 0.898327 0.729266
vt 0.894686 0.729316
vt 0.892785 0.729465
vt 0.163464 0.955366
vt 0.162701 0.955785
vt 0.052720 0.189358
vt 0.051794 0.184497
vt 0.052551 0.179622
vt 0.163464 0.938284
vt 0.162818 0.937982
vt 0.893686 0.712407
vt 0.221750 0.726874
vt 0.221694 0.721755
vt 0.222033 0.721747
vt 0.222087 0.726945
vt 0.221750 0.716671
vt 0.222087 0.716580
vt 0.579596 0.143046
vt 0.577989 0.148032
vt 0.577479 0.147944
vt 0.579156 0.142748
vt 0.577969 0.153267
vt 0.577460 0.153404
vt 0.221264 0.731149
vt 0.221072 0.726877
vt 0.221921 0.731138
vt 0.221009 0.721763
vt 0.221072 0.716697
vt 0.221264 0.712569
vt 0.221921 0.712516
vt 0.222250 0.712349
vt 0.579678 0.157858
vt 0.579246 0.158194
vt 0.578389 0.158851
vt 0.576452 0.153678
vt 0.576470 0.147783
vt 0.578283 0.142173
vt 0.582341 0.138748
vt 0.581730 0.137857
vt 0.582646 0.139205
vt 0.222250 0.731267
vt 0.944563 0.212097
vt 0.944493 0.217147
vt 0.944229 0.217064
vt 0.944297 0.211938
vt 0.944563 0.222117
vt 0.944297 0.222115
vt 0.599665 0.156592
vt 0.601257 0.151695
vt 0.601784 0.151808
vt 0.600123 0.156908
vt 0.601263 0.146549
vt 0.601788 0.146445
vt 0.945286 0.207982
vt 0.945055 0.212279
vt 0.944774 0.207808
vt 0.944978 0.217324
vt 0.945055 0.222277
vt 0.945286 0.226299
vt 0.944774 0.226165
vt 0.944500 0.226235
vt 0.599548 0.141996
vt 0.599995 0.141696
vt 0.600851 0.141066
vt 0.602796 0.146190
vt 0.602796 0.151973
vt 0.601001 0.157470
vt 0.596945 0.160867
vt 0.597562 0.161738
vt 0.596620 0.160396
vt 0.596481 0.160162
vt 0.599477 0.156408
vt 0.456699 0.963164
vt 0.456565 0.958506
vt 0.456841 0.958520
vt 0.456958 0.963260
vt 0.456660 0.953978
vt 0.456956 0.953913
vt 0.596132 0.138768
vt 0.591650 0.137127
vt 0.591744 0.136601
vt 0.596426 0.138323
vt 0.586892 0.137222
vt 0.586775 0.136690
vt 0.456536 0.967073
vt 0.456151 0.963089
vt 0.457056 0.967163
vt 0.455981 0.958449
vt 0.456039 0.953939
vt 0.456336 0.950345
vt 0.456988 0.950369
vt 0.457305 0.950240
vt 0.586530 0.135642
vt 0.591912 0.135556
vt 0.596983 0.137422
vt 0.457305 0.967329
vt 0.960155 0.131639
vt 0.960011 0.136253
vt 0.959668 0.136287
vt 0.959796 0.131593
vt 0.960225 0.140846
vt 0.959903 0.140960
vt 0.583100 0.161048
vt 0.587596 0.162600
vt 0.587519 0.163151
vt 0.582822 0.161526
vt 0.592369 0.162416
vt 0.592504 0.162966
vt 0.961317 0.127759
vt 0.960781 0.131592
vt 0.960664 0.127793
vt 0.960605 0.136190
vt 0.960785 0.140769
vt 0.961317 0.144540
vt 0.960786 0.144630
vt 0.592299 0.162167
vt 0.960487 0.144809
vt 0.592754 0.164001
vt 0.587354 0.164200
vt 0.582265 0.162447
vt 0.960299 0.127682
vt 0.483515 0.077626
vt 0.488247 0.077336
vt 0.488119 0.087498
vt 0.482867 0.087246
vt 0.519755 0.440669
vt 0.519625 0.435548
vt 0.530047 0.435337
vt 0.529874 0.440524
vt 0.487280 0.096975
vt 0.482740 0.096199
vt 0.539690 0.435203
vt 0.539251 0.440331
vt 0.477665 0.070017
vt 0.483017 0.068365
vt 0.475187 0.077145
vt 0.487003 0.067101
vt 0.509456 0.440910
vt 0.508944 0.435861
vt 0.548033 0.435159
vt 0.547314 0.440225
vt 0.485543 0.105204
vt 0.967692 0.847660
vt 0.967692 0.837530
vt 0.970586 0.840896
vt 0.474643 0.095671
vt 0.481840 0.103649
vt 0.476803 0.101665
vt 0.473120 0.086727
vt 0.466017 0.126801
vt 0.468879 0.130279
vt 0.464497 0.134090
vt 0.461306 0.129927
vt 0.570988 0.440910
vt 0.572440 0.435807
vt 0.576169 0.436026
vt 0.169208 0.433761
vt 0.171425 0.428410
vt 0.173042 0.433550
vt 0.459490 0.138064
vt 0.456718 0.134222
vt 0.176043 0.428127
vt 0.177469 0.433214
vt 0.466147 0.120348
vt 0.469972 0.123816
vt 0.461276 0.120468
vt 0.472737 0.126399
vt 0.567425 0.440668
vt 0.568568 0.435622
vt 0.568832 0.429841
vt 0.572767 0.430018
vt 0.576553 0.430230
vt 0.182048 0.427859
vt 0.183157 0.432896
vt 0.453262 0.141680
vt 0.451403 0.138042
vt 0.451304 0.127969
vt 0.448904 0.133190
vt 0.455296 0.122380
vt 0.444131 0.139826
vt 0.445314 0.144396
vt 0.436020 0.146370
vt 0.435276 0.141024
vt 0.190677 0.432740
vt 0.189791 0.427633
vt 0.198958 0.427452
vt 0.199633 0.432627
vt 0.425956 0.147724
vt 0.425808 0.142835
vt 0.209082 0.427320
vt 0.209432 0.432439
vt 0.442727 0.131736
vt 0.219712 0.427279
vt 0.219648 0.432339
vt 0.415655 0.147724
vt 0.416557 0.143463
vt 0.424421 0.134510
vt 0.417626 0.137860
vt 0.433687 0.131286
vt 0.407728 0.141026
vt 0.405560 0.145697
vt 0.395768 0.142066
vt 0.398694 0.137022
vt 0.229939 0.432482
vt 0.230440 0.427365
vt 0.240988 0.427558
vt 0.240147 0.432731
vt 0.386396 0.137343
vt 0.389444 0.133055
vt 0.251104 0.427836
vt 0.250080 0.432942
vt 0.412185 0.133251
vt 0.260497 0.428210
vt 0.259233 0.433242
vt 0.377991 0.131304
vt 0.381473 0.128169
vt 0.393678 0.125182
vt 0.385932 0.124043
vt 0.403822 0.127801
vt 0.375815 0.120967
vt 0.371030 0.123714
vt 0.365256 0.115004
vt 0.370908 0.112378
vt 0.025393 0.508175
vt 0.024166 0.503176
vt 0.033073 0.503160
vt 0.034162 0.508209
vt 0.360435 0.105675
vt 0.365707 0.103756
vt 0.042784 0.503134
vt 0.043540 0.508135
vt 0.384432 0.116982
vt 0.268896 0.428689
vt 0.267167 0.433761
vt 0.053077 0.503114
vt 0.053397 0.508065
vt 0.357169 0.095851
vt 0.362078 0.095145
vt 0.374201 0.099562
vt 0.368411 0.094210
vt 0.381004 0.107563
vt 0.361781 0.085953
vt 0.356009 0.085603
vt 0.356467 0.075148
vt 0.362904 0.076083
vt 0.063657 0.508114
vt 0.063732 0.503113
vt 0.074492 0.503117
vt 0.074108 0.508168
vt 0.358032 0.064771
vt 0.363710 0.066077
vt 0.085084 0.503113
vt 0.084468 0.508114
vt 0.371538 0.087485
vt 0.095218 0.503114
vt 0.094299 0.508065
vt 0.361144 0.054908
vt 0.365781 0.057007
vt 0.373491 0.067367
vt 0.371756 0.059757
vt 0.374432 0.077758
vt 0.370987 0.049360
vt 0.366236 0.045923
vt 0.372758 0.037722
vt 0.377740 0.042001
vt 0.103232 0.508135
vt 0.104623 0.503134
vt 0.113124 0.503160
vt 0.111367 0.508209
vt 0.380102 0.030254
vt 0.384217 0.034410
vt 0.027006 0.247310
vt 0.025316 0.242156
vt 0.034116 0.241709
vt 0.035440 0.246815
vt 0.378428 0.056026
vt 0.043752 0.241352
vt 0.044605 0.246410
vt 0.388397 0.024113
vt 0.391166 0.028322
vt 0.391819 0.040894
vt 0.394689 0.033844
vt 0.386615 0.049770
vt 0.399918 0.025164
vt 0.397804 0.019829
vt 0.407907 0.017021
vt 0.409749 0.023150
vt 0.054575 0.246241
vt 0.054041 0.241112
vt 0.064713 0.240975
vt 0.065002 0.246171
vt 0.418218 0.015309
vt 0.419395 0.020851
vt 0.075476 0.240926
vt 0.075467 0.246061
vt 0.402469 0.034622
vt 0.086057 0.240986
vt 0.085666 0.246055
vt 0.428518 0.015229
vt 0.428538 0.020046
vt 0.422183 0.030256
vt 0.428450 0.026368
vt 0.412900 0.034290
vt 0.437521 0.022607
vt 0.438655 0.017289
vt 0.448488 0.020953
vt 0.446704 0.026730
vt 0.095365 0.246297
vt 0.096196 0.241173
vt 0.105679 0.241462
vt 0.104512 0.246641
vt 0.457819 0.025643
vt 0.455806 0.030578
vt 0.114294 0.241828
vt 0.113005 0.246936
vt 0.434480 0.031447
vt 0.121778 0.242280
vt 0.120336 0.247310
vt 0.466182 0.031649
vt 0.463622 0.035341
vt 0.452987 0.039516
vt 0.460144 0.040185
vt 0.443247 0.037230
vt 0.469435 0.042666
vt 0.473185 0.039272
vt 0.479001 0.048015
vt 0.474490 0.051374
vt 0.624891 0.440348
vt 0.623729 0.435208
vt 0.633051 0.435155
vt 0.634080 0.440360
vt 0.483779 0.057310
vt 0.479543 0.059876
vt 0.643065 0.435208
vt 0.643738 0.440348
vt 0.462233 0.047716
vt 0.616720 0.440454
vt 0.615381 0.435384
vt 0.653545 0.435384
vt 0.653761 0.440454
vt 0.472464 0.065136
vt 0.466065 0.057467
vt 0.478700 0.109383
vt 0.482710 0.111827
vt 0.479374 0.117279
vt 0.475000 0.114453
vt 0.553691 0.440339
vt 0.554722 0.435212
vt 0.560071 0.435327
vt 0.558862 0.440512
vt 0.476121 0.122095
vt 0.472462 0.119519
vt 0.564550 0.435464
vt 0.563404 0.440580
vt 0.471941 0.104649
vt 0.554906 0.429418
vt 0.560306 0.429524
vt 0.564796 0.429672
vt 0.465705 0.115463
vt 0.466893 0.109275
vt 0.442724 0.429535
vt 0.442505 0.418319
vt 0.448857 0.418275
vt 0.449022 0.429490
vt 0.442315 0.408616
vt 0.448714 0.408571
vt 0.454141 0.418307
vt 0.454261 0.429523
vt 0.454038 0.408604
vt 0.435146 0.441663
vt 0.434838 0.429694
vt 0.442959 0.441506
vt 0.434550 0.418480
vt 0.434300 0.408778
vt 0.434109 0.401344
vt 0.442169 0.401182
vt 0.448605 0.401136
vt 0.453959 0.401169
vt 0.454388 0.441494
vt 0.449198 0.441462
vt 0.443669 0.477798
vt 0.443432 0.465700
vt 0.449554 0.465657
vt 0.449731 0.477755
vt 0.443196 0.453603
vt 0.449376 0.453560
vt 0.454645 0.465689
vt 0.454774 0.477786
vt 0.454517 0.453591
vt 0.436389 0.490046
vt 0.436078 0.477951
vt 0.443906 0.489895
vt 0.435768 0.465855
vt 0.435457 0.453759
vt 0.454903 0.489883
vt 0.449909 0.489853
vt 0.444617 0.526187
vt 0.444380 0.514089
vt 0.450265 0.514048
vt 0.450443 0.526146
vt 0.444143 0.501992
vt 0.450087 0.501950
vt 0.455160 0.514078
vt 0.455289 0.526175
vt 0.455031 0.501981
vt 0.437633 0.538429
vt 0.437322 0.526334
vt 0.444854 0.538284
vt 0.437011 0.514238
vt 0.436700 0.502142
vt 0.455417 0.538273
vt 0.450621 0.538243
vt 0.445536 0.573117
vt 0.445319 0.562046
vt 0.450970 0.562006
vt 0.451133 0.573078
vt 0.445090 0.550327
vt 0.450798 0.550287
vt 0.455670 0.562035
vt 0.455788 0.573106
vt 0.455546 0.550316
vt 0.438788 0.583355
vt 0.438528 0.573258
vt 0.445734 0.583215
vt 0.438244 0.562189
vt 0.437942 0.550471
vt 0.455895 0.583205
vt 0.451281 0.583176
vt 0.446197 0.606867
vt 0.446061 0.599919
vt 0.451527 0.599881
vt 0.451629 0.606829
vt 0.445908 0.592107
vt 0.451412 0.592069
vt 0.456073 0.599909
vt 0.456147 0.606857
vt 0.455990 0.592097
vt 0.439557 0.613304
vt 0.439395 0.607004
vt 0.446320 0.613168
vt 0.439217 0.600057
vt 0.439016 0.592246
vt 0.456214 0.613157
vt 0.451721 0.613130
vt 0.328283 0.332861
vt 0.332563 0.338367
vt 0.330641 0.339982
vt 0.326219 0.334292
vt 0.337065 0.342888
vt 0.335293 0.344654
vt 0.328719 0.341597
vt 0.324155 0.335723
vt 0.333521 0.346419
vt 0.329994 0.331675
vt 0.334155 0.337029
vt 0.338533 0.341426
vt 0.332053 0.347882
vt 0.327127 0.342935
vt 0.322444 0.336909
vt 0.556444 0.212736
vt 0.556331 0.210359
vt 0.562778 0.210486
vt 0.562899 0.212863
vt 0.555984 0.209525
vt 0.562383 0.209651
vt 0.568140 0.210663
vt 0.568266 0.213040
vt 0.179190 0.151229
vt 0.179684 0.150826
vt 0.184689 0.155853
vt 0.184232 0.156293
vt 0.556429 0.217396
vt 0.176013 0.143952
vt 0.174927 0.144705
vt 0.180696 0.149978
vt 0.185622 0.154925
vt 0.568215 0.217700
vt 0.562864 0.217523
s 1
usemtl BakedMaterial
f 642/1/1 643/2/2 651/3/3
f 642/1/1 651/3/3 648/4/1
f 643/2/2 645/5/4 653/6/5
f 643/2/2 653/6/5 651/3/3
f 647/7/6 660/8/7 650/9/8
f 647/7/6 657/10/9 660/8/7
f 650/9/8 661/11/10 652/12/11
f 650/9/8 660/8/7 661/11/10
f 77/13/12 587/14/1 642/1/1
f 77/13/12 642/1/1 476/15/13
f 587/14/1 586/16/14 643/2/2
f 587/14/1 643/2/2 642/1/1
f 586/16/14 583/17/15 645/5/4
f 586/16/14 645/5/4 643/2/2
f 583/17/15 70/18/16 199/19/17
f 583/17/15 199/19/17 645/5/4
f 644/20/18 206/21/19 200/22/20
f 644/20/18 654/23/21 206/21/19
f 655/24/18 207/25/19 205/26/20
f 655/24/18 663/27/21 207/25/19
f 662/28/22 18/29/23 208/30/24
f 662/28/22 138/31/25 18/29/23
f 659/32/26 138/31/25 662/28/22
f 659/32/26 137/33/27 138/31/25
f 657/10/9 137/34/28 660/8/7
f 657/10/9 134/35/29 137/34/28
f 467/36/30 134/37/31 656/38/32
f 467/36/30 15/39/33 134/37/31
f 474/40/30 658/41/34 646/42/32
f 474/40/30 470/43/35 658/41/34
f 475/44/30 649/45/34 641/46/32
f 475/44/30 472/47/35 649/45/34
f 664/48/36 668/49/37 665/50/38
f 664/48/36 667/51/39 668/49/37
f 665/50/38 669/52/40 666/53/41
f 665/50/38 668/49/37 669/52/40
f 667/51/39 671/54/42 668/49/37
f 667/51/39 670/55/43 671/54/42
f 668/49/37 672/56/44 669/52/40
f 668/49/37 671/54/42 672/56/44
f 33/57/45 664/48/36 179/58/46
f 33/57/45 308/59/47 664/48/36
f 179/58/46 665/50/38 183/60/48
f 179/58/46 664/48/36 665/50/38
f 183/60/48 666/53/41 184/61/49
f 183/60/48 665/50/38 666/53/41
f 184/61/49 303/62/50 31/63/51
f 184/61/49 666/53/41 303/62/50
f 666/53/41 304/64/52 303/62/50
f 666/53/41 669/52/40 304/64/52
f 669/52/40 305/65/53 304/64/52
f 669/52/40 672/56/44 305/65/53
f 672/56/44 43/66/54 305/65/53
f 672/56/44 291/67/55 43/66/54
f 671/54/42 291/67/55 672/56/44
f 671/54/42 289/68/56 291/67/55
f 670/55/43 289/68/56 671/54/42
f 670/55/43 288/69/57 289/68/56
f 306/70/58 288/69/57 670/55/43
f 306/70/58 44/71/59 288/69/57
f 307/72/60 670/55/43 667/51/39
f 307/72/60 306/70/58 670/55/43
f 308/59/47 667/51/39 664/48/36
f 308/59/47 307/72/60 667/51/39
f 673/73/61 688/74/62 675/75/63
f 673/73/61 684/76/64 688/74/62
f 676/77/65 689/78/66 679/79/67
f 676/77/65 687/80/68 689/78/66
f 684/81/61 694/82/69 686/83/69
f 684/81/61 691/84/64 694/82/69
f 686/83/69 695/85/70 689/86/70
f 686/83/69 694/82/69 695/85/70
f 79/87/71 674/88/72 581/89/72
f 79/87/71 486/90/73 674/88/72
f 581/89/72 678/91/62 579/92/63
f 581/89/72 674/88/72 678/91/62
f 578/93/65 682/94/66 576/95/67
f 578/93/65 677/96/68 682/94/66
f 575/97/74 214/98/75 72/99/76
f 575/97/74 681/100/77 214/98/75
f 680/101/74 217/102/78 215/103/79
f 680/101/74 690/104/77 217/102/78
f 689/86/70 218/105/76 216/106/76
f 689/86/70 695/85/70 218/105/76
f 696/107/70 31/63/51 219/108/79
f 696/107/70 184/61/49 31/63/51
f 692/109/65 184/61/49 696/107/70
f 692/109/65 181/60/80 184/61/49
f 691/110/61 182/111/81 693/112/63
f 691/110/61 180/113/82 182/111/81
f 478/114/83 178/115/84 691/116/85
f 478/114/83 32/117/86 178/115/84
f 480/118/71 691/116/85 685/119/87
f 480/118/71 478/114/83 691/116/85
f 484/120/71 683/121/88 673/122/87
f 484/120/71 482/123/73 683/121/88
f 697/124/89 702/125/90 698/126/90
f 697/124/89 700/127/89 702/125/90
f 698/126/90 704/128/91 699/129/91
f 698/126/90 702/125/90 704/128/91
f 701/130/89 708/131/90 703/132/90
f 701/130/89 707/133/89 708/131/90
f 703/132/90 709/134/92 705/135/93
f 703/132/90 708/131/90 709/134/92
f 83/136/94 697/124/89 574/137/89
f 83/136/94 498/138/95 697/124/89
f 574/137/89 698/126/90 573/139/90
f 574/137/89 697/124/89 698/126/90
f 573/139/90 699/129/91 572/140/91
f 573/139/90 698/126/90 699/129/91
f 572/141/91 224/142/96 75/143/97
f 572/141/91 699/144/91 224/142/96
f 699/144/91 227/145/98 224/142/96
f 699/144/91 704/146/91 227/145/98
f 706/147/99 229/148/98 227/149/100
f 706/147/99 709/150/101 229/148/98
f 709/151/92 25/152/102 230/153/100
f 709/151/92 162/154/103 25/152/102
f 708/131/90 162/155/103 709/134/92
f 708/131/90 161/156/104 162/155/103
f 707/133/89 161/156/104 708/131/90
f 707/133/89 160/157/105 161/156/104
f 489/158/106 160/157/105 707/133/89
f 489/158/106 27/159/107 160/157/105
f 494/160/106 707/133/89 701/130/89
f 494/160/106 488/158/95 707/133/89
f 497/138/106 700/127/89 697/124/89
f 497/138/106 491/161/95 700/127/89
f 711/162/108 725/163/109 714/164/110
f 711/162/108 722/165/111 725/163/109
f 713/166/112 729/167/113 718/168/114
f 713/166/112 725/169/115 729/167/113
f 721/170/108 735/171/116 724/172/117
f 721/170/108 730/173/111 735/171/116
f 724/172/117 737/174/113 726/175/114
f 724/172/117 735/171/116 737/174/113
f 101/176/118 710/177/119 611/178/120
f 101/176/118 633/179/121 710/177/119
f 611/178/120 712/180/109 609/181/110
f 611/178/120 710/177/119 712/180/109
f 610/182/112 717/183/113 607/184/114
f 610/182/112 715/185/115 717/183/113
f 605/186/122 477/187/123 76/188/124
f 605/186/122 716/189/125 477/187/123
f 719/190/122 473/191/123 475/192/124
f 719/190/122 728/193/125 473/191/123
f 727/194/122 469/195/123 471/196/124
f 727/194/122 736/197/125 469/195/123
f 739/198/122 16/199/126 468/200/124
f 739/198/122 146/201/127 16/199/126
f 734/202/112 146/203/128 738/204/114
f 734/202/112 145/205/129 146/203/128
f 733/206/108 143/207/130 735/208/110
f 733/206/108 141/209/131 143/207/130
f 638/210/118 140/211/132 732/212/133
f 638/210/118 95/213/134 140/211/132
f 635/214/118 731/215/135 723/216/133
f 635/214/118 639/217/121 731/215/135
f 632/218/118 720/219/135 711/220/133
f 632/218/118 634/221/121 720/219/135
f 740/222/136 750/223/137 743/224/137
f 740/222/136 747/225/136 750/223/137
f 743/224/137 751/226/138 745/227/138
f 743/224/137 750/223/137 751/226/138
f 748/228/139 757/229/140 749/230/141
f 748/228/139 755/231/142 757/229/140
f 749/232/143 763/233/144 752/234/145
f 749/232/143 758/235/146 763/233/144
f 87/236/147 741/237/148 565/238/149
f 87/236/147 512/239/147 741/237/148
f 567/240/139 742/241/140 563/242/141
f 567/240/139 740/243/142 742/241/140
f 564/244/143 746/245/144 561/246/150
f 564/244/143 744/247/146 746/245/144
f 562/248/151 485/249/152 78/250/153
f 562/248/151 746/251/154 485/249/152
f 745/227/138 483/252/152 484/253/153
f 745/227/138 751/226/138 483/252/152
f 752/254/151 479/255/152 481/256/153
f 752/254/151 764/257/154 479/255/152
f 761/258/151 32/117/86 478/114/83
f 761/258/151 189/259/155 32/117/86
f 759/260/143 190/261/156 762/262/145
f 759/260/143 187/263/157 190/261/156
f 754/264/139 187/265/158 760/266/141
f 754/264/139 185/267/159 187/265/158
f 507/268/160 185/269/161 753/270/149
f 507/268/160 34/271/162 185/269/161
f 510/272/160 756/273/148 748/274/149
f 510/272/160 507/275/163 756/273/148
f 511/276/147 747/225/136 740/222/136
f 511/276/147 509/277/147 747/225/136
f 766/278/164 776/279/165 770/280/166
f 766/278/164 774/281/167 776/279/165
f 769/282/168 780/283/169 771/284/170
f 769/282/168 775/285/171 780/283/169
f 774/281/167 783/286/172 776/279/165
f 774/281/167 781/287/173 783/286/172
f 776/279/165 785/288/169 777/289/174
f 776/279/165 783/286/172 785/288/169
f 91/290/175 765/291/164 557/292/164
f 91/290/175 518/293/175 765/291/164
f 557/292/164 768/294/176 555/295/166
f 557/292/164 765/291/164 768/294/176
f 555/296/168 771/297/169 553/298/170
f 555/296/168 767/299/171 771/297/169
f 554/300/177 496/301/178 81/302/179
f 554/300/177 771/303/180 496/301/178
f 772/304/177 493/305/178 495/306/179
f 772/304/177 779/307/180 493/305/178
f 778/308/177 490/309/178 492/310/179
f 778/308/177 785/311/180 490/309/178
f 784/312/177 26/313/181 487/314/179
f 784/312/177 167/315/182 26/313/181
f 783/286/172 168/316/183 786/288/170
f 783/286/172 165/317/184 168/316/183
f 781/287/173 165/317/184 783/286/172
f 781/287/173 163/318/185 165/317/184
f 515/319/186 163/318/185 781/287/173
f 515/319/186 29/320/187 163/318/185
f 516/321/175 782/322/188 773/323/189
f 516/321/175 514/324/175 782/322/188
f 519/325/175 774/281/167 766/278/164
f 519/325/175 517/326/175 774/281/167
f 787/327/190 793/328/191 788/329/192
f 787/327/190 791/330/193 793/328/191
f 788/329/192 796/331/194 789/332/195
f 788/329/192 793/328/191 796/331/194
f 790/333/190 798/334/192 792/335/196
f 790/333/190 797/336/190 798/334/192
f 792/335/196 799/337/197 795/338/198
f 792/335/196 798/334/192 799/337/197
f 93/339/199 787/327/190 550/340/190
f 93/339/199 523/341/199 787/327/190
f 550/340/190 788/329/192 548/342/196
f 550/340/190 787/327/190 788/329/192
f 548/342/196 789/332/195 546/343/200
f 548/342/196 788/329/192 789/332/195
f 546/343/200 505/344/201 85/345/202
f 546/343/200 789/332/195 505/344/201
f 789/332/195 502/346/203 505/344/201
f 789/332/195 796/331/194 502/346/203
f 794/347/204 501/348/203 502/349/202
f 794/347/204 799/350/205 501/348/203
f 799/337/197 20/351/206 499/352/202
f 799/337/197 152/353/207 20/351/206
f 798/334/192 152/353/207 799/337/197
f 798/334/192 150/354/208 152/353/207
f 797/336/190 150/354/208 798/334/192
f 797/336/190 148/355/209 150/354/208
f 520/356/199 148/355/209 797/336/190
f 520/356/199 22/357/210 148/355/209
f 521/358/199 797/336/190 790/333/190
f 521/358/199 520/356/199 797/336/190
f 523/341/199 791/330/193 787/327/190
f 523/341/199 522/359/199 791/330/193
f 800/360/211 811/361/212 802/362/213
f 800/360/211 809/363/211 811/361/212
f 805/364/214 814/365/215 808/366/216
f 805/364/214 810/367/217 814/365/215
f 809/363/211 819/368/218 811/361/212
f 809/363/211 817/369/211 819/368/218
f 811/361/212 821/370/215 813/371/216
f 811/361/212 819/368/218 821/370/215
f 69/372/219 801/373/211 543/374/211
f 69/372/219 201/375/220 801/373/211
f 543/374/211 804/376/221 542/377/213
f 543/374/211 801/373/211 804/376/221
f 542/378/214 806/379/222 539/380/222
f 542/378/214 803/381/217 806/379/222
f 539/380/222 512/382/147 87/383/147
f 539/380/222 806/379/222 512/382/147
f 807/384/223 509/385/147 511/386/147
f 807/384/223 812/387/224 509/385/147
f 815/388/223 508/389/225 510/390/226
f 815/388/223 820/391/224 508/389/225
f 822/392/223 34/393/227 506/394/226
f 822/392/223 197/395/228 34/393/227
f 819/396/214 197/397/229 823/398/216
f 819/396/214 195/399/230 197/397/229
f 816/400/231 194/401/232 819/402/213
f 816/400/231 192/403/233 194/401/232
f 208/30/24 192/404/234 818/405/235
f 208/30/24 18/29/23 192/404/234
f 203/406/219 817/369/211 809/363/211
f 203/406/219 207/407/220 817/369/211
f 202/408/219 809/363/211 800/360/211
f 202/408/219 204/406/220 809/363/211
f 824/409/236 833/410/237 826/411/237
f 824/409/236 831/412/238 833/410/237
f 826/413/237 836/414/239 828/415/240
f 826/413/237 833/416/237 836/414/239
f 831/417/241 838/418/242 834/419/243
f 831/417/241 837/420/238 838/418/242
f 832/421/244 842/422/239 835/423/239
f 832/421/244 839/424/245 842/422/239
f 72/99/76 825/425/246 536/426/247
f 72/99/76 214/98/75 825/425/246
f 537/427/236 826/411/237 535/428/248
f 537/427/236 824/409/236 826/411/237
f 535/429/248 828/415/240 533/430/249
f 535/429/248 826/413/237 828/415/240
f 532/431/250 518/293/175 91/290/175
f 532/431/250 827/432/251 518/293/175
f 828/415/240 517/326/175 519/325/175
f 828/415/240 836/414/239 517/326/175
f 835/423/239 514/324/175 516/321/175
f 835/423/239 842/422/239 514/324/175
f 842/433/239 28/434/252 513/435/253
f 842/433/239 176/436/254 28/434/252
f 840/437/244 176/436/254 842/433/239
f 840/437/244 173/438/255 176/436/254
f 837/439/241 174/440/256 841/441/243
f 837/439/241 170/442/257 174/440/256
f 220/443/258 172/444/259 837/445/247
f 220/443/258 31/446/260 172/444/259
f 216/106/76 837/447/246 829/448/247
f 216/106/76 218/105/76 837/447/246
f 213/449/258 830/450/246 825/451/247
f 213/449/258 217/452/261 830/450/246
f 843/453/262 850/454/263 844/455/263
f 843/453/262 847/456/264 850/454/263
f 844/455/263 852/457/265 845/458/265
f 844/455/263 850/454/263 852/457/265
f 846/459/266 854/460/263 849/461/263
f 846/459/266 853/462/266 854/460/263
f 849/461/263 855/463/265 851/464/265
f 849/461/263 854/460/263 855/463/265
f 74/465/267 843/453/262 528/466/266
f 74/465/267 226/467/268 843/453/262
f 528/466/266 844/455/263 527/468/263
f 528/466/266 843/453/262 844/455/263
f 527/468/263 845/458/265 525/469/265
f 527/468/263 844/455/263 845/458/265
f 525/469/265 523/341/199 93/339/199
f 525/469/265 845/458/265 523/341/199
f 845/458/265 522/359/199 523/341/199
f 845/458/265 852/457/265 522/359/199
f 851/464/265 520/356/199 521/358/199
f 851/464/265 855/463/265 520/356/199
f 855/463/265 22/357/210 520/356/199
f 855/463/265 158/470/269 22/357/210
f 854/460/263 158/470/269 855/463/265
f 854/460/263 156/471/270 158/470/269
f 853/462/266 156/471/270 854/460/263
f 853/462/266 154/472/271 156/471/270
f 228/473/272 154/472/271 853/462/266
f 228/473/272 24/474/273 154/472/271
f 227/475/267 853/462/266 846/459/266
f 227/475/267 228/473/272 853/462/266
f 225/476/267 848/477/274 843/478/275
f 225/476/267 227/479/268 848/477/274
f 864/480/276 860/481/277 865/482/278
f 864/480/276 893/483/279 860/481/277
f 867/484/280 863/485/281 869/486/282
f 867/484/280 866/487/283 863/485/281
f 870/488/284 861/489/285 872/490/286
f 870/488/284 868/491/287 861/489/285
f 873/492/288 858/493/289 874/494/290
f 873/492/288 871/495/291 858/493/289
f 876/496/292 859/497/293 877/498/294
f 876/496/292 875/499/295 859/497/293
f 879/500/296 862/501/297 880/502/298
f 879/500/296 878/503/299 862/501/297
f 881/504/300 862/501/297 882/505/301
f 881/504/300 880/502/298 862/501/297
f 883/506/302 862/501/297 885/507/303
f 883/506/302 882/505/301 862/501/297
f 886/508/304 857/509/305 887/510/306
f 886/508/304 884/511/307 857/509/305
f 889/512/308 856/513/309 890/514/310
f 889/512/308 888/515/311 856/513/309
f 892/516/312 860/481/277 893/483/279
f 892/516/312 891/517/313 860/481/277
f 36/518/314 864/480/276 254/519/315
f 36/518/314 263/520/316 864/480/276
f 254/519/315 865/482/278 255/521/317
f 254/519/315 864/480/276 865/482/278
f 263/520/316 893/483/279 864/480/276
f 263/520/316 261/522/318 893/483/279
f 37/523/319 867/484/280 298/524/320
f 37/523/319 258/525/321 867/484/280
f 298/524/320 869/486/282 299/526/322
f 298/524/320 867/484/280 869/486/282
f 258/525/321 866/487/283 867/484/280
f 258/525/321 256/527/323 866/487/283
f 45/528/324 870/488/284 293/529/325
f 45/528/324 302/530/326 870/488/284
f 293/529/325 872/490/286 294/531/327
f 293/529/325 870/488/284 872/490/286
f 302/530/326 868/491/287 870/488/284
f 302/530/326 300/532/328 868/491/287
f 44/533/59 873/492/288 288/534/57
f 44/533/59 297/535/329 873/492/288
f 288/534/57 874/494/290 289/536/56
f 288/534/57 873/492/288 874/494/290
f 297/535/329 871/495/291 873/492/288
f 297/535/329 295/537/330 871/495/291
f 43/538/54 876/496/292 283/539/331
f 43/538/54 292/540/332 876/496/292
f 283/539/331 877/498/294 284/541/333
f 283/539/331 876/496/292 877/498/294
f 292/540/332 875/499/295 876/496/292
f 292/540/332 290/542/334 875/499/295
f 42/543/335 879/500/296 278/544/336
f 42/543/335 287/545/337 879/500/296
f 278/544/336 880/502/298 279/546/338
f 278/544/336 879/500/296 880/502/298
f 287/545/337 878/503/299 879/500/296
f 287/545/337 285/547/339 878/503/299
f 41/548/340 881/504/300 274/549/341
f 41/548/340 282/550/342 881/504/300
f 274/549/341 882/505/301 275/551/343
f 274/549/341 881/504/300 882/505/301
f 282/550/342 880/502/298 881/504/300
f 282/550/342 280/546/344 880/502/298
f 40/552/345 883/506/302 269/553/346
f 40/552/345 277/554/347 883/506/302
f 269/553/346 885/507/303 270/555/348
f 269/553/346 883/506/302 885/507/303
f 277/554/347 882/505/301 883/506/302
f 277/554/347 276/551/349 882/505/301
f 39/556/350 886/508/304 264/557/351
f 39/556/350 273/558/352 886/508/304
f 264/557/351 887/510/306 265/559/353
f 264/557/351 886/508/304 887/510/306
f 273/558/352 884/511/307 886/508/304
f 273/558/352 271/560/354 884/511/307
f 38/561/355 889/512/308 594/562/356
f 38/561/355 268/563/357 889/512/308
f 594/562/356 890/514/310 595/564/358
f 594/562/356 889/512/308 890/514/310
f 268/563/357 888/515/311 889/512/308
f 268/563/357 266/565/359 888/515/311
f 97/566/360 892/516/312 259/567/361
f 97/566/360 598/568/362 892/516/312
f 259/567/361 893/483/279 260/522/363
f 259/567/361 892/516/312 893/483/279
f 598/568/362 891/517/313 892/516/312
f 598/568/362 596/569/364 891/517/313
f 894/570/365 898/571/366 895/572/367
f 894/570/365 897/573/368 898/571/366
f 895/572/367 899/574/369 896/575/370
f 895/572/367 898/571/366 899/574/369
f 897/573/368 901/576/371 898/571/366
f 897/573/368 900/577/372 901/576/371
f 898/571/366 902/578/373 899/574/369
f 898/571/366 901/576/371 902/578/373
f 27/159/107 894/570/365 160/157/105
f 27/159/107 314/579/374 894/570/365
f 160/157/105 895/572/367 161/156/104
f 160/157/105 894/570/365 895/572/367
f 161/156/104 896/575/370 162/155/103
f 161/156/104 895/572/367 896/575/370
f 162/154/103 309/580/375 25/152/102
f 162/154/103 896/581/370 309/580/375
f 896/581/370 310/582/376 309/580/375
f 896/581/370 899/583/369 310/582/376
f 899/583/369 311/584/377 310/582/376
f 899/574/369 902/578/373 311/585/377
f 902/586/373 40/587/345 311/584/377
f 902/588/373 277/554/347 40/552/345
f 901/589/371 277/554/347 902/588/373
f 901/589/371 275/551/343 277/554/347
f 900/590/372 275/551/343 901/589/371
f 900/590/372 274/549/341 275/551/343
f 312/591/378 274/592/341 900/577/372
f 312/591/378 41/593/340 274/592/341
f 313/594/379 900/577/372 897/573/368
f 313/594/379 312/591/378 900/577/372
f 314/579/374 897/573/368 894/570/365
f 314/579/374 313/594/379 897/573/368
f 903/595/380 907/596/381 904/597/382
f 903/595/380 906/598/383 907/596/381
f 904/597/382 908/599/384 905/600/385
f 904/597/382 907/596/381 908/599/384
f 906/598/383 910/601/386 907/596/381
f 906/598/383 909/602/387 910/601/386
f 907/596/381 911/603/388 908/599/384
f 907/596/381 910/601/386 911/603/388
f 96/604/389 903/595/380 142/605/390
f 96/604/389 628/606/391 903/595/380
f 142/605/390 904/597/382 144/607/392
f 142/605/390 903/595/380 904/597/382
f 144/607/392 905/600/385 147/608/393
f 144/607/392 904/597/382 905/600/385
f 147/608/393 315/609/394 17/610/395
f 147/608/393 905/600/385 315/609/394
f 905/600/385 316/611/396 315/609/394
f 905/600/385 908/599/384 316/611/396
f 908/599/384 317/612/397 316/611/396
f 908/599/384 911/603/388 317/612/397
f 911/603/388 36/613/314 317/612/397
f 911/603/388 262/614/398 36/613/314
f 910/601/386 262/614/398 911/603/388
f 910/601/386 260/615/363 262/614/398
f 909/602/387 260/615/363 910/601/386
f 909/602/387 259/616/361 260/615/363
f 630/617/399 259/616/361 909/602/387
f 630/617/399 97/618/360 259/616/361
f 629/619/400 909/602/387 906/598/383
f 629/619/400 630/617/399 909/602/387
f 628/606/391 906/598/383 903/595/380
f 628/606/391 629/619/400 906/598/383
f 912/620/401 916/621/402 913/622/403
f 912/620/401 915/623/404 916/621/402
f 913/622/403 917/624/405 914/625/406
f 913/622/403 916/621/402 917/624/405
f 915/623/404 919/626/407 916/621/402
f 915/623/404 918/627/408 919/626/407
f 916/621/402 920/628/409 917/624/405
f 916/621/402 919/626/407 920/628/409
f 35/629/410 912/620/401 186/630/411
f 35/629/410 323/631/412 912/620/401
f 186/630/411 913/622/403 188/632/413
f 186/630/411 912/620/401 913/622/403
f 188/632/413 914/625/406 191/633/414
f 188/632/413 913/622/403 914/625/406
f 191/633/414 308/59/47 33/57/45
f 191/633/414 914/625/406 308/59/47
f 914/625/406 307/72/60 308/59/47
f 914/625/406 917/624/405 307/72/60
f 917/624/405 306/70/58 307/72/60
f 917/624/405 920/628/409 306/70/58
f 920/628/409 44/71/59 306/70/58
f 920/628/409 296/634/415 44/71/59
f 919/626/407 296/634/415 920/628/409
f 919/626/407 294/635/327 296/634/415
f 918/636/408 294/637/327 919/638/407
f 918/639/408 293/640/325 294/641/327
f 321/642/416 293/643/325 918/644/408
f 321/645/416 45/646/324 293/647/325
f 322/648/417 918/627/408 915/623/404
f 322/648/417 321/649/416 918/627/408
f 323/631/412 915/623/404 912/620/401
f 323/631/412 322/648/417 915/623/404
f 921/650/418 925/651/419 922/652/420
f 921/650/418 924/653/421 925/651/419
f 922/652/420 926/654/422 923/655/423
f 922/652/420 925/651/419 926/654/422
f 924/653/421 928/656/424 925/651/419
f 924/653/421 927/657/425 928/656/424
f 925/651/419 929/658/426 926/654/422
f 925/651/419 928/656/424 929/658/426
f 30/659/427 921/650/418 164/660/428
f 30/659/427 326/661/429 921/650/418
f 164/660/428 922/652/420 166/662/430
f 164/660/428 921/650/418 922/652/420
f 166/662/430 923/655/423 169/663/431
f 166/662/430 922/652/420 923/655/423
f 169/663/431 314/579/374 27/159/107
f 169/663/431 923/655/423 314/579/374
f 923/655/423 313/594/379 314/579/374
f 923/655/423 926/654/422 313/594/379
f 926/654/422 312/591/378 313/594/379
f 926/654/422 929/658/426 312/591/378
f 929/658/426 41/593/340 312/591/378
f 929/658/426 281/664/432 41/593/340
f 928/656/424 281/664/432 929/658/426
f 928/656/424 279/665/338 281/664/432
f 927/657/425 279/665/338 928/656/424
f 927/657/425 278/666/336 279/665/338
f 324/667/433 278/666/336 927/657/425
f 324/667/433 42/668/335 278/666/336
f 325/669/434 927/657/425 924/653/421
f 325/669/434 324/667/433 927/657/425
f 326/661/429 924/653/421 921/650/418
f 326/661/429 325/669/434 924/653/421
f 930/670/435 934/671/436 931/672/437
f 930/670/435 933/673/438 934/671/436
f 931/672/437 935/674/439 932/675/440
f 931/672/437 934/671/436 935/674/439
f 933/673/438 937/676/441 934/671/436
f 933/673/438 936/677/442 937/676/441
f 934/671/436 938/678/443 935/674/439
f 934/671/436 937/676/441 938/678/443
f 23/679/444 930/670/435 149/680/445
f 23/679/444 329/681/446 930/670/435
f 149/680/445 931/672/437 151/682/447
f 149/680/445 930/670/435 931/672/437
f 151/682/447 932/675/440 153/683/448
f 151/682/447 931/672/437 932/675/440
f 153/683/448 320/684/449 21/685/450
f 153/683/448 932/675/440 320/684/449
f 932/675/440 319/686/451 320/684/449
f 932/675/440 935/674/439 319/686/451
f 935/674/439 318/687/452 319/686/451
f 935/674/439 938/678/443 318/687/452
f 938/678/443 38/688/355 318/687/452
f 938/678/443 267/689/453 38/688/355
f 937/676/441 267/689/453 938/678/443
f 937/676/441 265/690/353 267/689/453
f 936/677/442 265/690/353 937/676/441
f 936/677/442 264/691/351 265/690/353
f 327/692/454 264/691/351 936/677/442
f 327/692/454 39/693/350 264/691/351
f 328/694/455 936/677/442 933/673/438
f 328/694/455 327/692/454 936/677/442
f 329/681/446 933/673/438 930/670/435
f 329/681/446 328/694/455 933/673/438
f 939/695/456 943/696/457 940/697/458
f 939/695/456 942/698/459 943/696/457
f 940/697/458 944/699/460 941/700/461
f 940/697/458 943/696/457 944/699/460
f 942/698/459 946/701/462 943/696/457
f 942/698/459 945/702/463 946/701/462
f 943/696/457 947/703/464 944/699/460
f 943/696/457 946/701/462 947/703/464
f 19/704/465 939/695/456 193/705/466
f 19/704/465 332/706/467 939/695/456
f 193/705/466 940/697/458 196/707/468
f 193/705/466 939/695/456 940/697/458
f 196/707/468 941/700/461 198/708/469
f 196/707/468 940/697/458 941/700/461
f 198/708/469 323/709/412 35/710/410
f 198/708/469 941/700/461 323/709/412
f 941/700/461 322/711/417 323/709/412
f 941/700/461 944/699/460 322/711/417
f 944/699/460 321/712/416 322/711/417
f 944/699/460 947/703/464 321/712/416
f 947/703/464 45/713/324 321/712/416
f 947/703/464 301/714/470 45/713/324
f 946/701/462 301/714/470 947/703/464
f 946/701/462 299/715/322 301/714/470
f 945/702/463 299/715/322 946/701/462
f 945/702/463 298/716/320 299/715/322
f 330/717/471 298/716/320 945/702/463
f 330/717/471 37/718/319 298/716/320
f 331/719/472 945/702/463 942/698/459
f 331/719/472 330/717/471 945/702/463
f 332/706/467 942/698/459 939/695/456
f 332/706/467 331/719/472 942/698/459
f 948/720/473 952/721/474 949/722/475
f 948/720/473 951/723/476 952/721/474
f 949/724/475 953/725/477 950/726/478
f 949/724/475 952/727/474 953/725/477
f 951/723/476 955/728/479 952/721/474
f 951/723/476 954/729/480 955/728/479
f 952/727/474 956/730/481 953/725/477
f 952/721/474 955/728/479 956/731/481
f 31/63/51 948/720/473 171/732/482
f 31/63/51 303/62/50 948/720/473
f 171/732/482 949/722/475 175/733/483
f 171/732/482 948/720/473 949/722/475
f 175/734/483 950/726/478 177/735/484
f 175/734/483 949/724/475 950/726/478
f 177/735/484 326/661/429 30/659/427
f 177/735/484 950/726/478 326/661/429
f 950/726/478 325/669/434 326/661/429
f 950/726/478 953/725/477 325/669/434
f 953/725/477 324/667/433 325/669/434
f 953/725/477 956/730/481 324/667/433
f 956/730/481 42/668/335 324/667/433
f 956/736/481 286/737/485 42/738/335
f 955/739/479 286/737/485 956/736/481
f 955/739/479 284/541/333 286/737/485
f 954/740/480 284/541/333 955/739/479
f 954/740/480 283/539/331 284/541/333
f 305/65/53 283/741/331 954/729/480
f 305/65/53 43/66/54 283/741/331
f 304/64/52 954/729/480 951/723/476
f 304/64/52 305/65/53 954/729/480
f 303/62/50 951/723/476 948/720/473
f 303/62/50 304/64/52 951/723/476
f 957/742/486 961/743/487 958/744/488
f 957/742/486 960/745/489 961/743/487
f 958/744/488 962/746/490 959/747/491
f 958/744/488 961/743/487 962/746/490
f 960/745/489 964/748/492 961/743/487
f 960/745/489 963/749/493 964/748/492
f 961/743/487 965/750/494 962/746/490
f 961/743/487 964/748/492 965/750/494
f 25/152/102 957/742/486 155/751/495
f 25/152/102 309/580/375 957/742/486
f 155/751/495 958/744/488 157/752/496
f 155/751/495 957/742/486 958/744/488
f 157/752/496 959/747/491 159/753/497
f 157/752/496 958/744/488 959/747/491
f 159/753/497 329/681/446 23/679/444
f 159/753/497 959/747/491 329/681/446
f 959/747/491 328/694/455 329/681/446
f 959/747/491 962/746/490 328/694/455
f 962/746/490 327/692/454 328/694/455
f 962/746/490 965/750/494 327/692/454
f 965/750/494 39/693/350 327/692/454
f 965/750/494 272/754/498 39/693/350
f 964/748/492 272/754/498 965/750/494
f 964/748/492 270/755/348 272/754/498
f 963/749/493 270/755/348 964/748/492
f 963/749/493 269/756/346 270/755/348
f 311/584/377 269/756/346 963/749/493
f 311/584/377 40/587/345 269/756/346
f 310/582/376 963/749/493 960/745/489
f 310/582/376 311/584/377 963/749/493
f 309/580/375 960/745/489 957/742/486
f 309/580/375 310/582/376 960/745/489
f 966/757/499 970/758/500 967/759/501
f 966/757/499 969/760/502 970/758/500
f 967/759/501 971/761/503 968/762/504
f 967/759/501 970/758/500 971/761/503
f 969/760/502 973/763/505 970/758/500
f 969/760/502 972/764/506 973/763/505
f 970/758/500 974/765/507 971/761/503
f 970/758/500 973/763/505 974/765/507
f 17/610/395 966/757/499 135/766/508
f 17/610/395 315/609/394 966/757/499
f 135/766/508 967/759/501 136/767/509
f 135/766/508 966/757/499 967/759/501
f 136/767/509 968/762/504 139/768/510
f 136/767/509 967/759/501 968/762/504
f 139/768/510 332/706/467 19/704/465
f 139/768/510 968/762/504 332/706/467
f 968/762/504 331/719/472 332/706/467
f 968/762/504 971/761/503 331/719/472
f 971/761/503 330/717/471 331/719/472
f 971/761/503 974/765/507 330/717/471
f 974/765/507 37/718/319 330/717/471
f 974/765/507 257/769/511 37/718/319
f 973/763/505 257/769/511 974/765/507
f 973/763/505 255/770/317 257/769/511
f 972/764/506 255/770/317 973/763/505
f 972/764/506 254/771/315 255/770/317
f 317/612/397 254/771/315 972/764/506
f 317/612/397 36/613/314 254/771/315
f 316/611/396 972/764/506 969/760/502
f 316/611/396 317/612/397 972/764/506
f 315/609/394 969/760/502 966/757/499
f 315/609/394 316/611/396 969/760/502
f 975/772/512 976/773/513 979/774/514
f 975/772/512 979/774/514 978/775/515
f 976/776/513 977/777/516 980/778/517
f 976/776/513 980/778/517 979/779/514
f 978/780/515 979/779/514 982/781/518
f 978/780/515 982/781/518 981/782/519
f 979/779/514 980/778/517 983/783/520
f 979/779/514 983/783/520 982/781/518
f 8/784/521 113/785/522 975/772/512
f 8/784/521 975/772/512 357/786/523
f 113/785/522 114/787/524 976/773/513
f 113/785/522 976/773/513 975/772/512
f 114/787/524 115/788/525 977/789/516
f 114/787/524 977/789/516 976/773/513
f 115/788/525 7/790/526 253/791/527
f 115/788/525 253/791/527 977/789/516
f 977/777/516 253/792/527 251/793/528
f 977/777/516 251/793/528 980/778/517
f 980/778/517 251/793/528 248/794/529
f 980/778/517 248/794/529 983/783/520
f 983/783/520 248/794/529 67/795/530
f 983/783/520 67/795/530 397/796/531
f 982/781/518 983/783/520 397/796/531
f 982/781/518 397/796/531 399/797/532
f 981/782/519 982/781/518 399/797/532
f 981/782/519 399/797/532 401/798/533
f 359/799/534 981/782/519 401/798/533
f 359/799/534 401/798/533 56/800/535
f 358/801/536 978/780/515 981/782/519
f 358/801/536 981/782/519 359/799/534
f 357/786/523 975/772/512 978/775/515
f 357/786/523 978/775/515 358/802/536
f 984/803/537 985/804/538 988/805/539
f 984/803/537 988/805/539 987/806/540
f 985/804/538 986/807/541 989/808/542
f 985/804/538 989/808/542 988/805/539
f 987/809/540 988/810/539 991/811/543
f 987/809/540 991/811/543 990/812/544
f 988/810/539 989/813/542 992/814/545
f 988/810/539 992/814/545 991/811/543
f 11/815/546 122/816/547 984/803/537
f 11/815/546 984/803/537 344/817/548
f 122/816/547 123/818/549 985/804/538
f 122/816/547 985/804/538 984/803/537
f 123/818/549 124/819/550 986/807/541
f 123/818/549 986/807/541 985/804/538
f 124/819/550 10/820/551 247/821/552
f 124/819/550 247/821/552 986/807/541
f 986/807/541 247/821/552 246/822/553
f 986/807/541 246/822/553 989/808/542
f 989/813/542 246/823/553 245/824/554
f 989/813/542 245/824/554 992/814/545
f 992/814/545 245/824/554 65/825/555
f 992/814/545 65/825/555 403/826/556
f 991/811/543 992/814/545 403/826/556
f 991/811/543 403/826/556 404/827/557
f 990/812/544 991/811/543 404/827/557
f 990/812/544 404/827/557 406/828/558
f 346/829/559 990/830/544 406/831/558
f 346/829/559 406/831/558 51/832/560
f 345/833/561 987/834/540 990/830/544
f 345/833/561 990/830/544 346/829/559
f 344/817/548 984/803/537 987/806/540
f 344/817/548 987/806/540 345/835/561
f 993/836/562 994/837/563 997/838/564
f 993/836/562 997/838/564 996/839/565
f 994/837/563 995/840/566 998/841/567
f 994/837/563 998/841/567 997/838/564
f 996/839/565 997/838/564 1000/842/568
f 996/839/565 1000/842/568 999/843/569
f 997/838/564 998/841/567 1001/844/570
f 997/838/564 1001/844/570 1000/842/568
f 2/845/571 131/846/572 993/847/562
f 2/845/571 993/847/562 333/848/573
f 131/846/572 132/849/574 994/850/563
f 131/846/572 994/850/563 993/847/562
f 132/849/574 133/851/575 995/852/566
f 132/849/574 995/852/566 994/850/563
f 133/851/575 13/853/576 244/854/577
f 133/851/575 244/854/577 995/852/566
f 995/852/566 244/854/577 242/855/578
f 995/852/566 242/855/578 998/856/567
f 998/857/567 242/858/578 240/859/579
f 998/857/567 240/859/579 1001/860/570
f 1001/860/570 240/859/579 62/861/580
f 1001/860/570 62/861/580 407/862/581
f 1000/842/568 1001/844/570 407/863/581
f 1000/842/568 407/863/581 408/864/582
f 999/843/569 1000/842/568 408/864/582
f 999/843/569 408/864/582 409/865/583
f 340/866/584 999/843/569 409/865/583
f 340/866/584 409/865/583 47/867/585
f 336/868/586 996/839/565 999/843/569
f 336/868/586 999/843/569 340/866/584
f 335/869/587 993/836/562 996/839/565
f 335/869/587 996/839/565 336/868/586
f 1002/870/588 1003/871/589 1006/872/590
f 1002/870/588 1006/872/590 1005/873/591
f 1003/871/589 1004/874/592 1007/875/593
f 1003/871/589 1007/875/593 1006/872/590
f 1005/873/591 1006/872/590 1009/876/594
f 1005/873/591 1009/876/594 1008/877/595
f 1006/872/590 1007/875/593 1010/878/596
f 1006/872/590 1010/878/596 1009/876/594
f 6/879/526 110/880/597 1002/881/588
f 6/879/526 1002/881/588 252/882/598
f 110/880/597 111/883/599 1003/884/589
f 110/880/597 1003/884/589 1002/881/588
f 111/883/599 112/885/600 1004/886/592
f 111/883/599 1004/886/592 1003/884/589
f 112/885/600 4/887/601 236/888/602
f 112/885/600 236/888/602 1004/886/592
f 1004/874/592 236/889/602 235/890/603
f 1004/874/592 235/890/603 1007/875/593
f 1007/875/593 235/890/603 234/891/604
f 1007/875/593 234/891/604 1010/878/596
f 1010/878/596 234/891/604 61/892/605
f 1010/878/596 61/892/605 410/893/606
f 1009/876/594 1010/878/596 410/893/606
f 1009/876/594 410/893/606 411/894/607
f 1008/877/595 1009/876/594 411/894/607
f 1008/877/595 411/894/607 413/895/608
f 249/896/529 1008/877/595 413/895/608
f 249/896/529 413/895/608 68/897/530
f 250/898/528 1005/873/591 1008/877/595
f 250/898/528 1008/877/595 249/896/529
f 252/899/598 1002/870/588 1005/873/591
f 252/899/598 1005/873/591 250/898/528
f 1011/900/609 1012/901/610 1015/902/611
f 1011/900/609 1015/902/611 1014/903/612
f 1012/901/610 1013/904/613 1016/905/614
f 1012/901/610 1016/905/614 1015/902/611
f 1014/903/612 1015/902/611 1018/906/615
f 1014/903/612 1018/906/615 1017/907/616
f 1015/902/611 1016/905/614 1019/908/617
f 1015/902/611 1019/908/617 1018/906/615
f 10/820/551 119/909/618 1011/910/609
f 10/820/551 1011/910/609 247/821/552
f 119/909/618 120/911/619 1012/912/610
f 119/909/618 1012/912/610 1011/910/609
f 120/911/619 121/913/620 1013/914/613
f 120/911/619 1013/914/613 1012/912/610
f 121/913/620 9/915/621 233/916/622
f 121/913/620 233/916/622 1013/914/613
f 1013/904/613 233/917/622 232/918/623
f 1013/904/613 232/918/623 1016/905/614
f 1016/905/614 232/918/623 231/919/624
f 1016/905/614 231/919/624 1019/908/617
f 1019/908/617 231/919/624 59/920/625
f 1019/908/617 59/920/625 415/921/626
f 1018/906/615 1019/908/617 415/921/626
f 1018/906/615 415/921/626 417/922/627
f 1017/907/616 1018/906/615 417/922/627
f 1017/907/616 417/922/627 419/923/628
f 245/824/554 1017/907/616 419/923/628
f 245/824/554 419/923/628 65/825/555
f 246/823/553 1014/903/612 1017/907/616
f 246/823/553 1017/907/616 245/824/554
f 247/924/552 1011/900/609 1014/903/612
f 247/924/552 1014/903/612 246/823/553
f 1020/925/629 1021/926/630 1024/927/631
f 1020/925/629 1024/927/631 1023/928/632
f 1021/926/630 1022/929/633 1025/930/634
f 1021/926/630 1025/930/634 1024/927/631
f 1023/928/632 1024/927/631 1027/931/635
f 1023/928/632 1027/931/635 1026/932/636
f 1024/927/631 1025/930/634 1028/933/637
f 1024/927/631 1028/933/637 1027/931/635
f 14/934/576 128/935/638 1020/936/629
f 14/934/576 1020/936/629 243/937/577
f 128/935/638 129/938/639 1021/939/630
f 128/935/638 1021/939/630 1020/936/629
f 129/938/639 130/940/640 1022/941/633
f 129/938/639 1022/941/633 1021/939/630
f 130/940/640 12/942/641 223/943/642
f 130/940/640 223/943/642 1022/941/633
f 1022/929/633 223/944/642 222/945/643
f 1022/929/633 222/945/643 1025/930/634
f 1025/930/634 222/945/643 221/946/644
f 1025/930/634 221/946/644 1028/933/637
f 1028/933/637 221/946/644 53/947/645
f 1028/933/637 53/947/645 420/948/646
f 1027/931/635 1028/933/637 420/948/646
f 1027/931/635 420/948/646 422/949/647
f 1026/932/636 1027/931/635 422/949/647
f 1026/932/636 422/949/647 424/950/648
f 239/951/579 1026/932/636 425/950/649
f 239/951/579 425/950/649 63/952/650
f 241/953/651 1023/928/632 1026/932/636
f 241/953/651 1026/932/636 239/951/579
f 243/954/577 1020/925/629 1023/928/632
f 243/954/577 1023/928/632 241/953/651
f 1029/955/652 1030/956/653 1035/957/654
f 1029/955/652 1035/957/654 1033/958/655
f 1030/956/653 1031/959/656 1037/960/657
f 1030/956/653 1037/960/657 1035/957/654
f 1032/961/658 1039/962/659 1034/963/660
f 1032/961/658 1038/964/661 1039/962/659
f 1034/963/660 1040/965/662 1036/966/663
f 1034/963/660 1039/962/659 1040/965/662
f 94/967/664 107/968/665 1029/969/652
f 94/967/664 1029/969/652 620/970/666
f 107/968/665 108/971/667 1030/972/653
f 107/968/665 1030/972/653 1029/969/652
f 108/971/667 109/973/668 1031/974/656
f 108/971/667 1031/974/656 1030/972/653
f 109/973/668 3/975/669 212/976/670
f 109/973/668 212/976/670 1031/974/656
f 1031/959/656 212/977/670 211/978/671
f 1031/959/656 211/978/671 1037/960/657
f 1036/966/663 209/979/672 210/980/673
f 1036/966/663 1040/965/662 209/979/672
f 1040/965/662 49/981/674 209/979/672
f 1040/965/662 599/982/675 49/981/674
f 1039/962/659 599/982/675 1040/965/662
f 1039/962/659 601/983/676 599/982/675
f 1038/964/661 601/983/676 1039/962/659
f 1038/964/661 603/984/677 601/983/676
f 624/985/678 603/984/677 1038/964/661
f 624/985/678 99/986/679 603/984/677
f 623/987/680 1038/964/661 1032/961/658
f 623/987/680 626/985/681 1038/964/661
f 620/970/666 1029/969/652 1033/988/655
f 620/970/666 1033/988/655 622/989/682
f 1041/990/683 1042/991/684 1045/992/685
f 1041/990/683 1045/992/685 1044/993/686
f 1042/991/684 1043/994/687 1046/995/688
f 1042/991/684 1046/995/688 1045/992/685
f 1044/993/686 1045/992/685 1048/996/689
f 1044/993/686 1048/996/689 1047/997/690
f 1045/992/685 1046/995/688 1049/998/691
f 1045/992/685 1049/998/691 1048/996/689
f 9/915/621 116/999/692 1041/1000/683
f 9/915/621 1041/1000/683 233/916/622
f 116/999/692 117/1001/693 1042/1002/684
f 116/999/692 1042/1002/684 1041/1000/683
f 117/1001/693 118/1003/694 1043/1004/687
f 117/1001/693 1043/1004/687 1042/1002/684
f 118/1003/694 8/784/521 357/786/523
f 118/1003/694 357/786/523 1043/1004/687
f 1043/1004/687 357/786/523 358/802/536
f 1043/1004/687 358/802/536 1046/1005/688
f 1046/995/688 358/1006/536 359/1007/534
f 1046/995/688 359/1007/534 1049/998/691
f 1049/998/691 359/1007/534 56/1008/535
f 1049/998/691 56/1008/535 436/1009/695
f 1048/996/689 1049/998/691 436/1009/695
f 1048/996/689 436/1009/695 438/1010/696
f 1047/997/690 1048/996/689 438/1010/696
f 1047/997/690 438/1010/696 440/1011/697
f 231/919/624 1047/997/690 440/1011/697
f 231/919/624 440/1011/697 59/920/625
f 232/918/623 1044/993/686 1047/997/690
f 232/918/623 1047/997/690 231/919/624
f 233/917/622 1041/990/683 1044/993/686
f 233/917/622 1044/993/686 232/918/623
f 1050/1012/698 1051/1013/699 1054/1014/700
f 1050/1012/698 1054/1014/700 1053/1015/701
f 1051/1013/699 1052/1016/702 1055/1017/703
f 1051/1013/699 1055/1017/703 1054/1014/700
f 1053/1015/701 1054/1014/700 1057/1018/704
f 1053/1015/701 1057/1018/704 1056/1019/705
f 1054/1014/700 1055/1017/703 1058/1020/706
f 1054/1014/700 1058/1020/706 1057/1018/704
f 12/942/641 125/1021/707 1050/1022/698
f 12/942/641 1050/1022/698 223/943/642
f 125/1021/707 126/1023/708 1051/1024/699
f 125/1021/707 1051/1024/699 1050/1022/698
f 126/1023/708 127/1025/709 1052/1026/702
f 126/1023/708 1052/1026/702 1051/1024/699
f 127/1025/709 11/815/546 344/817/548
f 127/1025/709 344/817/548 1052/1026/702
f 1052/1026/702 344/817/548 345/835/561
f 1052/1026/702 345/835/561 1055/1027/703
f 1055/1017/703 345/833/561 346/829/559
f 1055/1017/703 346/829/559 1058/1020/706
f 1058/1020/706 346/829/559 51/832/560
f 1058/1020/706 51/832/560 441/1028/710
f 1057/1018/704 1058/1020/706 441/1028/710
f 1057/1018/704 441/1028/710 443/1029/711
f 1056/1019/705 1057/1018/704 443/1029/711
f 1056/1019/705 443/1029/711 446/1030/712
f 221/946/644 1056/1019/705 446/1030/712
f 221/946/644 446/1030/712 53/947/645
f 222/945/643 1053/1015/701 1056/1019/705
f 222/945/643 1056/1019/705 221/946/644
f 223/944/642 1050/1012/698 1053/1015/701
f 223/944/642 1053/1015/701 222/945/643
f 1059/1031/713 1060/1032/714 1065/1033/715
f 1059/1031/713 1065/1033/715 1063/1034/716
f 1060/1032/714 1061/1035/717 1067/1036/718
f 1060/1032/714 1067/1036/718 1065/1033/715
f 1062/1037/719 1069/1038/720 1064/1039/721
f 1062/1037/719 1068/1040/722 1069/1038/720
f 1064/1039/721 1070/1041/723 1066/1042/724
f 1064/1039/721 1069/1038/720 1070/1041/723
f 3/975/669 104/1043/725 1059/1044/713
f 3/975/669 1059/1044/713 212/976/670
f 104/1043/725 105/1045/726 1060/1046/714
f 104/1043/725 1060/1046/714 1059/1044/713
f 105/1045/726 106/1047/727 1061/1048/717
f 105/1045/726 1061/1048/717 1060/1046/714
f 106/1047/727 1/1049/728 334/1050/729
f 106/1047/727 334/1050/729 1061/1048/717
f 1061/1035/717 335/869/587 336/868/586
f 1061/1035/717 336/868/586 1067/1036/718
f 1066/1042/724 338/1051/730 337/1052/731
f 1066/1042/724 1070/1041/723 338/1051/730
f 1070/1041/723 46/1053/732 339/1051/733
f 1070/1041/723 447/1054/734 46/1053/732
f 1069/1038/720 447/1054/734 1070/1041/723
f 1069/1038/720 449/1055/735 447/1054/734
f 1068/1040/722 449/1055/735 1069/1038/720
f 1068/1040/722 451/1056/736 449/1055/735
f 209/979/672 451/1056/736 1068/1040/722
f 209/979/672 49/981/674 451/1056/736
f 210/980/673 1068/1040/722 1062/1037/719
f 210/980/673 209/979/672 1068/1040/722
f 212/977/670 1059/1031/713 1063/1034/716
f 212/977/670 1063/1034/716 211/978/671
f 1071/1057/266 1075/1058/263 1072/1059/263
f 1071/1057/266 1074/1060/266 1075/1058/263
f 1072/1059/263 1076/1061/265 1073/1062/265
f 1072/1059/263 1075/1058/263 1076/1061/265
f 1074/1060/266 1078/1063/263 1075/1058/263
f 1074/1060/266 1077/1064/266 1078/1063/263
f 1075/1058/263 1079/1065/265 1076/1061/265
f 1075/1058/263 1078/1063/263 1079/1065/265
f 55/1066/737 1071/1057/266 400/1067/738
f 55/1066/737 464/1068/739 1071/1057/266
f 400/1067/738 1072/1059/263 398/1069/740
f 400/1067/738 1071/1057/266 1072/1059/263
f 398/1069/740 1073/1062/265 396/1070/741
f 398/1069/740 1072/1059/263 1073/1062/265
f 396/1070/741 395/1071/199 66/1072/742
f 396/1070/741 1073/1062/265 395/1071/199
f 1073/1062/265 394/1073/199 395/1071/199
f 1073/1062/265 1076/1061/265 394/1073/199
f 1076/1061/265 393/1074/199 394/1073/199
f 1076/1061/265 1079/1065/265 393/1074/199
f 1079/1065/265 92/1075/199 393/1074/199
f 1079/1065/265 524/1076/265 92/1075/199
f 1078/1063/263 524/1076/265 1079/1065/265
f 1078/1063/263 526/1077/263 524/1076/265
f 1077/1064/266 526/1077/263 1078/1063/263
f 1077/1064/266 529/1078/266 526/1077/263
f 466/1079/739 529/1078/266 1077/1064/266
f 466/1079/739 75/143/97 529/1078/266
f 465/1080/739 1077/1064/266 1074/1060/266
f 465/1080/739 466/1079/739 1077/1064/266
f 464/1068/739 1074/1060/266 1071/1057/266
f 464/1068/739 465/1080/739 1074/1060/266
f 1080/1081/743 1081/1082/744 1087/1083/744
f 1080/1081/743 1087/1083/744 1085/1084/743
f 1081/1082/744 1082/1085/745 1090/1086/745
f 1081/1082/744 1090/1086/745 1087/1083/744
f 1085/1087/241 1092/1088/242 1088/1089/243
f 1085/1087/241 1091/1090/238 1092/1088/242
f 1086/1091/244 1096/1092/239 1089/1093/239
f 1086/1091/244 1093/1094/245 1096/1092/239
f 50/1095/746 1080/1096/246 405/1097/747
f 50/1095/746 456/1098/261 1080/1096/246
f 406/828/558 404/827/557 1081/1082/744
f 406/828/558 1081/1082/744 1080/1081/743
f 404/827/557 403/826/556 1082/1085/745
f 404/827/557 1082/1085/745 1081/1082/744
f 402/1099/748 391/1100/175 64/1101/749
f 402/1099/748 1083/1102/251 391/1100/175
f 1082/1085/745 392/1103/750 390/1104/750
f 1082/1085/745 390/1104/750 1090/1086/745
f 1089/1093/239 387/1105/175 389/1106/175
f 1089/1093/239 1096/1092/239 387/1105/175
f 1096/1107/250 90/1108/751 386/1109/253
f 1096/1107/250 530/1110/251 90/1108/751
f 1094/1111/244 531/1112/752 1096/1113/753
f 1094/1111/244 534/1114/245 531/1112/752
f 1091/1115/241 535/428/248 1095/1116/243
f 1091/1115/241 537/427/236 535/428/248
f 463/1117/258 538/1118/246 1091/1119/247
f 463/1117/258 73/1120/261 538/1118/246
f 459/1121/76 1091/1122/246 1084/1123/247
f 459/1121/76 461/1124/75 1091/1122/246
f 458/1125/754 1080/1126/743 1085/1127/743
f 458/1125/754 1085/1127/743 460/1128/755
f 1097/1129/756 1098/1130/757 1101/1131/757
f 1097/1129/756 1101/1131/757 1100/1132/756
f 1098/1130/757 1099/1133/758 1102/1134/758
f 1098/1130/757 1102/1134/758 1101/1131/757
f 1100/1132/756 1101/1131/757 1104/1135/757
f 1100/1132/756 1104/1135/757 1103/1136/756
f 1101/1131/757 1102/1134/758 1105/1137/758
f 1101/1131/757 1105/1137/758 1104/1135/757
f 47/867/585 409/865/583 1097/1129/756
f 47/867/585 1097/1129/756 453/1138/759
f 409/865/583 408/864/582 1098/1130/757
f 409/865/583 1098/1130/757 1097/1129/756
f 408/864/582 407/863/581 1099/1133/758
f 408/864/582 1099/1133/758 1098/1130/757
f 407/862/581 62/861/580 384/1139/760
f 407/862/581 384/1139/760 1099/1140/758
f 1099/1141/758 382/1142/761 379/1143/761
f 1099/1141/758 379/1143/761 1102/1144/758
f 1102/1144/758 379/1143/761 376/1145/760
f 1102/1144/758 376/1145/760 1105/1146/758
f 1105/1147/758 375/1148/761 88/1149/760
f 1105/1147/758 88/1149/760 540/1150/758
f 1104/1135/757 1105/1137/758 540/1151/758
f 1104/1135/757 540/1151/758 541/1152/757
f 1103/1136/756 1104/1135/757 541/1152/757
f 1103/1136/756 541/1152/757 544/1153/756
f 455/1154/759 1103/1136/756 544/1153/756
f 455/1154/759 544/1153/756 71/18/759
f 454/1155/759 1100/1132/756 1103/1136/756
f 454/1155/759 1103/1136/756 455/1154/759
f 453/1138/759 1097/1129/756 1100/1132/756
f 453/1138/759 1100/1132/756 454/1155/759
f 1107/1156/762 1112/1157/763 1108/1158/764
f 1107/1156/762 1111/1159/190 1112/1157/763
f 1109/1160/765 1110/1161/766 1115/1162/767
f 1109/1160/765 1115/1162/767 1113/1163/768
f 1111/1159/190 1117/1164/192 1112/1157/763
f 1111/1159/190 1116/1165/190 1117/1164/192
f 1112/1157/763 1118/1166/195 1114/1167/200
f 1112/1157/763 1117/1164/192 1118/1166/195
f 66/1072/742 1107/1156/762 412/1168/769
f 66/1072/742 395/1071/199 1107/1156/762
f 413/895/608 411/894/607 1109/1160/765
f 413/895/608 1109/1160/765 1106/1169/770
f 411/894/607 410/893/606 1110/1161/766
f 411/894/607 1110/1161/766 1109/1160/765
f 410/893/606 61/892/605 374/1170/771
f 410/893/606 374/1170/771 1110/1161/766
f 1110/1161/766 374/1170/771 373/1171/772
f 1110/1161/766 373/1171/772 1115/1162/767
f 1114/1167/200 371/1172/773 372/1173/774
f 1114/1167/200 1118/1166/195 371/1172/773
f 1118/1166/195 84/1174/775 371/1172/773
f 1118/1166/195 545/1175/194 84/1174/775
f 1117/1164/192 545/1175/194 1118/1166/195
f 1117/1164/192 547/1176/191 545/1175/194
f 1116/1165/190 547/1176/191 1117/1164/192
f 1116/1165/190 549/1177/193 547/1176/191
f 393/1074/199 549/1177/193 1116/1165/190
f 393/1074/199 92/1075/199 549/1177/193
f 394/1073/199 1116/1165/190 1111/1159/190
f 394/1073/199 393/1074/199 1116/1165/190
f 395/1071/199 1111/1159/190 1107/1156/762
f 395/1071/199 394/1073/199 1111/1159/190
f 1120/1178/776 1124/1179/777 1130/1180/778
f 1120/1178/776 1130/1180/778 1128/1181/776
f 1123/1182/168 1133/1183/169 1125/1184/170
f 1123/1182/168 1129/1185/171 1133/1183/169
f 1128/1181/776 1130/1180/778 1137/1186/777
f 1128/1181/776 1137/1186/777 1135/1187/779
f 1130/1180/778 1131/1188/780 1139/1189/781
f 1130/1180/778 1139/1189/781 1137/1186/777
f 64/1101/749 1119/1190/164 418/1191/782
f 64/1101/749 391/1100/175 1119/1190/164
f 418/1191/782 1122/1192/176 416/1193/783
f 418/1191/782 1119/1190/164 1122/1192/176
f 416/1194/784 1125/1195/785 414/1196/786
f 416/1194/784 1121/1197/171 1125/1195/785
f 414/1196/786 369/1198/178 57/1199/787
f 414/1196/786 1125/1195/785 369/1198/178
f 1126/1200/177 365/1201/178 368/1202/179
f 1126/1200/177 1134/1203/180 365/1201/178
f 1132/1204/177 362/1205/178 364/1206/179
f 1132/1204/177 1139/1207/180 362/1205/178
f 1138/1208/177 82/1209/178 360/1210/179
f 1138/1208/177 551/1211/180 82/1209/178
f 1137/1186/777 1140/1189/780 552/1212/781
f 1137/1186/777 552/1212/781 556/1213/778
f 1135/1187/779 1137/1186/777 556/1213/778
f 1135/1187/779 556/1213/778 558/1214/776
f 388/1215/788 1135/1187/779 558/1214/776
f 388/1215/788 558/1214/776 89/1216/750
f 389/1106/175 1136/1217/188 1127/1218/189
f 389/1106/175 387/1105/175 1136/1217/188
f 392/1103/750 1120/1178/776 1128/1181/776
f 392/1103/750 1128/1181/776 390/1104/750
f 1142/1219/136 1151/1220/137 1144/1221/137
f 1142/1219/136 1148/1222/136 1151/1220/137
f 1144/1221/137 1152/1223/138 1146/1224/138
f 1144/1221/137 1151/1220/137 1152/1223/138
f 1149/1225/139 1158/1226/140 1150/1227/141
f 1149/1225/139 1154/1228/142 1158/1226/140
f 1150/1229/143 1164/1230/144 1153/1231/145
f 1150/1229/143 1159/1232/146 1164/1230/144
f 63/1233/789 1141/1234/148 426/1235/790
f 63/1233/789 385/1236/163 1141/1234/148
f 423/1237/791 1143/1238/140 421/1239/792
f 423/1237/791 1142/1240/142 1143/1238/140
f 422/949/647 420/948/646 1147/1241/793
f 422/949/647 1147/1241/793 1145/1242/794
f 420/948/646 52/947/645 355/1243/795
f 420/948/646 355/1243/795 1147/1241/793
f 1146/1224/138 353/1244/152 354/1245/153
f 1146/1224/138 1152/1223/138 353/1244/152
f 1153/1246/151 349/1247/152 351/1248/153
f 1153/1246/151 1165/1249/154 349/1247/152
f 1162/1250/151 80/1251/796 348/1252/797
f 1162/1250/151 559/1253/154 80/1251/796
f 1160/1254/143 560/1255/144 1163/1256/150
f 1160/1254/143 564/1257/146 560/1255/144
f 1155/1258/139 564/1259/140 1161/1260/141
f 1155/1258/139 568/1261/142 564/1259/140
f 377/1262/160 566/1263/148 1156/1264/149
f 377/1262/160 86/1265/163 566/1263/148
f 381/1266/160 1157/1267/148 1149/1268/149
f 381/1266/160 378/1269/163 1157/1267/148
f 383/1270/160 1148/1222/136 1142/1219/136
f 383/1270/160 380/1271/163 1148/1222/136
f 1166/1272/798 1167/1273/799 1170/1274/799
f 1166/1272/798 1170/1274/799 1169/1275/798
f 1167/1273/799 1168/1276/800 1171/1277/800
f 1167/1273/799 1171/1277/800 1170/1274/799
f 1169/1275/798 1170/1274/799 1173/1278/799
f 1169/1275/798 1173/1278/799 1172/1279/798
f 1170/1274/799 1171/1277/800 1174/1280/800
f 1170/1274/799 1174/1280/800 1173/1278/799
f 98/1281/801 604/1282/802 1166/1283/798
f 98/1281/801 1166/1283/798 613/1284/803
f 604/1285/802 602/1286/804 1167/1273/799
f 604/1285/802 1167/1273/799 1166/1272/798
f 602/1286/804 600/1287/805 1168/1276/800
f 602/1286/804 1168/1276/800 1167/1273/799
f 600/1287/805 48/1288/806 343/1289/12
f 600/1287/805 343/1289/12 1168/1276/800
f 1168/1276/800 343/1289/12 342/1290/12
f 1168/1276/800 342/1290/12 1171/1277/800
f 1171/1277/800 342/1290/12 341/1291/12
f 1171/1277/800 341/1291/12 1174/1280/800
f 1174/1280/800 341/1291/12 77/13/12
f 1174/1280/800 77/13/12 606/1292/807
f 1173/1278/799 1174/1280/800 606/1292/807
f 1173/1278/799 606/1292/807 608/1293/808
f 1172/1279/798 1173/1278/799 608/1293/808
f 1172/1279/798 608/1293/808 612/1294/809
f 619/1295/803 1172/1296/798 612/1297/809
f 619/1295/803 612/1297/809 103/1298/810
f 615/1299/810 1169/1300/798 1172/1301/798
f 615/1299/810 1172/1301/798 618/1302/803
f 613/1284/803 1166/1283/798 1169/1300/798
f 613/1284/803 1169/1300/798 615/1299/810
f 1175/1303/89 1179/1304/90 1176/1305/90
f 1175/1303/89 1178/1306/89 1179/1304/90
f 1176/1305/90 1180/1307/91 1177/1308/91
f 1176/1305/90 1179/1304/90 1180/1307/91
f 1178/1306/89 1182/1309/90 1179/1304/90
f 1178/1306/89 1181/1310/89 1182/1309/90
f 1179/1304/90 1183/1311/91 1180/1307/91
f 1179/1304/90 1182/1309/90 1183/1311/91
f 58/1312/811 1175/1303/89 439/1313/812
f 58/1312/811 367/1314/95 1175/1303/89
f 439/1313/812 1176/1305/90 437/1315/813
f 439/1313/812 1175/1303/89 1176/1305/90
f 437/1315/813 1177/1308/91 435/1316/814
f 437/1315/813 1176/1305/90 1177/1308/91
f 435/1317/814 464/1068/739 55/1066/737
f 435/1317/814 1177/1318/91 464/1068/739
f 1177/1318/91 465/1080/739 464/1068/739
f 1177/1318/91 1180/1319/91 465/1080/739
f 1180/1319/91 466/1079/739 465/1080/739
f 1180/1319/91 1183/1320/91 466/1079/739
f 1183/1320/91 75/143/97 466/1079/739
f 1183/1320/91 572/141/91 75/143/97
f 1182/1309/90 572/140/91 1183/1311/91
f 1182/1309/90 573/139/90 572/140/91
f 1181/1310/89 573/139/90 1182/1309/90
f 1181/1310/89 574/137/89 573/139/90
f 361/1321/106 574/137/89 1181/1310/89
f 361/1321/106 83/136/94 574/137/89
f 366/1322/94 1181/1310/89 1178/1306/89
f 366/1322/94 363/1321/95 1181/1310/89
f 370/1314/106 1178/1306/89 1175/1303/89
f 370/1314/106 366/1322/94 1178/1306/89
f 1184/1323/61 1199/1324/62 1186/1325/63
f 1184/1323/61 1195/1326/64 1199/1324/62
f 1187/1327/65 1201/1328/66 1190/1329/67
f 1187/1327/65 1198/1330/68 1201/1328/66
f 1195/1331/61 1206/1332/69 1197/1333/69
f 1195/1331/61 1202/1334/815 1206/1332/69
f 1197/1333/69 1207/1335/70 1201/1336/70
f 1197/1333/69 1206/1332/69 1207/1335/70
f 54/1337/816 1185/1338/72 446/1339/817
f 54/1337/816 356/1340/73 1185/1338/72
f 446/1339/817 1188/1341/62 445/1342/818
f 446/1339/817 1185/1338/72 1188/1341/62
f 444/1343/819 1193/1344/66 441/1345/820
f 444/1343/819 1189/1346/68 1193/1344/66
f 442/1347/821 457/1348/78 50/1349/822
f 442/1347/821 1192/1350/77 457/1348/78
f 1191/1351/823 458/1125/754 460/1128/755
f 1191/1351/823 460/1128/755 1200/1352/824
f 1201/1336/70 461/1124/75 459/1121/76
f 1201/1336/70 1207/1335/70 461/1124/75
f 1208/1353/70 73/1354/78 462/1355/79
f 1208/1353/70 576/1356/70 73/1354/78
f 1204/1357/65 576/1356/70 1208/1353/70
f 1204/1357/65 577/1358/68 576/1356/70
f 1203/1359/61 580/1360/62 1205/1361/63
f 1203/1359/61 581/1362/815 580/1360/62
f 348/1252/797 582/1363/88 1203/1364/87
f 348/1252/797 80/1251/796 582/1363/88
f 350/1365/71 1202/1366/88 1196/1367/87
f 350/1365/71 347/1368/73 1202/1366/88
f 354/1369/71 1194/1370/88 1184/1371/87
f 354/1369/71 352/1372/73 1194/1370/88
f 1209/1373/1 1210/1374/2 1213/1375/2
f 1209/1373/1 1213/1375/2 1212/1376/1
f 1210/1374/2 1211/1377/4 1214/1378/4
f 1210/1374/2 1214/1378/4 1213/1375/2
f 1212/1376/1 1213/1375/2 1216/1379/2
f 1212/1376/1 1216/1379/2 1215/1380/1
f 1213/1375/2 1214/1378/4 1217/1381/4
f 1213/1375/2 1217/1381/4 1216/1379/2
f 48/1288/806 452/1382/825 1209/1373/1
f 48/1288/806 1209/1373/1 343/1289/12
f 452/1382/825 450/1383/826 1210/1374/2
f 452/1382/825 1210/1374/2 1209/1373/1
f 450/1383/826 448/1384/827 1211/1377/4
f 450/1383/826 1211/1377/4 1210/1374/2
f 448/1384/827 47/867/585 453/1138/759
f 448/1384/827 453/1138/759 1211/1377/4
f 1211/1377/4 453/1138/759 454/1155/759
f 1211/1377/4 454/1155/759 1214/1378/4
f 1214/1378/4 454/1155/759 455/1154/759
f 1214/1378/4 455/1154/759 1217/1381/4
f 1217/1381/4 455/1154/759 71/18/759
f 1217/1381/4 71/18/759 584/17/4
f 1216/1379/2 1217/1381/4 584/17/4
f 1216/1379/2 584/17/4 585/16/3
f 1215/1380/1 1216/1379/2 585/16/3
f 1215/1380/1 585/16/3 587/14/1
f 341/1291/12 1215/1380/1 587/14/1
f 341/1291/12 587/14/1 77/13/12
f 342/1290/12 1212/1376/1 1215/1380/1
f 342/1290/12 1215/1380/1 341/1291/12
f 343/1289/12 1209/1373/1 1212/1376/1
f 343/1289/12 1212/1376/1 342/1290/12
f 1218/1385/828 1219/1386/829 1224/1387/830
f 1218/1385/828 1224/1387/830 1222/1388/831
f 1219/1386/829 1220/1389/832 1226/1390/833
f 1219/1386/829 1226/1390/833 1224/1387/830
f 1221/1391/834 1228/1392/835 1223/1393/835
f 1221/1391/834 1227/1394/834 1228/1392/835
f 1223/1395/835 1229/1396/836 1225/1397/836
f 1223/1395/835 1228/1398/835 1229/1396/836
f 61/892/605 434/1399/837 1218/1385/828
f 61/892/605 1218/1385/828 374/1170/771
f 434/1399/837 432/1400/838 1219/1386/829
f 434/1399/837 1219/1386/829 1218/1385/828
f 432/1400/838 429/1401/839 1220/1389/832
f 432/1400/838 1220/1389/832 1219/1386/829
f 430/1401/839 98/1281/801 613/1284/803
f 430/1401/839 613/1284/803 1220/1389/832
f 1220/1389/832 613/1284/803 615/1299/810
f 1220/1389/832 615/1299/810 1226/1390/833
f 1225/1397/836 617/1402/840 614/1403/841
f 1225/1397/836 1229/1396/836 617/1402/840
f 1229/1396/836 102/1404/842 616/1402/841
f 1229/1396/836 569/1405/836 102/1404/842
f 1228/1398/835 569/1405/836 1229/1396/836
f 1228/1398/835 570/1406/835 569/1405/836
f 1227/1394/834 570/1407/835 1228/1392/835
f 1227/1394/834 571/1408/834 570/1407/835
f 371/1172/773 571/1408/834 1227/1394/834
f 371/1172/773 84/1174/775 571/1408/834
f 372/1173/774 1227/1394/834 1221/1391/834
f 372/1173/774 371/1172/773 1227/1394/834
f 374/1170/771 1218/1385/828 1222/1388/831
f 374/1170/771 1222/1388/831 373/1171/772
f 1230/1409/843 1234/1410/844 1241/1411/845
f 1230/1409/843 1241/1411/845 1237/1412/846
f 1234/1413/844 1236/1414/847 1242/1415/848
f 1234/1413/844 1242/1415/848 1241/1416/845
f 1239/1417/849 1246/1418/850 1240/1419/851
f 1239/1417/849 1243/1420/852 1246/1418/850
f 1241/1421/845 1242/1422/848 1247/1423/853
f 1241/1421/845 1247/1423/853 1246/1424/854
f 5/1425/601 588/1426/855 1231/1427/856
f 5/1425/601 1231/1427/856 238/1428/857
f 588/1429/855 589/1430/858 1233/1431/859
f 588/1429/855 1233/1431/859 1232/1432/856
f 589/1430/858 590/1433/860 1235/1434/861
f 589/1430/858 1235/1434/861 1233/1431/859
f 590/1433/860 94/967/664 620/970/666
f 590/1433/860 620/970/666 1235/1434/861
f 1235/1435/847 621/1436/862 623/1437/863
f 1235/1435/847 623/1437/863 1242/1438/848
f 1242/1422/848 623/1439/863 625/1440/864
f 1242/1422/848 625/1440/864 1247/1423/853
f 1248/1441/865 100/1442/866 627/1443/867
f 1248/1441/865 428/1444/868 100/1442/866
f 1246/1424/854 1247/1423/853 427/1445/839
f 1246/1424/854 427/1445/839 431/1446/838
f 1244/1447/869 1246/1424/854 431/1446/838
f 1244/1447/869 431/1446/838 433/1448/870
f 234/1449/871 433/1450/872 1243/1451/873
f 234/1449/871 60/1452/874 433/1450/872
f 235/890/603 1239/1453/875 1245/1454/876
f 235/890/603 1245/1454/876 234/891/604
f 237/1455/877 1230/1456/843 1238/1457/846
f 237/1455/877 1238/1457/846 235/1458/878
f 1249/1459/879 1253/1460/880 1250/1461/881
f 1249/1459/879 1252/1462/882 1253/1460/880
f 1250/1463/881 1254/1464/883 1251/1465/884
f 1250/1461/881 1253/1460/880 1254/1466/883
f 1252/1462/882 1256/1467/885 1253/1460/880
f 1252/1462/882 1255/1468/886 1256/1467/885
f 1253/1460/880 1257/1469/887 1254/1466/883
f 1253/1460/880 1256/1467/885 1257/1469/887
f 21/685/450 1249/1459/879 591/1470/888
f 21/685/450 320/684/449 1249/1459/879
f 591/1470/888 1250/1461/881 592/1471/889
f 591/1470/888 1249/1459/879 1250/1461/881
f 592/1472/889 1251/1465/884 593/1473/890
f 592/1472/889 1250/1463/881 1251/1465/884
f 593/1473/890 628/606/391 96/604/389
f 593/1473/890 1251/1465/884 628/606/391
f 1251/1465/884 629/619/400 628/606/391
f 1251/1465/884 1254/1464/883 629/619/400
f 1254/1464/883 630/617/399 629/619/400
f 1254/1466/883 1257/1469/887 630/1474/399
f 1257/1469/887 97/1475/360 630/1474/399
f 1257/1469/887 597/1476/891 97/1475/360
f 1256/1467/885 597/1476/891 1257/1469/887
f 1256/1467/885 595/1477/358 597/1476/891
f 1255/1478/886 595/564/358 1256/1479/885
f 1255/1478/886 594/562/356 595/564/358
f 318/687/452 594/1480/356 1255/1468/886
f 318/1481/452 38/1482/355 594/1483/356
f 319/686/451 1255/1468/886 1252/1462/882
f 319/686/451 318/687/452 1255/1468/886
f 320/684/449 1252/1462/882 1249/1459/879
f 320/684/449 319/686/451 1252/1462/882
f 1258/1484/834 1263/1485/892 1259/1486/835
f 1258/1484/834 1261/1487/893 1263/1485/892
f 1259/1488/835 1265/1489/894 1260/1490/836
f 1259/1488/835 1263/1491/892 1265/1489/894
f 1262/1492/834 1268/1493/835 1264/1494/835
f 1262/1492/834 1267/1495/834 1268/1493/835
f 1264/1496/835 1269/1497/836 1266/1498/836
f 1264/1496/835 1268/1499/835 1269/1497/836
f 84/1174/775 1258/1484/834 571/1408/834
f 84/1174/775 504/1500/895 1258/1484/834
f 571/1408/834 1259/1486/835 570/1407/835
f 571/1408/834 1258/1484/834 1259/1486/835
f 570/1406/835 1260/1490/836 569/1405/836
f 570/1406/835 1259/1488/835 1260/1490/836
f 569/1405/836 631/1501/842 102/1404/842
f 569/1405/836 1260/1490/836 631/1501/842
f 1260/1490/836 637/1502/840 631/1501/842
f 1260/1490/836 1265/1489/894 637/1502/840
f 1266/1498/836 640/1503/842 636/1504/841
f 1266/1498/836 1269/1497/836 640/1503/842
f 1269/1497/836 96/604/389 640/1503/842
f 1269/1497/836 593/1473/890 96/604/389
f 1268/1499/835 593/1473/890 1269/1497/836
f 1268/1499/835 592/1472/889 593/1473/890
f 1267/1495/834 592/1471/889 1268/1493/835
f 1267/1495/834 591/1470/888 592/1471/889
f 500/1505/896 591/1470/888 1267/1495/834
f 500/1505/896 21/685/450 591/1470/888
f 502/1506/897 1267/1495/834 1262/1492/834
f 502/1506/897 500/1505/896 1267/1495/834
f 505/1500/897 1261/1487/893 1258/1484/834
f 505/1500/897 503/1507/895 1261/1487/893
f 2522/1508/898 2523/1509/899 2526/1510/900
f 2522/1508/898 2526/1510/900 2525/1511/901
f 2523/1509/899 2524/1512/902 2527/1513/903
f 2523/1509/899 2527/1513/903 2526/1510/900
f 2525/1511/901 2526/1510/900 2529/1514/904
f 2525/1511/901 2529/1514/904 2528/1515/905
f 2526/1510/900 2527/1513/903 2530/1516/906
f 2526/1510/900 2530/1516/906 2529/1514/904
f 1421/1517/907 1500/1518/908 2522/1508/898
f 1421/1517/907 2522/1508/898 2276/1519/909
f 1500/1518/908 1503/1520/910 2523/1509/899
f 1500/1518/908 2523/1509/899 2522/1508/898
f 1503/1520/910 1504/1521/911 2524/1512/902
f 1503/1520/910 2524/1512/902 2523/1509/899
f 1504/1522/911 1303/1523/912 1498/1524/913
f 1504/1522/911 1498/1524/913 2524/1525/902
f 2524/1525/902 1498/1524/913 1496/1526/914
f 2524/1525/902 1496/1526/914 2527/1527/903
f 2527/1527/903 1496/1526/914 1494/1528/915
f 2527/1527/903 1494/1528/915 2530/1529/906
f 2530/1529/906 1494/1528/915 1301/1530/916
f 2530/1529/906 1301/1530/916 2207/1531/917
f 2529/1514/904 2530/1516/906 2207/1532/917
f 2529/1514/904 2207/1532/917 2208/1533/918
f 2528/1515/905 2529/1514/904 2208/1533/918
f 2528/1515/905 2208/1533/918 2209/1534/919
f 2278/1535/920 2528/1515/905 2209/1534/919
f 2278/1535/920 2209/1534/919 1422/1536/921
f 2277/1537/922 2525/1511/901 2528/1515/905
f 2277/1537/922 2528/1515/905 2278/1535/920
f 2276/1519/909 2522/1508/898 2525/1511/901
f 2276/1519/909 2525/1511/901 2277/1537/922
f 2531/1538/923 2532/1539/924 2535/1540/925
f 2531/1538/923 2535/1540/925 2534/1541/926
f 2532/1542/924 2533/1543/927 2536/1544/928
f 2532/1542/924 2536/1544/928 2535/1545/925
f 2534/1546/926 2535/1547/925 2538/1548/929
f 2534/1546/926 2538/1548/929 2537/1549/930
f 2535/1545/925 2536/1544/928 2539/1550/931
f 2535/1545/925 2539/1550/931 2538/1551/929
f 1483/1552/932 2521/1553/933 2531/1538/923
f 1483/1552/932 2531/1538/923 2270/1554/934
f 2521/1553/933 2520/1555/935 2532/1539/924
f 2521/1553/933 2532/1539/924 2531/1538/923
f 2520/1556/935 2519/1557/936 2533/1543/927
f 2520/1556/935 2533/1543/927 2532/1542/924
f 2519/1557/936 1476/1558/937 2469/1559/938
f 2519/1557/936 2469/1559/938 2533/1543/927
f 2533/1543/927 2469/1559/938 2467/1560/939
f 2533/1543/927 2467/1560/939 2536/1544/928
f 2536/1544/928 2467/1560/939 2465/1561/940
f 2536/1544/928 2465/1561/940 2539/1550/931
f 2539/1550/931 2465/1561/940 1306/1562/941
f 2539/1550/931 1306/1562/941 2210/1563/942
f 2538/1548/929 2539/1564/931 2210/1565/942
f 2538/1548/929 2210/1565/942 2211/1566/943
f 2537/1549/930 2538/1548/929 2211/1566/943
f 2537/1549/930 2211/1566/943 2212/1567/944
f 2275/1568/945 2537/1549/930 2212/1567/944
f 2275/1568/945 2212/1567/944 1425/1569/946
f 2273/1570/947 2534/1546/926 2537/1549/930
f 2273/1570/947 2537/1549/930 2275/1568/945
f 2270/1554/934 2531/1538/923 2534/1541/926
f 2270/1554/934 2534/1541/926 2273/1571/947
f 2540/1572/948 2541/1573/949 2544/1574/950
f 2540/1572/948 2544/1574/950 2543/1575/951
f 2541/1573/949 2542/1576/952 2545/1577/953
f 2541/1573/949 2545/1577/953 2544/1574/950
f 2543/1575/951 2544/1574/950 2547/1578/954
f 2543/1575/951 2547/1578/954 2546/1579/955
f 2544/1574/950 2545/1577/953 2548/1580/956
f 2544/1574/950 2548/1580/956 2547/1578/954
f 1425/1569/946 2212/1567/944 2540/1572/948
f 1425/1569/946 2540/1572/948 2265/1581/957
f 2212/1567/944 2211/1566/943 2541/1573/949
f 2212/1567/944 2541/1573/949 2540/1572/948
f 2211/1566/943 2210/1565/942 2542/1576/952
f 2211/1566/943 2542/1576/952 2541/1573/949
f 2210/1563/942 1306/1562/941 1535/1582/958
f 2210/1563/942 1535/1582/958 2542/1583/952
f 2542/1583/952 1535/1582/958 1533/1584/959
f 2542/1583/952 1533/1584/959 2545/1585/953
f 2545/1585/953 1533/1584/959 1531/1586/960
f 2545/1585/953 1531/1586/960 2548/1587/956
f 2548/1587/956 1531/1586/960 1308/1588/961
f 2548/1587/956 1308/1588/961 2213/1589/962
f 2547/1578/954 2548/1580/956 2213/1590/962
f 2547/1578/954 2213/1590/962 2214/1591/963
f 2546/1579/955 2547/1578/954 2214/1591/963
f 2546/1579/955 2214/1591/963 2215/1592/964
f 2269/1593/965 2546/1579/955 2215/1592/964
f 2269/1593/965 2215/1592/964 1427/1594/966
f 2267/1595/967 2543/1575/951 2546/1579/955
f 2267/1595/967 2546/1579/955 2269/1593/965
f 2265/1581/957 2540/1572/948 2543/1575/951
f 2265/1581/957 2543/1575/951 2267/1595/967
f 2549/1596/968 2550/1597/969 2553/1598/970
f 2549/1596/968 2553/1598/970 2552/1599/971
f 2550/1597/969 2551/1600/972 2554/1601/973
f 2550/1597/969 2554/1601/973 2553/1598/970
f 2552/1599/971 2553/1598/970 2556/1602/974
f 2552/1599/971 2556/1602/974 2555/1603/975
f 2553/1598/970 2554/1601/973 2557/1604/976
f 2553/1598/970 2557/1604/976 2556/1602/974
f 1427/1594/966 2215/1592/964 2549/1596/968
f 1427/1594/966 2549/1596/968 2258/1605/977
f 2215/1592/964 2214/1591/963 2550/1597/969
f 2215/1592/964 2550/1597/969 2549/1596/968
f 2214/1591/963 2213/1590/962 2551/1600/972
f 2214/1591/963 2551/1600/972 2550/1597/969
f 2213/1589/962 1308/1588/961 1551/1606/978
f 2213/1589/962 1551/1606/978 2551/1607/972
f 2551/1607/972 1551/1606/978 1549/1608/979
f 2551/1607/972 1549/1608/979 2554/1609/973
f 2554/1609/973 1549/1608/979 1547/1610/980
f 2554/1609/973 1547/1610/980 2557/1611/976
f 2557/1611/976 1547/1610/980 1310/1612/981
f 2557/1611/976 1310/1612/981 2216/1613/982
f 2556/1602/974 2557/1604/976 2216/1614/982
f 2556/1602/974 2216/1614/982 2217/1615/983
f 2555/1603/975 2556/1602/974 2217/1615/983
f 2555/1603/975 2217/1615/983 2218/1616/984
f 2263/1617/985 2555/1603/975 2218/1616/984
f 2263/1617/985 2218/1616/984 1428/1618/986
f 2261/1619/987 2552/1599/971 2555/1603/975
f 2261/1619/987 2555/1603/975 2263/1617/985
f 2258/1605/977 2549/1596/968 2552/1599/971
f 2258/1605/977 2552/1599/971 2261/1619/987
f 2558/1620/988 2559/1621/989 2562/1622/990
f 2558/1620/988 2562/1622/990 2561/1623/991
f 2559/1621/989 2560/1624/992 2563/1625/993
f 2559/1621/989 2563/1625/993 2562/1622/990
f 2561/1623/991 2562/1622/990 2565/1626/994
f 2561/1623/991 2565/1626/994 2564/1627/995
f 2562/1622/990 2563/1625/993 2566/1628/996
f 2562/1622/990 2566/1628/996 2565/1626/994
f 1428/1618/986 2218/1616/984 2558/1629/988
f 1428/1618/986 2558/1629/988 2252/1630/997
f 2218/1616/984 2217/1615/983 2559/1631/989
f 2218/1616/984 2559/1631/989 2558/1629/988
f 2217/1615/983 2216/1614/982 2560/1632/992
f 2217/1615/983 2560/1632/992 2559/1631/989
f 2216/1613/982 1310/1612/981 1567/1633/998
f 2216/1613/982 1567/1633/998 2560/1634/992
f 2560/1634/992 1567/1633/998 1565/1635/999
f 2560/1634/992 1565/1635/999 2563/1636/993
f 2563/1636/993 1565/1635/999 1563/1637/1000
f 2563/1636/993 1563/1637/1000 2566/1638/996
f 2566/1638/996 1563/1637/1000 1312/1639/1001
f 2566/1638/996 1312/1639/1001 2219/1640/1002
f 2565/1626/994 2566/1628/996 2219/1641/1002
f 2565/1626/994 2219/1641/1002 2220/1642/1003
f 2564/1627/995 2565/1626/994 2220/1642/1003
f 2564/1627/995 2220/1642/1003 2221/1643/1004
f 2256/1644/1005 2564/1627/995 2221/1643/1004
f 2256/1644/1005 2221/1643/1004 1431/1645/1006
f 2254/1646/1007 2561/1623/991 2564/1627/995
f 2254/1646/1007 2564/1627/995 2256/1644/1005
f 2252/1647/997 2558/1620/988 2561/1623/991
f 2252/1647/997 2561/1623/991 2254/1646/1007
f 2567/1648/1008 2568/1649/1009 2571/1650/1010
f 2567/1648/1008 2571/1650/1010 2570/1651/1011
f 2568/1649/1009 2569/1652/1012 2572/1653/1013
f 2568/1649/1009 2572/1653/1013 2571/1650/1010
f 2570/1651/1011 2571/1650/1010 2574/1654/1014
f 2570/1651/1011 2574/1654/1014 2573/1655/1015
f 2571/1650/1010 2572/1653/1013 2575/1656/1016
f 2571/1650/1010 2575/1656/1016 2574/1654/1014
f 1431/1645/1006 2221/1643/1004 2567/1648/1008
f 1431/1645/1006 2567/1648/1008 2246/1657/1017
f 2221/1643/1004 2220/1642/1003 2568/1649/1009
f 2221/1643/1004 2568/1649/1009 2567/1648/1008
f 2220/1642/1003 2219/1641/1002 2569/1652/1012
f 2220/1642/1003 2569/1652/1012 2568/1649/1009
f 2219/1640/1002 1312/1639/1001 1582/1658/1018
f 2219/1640/1002 1582/1658/1018 2569/1659/1012
f 2569/1659/1012 1582/1658/1018 1580/1660/1019
f 2569/1659/1012 1580/1660/1019 2572/1661/1013
f 2572/1661/1013 1580/1660/1019 1578/1662/1020
f 2572/1661/1013 1578/1662/1020 2575/1663/1016
f 2575/1663/1016 1578/1662/1020 1314/1664/1021
f 2575/1663/1016 1314/1664/1021 2222/1665/1022
f 2574/1654/1014 2575/1656/1016 2222/1666/1022
f 2574/1654/1014 2222/1666/1022 2223/1667/1023
f 2573/1655/1015 2574/1654/1014 2223/1667/1023
f 2573/1655/1015 2223/1667/1023 2224/1668/1024
f 2250/1669/1025 2573/1655/1015 2224/1668/1024
f 2250/1669/1025 2224/1668/1024 1432/1670/1026
f 2248/1671/1027 2570/1651/1011 2573/1655/1015
f 2248/1671/1027 2573/1655/1015 2250/1669/1025
f 2246/1657/1017 2567/1648/1008 2570/1651/1011
f 2246/1657/1017 2570/1651/1011 2248/1671/1027
f 2576/1672/1028 2577/1673/1029 2580/1674/1030
f 2576/1672/1028 2580/1674/1030 2579/1675/1031
f 2577/1673/1029 2578/1676/1032 2581/1677/1033
f 2577/1673/1029 2581/1677/1033 2580/1674/1030
f 2579/1678/1031 2580/1679/1030 2583/1680/1034
f 2579/1678/1031 2583/1680/1034 2582/1681/1035
f 2580/1679/1030 2581/1682/1033 2584/1683/1036
f 2580/1679/1030 2584/1683/1036 2583/1680/1034
f 1432/1670/1026 2224/1668/1024 2576/1672/1028
f 1432/1670/1026 2576/1672/1028 2243/1684/1037
f 2224/1668/1024 2223/1667/1023 2577/1673/1029
f 2224/1668/1024 2577/1673/1029 2576/1672/1028
f 2223/1667/1023 2222/1666/1022 2578/1676/1032
f 2223/1667/1023 2578/1676/1032 2577/1673/1029
f 2222/1665/1022 1314/1664/1021 1598/1685/1038
f 2222/1665/1022 1598/1685/1038 2578/1686/1032
f 2578/1686/1032 1598/1685/1038 1596/1687/1039
f 2578/1686/1032 1596/1687/1039 2581/1688/1033
f 2581/1688/1033 1596/1687/1039 1594/1689/1040
f 2581/1688/1033 1594/1689/1040 2584/1690/1036
f 2584/1690/1036 1594/1689/1040 1316/1691/1041
f 2584/1690/1036 1316/1691/1041 2225/1692/1042
f 2583/1680/1034 2584/1683/1036 2225/1693/1042
f 2583/1680/1034 2225/1693/1042 2226/1694/1043
f 2582/1681/1035 2583/1680/1034 2226/1694/1043
f 2582/1681/1035 2226/1694/1043 2227/1695/1044
f 2245/1696/1045 2582/1681/1035 2227/1695/1044
f 2245/1696/1045 2227/1695/1044 1434/1697/1046
f 2244/1698/1047 2579/1678/1031 2582/1681/1035
f 2244/1698/1047 2582/1681/1035 2245/1696/1045
f 2243/1684/1037 2576/1672/1028 2579/1675/1031
f 2243/1684/1037 2579/1675/1031 2244/1699/1047
f 2585/1700/1048 2586/1701/1049 2589/1702/1050
f 2585/1700/1048 2589/1702/1050 2588/1703/1051
f 2586/1701/1049 2587/1704/1052 2590/1705/1053
f 2586/1701/1049 2590/1705/1053 2589/1702/1050
f 2588/1703/1051 2589/1702/1050 2592/1706/1054
f 2588/1703/1051 2592/1706/1054 2591/1707/1055
f 2589/1702/1050 2590/1705/1053 2593/1708/1056
f 2589/1702/1050 2593/1708/1056 2592/1706/1054
f 1434/1697/1046 2227/1695/1044 2585/1700/1048
f 1434/1697/1046 2585/1700/1048 2240/1709/1057
f 2227/1695/1044 2226/1694/1043 2586/1701/1049
f 2227/1695/1044 2586/1701/1049 2585/1700/1048
f 2226/1694/1043 2225/1693/1042 2587/1704/1052
f 2226/1694/1043 2587/1704/1052 2586/1701/1049
f 2225/1692/1042 1316/1691/1041 1614/1710/1058
f 2225/1692/1042 1614/1710/1058 2587/1711/1052
f 2587/1711/1052 1614/1710/1058 1612/1712/1059
f 2587/1711/1052 1612/1712/1059 2590/1713/1053
f 2590/1713/1053 1612/1712/1059 1610/1714/1060
f 2590/1713/1053 1610/1714/1060 2593/1715/1056
f 2593/1715/1056 1610/1714/1060 1318/1716/1061
f 2593/1715/1056 1318/1716/1061 2228/1717/1062
f 2592/1706/1054 2593/1708/1056 2228/1718/1062
f 2592/1706/1054 2228/1718/1062 2229/1719/1063
f 2591/1707/1055 2592/1706/1054 2229/1719/1063
f 2591/1707/1055 2229/1719/1063 2230/1720/1064
f 2242/1721/1065 2591/1707/1055 2230/1720/1064
f 2242/1721/1065 2230/1720/1064 1435/1722/1066
f 2241/1723/1067 2588/1703/1051 2591/1707/1055
f 2241/1723/1067 2591/1707/1055 2242/1721/1065
f 2240/1709/1057 2585/1700/1048 2588/1703/1051
f 2240/1709/1057 2588/1703/1051 2241/1723/1067
f 2594/1724/1068 2595/1725/1069 2598/1726/1070
f 2594/1724/1068 2598/1726/1070 2597/1727/1071
f 2595/1725/1069 2596/1728/1072 2599/1729/1073
f 2595/1725/1069 2599/1729/1073 2598/1726/1070
f 2597/1727/1071 2598/1726/1070 2601/1730/1074
f 2597/1727/1071 2601/1730/1074 2600/1731/1075
f 2598/1726/1070 2599/1729/1073 2602/1732/1076
f 2598/1726/1070 2602/1732/1076 2601/1730/1074
f 1435/1722/1066 2230/1720/1064 2594/1724/1068
f 1435/1722/1066 2594/1724/1068 2237/1733/1077
f 2230/1720/1064 2229/1719/1063 2595/1725/1069
f 2230/1720/1064 2595/1725/1069 2594/1724/1068
f 2229/1719/1063 2228/1718/1062 2596/1728/1072
f 2229/1719/1063 2596/1728/1072 2595/1725/1069
f 2228/1717/1062 1318/1716/1061 1630/1734/1078
f 2228/1717/1062 1630/1734/1078 2596/1735/1072
f 2596/1735/1072 1630/1734/1078 1628/1736/1079
f 2596/1735/1072 1628/1736/1079 2599/1737/1073
f 2599/1737/1073 1628/1736/1079 1626/1738/1080
f 2599/1737/1073 1626/1738/1080 2602/1739/1076
f 2602/1739/1076 1626/1738/1080 1320/1740/1081
f 2602/1739/1076 1320/1740/1081 2231/1741/1082
f 2601/1742/1074 2602/1739/1076 2231/1741/1082
f 2601/1742/1074 2231/1741/1082 2232/1743/1083
f 2600/1731/1075 2601/1730/1074 2232/1744/1083
f 2600/1731/1075 2232/1744/1083 2233/1745/1084
f 2239/1746/1085 2600/1731/1075 2233/1745/1084
f 2239/1746/1085 2233/1745/1084 1436/1747/1086
f 2238/1748/1087 2597/1727/1071 2600/1731/1075
f 2238/1748/1087 2600/1731/1075 2239/1746/1085
f 2237/1733/1077 2594/1724/1068 2597/1727/1071
f 2237/1733/1077 2597/1727/1071 2238/1748/1087
f 2603/1749/1088 2604/1750/1089 2607/1751/1090
f 2603/1749/1088 2607/1751/1090 2606/1752/1091
f 2604/1750/1089 2605/1753/1092 2608/1754/1093
f 2604/1750/1089 2608/1754/1093 2607/1751/1090
f 2606/1752/1091 2607/1751/1090 2610/1755/1094
f 2606/1752/1091 2610/1755/1094 2609/1756/1095
f 2607/1751/1090 2608/1754/1093 2611/1757/1096
f 2607/1751/1090 2611/1757/1096 2610/1755/1094
f 1436/1758/1086 2233/1759/1084 2603/1749/1088
f 1436/1758/1086 2603/1749/1088 2234/1760/1097
f 2233/1759/1084 2232/1761/1083 2604/1750/1089
f 2233/1759/1084 2604/1750/1089 2603/1749/1088
f 2232/1761/1083 2231/1762/1082 2605/1753/1092
f 2232/1761/1083 2605/1753/1092 2604/1750/1089
f 2231/1741/1082 1320/1740/1081 1646/1763/1098
f 2231/1741/1082 1646/1763/1098 2605/1764/1092
f 2605/1764/1092 1646/1763/1098 1644/1765/1099
f 2605/1764/1092 1644/1765/1099 2608/1766/1093
f 2608/1766/1093 1644/1765/1099 1642/1767/1100
f 2608/1766/1093 1642/1767/1100 2611/1768/1096
f 2611/1768/1096 1642/1767/1100 1305/1523/1101
f 2611/1768/1096 1305/1523/1101 1505/1522/911
f 2610/1755/1094 2611/1757/1096 1505/1769/911
f 2610/1755/1094 1505/1769/911 1502/1770/910
f 2609/1756/1095 2610/1755/1094 1502/1770/910
f 2609/1756/1095 1502/1770/910 1501/1771/908
f 2236/1772/1102 2609/1756/1095 1501/1771/908
f 2236/1772/1102 1501/1771/908 1420/1773/1103
f 2235/1774/1104 2606/1752/1091 2609/1756/1095
f 2235/1774/1104 2609/1756/1095 2236/1772/1102
f 2234/1760/1097 2603/1749/1088 2606/1752/1091
f 2234/1760/1097 2606/1752/1091 2235/1774/1104
f 2619/1775/1105 2621/1776/1106 2612/1777/1107
f 2619/1775/1105 2612/1777/1107 2646/1778/1108
f 2622/1779/1109 2623/1780/1110 2613/1781/1111
f 2622/1779/1109 2613/1781/1111 2620/1782/1106
f 2624/1783/1112 2625/1784/1113 2613/1781/1111
f 2624/1783/1112 2613/1781/1111 2623/1780/1110
f 2626/1785/1114 2627/1786/1115 2613/1781/1111
f 2626/1785/1114 2613/1781/1111 2625/1784/1113
f 2628/1787/1116 2630/1788/1117 2613/1781/1111
f 2628/1787/1116 2613/1781/1111 2627/1786/1115
f 2631/1789/1118 2633/1790/1119 2616/1791/1111
f 2631/1789/1118 2616/1791/1111 2629/1792/1120
f 2634/1793/1121 2635/1794/1122 2618/1795/1107
f 2634/1793/1121 2618/1795/1107 2632/1796/1119
f 2636/1797/1123 2637/1798/1124 2618/1795/1107
f 2636/1797/1123 2618/1795/1107 2635/1794/1122
f 2639/1799/1125 2641/1800/1126 2614/1801/1107
f 2639/1799/1125 2614/1801/1107 2638/1802/1124
f 2642/1803/1127 2644/1804/1128 2615/1805/1107
f 2642/1803/1127 2615/1805/1107 2640/1806/1126
f 2645/1807/1129 2647/1808/1108 2617/1809/1111
f 2645/1807/1129 2617/1809/1111 2643/1810/1130
f 1272/1811/1131 1488/1812/1132 2619/1775/1105
f 1272/1811/1131 2619/1775/1105 1641/1813/1133
f 1488/1812/1132 1491/1814/1134 2621/1776/1106
f 1488/1812/1132 2621/1776/1106 2619/1775/1105
f 1641/1813/1133 2619/1775/1105 2646/1778/1108
f 1641/1813/1133 2646/1778/1108 1638/1815/1135
f 1275/1816/1136 2460/1817/1137 2622/1779/1109
f 1275/1816/1136 2622/1779/1109 1493/1818/1138
f 2460/1817/1137 2462/1819/1139 2623/1780/1110
f 2460/1817/1137 2623/1780/1110 2622/1779/1109
f 1493/1818/1138 2622/1779/1109 2620/1782/1106
f 1493/1818/1138 2620/1782/1106 1490/1820/1134
f 1474/1821/1140 1510/1822/1141 2624/1783/1112
f 1474/1821/1140 2624/1783/1112 2464/1823/1142
f 1510/1822/1141 1512/1824/1143 2625/1784/1113
f 1510/1822/1141 2625/1784/1113 2624/1783/1112
f 2464/1823/1142 2624/1783/1112 2623/1780/1110
f 2464/1823/1142 2623/1780/1110 2462/1819/1139
f 1278/1825/1144 1525/1826/1145 2626/1785/1114
f 1278/1825/1144 2626/1785/1114 1514/1827/1146
f 1525/1826/1145 1528/1828/1147 2627/1786/1115
f 1525/1826/1145 2627/1786/1115 2626/1785/1114
f 1514/1827/1146 2626/1785/1114 2625/1784/1113
f 1514/1827/1146 2625/1784/1113 1512/1824/1143
f 1281/1829/1148 1541/1830/1149 2628/1787/1116
f 1281/1829/1148 2628/1787/1116 1530/1831/1150
f 1541/1830/1149 1544/1832/1151 2630/1788/1117
f 1541/1830/1149 2630/1788/1117 2628/1787/1116
f 1530/1831/1150 2628/1787/1116 2627/1786/1115
f 1530/1831/1150 2627/1786/1115 1527/1828/1147
f 1284/1833/1152 1556/1834/1153 2631/1789/1118
f 1284/1833/1152 2631/1789/1118 1546/1835/1154
f 1556/1834/1153 1560/1836/1155 2633/1790/1119
f 1556/1834/1153 2633/1790/1119 2631/1789/1118
f 1546/1835/1154 2631/1789/1118 2629/1792/1120
f 1546/1835/1154 2629/1792/1120 1543/1837/1151
f 1287/1838/1156 1573/1839/1157 2634/1793/1121
f 1287/1838/1156 2634/1793/1121 1562/1840/1158
f 1573/1839/1157 1575/1841/1159 2635/1794/1122
f 1573/1839/1157 2635/1794/1122 2634/1793/1121
f 1562/1840/1158 2634/1793/1121 2632/1796/1119
f 1562/1840/1158 2632/1796/1119 1559/1842/1155
f 1290/1843/1160 1588/1844/1161 2636/1797/1123
f 1290/1843/1160 2636/1797/1123 1577/1845/1162
f 1588/1844/1161 1590/1846/1163 2637/1798/1124
f 1588/1844/1161 2637/1798/1124 2636/1797/1123
f 1577/1845/1162 2636/1797/1123 2635/1794/1122
f 1577/1845/1162 2635/1794/1122 1575/1841/1159
f 1293/1847/1164 1604/1848/1165 2639/1799/1125
f 1293/1847/1164 2639/1799/1125 1593/1849/1166
f 1604/1848/1165 1607/1850/1167 2641/1800/1126
f 1604/1848/1165 2641/1800/1126 2639/1799/1125
f 1593/1849/1166 2639/1799/1125 2638/1802/1124
f 1593/1849/1166 2638/1802/1124 1591/1851/1163
f 1296/1852/1168 1620/1853/1169 2642/1803/1127
f 1296/1852/1168 2642/1803/1127 1609/1854/1170
f 1620/1853/1169 1623/1855/1171 2644/1804/1128
f 1620/1853/1169 2644/1804/1128 2642/1803/1127
f 1609/1854/1170 2642/1803/1127 2640/1806/1126
f 1609/1854/1170 2640/1806/1126 1606/1856/1167
f 1299/1857/1172 1636/1858/1173 2645/1807/1129
f 1299/1857/1172 2645/1807/1129 1625/1859/1174
f 1636/1858/1173 1639/1860/1175 2647/1808/1108
f 1636/1858/1173 2647/1808/1108 2645/1807/1129
f 1625/1859/1174 2645/1807/1129 2643/1810/1130
f 1625/1859/1174 2643/1810/1130 1622/1861/1171
s 0
f 2648/1862/1176 2649/1863/1176 2652/1864/1176
f 2648/1862/1176 2652/1864/1176 2651/1865/1176
f 2649/1863/1176 2650/1866/1176 2653/1867/1176
f 2649/1863/1176 2653/1867/1176 2652/1864/1176
f 2651/1865/1176 2652/1864/1176 2655/1868/1176
f 2651/1865/1176 2655/1868/1176 2654/1869/1176
f 2652/1864/1176 2653/1867/1176 2656/1870/1176
f 2652/1864/1176 2656/1870/1176 2655/1868/1176
s 1
f 1273/1871/571 1650/1872/1177 2648/1862/1176
f 1273/1871/571 2648/1862/1176 1680/1873/1176
f 1650/1872/1177 1649/1874/726 2649/1863/1176
f 1650/1872/1177 2649/1863/1176 2648/1862/1176
f 1649/1874/726 1648/1875/725 2650/1866/1176
f 1649/1874/726 2650/1866/1176 2649/1863/1176
f 1648/1875/725 1276/1876/669 1681/1877/1176
f 1648/1875/725 1681/1877/1176 2650/1866/1176
s 0
f 2650/1866/1176 1681/1877/1176 1682/1878/1176
f 2650/1866/1176 1682/1878/1176 2653/1867/1176
f 2653/1867/1176 1682/1878/1176 1683/1879/1176
f 2653/1867/1176 1683/1879/1176 2656/1870/1176
s 1
f 2656/1870/1176 1683/1879/1176 1302/1880/1178
f 2656/1870/1176 1302/1880/1178 1495/1881/1179
f 2655/1868/1176 2656/1870/1176 1495/1881/1179
f 2655/1868/1176 1495/1881/1179 1497/1882/1180
f 2654/1869/1176 2655/1868/1176 1497/1882/1180
f 2654/1869/1176 1497/1882/1180 1499/1883/913
f 1678/1884/1176 2654/1869/1176 1499/1883/913
f 1678/1884/1176 1499/1883/913 1304/1885/912
s 0
f 1679/1886/1176 2651/1865/1176 2654/1869/1176
f 1679/1886/1176 2654/1869/1176 1678/1884/1176
f 1680/1873/1176 2648/1862/1176 2651/1865/1176
f 1680/1873/1176 2651/1865/1176 1679/1886/1176
f 2657/1887/1176 2658/1888/1176 2661/1889/1176
f 2657/1887/1176 2661/1889/1176 2660/1890/1176
f 2658/1888/1176 2659/1891/1176 2662/1892/1176
f 2658/1888/1176 2662/1892/1176 2661/1889/1176
f 2660/1890/1176 2661/1889/1176 2664/1893/1176
f 2660/1890/1176 2664/1893/1176 2663/1894/1176
f 2661/1889/1176 2662/1892/1176 2665/1895/1176
f 2661/1889/1176 2665/1895/1176 2664/1893/1176
s 1
f 1478/1896/664 2473/1897/860 2657/1887/1176
f 1478/1896/664 2657/1887/1176 2516/1898/1176
f 2473/1897/860 2472/1899/1181 2658/1888/1176
f 2473/1897/860 2658/1888/1176 2657/1887/1176
f 2472/1899/1181 2471/1900/855 2659/1891/1176
f 2472/1899/1181 2659/1891/1176 2658/1888/1176
f 2471/1900/855 1279/1901/601 1684/1902/1176
f 2471/1900/855 1684/1902/1176 2659/1891/1176
s 0
f 2659/1891/1176 1684/1902/1176 1685/1903/1176
f 2659/1891/1176 1685/1903/1176 2662/1892/1176
f 2662/1892/1176 1685/1903/1176 1686/1904/1176
f 2662/1892/1176 1686/1904/1176 2665/1895/1176
s 1
f 2665/1895/1176 1686/1904/1176 1307/1905/941
f 2665/1895/1176 1307/1905/941 2466/1906/940
f 2664/1893/1176 2665/1895/1176 2466/1906/940
f 2664/1893/1176 2466/1906/940 2468/1907/1182
f 2663/1894/1176 2664/1893/1176 2468/1907/1182
f 2663/1894/1176 2468/1907/1182 2470/1908/1183
f 2518/1909/1176 2663/1894/1176 2470/1908/1183
f 2518/1909/1176 2470/1908/1183 1477/1910/937
s 0
f 2517/1911/1176 2660/1890/1176 2663/1894/1176
f 2517/1911/1176 2663/1894/1176 2518/1909/1176
f 2516/1898/1176 2657/1887/1176 2660/1890/1176
f 2516/1898/1176 2660/1890/1176 2517/1911/1176
f 2666/1912/1176 2667/1913/1176 2670/1914/1176
f 2666/1912/1176 2670/1914/1176 2669/1915/1176
f 2667/1913/1176 2668/1916/1176 2671/1917/1176
f 2667/1913/1176 2671/1917/1176 2670/1914/1176
f 2669/1915/1176 2670/1914/1176 2673/1918/1176
f 2669/1915/1176 2673/1918/1176 2672/1919/1176
f 2670/1914/1176 2671/1917/1176 2674/1920/1176
f 2670/1914/1176 2674/1920/1176 2673/1918/1176
s 1
f 1279/1901/601 1656/1921/600 2666/1912/1176
f 1279/1901/601 2666/1912/1176 1684/1902/1176
f 1656/1921/600 1655/1922/599 2667/1913/1176
f 1656/1921/600 2667/1913/1176 2666/1912/1176
f 1655/1922/599 1654/1923/1184 2668/1916/1176
f 1655/1922/599 2668/1916/1176 2667/1913/1176
f 1654/1923/1184 1282/1924/526 1687/1925/1176
f 1654/1923/1184 1687/1925/1176 2668/1916/1176
s 0
f 2668/1916/1176 1687/1925/1176 1688/1926/1176
f 2668/1916/1176 1688/1926/1176 2671/1917/1176
f 2671/1917/1176 1688/1926/1176 1689/1927/1176
f 2671/1917/1176 1689/1927/1176 2674/1920/1176
s 1
f 2674/1920/1176 1689/1927/1176 1309/1928/961
f 2674/1920/1176 1309/1928/961 1532/1929/960
f 2673/1918/1176 2674/1920/1176 1532/1929/960
f 2673/1918/1176 1532/1929/960 1534/1930/959
f 2672/1919/1176 2673/1918/1176 1534/1930/959
f 2672/1919/1176 1534/1930/959 1536/1931/1185
f 1686/1904/1176 2672/1919/1176 1536/1931/1185
f 1686/1904/1176 1536/1931/1185 1307/1905/941
s 0
f 1685/1903/1176 2669/1915/1176 2672/1919/1176
f 1685/1903/1176 2672/1919/1176 1686/1904/1176
f 1684/1902/1176 2666/1912/1176 2669/1915/1176
f 1684/1902/1176 2669/1915/1176 1685/1903/1176
f 2675/1932/1176 2676/1933/1176 2679/1934/1176
f 2675/1932/1176 2679/1934/1176 2678/1935/1176
f 2676/1933/1176 2677/1936/1176 2680/1937/1176
f 2676/1933/1176 2680/1937/1176 2679/1934/1176
f 2678/1935/1176 2679/1934/1176 2682/1938/1176
f 2678/1935/1176 2682/1938/1176 2681/1939/1176
f 2679/1934/1176 2680/1937/1176 2683/1940/1176
f 2679/1934/1176 2683/1940/1176 2682/1938/1176
s 1
f 1282/1924/526 1659/1941/1186 2675/1932/1176
f 1282/1924/526 2675/1932/1176 1687/1925/1176
f 1659/1941/1186 1658/1942/524 2676/1933/1176
f 1659/1941/1186 2676/1933/1176 2675/1932/1176
f 1658/1942/524 1657/1943/522 2677/1936/1176
f 1658/1942/524 2677/1936/1176 2676/1933/1176
f 1657/1943/522 1285/1944/521 1690/1945/1176
f 1657/1943/522 1690/1945/1176 2677/1936/1176
s 0
f 2677/1936/1176 1690/1945/1176 1691/1946/1176
f 2677/1936/1176 1691/1946/1176 2680/1937/1176
f 2680/1937/1176 1691/1946/1176 1692/1947/1176
f 2680/1937/1176 1692/1947/1176 2683/1940/1176
s 1
f 2683/1940/1176 1692/1947/1176 1311/1948/981
f 2683/1940/1176 1311/1948/981 1548/1949/980
f 2682/1938/1176 2683/1940/1176 1548/1949/980
f 2682/1938/1176 1548/1949/980 1550/1950/979
f 2681/1939/1176 2682/1938/1176 1550/1950/979
f 2681/1939/1176 1550/1950/979 1552/1951/978
f 1689/1927/1176 2681/1939/1176 1552/1951/978
f 1689/1927/1176 1552/1951/978 1309/1928/961
s 0
f 1688/1926/1176 2678/1935/1176 2681/1939/1176
f 1688/1926/1176 2681/1939/1176 1689/1927/1176
f 1687/1925/1176 2675/1932/1176 2678/1935/1176
f 1687/1925/1176 2678/1935/1176 1688/1926/1176
f 2684/1952/1176 2685/1953/1176 2688/1954/1176
f 2684/1952/1176 2688/1954/1176 2687/1955/1176
f 2685/1953/1176 2686/1956/1176 2689/1957/1176
f 2685/1953/1176 2689/1957/1176 2688/1954/1176
f 2687/1955/1176 2688/1954/1176 2691/1958/1176
f 2687/1955/1176 2691/1958/1176 2690/1959/1176
f 2688/1954/1176 2689/1957/1176 2692/1960/1176
f 2688/1954/1176 2692/1960/1176 2691/1958/1176
s 1
f 1285/1944/521 1662/1961/694 2684/1952/1176
f 1285/1944/521 2684/1952/1176 1690/1945/1176
f 1662/1961/694 1661/1962/1187 2685/1953/1176
f 1662/1961/694 2685/1953/1176 2684/1952/1176
f 1661/1962/1187 1660/1963/692 2686/1956/1176
f 1661/1962/1187 2686/1956/1176 2685/1953/1176
f 1660/1963/692 1288/1964/621 1693/1965/1176
f 1660/1963/692 1693/1965/1176 2686/1956/1176
s 0
f 2686/1956/1176 1693/1965/1176 1694/1966/1176
f 2686/1956/1176 1694/1966/1176 2689/1957/1176
f 2689/1957/1176 1694/1966/1176 1695/1967/1176
f 2689/1957/1176 1695/1967/1176 2692/1960/1176
s 1
f 2692/1960/1176 1695/1967/1176 1313/1968/1001
f 2692/1960/1176 1313/1968/1001 1564/1969/1000
f 2691/1958/1176 2692/1960/1176 1564/1969/1000
f 2691/1958/1176 1564/1969/1000 1566/1970/1188
f 2690/1959/1176 2691/1958/1176 1566/1970/1188
f 2690/1959/1176 1566/1970/1188 1568/1971/998
f 1692/1947/1176 2690/1959/1176 1568/1971/998
f 1692/1947/1176 1568/1971/998 1311/1948/981
s 0
f 1691/1946/1176 2687/1955/1176 2690/1959/1176
f 1691/1946/1176 2690/1959/1176 1692/1947/1176
f 1690/1945/1176 2684/1952/1176 2687/1955/1176
f 1690/1945/1176 2687/1955/1176 1691/1946/1176
f 2693/1972/1176 2694/1973/1176 2697/1974/1176
f 2693/1972/1176 2697/1974/1176 2696/1975/1176
f 2694/1973/1176 2695/1976/1176 2698/1977/1176
f 2694/1973/1176 2698/1977/1176 2697/1974/1176
f 2696/1975/1176 2697/1974/1176 2700/1978/1176
f 2696/1975/1176 2700/1978/1176 2699/1979/1176
f 2697/1974/1176 2698/1977/1176 2701/1980/1176
f 2697/1974/1176 2701/1980/1176 2700/1978/1176
s 1
f 1288/1964/621 1665/1981/620 2693/1972/1176
f 1288/1964/621 2693/1972/1176 1693/1965/1176
f 1665/1981/620 1664/1982/1189 2694/1973/1176
f 1665/1981/620 2694/1973/1176 2693/1972/1176
f 1664/1982/1189 1663/1983/618 2695/1976/1176
f 1664/1982/1189 2695/1976/1176 2694/1973/1176
f 1663/1983/618 1291/1984/551 1696/1985/1176
f 1663/1983/618 1696/1985/1176 2695/1976/1176
s 0
f 2695/1976/1176 1696/1985/1176 1697/1986/1176
f 2695/1976/1176 1697/1986/1176 2698/1977/1176
f 2698/1977/1176 1697/1986/1176 1698/1987/1176
f 2698/1977/1176 1698/1987/1176 2701/1980/1176
s 1
f 2701/1980/1176 1698/1987/1176 1315/1988/1021
f 2701/1980/1176 1315/1988/1021 1579/1989/1020
f 2700/1978/1176 2701/1980/1176 1579/1989/1020
f 2700/1978/1176 1579/1989/1020 1581/1990/1190
f 2699/1979/1176 2700/1978/1176 1581/1990/1190
f 2699/1979/1176 1581/1990/1190 1583/1991/1018
f 1695/1967/1176 2699/1979/1176 1583/1991/1018
f 1695/1967/1176 1583/1991/1018 1313/1968/1001
s 0
f 1694/1966/1176 2696/1975/1176 2699/1979/1176
f 1694/1966/1176 2699/1979/1176 1695/1967/1176
f 1693/1965/1176 2693/1972/1176 2696/1975/1176
f 1693/1965/1176 2696/1975/1176 1694/1966/1176
f 2702/1992/1176 2703/1993/1176 2706/1994/1176
f 2702/1992/1176 2706/1994/1176 2705/1995/1176
f 2703/1993/1176 2704/1996/1176 2707/1997/1176
f 2703/1993/1176 2707/1997/1176 2706/1994/1176
f 2705/1995/1176 2706/1994/1176 2709/1998/1176
f 2705/1995/1176 2709/1998/1176 2708/1999/1176
f 2706/1994/1176 2707/1997/1176 2710/2000/1176
f 2706/1994/1176 2710/2000/1176 2709/1998/1176
s 1
f 1291/1984/551 1668/2001/1191 2702/1992/1176
f 1291/1984/551 2702/1992/1176 1696/1985/1176
f 1668/2001/1191 1667/2002/549 2703/1993/1176
f 1668/2001/1191 2703/1993/1176 2702/1992/1176
f 1667/2002/549 1666/2003/1192 2704/1996/1176
f 1667/2002/549 2704/1996/1176 2703/1993/1176
f 1666/2003/1192 1294/2004/1193 1699/2005/1176
f 1666/2003/1192 1699/2005/1176 2704/1996/1176
s 0
f 2704/1996/1176 1699/2005/1176 1700/2006/1176
f 2704/1996/1176 1700/2006/1176 2707/1997/1176
f 2707/1997/1176 1700/2006/1176 1701/2007/1176
f 2707/1997/1176 1701/2007/1176 2710/2000/1176
s 1
f 2710/2000/1176 1701/2007/1176 1317/2008/1194
f 2710/2000/1176 1317/2008/1194 1595/2009/1040
f 2709/1998/1176 2710/2000/1176 1595/2009/1040
f 2709/1998/1176 1595/2009/1040 1597/2010/1039
f 2708/1999/1176 2709/1998/1176 1597/2010/1039
f 2708/1999/1176 1597/2010/1039 1599/2011/1038
f 1698/1987/1176 2708/1999/1176 1599/2011/1038
f 1698/1987/1176 1599/2011/1038 1315/1988/1021
s 0
f 1697/1986/1176 2705/1995/1176 2708/1999/1176
f 1697/1986/1176 2708/1999/1176 1698/1987/1176
f 1696/1985/1176 2702/1992/1176 2705/1995/1176
f 1696/1985/1176 2705/1995/1176 1697/1986/1176
f 2711/2012/1176 2712/2013/1176 2715/2014/1176
f 2711/2012/1176 2715/2014/1176 2714/2015/1176
f 2712/2013/1176 2713/2016/1176 2716/2017/1176
f 2712/2013/1176 2716/2017/1176 2715/2014/1176
f 2714/2015/1176 2715/2014/1176 2718/2018/1176
f 2714/2015/1176 2718/2018/1176 2717/2019/1176
f 2715/2014/1176 2716/2017/1176 2719/2020/1176
f 2715/2014/1176 2719/2020/1176 2718/2018/1176
s 1
f 1294/2004/1193 1671/2021/1195 2711/2012/1176
f 1294/2004/1193 2711/2012/1176 1699/2005/1176
f 1671/2021/1195 1670/2022/708 2712/2013/1176
f 1671/2021/1195 2712/2013/1176 2711/2012/1176
f 1670/2022/708 1669/2023/707 2713/2016/1176
f 1670/2022/708 2713/2016/1176 2712/2013/1176
f 1669/2023/707 1297/2024/1196 1702/2025/1176
f 1669/2023/707 1702/2025/1176 2713/2016/1176
s 0
f 2713/2016/1176 1702/2025/1176 1703/2026/1176
f 2713/2016/1176 1703/2026/1176 2716/2017/1176
f 2716/2017/1176 1703/2026/1176 1704/2027/1176
f 2716/2017/1176 1704/2027/1176 2719/2020/1176
s 1
f 2719/2020/1176 1704/2027/1176 1319/2028/1197
f 2719/2020/1176 1319/2028/1197 1611/2029/1198
f 2718/2018/1176 2719/2020/1176 1611/2029/1198
f 2718/2018/1176 1611/2029/1198 1613/2030/1059
f 2717/2019/1176 2718/2018/1176 1613/2030/1059
f 2717/2019/1176 1613/2030/1059 1615/2031/1199
f 1701/2007/1176 2717/2019/1176 1615/2031/1199
f 1701/2007/1176 1615/2031/1199 1317/2008/1194
s 0
f 1700/2006/1176 2714/2015/1176 2717/2019/1176
f 1700/2006/1176 2717/2019/1176 1701/2007/1176
f 1699/2005/1176 2711/2012/1176 2714/2015/1176
f 1699/2005/1176 2714/2015/1176 1700/2006/1176
f 2720/2032/1176 2721/2033/1176 2724/2034/1176
f 2720/2032/1176 2724/2034/1176 2723/2035/1176
f 2721/2033/1176 2722/2036/1176 2725/2037/1176
f 2721/2033/1176 2725/2037/1176 2724/2034/1176
f 2723/2035/1176 2724/2034/1176 2727/2038/1176
f 2723/2035/1176 2727/2038/1176 2726/2039/1176
f 2724/2034/1176 2725/2037/1176 2728/2040/1176
f 2724/2034/1176 2728/2040/1176 2727/2038/1176
s 1
f 1297/2024/1196 1674/2041/1200 2720/2032/1176
f 1297/2024/1196 2720/2032/1176 1702/2025/1176
f 1674/2041/1200 1673/2042/639 2721/2033/1176
f 1674/2041/1200 2721/2033/1176 2720/2032/1176
f 1673/2042/639 1672/2043/638 2722/2036/1176
f 1673/2042/639 2722/2036/1176 2721/2033/1176
f 1672/2043/638 1300/2044/576 1705/2045/1176
f 1672/2043/638 1705/2045/1176 2722/2036/1176
s 0
f 2722/2036/1176 1705/2045/1176 1706/2046/1176
f 2722/2036/1176 1706/2046/1176 2725/2037/1176
f 2725/2037/1176 1706/2046/1176 1707/2047/1176
f 2725/2037/1176 1707/2047/1176 2728/2040/1176
s 1
f 2728/2040/1176 1707/2047/1176 1321/2048/1081
f 2728/2040/1176 1321/2048/1081 1627/2049/1080
f 2727/2038/1176 2728/2040/1176 1627/2049/1080
f 2727/2038/1176 1627/2049/1080 1629/2050/1079
f 2726/2039/1176 2727/2038/1176 1629/2050/1079
f 2726/2039/1176 1629/2050/1079 1631/2051/1078
f 1704/2027/1176 2726/2039/1176 1631/2051/1078
f 1704/2027/1176 1631/2051/1078 1319/2028/1197
s 0
f 1703/2026/1176 2723/2035/1176 2726/2039/1176
f 1703/2026/1176 2726/2039/1176 1704/2027/1176
f 1702/2025/1176 2720/2032/1176 2723/2035/1176
f 1702/2025/1176 2723/2035/1176 1703/2026/1176
f 2729/2052/1176 2730/2053/1176 2733/2054/1176
f 2729/2052/1176 2733/2054/1176 2732/2055/1176
f 2730/2053/1176 2731/2056/1176 2734/2057/1176
f 2730/2053/1176 2734/2057/1176 2733/2054/1176
f 2732/2055/1176 2733/2054/1176 2736/2058/1176
f 2732/2055/1176 2736/2058/1176 2735/2059/1176
f 2733/2054/1176 2734/2057/1176 2737/2060/1176
f 2733/2054/1176 2737/2060/1176 2736/2058/1176
s 1
f 1300/2044/576 1677/2061/575 2729/2052/1176
f 1300/2044/576 2729/2052/1176 1705/2045/1176
f 1677/2061/575 1676/2062/1201 2730/2053/1176
f 1677/2061/575 2730/2053/1176 2729/2052/1176
f 1676/2062/1201 1675/2063/1202 2731/2056/1176
f 1676/2062/1201 2731/2056/1176 2730/2053/1176
f 1675/2063/1202 1273/1871/571 1680/1873/1176
f 1675/2063/1202 1680/1873/1176 2731/2056/1176
s 0
f 2731/2056/1176 1680/1873/1176 1679/1886/1176
f 2731/2056/1176 1679/1886/1176 2734/2057/1176
f 2734/2057/1176 1679/1886/1176 1678/1884/1176
f 2734/2057/1176 1678/1884/1176 2737/2060/1176
s 1
f 2737/2060/1176 1678/1884/1176 1304/1885/912
f 2737/2060/1176 1304/1885/912 1643/2064/1100
f 2736/2058/1176 2737/2060/1176 1643/2064/1100
f 2736/2058/1176 1643/2064/1100 1645/2065/1203
f 2735/2059/1176 2736/2058/1176 1645/2065/1203
f 2735/2059/1176 1645/2065/1203 1647/2066/1098
f 1707/2047/1176 2735/2059/1176 1647/2066/1098
f 1707/2047/1176 1647/2066/1098 1321/2048/1081
s 0
f 1706/2046/1176 2732/2055/1176 2735/2059/1176
f 1706/2046/1176 2735/2059/1176 1707/2047/1176
f 1705/2045/1176 2729/2052/1176 2732/2055/1176
f 1705/2045/1176 2732/2055/1176 1706/2046/1176
s 1
f 2738/2067/1204 2739/2068/1204 2742/2069/1205
f 2738/2067/1204 2742/2069/1205 2741/2070/1205
f 2739/2068/1204 2740/2071/1204 2743/2072/1205
f 2739/2068/1204 2743/2072/1205 2742/2069/1205
f 2741/2070/1205 2742/2069/1205 2745/2073/1206
f 2741/2070/1205 2745/2073/1206 2744/2074/1206
f 2742/2069/1205 2743/2072/1205 2746/2075/1206
f 2742/2069/1205 2746/2075/1206 2745/2073/1206
f 1471/2076/1207 2411/2077/1208 2738/2067/1204
f 1471/2076/1207 2738/2067/1204 2456/2078/1209
f 2411/2077/1208 2410/2079/1210 2739/2068/1204
f 2411/2077/1208 2739/2068/1204 2738/2067/1204
f 2410/2079/1210 2409/2080/1211 2740/2071/1204
f 2410/2079/1210 2740/2071/1204 2739/2068/1204
f 2409/2080/1211 1382/2081/1212 1868/2082/1204
f 2409/2080/1211 1868/2082/1204 2740/2071/1204
f 2740/2071/1204 1868/2082/1204 1869/2083/1205
f 2740/2071/1204 1869/2083/1205 2743/2072/1205
f 2743/2072/1205 1869/2083/1205 1870/2084/1206
f 2743/2072/1205 1870/2084/1206 2746/2075/1206
f 2746/2075/1206 1870/2084/1206 1322/2085/1213
f 2746/2075/1206 1322/2085/1213 1712/2086/1213
f 2745/2073/1206 2746/2075/1206 1712/2086/1213
f 2745/2073/1206 1712/2086/1213 1711/2087/1213
f 2744/2074/1206 2745/2073/1206 1711/2087/1213
f 2744/2074/1206 1711/2087/1213 1709/2088/1213
f 2458/2089/1214 2744/2074/1206 1709/2088/1213
f 2458/2089/1214 1709/2088/1213 1473/2090/1215
f 2457/2091/1216 2741/2070/1205 2744/2074/1206
f 2457/2091/1216 2744/2074/1206 2458/2089/1214
f 2456/2078/1209 2738/2067/1204 2741/2070/1205
f 2456/2078/1209 2741/2070/1205 2457/2091/1216
f 2747/2092/1204 2748/2093/1204 2751/2094/1205
f 2747/2092/1204 2751/2094/1205 2750/2095/1205
f 2748/2093/1204 2749/2096/1204 2752/2097/1205
f 2748/2093/1204 2752/2097/1205 2751/2094/1205
f 2750/2095/1205 2751/2094/1205 2754/2098/1206
f 2750/2095/1205 2754/2098/1206 2753/2099/1206
f 2751/2094/1205 2752/2097/1205 2755/2100/1206
f 2751/2094/1205 2755/2100/1206 2754/2098/1206
f 1382/2081/1212 1867/2101/1217 2747/2092/1204
f 1382/2081/1212 2747/2092/1204 1868/2082/1204
f 1867/2101/1217 1866/2102/1218 2748/2093/1204
f 1867/2101/1217 2748/2093/1204 2747/2092/1204
f 1866/2102/1218 1865/2103/1219 2749/2096/1204
f 1866/2102/1218 2749/2096/1204 2748/2093/1204
f 1865/2103/1219 1381/2104/1220 1871/2105/1204
f 1865/2103/1219 1871/2105/1204 2749/2096/1204
f 2749/2096/1204 1871/2105/1204 1872/2106/1205
f 2749/2096/1204 1872/2106/1205 2752/2097/1205
f 2752/2097/1205 1872/2106/1205 1873/2107/1206
f 2752/2097/1205 1873/2107/1206 2755/2100/1206
f 2755/2100/1206 1873/2107/1206 1325/2108/1213
f 2755/2100/1206 1325/2108/1213 1719/2109/1213
f 2754/2098/1206 2755/2100/1206 1719/2109/1213
f 2754/2098/1206 1719/2109/1213 1717/2110/1213
f 2753/2099/1206 2754/2098/1206 1717/2110/1213
f 2753/2099/1206 1717/2110/1213 1714/2111/1213
f 1870/2084/1206 2753/2099/1206 1714/2111/1213
f 1870/2084/1206 1714/2111/1213 1322/2085/1213
f 1869/2083/1205 2750/2095/1205 2753/2099/1206
f 1869/2083/1205 2753/2099/1206 1870/2084/1206
f 1868/2082/1204 2747/2092/1204 2750/2095/1205
f 1868/2082/1204 2750/2095/1205 1869/2083/1205
f 2756/2112/1204 2757/2113/1204 2760/2114/1205
f 2756/2112/1204 2760/2114/1205 2759/2115/1205
f 2757/2113/1204 2758/2116/1204 2761/2117/1205
f 2757/2113/1204 2761/2117/1205 2760/2114/1205
f 2759/2115/1205 2760/2114/1205 2763/2118/1206
f 2759/2115/1205 2763/2118/1206 2762/2119/1206
f 2760/2114/1205 2761/2117/1205 2764/2120/1206
f 2760/2114/1205 2764/2120/1206 2763/2118/1206
f 1381/2104/1220 1864/2121/1221 2756/2112/1204
f 1381/2104/1220 2756/2112/1204 1871/2105/1204
f 1864/2121/1221 1863/2122/1222 2757/2113/1204
f 1864/2121/1221 2757/2113/1204 2756/2112/1204
f 1863/2122/1222 1862/2123/1211 2758/2116/1204
f 1863/2122/1222 2758/2116/1204 2757/2113/1204
f 1862/2123/1211 1380/2124/1223 1874/2125/1204
f 1862/2123/1211 1874/2125/1204 2758/2116/1204
f 2758/2116/1204 1874/2125/1204 1875/2126/1205
f 2758/2116/1204 1875/2126/1205 2761/2117/1205
f 2761/2117/1205 1875/2126/1205 1876/2127/1206
f 2761/2117/1205 1876/2127/1206 2764/2120/1206
f 2764/2120/1206 1876/2127/1206 1327/2128/1213
f 2764/2120/1206 1327/2128/1213 1725/2129/1213
f 2763/2118/1206 2764/2120/1206 1725/2129/1213
f 2763/2118/1206 1725/2129/1213 1723/2130/1213
f 2762/2119/1206 2763/2118/1206 1723/2130/1213
f 2762/2119/1206 1723/2130/1213 1721/2131/1213
f 1873/2107/1206 2762/2119/1206 1721/2131/1213
f 1873/2107/1206 1721/2131/1213 1325/2108/1213
f 1872/2106/1205 2759/2115/1205 2762/2119/1206
f 1872/2106/1205 2762/2119/1206 1873/2107/1206
f 1871/2105/1204 2756/2112/1204 2759/2115/1205
f 1871/2105/1204 2759/2115/1205 1872/2106/1205
f 2765/2132/1204 2766/2133/1204 2769/2134/1205
f 2765/2132/1204 2769/2134/1205 2768/2135/1205
f 2766/2133/1204 2767/2136/1204 2770/2137/1205
f 2766/2133/1204 2770/2137/1205 2769/2134/1205
f 2768/2135/1205 2769/2134/1205 2772/2138/1206
f 2768/2135/1205 2772/2138/1206 2771/2139/1206
f 2769/2134/1205 2770/2137/1205 2773/2140/1206
f 2769/2134/1205 2773/2140/1206 2772/2138/1206
f 1380/2124/1223 1861/2141/1224 2765/2132/1204
f 1380/2124/1223 2765/2132/1204 1874/2125/1204
f 1861/2141/1224 1860/2142/1218 2766/2133/1204
f 1861/2141/1224 2766/2133/1204 2765/2132/1204
f 1860/2142/1218 1859/2143/1219 2767/2136/1204
f 1860/2142/1218 2767/2136/1204 2766/2133/1204
f 1859/2143/1219 1379/2144/1225 1877/2145/1204
f 1859/2143/1219 1877/2145/1204 2767/2136/1204
f 2767/2136/1204 1877/2145/1204 1878/2146/1205
f 2767/2136/1204 1878/2146/1205 2770/2137/1205
f 2770/2137/1205 1878/2146/1205 1879/2147/1206
f 2770/2137/1205 1879/2147/1206 2773/2140/1206
f 2773/2140/1206 1879/2147/1206 1329/2148/1213
f 2773/2140/1206 1329/2148/1213 1731/2149/1213
f 2772/2138/1206 2773/2140/1206 1731/2149/1213
f 2772/2138/1206 1731/2149/1213 1729/2150/1213
f 2771/2139/1206 2772/2138/1206 1729/2150/1213
f 2771/2139/1206 1729/2150/1213 1727/2151/1213
f 1876/2127/1206 2771/2139/1206 1727/2151/1213
f 1876/2127/1206 1727/2151/1213 1327/2128/1213
f 1875/2126/1205 2768/2135/1205 2771/2139/1206
f 1875/2126/1205 2771/2139/1206 1876/2127/1206
f 1874/2125/1204 2765/2132/1204 2768/2135/1205
f 1874/2125/1204 2768/2135/1205 1875/2126/1205
f 2774/2152/1226 2775/2153/1227 2778/2154/1228
f 2774/2152/1226 2778/2154/1228 2777/2155/1229
f 2775/2153/1227 2776/2156/1230 2779/2157/1231
f 2775/2153/1227 2779/2157/1231 2778/2154/1228
f 2777/2155/1229 2778/2154/1228 2781/2158/1232
f 2777/2155/1229 2781/2158/1232 2780/2159/1233
f 2778/2154/1228 2779/2157/1231 2782/2160/1234
f 2778/2154/1228 2782/2160/1234 2781/2158/1232
f 1470/2161/1235 2408/2162/1236 2774/2152/1226
f 1470/2161/1235 2774/2152/1226 2453/2163/1237
f 2408/2162/1236 2407/2164/1238 2775/2153/1227
f 2408/2162/1236 2775/2153/1227 2774/2152/1226
f 2407/2164/1238 2406/2165/1239 2776/2156/1230
f 2407/2164/1238 2776/2156/1230 2775/2153/1227
f 2406/2165/1239 1393/2166/1240 1880/2167/1241
f 2406/2165/1239 1880/2167/1241 2776/2156/1230
f 2776/2156/1230 1880/2167/1241 1881/2168/1242
f 2776/2156/1230 1881/2168/1242 2779/2157/1231
f 2779/2157/1231 1881/2168/1242 1882/2169/1243
f 2779/2157/1231 1882/2169/1243 2782/2160/1234
f 2782/2160/1234 1882/2169/1243 1382/2170/1212
f 2782/2160/1234 1382/2170/1212 2409/2171/1211
f 2781/2158/1232 2782/2160/1234 2409/2171/1211
f 2781/2158/1232 2409/2171/1211 2410/2172/1210
f 2780/2159/1233 2781/2158/1232 2410/2172/1210
f 2780/2159/1233 2410/2172/1210 2411/2173/1208
f 2455/2174/1244 2780/2159/1233 2411/2173/1208
f 2455/2174/1244 2411/2173/1208 1471/2175/1207
f 2454/2176/1245 2777/2155/1229 2780/2159/1233
f 2454/2176/1245 2780/2159/1233 2455/2174/1244
f 2453/2163/1237 2774/2152/1226 2777/2155/1229
f 2453/2163/1237 2777/2155/1229 2454/2176/1245
f 2783/2177/1246 2784/2178/1247 2787/2179/1248
f 2783/2177/1246 2787/2179/1248 2786/2180/1249
f 2784/2178/1247 2785/2181/1250 2788/2182/1251
f 2784/2178/1247 2788/2182/1251 2787/2179/1248
f 2786/2180/1249 2787/2179/1248 2790/2183/1252
f 2786/2180/1249 2790/2183/1252 2789/2184/1253
f 2787/2179/1248 2788/2182/1251 2791/2185/1254
f 2787/2179/1248 2791/2185/1254 2790/2183/1252
f 1393/2166/1240 1855/2186/1255 2783/2177/1246
f 1393/2166/1240 2783/2177/1246 1880/2167/1241
f 1855/2186/1255 1854/2187/1256 2784/2178/1247
f 1855/2186/1255 2784/2178/1247 2783/2177/1246
f 1854/2187/1256 1853/2188/1257 2785/2181/1250
f 1854/2187/1256 2785/2181/1250 2784/2178/1247
f 1853/2188/1257 1392/2189/1258 1883/2190/1259
f 1853/2188/1257 1883/2190/1259 2785/2181/1250
f 2785/2181/1250 1883/2190/1259 1884/2191/1260
f 2785/2181/1250 1884/2191/1260 2788/2182/1251
f 2788/2182/1251 1884/2191/1260 1885/2192/1261
f 2788/2182/1251 1885/2192/1261 2791/2185/1254
f 2791/2185/1254 1885/2192/1261 1381/2193/1220
f 2791/2185/1254 1381/2193/1220 1865/2194/1219
f 2790/2183/1252 2791/2185/1254 1865/2194/1219
f 2790/2183/1252 1865/2194/1219 1866/2195/1218
f 2789/2184/1253 2790/2183/1252 1866/2195/1218
f 2789/2184/1253 1866/2195/1218 1867/2196/1217
f 1882/2169/1243 2789/2184/1253 1867/2196/1217
f 1882/2169/1243 1867/2196/1217 1382/2170/1212
f 1881/2168/1242 2786/2180/1249 2789/2184/1253
f 1881/2168/1242 2789/2184/1253 1882/2169/1243
f 1880/2167/1241 2783/2177/1246 2786/2180/1249
f 1880/2167/1241 2786/2180/1249 1881/2168/1242
f 2792/2197/1262 2793/2198/1263 2796/2199/1264
f 2792/2197/1262 2796/2199/1264 2795/2200/1265
f 2793/2198/1263 2794/2201/1266 2797/2202/1267
f 2793/2198/1263 2797/2202/1267 2796/2199/1264
f 2795/2200/1265 2796/2199/1264 2799/2203/1268
f 2795/2200/1265 2799/2203/1268 2798/2204/1269
f 2796/2199/1264 2797/2202/1267 2800/2205/1270
f 2796/2199/1264 2800/2205/1270 2799/2203/1268
f 1392/2189/1258 1852/2206/1271 2792/2197/1262
f 1392/2189/1258 2792/2197/1262 1883/2190/1259
f 1852/2206/1271 1851/2207/1272 2793/2198/1263
f 1852/2206/1271 2793/2198/1263 2792/2197/1262
f 1851/2207/1272 1850/2208/1273 2794/2201/1266
f 1851/2207/1272 2794/2201/1266 2793/2198/1263
f 1850/2208/1273 1391/2209/1274 1886/2210/1275
f 1850/2208/1273 1886/2210/1275 2794/2201/1266
f 2794/2201/1266 1886/2210/1275 1887/2211/1276
f 2794/2201/1266 1887/2211/1276 2797/2202/1267
f 2797/2202/1267 1887/2211/1276 1888/2212/1277
f 2797/2202/1267 1888/2212/1277 2800/2205/1270
f 2800/2205/1270 1888/2212/1277 1380/2213/1223
f 2800/2205/1270 1380/2213/1223 1862/2214/1211
f 2799/2203/1268 2800/2205/1270 1862/2214/1211
f 2799/2203/1268 1862/2214/1211 1863/2215/1222
f 2798/2204/1269 2799/2203/1268 1863/2215/1222
f 2798/2204/1269 1863/2215/1222 1864/2216/1221
f 1885/2192/1261 2798/2204/1269 1864/2216/1221
f 1885/2192/1261 1864/2216/1221 1381/2193/1220
f 1884/2191/1260 2795/2200/1265 2798/2204/1269
f 1884/2191/1260 2798/2204/1269 1885/2192/1261
f 1883/2190/1259 2792/2197/1262 2795/2200/1265
f 1883/2190/1259 2795/2200/1265 1884/2191/1260
f 2801/2217/1278 2802/2218/1279 2805/2219/1280
f 2801/2217/1278 2805/2219/1280 2804/2220/1281
f 2802/2218/1279 2803/2221/1282 2806/2222/1283
f 2802/2218/1279 2806/2222/1283 2805/2219/1280
f 2804/2220/1281 2805/2219/1280 2808/2223/1252
f 2804/2220/1281 2808/2223/1252 2807/2224/1284
f 2805/2219/1280 2806/2222/1283 2809/2225/1285
f 2805/2219/1280 2809/2225/1285 2808/2223/1252
f 1391/2209/1274 1849/2226/1286 2801/2217/1278
f 1391/2209/1274 2801/2217/1278 1886/2210/1275
f 1849/2226/1286 1848/2227/1287 2802/2218/1279
f 1849/2226/1286 2802/2218/1279 2801/2217/1278
f 1848/2227/1287 1847/2228/1288 2803/2221/1282
f 1848/2227/1287 2803/2221/1282 2802/2218/1279
f 1847/2228/1288 1390/2229/1289 1889/2230/1290
f 1847/2228/1288 1889/2230/1290 2803/2221/1282
f 2803/2221/1282 1889/2230/1290 1890/2231/1291
f 2803/2221/1282 1890/2231/1291 2806/2222/1283
f 2806/2222/1283 1890/2231/1291 1891/2232/1292
f 2806/2222/1283 1891/2232/1292 2809/2225/1285
f 2809/2225/1285 1891/2232/1292 1379/2233/1225
f 2809/2225/1285 1379/2233/1225 1859/2234/1219
f 2808/2223/1252 2809/2225/1285 1859/2234/1219
f 2808/2223/1252 1859/2234/1219 1860/2235/1218
f 2807/2224/1284 2808/2223/1252 1860/2235/1218
f 2807/2224/1284 1860/2235/1218 1861/2236/1224
f 1888/2212/1277 2807/2224/1284 1861/2236/1224
f 1888/2212/1277 1861/2236/1224 1380/2213/1223
f 1887/2211/1276 2804/2220/1281 2807/2224/1284
f 1887/2211/1276 2807/2224/1284 1888/2212/1277
f 1886/2210/1275 2801/2217/1278 2804/2220/1281
f 1886/2210/1275 2804/2220/1281 1887/2211/1276
f 2810/2237/1293 2811/2238/1294 2814/2239/1295
f 2810/2237/1293 2814/2239/1295 2813/2240/1296
f 2811/2238/1294 2812/2241/1297 2815/2242/1298
f 2811/2238/1294 2815/2242/1298 2814/2239/1295
f 2813/2240/1296 2814/2239/1295 2817/2243/1299
f 2813/2240/1296 2817/2243/1299 2816/2244/1300
f 2814/2239/1295 2815/2242/1298 2818/2245/1301
f 2814/2239/1295 2818/2245/1301 2817/2243/1299
f 1469/2246/1302 2405/2247/1303 2810/2237/1293
f 1469/2246/1302 2810/2237/1293 2450/2248/1304
f 2405/2247/1303 2404/2249/1305 2811/2238/1294
f 2405/2247/1303 2811/2238/1294 2810/2237/1293
f 2404/2249/1305 2403/2250/1306 2812/2241/1297
f 2404/2249/1305 2812/2241/1297 2811/2238/1294
f 2403/2250/1306 1389/2251/1307 1893/2252/1308
f 2403/2250/1306 1893/2252/1308 2812/2241/1297
f 2812/2241/1297 1893/2252/1308 1895/2253/1309
f 2812/2241/1297 1895/2253/1309 2815/2242/1298
f 2815/2242/1298 1895/2253/1309 1896/2254/1310
f 2815/2242/1298 1896/2254/1310 2818/2245/1301
f 2818/2245/1301 1896/2254/1310 1393/2166/1240
f 2818/2245/1301 1393/2166/1240 2406/2165/1239
f 2817/2243/1299 2818/2245/1301 2406/2165/1239
f 2817/2243/1299 2406/2165/1239 2407/2164/1238
f 2816/2244/1300 2817/2243/1299 2407/2164/1238
f 2816/2244/1300 2407/2164/1238 2408/2162/1236
f 2452/2255/1311 2816/2244/1300 2408/2162/1236
f 2452/2255/1311 2408/2162/1236 1470/2161/1235
f 2451/2256/1312 2813/2240/1296 2816/2244/1300
f 2451/2256/1312 2816/2244/1300 2452/2255/1311
f 2450/2248/1304 2810/2237/1293 2813/2240/1296
f 2450/2248/1304 2813/2240/1296 2451/2256/1312
f 2819/2257/1313 2820/2258/1314 2823/2259/1315
f 2819/2257/1313 2823/2259/1315 2822/2260/1316
f 2820/2258/1314 2821/2261/1317 2824/2262/1318
f 2820/2258/1314 2824/2262/1318 2823/2259/1315
f 2822/2260/1316 2823/2259/1315 2826/2263/1319
f 2822/2260/1316 2826/2263/1319 2825/2264/1320
f 2823/2259/1315 2824/2262/1318 2827/2265/1321
f 2823/2259/1315 2827/2265/1321 2826/2263/1319
f 1440/2266/1322 2316/2267/1323 2819/2257/1313
f 1440/2268/1322 2819/2269/1313 2285/2270/1324
f 2316/2267/1323 2315/2271/1325 2820/2258/1314
f 2316/2267/1323 2820/2258/1314 2819/2257/1313
f 2315/2271/1325 2314/2272/1326 2821/2261/1317
f 2315/2271/1325 2821/2261/1317 2820/2258/1314
f 2314/2272/1326 1438/2273/1327 2119/2274/1328
f 2314/2272/1326 2119/2274/1328 2821/2261/1317
f 2821/2261/1317 2120/2274/1329 2121/2275/1330
f 2821/2261/1317 2121/2275/1330 2824/2262/1318
f 2824/2262/1318 2121/2275/1330 2122/2276/1331
f 2824/2262/1318 2122/2276/1331 2827/2265/1321
f 2827/2265/1321 2122/2276/1331 1408/2277/1332
f 2827/2265/1321 1408/2277/1332 2091/2278/1333
f 2826/2263/1319 2827/2265/1321 2091/2278/1333
f 2826/2263/1319 2091/2278/1333 2089/2279/1334
f 2825/2264/1320 2826/2263/1319 2089/2279/1334
f 2825/2264/1320 2089/2279/1334 2087/2280/1335
f 2282/2281/1336 2825/2282/1320 2087/2283/1335
f 2282/2281/1336 2087/2283/1335 1406/2284/1337
f 2283/2285/1338 2822/2286/1316 2825/2282/1320
f 2283/2285/1338 2825/2282/1320 2282/2281/1336
f 2285/2270/1324 2819/2269/1313 2822/2286/1316
f 2285/2270/1324 2822/2286/1316 2283/2285/1338
f 2828/2287/1339 2829/2288/1340 2832/2289/1341
f 2828/2287/1339 2832/2289/1341 2831/2290/1342
f 2829/2288/1340 2830/2291/1343 2833/2292/1344
f 2829/2288/1340 2833/2292/1344 2832/2289/1341
f 2831/2290/1342 2832/2289/1341 2835/2293/1345
f 2831/2290/1342 2835/2293/1345 2834/2294/1346
f 2832/2289/1341 2833/2292/1344 2836/2295/1347
f 2832/2289/1341 2836/2295/1347 2835/2293/1345
f 1387/2296/1348 1837/2297/1349 2828/2287/1339
f 1387/2296/1348 2828/2287/1339 1899/2298/1350
f 1837/2297/1349 1836/2299/1351 2829/2288/1340
f 1837/2297/1349 2829/2288/1340 2828/2287/1339
f 1836/2299/1351 1835/2300/1352 2830/2291/1343
f 1836/2299/1351 2830/2291/1343 2829/2288/1340
f 1835/2300/1352 1385/2301/1353 1905/2302/1354
f 1835/2300/1352 1905/2302/1354 2830/2291/1343
f 2830/2291/1343 1905/2302/1354 1906/2303/1355
f 2830/2291/1343 1906/2303/1355 2833/2292/1344
f 2833/2292/1344 1906/2303/1355 1908/2304/1356
f 2833/2292/1344 1908/2304/1356 2836/2295/1347
f 2836/2295/1347 1908/2304/1356 1391/2209/1274
f 2836/2295/1347 1391/2209/1274 1850/2208/1273
f 2835/2293/1345 2836/2295/1347 1850/2208/1273
f 2835/2293/1345 1850/2208/1273 1851/2207/1272
f 2834/2294/1346 2835/2293/1345 1851/2207/1272
f 2834/2294/1346 1851/2207/1272 1852/2206/1271
f 1902/2305/1357 2834/2294/1346 1852/2206/1271
f 1902/2305/1357 1852/2206/1271 1392/2189/1258
f 1901/2306/1358 2831/2290/1342 2834/2294/1346
f 1901/2306/1358 2834/2294/1346 1902/2305/1357
f 1899/2298/1350 2828/2287/1339 2831/2290/1342
f 1899/2298/1350 2831/2290/1342 1901/2306/1358
f 2837/2307/1359 2838/2308/1360 2841/2309/1361
f 2837/2307/1359 2841/2309/1361 2840/2310/1362
f 2838/2308/1360 2839/2311/1363 2842/2312/1364
f 2838/2308/1360 2842/2312/1364 2841/2309/1361
f 2840/2310/1362 2841/2309/1361 2844/2313/1365
f 2840/2310/1362 2844/2313/1365 2843/2314/1366
f 2841/2309/1361 2842/2312/1364 2845/2315/1367
f 2841/2309/1361 2845/2315/1367 2844/2313/1365
f 1377/2316/1368 2028/2317/1369 2837/2307/1359
f 1377/2316/1368 2837/2307/1359 2117/2318/1370
f 2028/2317/1369 2026/2319/1371 2838/2308/1360
f 2028/2317/1369 2838/2308/1360 2837/2307/1359
f 2026/2319/1371 2025/2320/1372 2839/2311/1363
f 2026/2319/1371 2839/2311/1363 2838/2308/1360
f 2025/2320/1372 1370/2321/1373 2112/2322/1374
f 2025/2320/1372 2112/2322/1374 2839/2311/1363
f 2839/2311/1363 2112/2322/1374 2113/2323/1375
f 2839/2311/1363 2113/2323/1375 2842/2312/1364
f 2842/2312/1364 2113/2323/1375 2114/2324/1376
f 2842/2312/1364 2114/2324/1376 2845/2315/1367
f 2845/2315/1367 2114/2324/1376 1403/2325/1377
f 2845/2326/1367 1403/2327/1377 2097/2328/1378
f 2844/2313/1365 2845/2315/1367 2097/2329/1378
f 2844/2313/1365 2097/2329/1378 2098/2330/1379
f 2843/2314/1366 2844/2313/1365 2098/2330/1379
f 2843/2314/1366 2098/2330/1379 2099/2331/1380
f 2115/2332/1381 2843/2314/1366 2099/2331/1380
f 2115/2332/1381 2099/2331/1380 1412/2333/1382
f 2116/2334/1383 2840/2310/1362 2843/2314/1366
f 2116/2334/1383 2843/2314/1366 2115/2332/1381
f 2117/2318/1370 2837/2307/1359 2840/2310/1362
f 2117/2318/1370 2840/2310/1362 2116/2334/1383
f 2846/2335/1384 2847/2336/1385 2850/2337/1386
f 2846/2335/1384 2850/2337/1386 2849/2338/1387
f 2847/2336/1385 2848/2339/1388 2851/2340/1389
f 2847/2336/1385 2851/2340/1389 2850/2337/1386
f 2849/2341/1387 2850/2342/1386 2853/2343/1390
f 2849/2341/1387 2853/2343/1390 2852/2344/1391
f 2850/2342/1386 2851/2345/1389 2854/2346/1392
f 2850/2342/1386 2854/2346/1392 2853/2343/1390
f 1467/2347/1393 2401/2348/1394 2846/2335/1384
f 1467/2347/1393 2846/2335/1384 2447/2349/1395
f 2401/2348/1394 2399/2350/1396 2847/2336/1385
f 2401/2348/1394 2847/2336/1385 2846/2335/1384
f 2399/2350/1396 2397/2351/1397 2848/2339/1388
f 2399/2350/1396 2848/2339/1388 2847/2336/1385
f 2397/2351/1397 1359/2352/1398 1916/2353/1399
f 2397/2351/1397 1916/2353/1399 2848/2339/1388
f 2848/2339/1388 1916/2353/1399 1917/2354/1400
f 2848/2339/1388 1917/2354/1400 2851/2340/1389
f 2851/2345/1389 1917/2355/1400 1918/2356/1401
f 2851/2345/1389 1918/2356/1401 2854/2346/1392
f 2854/2346/1392 1918/2356/1401 1389/2251/1307
f 2854/2346/1392 1389/2251/1307 2403/2250/1306
f 2853/2343/1390 2854/2346/1392 2403/2250/1306
f 2853/2343/1390 2403/2250/1306 2404/2249/1305
f 2852/2344/1391 2853/2343/1390 2404/2249/1305
f 2852/2344/1391 2404/2249/1305 2405/2247/1303
f 2449/2357/1402 2852/2344/1391 2405/2247/1303
f 2449/2357/1402 2405/2247/1303 1469/2246/1302
f 2448/2358/1403 2849/2341/1387 2852/2344/1391
f 2448/2358/1403 2852/2344/1391 2449/2357/1402
f 2447/2349/1395 2846/2335/1384 2849/2338/1387
f 2447/2349/1395 2849/2338/1387 2448/2359/1403
f 2855/2360/1404 2856/2361/1405 2859/2362/1406
f 2855/2360/1404 2859/2362/1406 2858/2363/1407
f 2856/2361/1405 2857/2364/1408 2860/2365/1409
f 2856/2361/1405 2860/2365/1409 2859/2362/1406
f 2858/2366/1407 2859/2367/1406 2862/2368/1410
f 2858/2366/1407 2862/2368/1410 2861/2369/1411
f 2859/2367/1406 2860/2370/1409 2863/2371/1412
f 2859/2367/1406 2863/2371/1412 2862/2368/1410
f 1359/2352/1398 1825/2372/1413 2855/2360/1404
f 1359/2352/1398 2855/2360/1404 1916/2353/1399
f 1825/2372/1413 1823/2373/1414 2856/2361/1405
f 1825/2372/1413 2856/2361/1405 2855/2360/1404
f 1823/2373/1414 1821/2374/1415 2857/2364/1408
f 1823/2373/1414 2857/2364/1408 2856/2361/1405
f 1821/2374/1415 1358/2375/1416 1919/2376/1417
f 1821/2374/1415 1919/2376/1417 2857/2364/1408
f 2857/2364/1408 1919/2376/1417 1920/2377/1418
f 2857/2364/1408 1920/2377/1418 2860/2365/1409
f 2860/2370/1409 1920/2378/1418 1921/2379/1419
f 2860/2370/1409 1921/2379/1419 2863/2371/1412
f 2863/2371/1412 1921/2379/1419 1387/2296/1348
f 2863/2371/1412 1387/2296/1348 1839/2380/1420
f 2862/2368/1410 2863/2371/1412 1839/2380/1420
f 2862/2368/1410 1839/2380/1420 1841/2381/1421
f 2861/2369/1411 2862/2368/1410 1841/2381/1421
f 2861/2369/1411 1841/2381/1421 1843/2382/1422
f 1918/2356/1401 2861/2369/1411 1843/2382/1422
f 1918/2356/1401 1843/2382/1422 1389/2251/1307
f 1917/2355/1400 2858/2366/1407 2861/2369/1411
f 1917/2355/1400 2861/2369/1411 1918/2356/1401
f 1916/2353/1399 2855/2360/1404 2858/2363/1407
f 1916/2353/1399 2858/2363/1407 1917/2354/1400
f 2864/2383/1423 2865/2384/1424 2868/2385/1425
f 2864/2383/1423 2868/2385/1425 2867/2386/1426
f 2865/2384/1424 2866/2387/1427 2869/2388/1428
f 2865/2384/1424 2869/2388/1428 2868/2385/1425
f 2867/2389/1426 2868/2390/1425 2871/2391/1429
f 2867/2389/1426 2871/2391/1429 2870/2392/1430
f 2868/2390/1425 2869/2393/1428 2872/2394/1431
f 2868/2390/1425 2872/2394/1431 2871/2391/1429
f 1358/2375/1416 1820/2395/1432 2864/2383/1423
f 1358/2375/1416 2864/2383/1423 1919/2376/1417
f 1820/2395/1432 1818/2396/1432 2865/2384/1424
f 1820/2395/1432 2865/2384/1424 2864/2383/1423
f 1818/2396/1432 1816/2397/1433 2866/2387/1427
f 1818/2396/1432 2866/2387/1427 2865/2384/1424
f 1816/2397/1433 1356/2398/1434 1922/2399/1435
f 1816/2397/1433 1922/2399/1435 2866/2387/1427
f 2866/2387/1427 1922/2399/1435 1923/2400/1436
f 2866/2387/1427 1923/2400/1436 2869/2388/1428
f 2869/2393/1428 1923/2401/1436 1924/2402/1437
f 2869/2393/1428 1924/2402/1437 2872/2394/1431
f 2872/2394/1431 1924/2402/1437 1385/2301/1353
f 2872/2394/1431 1385/2301/1353 1835/2300/1352
f 2871/2391/1429 2872/2394/1431 1835/2300/1352
f 2871/2391/1429 1835/2300/1352 1836/2299/1351
f 2870/2392/1430 2871/2391/1429 1836/2299/1351
f 2870/2392/1430 1836/2299/1351 1837/2297/1349
f 1921/2379/1419 2870/2392/1430 1837/2297/1349
f 1921/2379/1419 1837/2297/1349 1387/2296/1348
f 1920/2378/1418 2867/2389/1426 2870/2392/1430
f 1920/2378/1418 2870/2392/1430 1921/2379/1419
f 1919/2376/1417 2864/2383/1423 2867/2386/1426
f 1919/2376/1417 2867/2386/1426 1920/2377/1418
f 2873/2403/1438 2874/2404/1439 2877/2405/1440
f 2873/2403/1438 2877/2405/1440 2876/2406/1441
f 2874/2404/1439 2875/2407/1442 2878/2408/1443
f 2874/2404/1439 2878/2408/1443 2877/2405/1440
f 2876/2409/1441 2877/2410/1440 2880/2411/1444
f 2876/2409/1441 2880/2411/1444 2879/2412/1445
f 2877/2410/1440 2878/2413/1443 2881/2414/1446
f 2877/2410/1440 2881/2414/1446 2880/2411/1444
f 1356/2398/1434 1814/2415/1447 2873/2403/1438
f 1356/2398/1434 2873/2403/1438 1922/2399/1435
f 1814/2415/1447 1812/2416/1414 2874/2404/1439
f 1814/2415/1447 2874/2404/1439 2873/2403/1438
f 1812/2416/1414 1810/2417/1415 2875/2407/1442
f 1812/2416/1414 2875/2407/1442 2874/2404/1439
f 1810/2417/1415 1354/2418/1448 1925/2419/1449
f 1810/2417/1415 1925/2419/1449 2875/2407/1442
f 2875/2407/1442 1925/2419/1449 1926/2420/1450
f 2875/2407/1442 1926/2420/1450 2878/2408/1443
f 2878/2413/1443 1926/2421/1450 1927/2422/1451
f 2878/2413/1443 1927/2422/1451 2881/2414/1446
f 2881/2414/1446 1927/2422/1451 1384/2423/1452
f 2881/2414/1446 1384/2423/1452 1831/2424/1453
f 2880/2411/1444 2881/2414/1446 1831/2424/1453
f 2880/2411/1444 1831/2424/1453 1833/2425/1454
f 2879/2412/1445 2880/2411/1444 1833/2425/1454
f 2879/2412/1445 1833/2425/1454 1834/2426/1455
f 1924/2402/1437 2879/2412/1445 1834/2426/1455
f 1924/2402/1437 1834/2426/1455 1385/2301/1353
f 1923/2401/1436 2876/2409/1441 2879/2412/1445
f 1923/2401/1436 2879/2412/1445 1924/2402/1437
f 1922/2399/1435 2873/2403/1438 2876/2406/1441
f 1922/2399/1435 2876/2406/1441 1923/2400/1436
f 2882/2427/1456 2883/2428/1456 2886/2429/1457
f 2882/2427/1456 2886/2429/1457 2885/2430/1457
f 2883/2428/1456 2884/2431/1456 2887/2432/1457
f 2883/2428/1456 2887/2432/1457 2886/2429/1457
f 2885/2430/1457 2886/2429/1457 2889/2433/1458
f 2885/2430/1457 2889/2433/1458 2888/2434/1458
f 2886/2429/1457 2887/2432/1457 2890/2435/1458
f 2886/2429/1457 2890/2435/1458 2889/2433/1458
f 1465/2436/1459 2396/2437/1460 2882/2427/1456
f 1465/2436/1459 2882/2427/1456 2442/2438/1461
f 2396/2437/1460 2395/2439/1460 2883/2428/1456
f 2396/2437/1460 2883/2428/1456 2882/2427/1456
f 2395/2439/1460 2394/2440/1460 2884/2431/1456
f 2395/2439/1460 2884/2431/1456 2883/2428/1456
f 2394/2440/1460 1353/2441/1460 1928/2442/1456
f 2394/2440/1460 1928/2442/1456 2884/2431/1456
f 2884/2431/1456 1928/2442/1456 1929/2443/1457
f 2884/2431/1456 1929/2443/1457 2887/2432/1457
f 2887/2432/1457 1929/2443/1457 1930/2444/1458
f 2887/2432/1457 1930/2444/1458 2890/2435/1458
f 2890/2435/1458 1930/2444/1458 1360/2352/1398
f 2890/2435/1458 1360/2352/1398 2398/2351/1397
f 2889/2433/1458 2890/2435/1458 2398/2351/1397
f 2889/2433/1458 2398/2351/1397 2400/2350/1396
f 2888/2434/1458 2889/2433/1458 2400/2350/1396
f 2888/2434/1458 2400/2350/1396 2402/2348/1462
f 2445/2445/1463 2888/2434/1458 2402/2348/1462
f 2445/2445/1463 2402/2348/1462 1468/2347/1393
f 2443/2446/1464 2885/2430/1457 2888/2434/1458
f 2443/2446/1464 2888/2434/1458 2445/2445/1463
f 2442/2438/1461 2882/2427/1456 2885/2430/1457
f 2442/2438/1461 2885/2430/1457 2443/2446/1464
f 2891/2447/1456 2892/2448/1456 2895/2449/1457
f 2891/2447/1456 2895/2449/1457 2894/2450/1457
f 2892/2448/1456 2893/2451/1456 2896/2452/1457
f 2892/2448/1456 2896/2452/1457 2895/2449/1457
f 2894/2450/1457 2895/2449/1457 2898/2453/1458
f 2894/2450/1457 2898/2453/1458 2897/2454/1458
f 2895/2449/1457 2896/2452/1457 2899/2455/1458
f 2895/2449/1457 2899/2455/1458 2898/2453/1458
f 1353/2441/1460 1803/2456/1460 2891/2447/1456
f 1353/2441/1460 2891/2447/1456 1928/2442/1456
f 1803/2456/1460 1802/2457/1460 2892/2448/1456
f 1803/2456/1460 2892/2448/1456 2891/2447/1456
f 1802/2457/1460 1801/2458/1460 2893/2451/1456
f 1802/2457/1460 2893/2451/1456 2892/2448/1456
f 1801/2458/1460 1352/2459/1460 1931/2460/1456
f 1801/2458/1460 1931/2460/1456 2893/2451/1456
f 2893/2451/1456 1931/2460/1456 1932/2461/1457
f 2893/2451/1456 1932/2461/1457 2896/2452/1457
f 2896/2452/1457 1932/2461/1457 1933/2462/1458
f 2896/2452/1457 1933/2462/1458 2899/2455/1458
f 2899/2455/1458 1933/2462/1458 1358/2375/1416
f 2899/2455/1458 1358/2375/1416 1822/2374/1465
f 2898/2453/1458 2899/2455/1458 1822/2374/1465
f 2898/2453/1458 1822/2374/1465 1824/2373/1466
f 2897/2454/1458 2898/2453/1458 1824/2373/1466
f 2897/2454/1458 1824/2373/1466 1826/2372/1413
f 1930/2444/1458 2897/2454/1458 1826/2372/1413
f 1930/2444/1458 1826/2372/1413 1360/2352/1398
f 1929/2443/1457 2894/2450/1457 2897/2454/1458
f 1929/2443/1457 2897/2454/1458 1930/2444/1458
f 1928/2442/1456 2891/2447/1456 2894/2450/1457
f 1928/2442/1456 2894/2450/1457 1929/2443/1457
f 2900/2463/1456 2901/2464/1456 2904/2465/1457
f 2900/2463/1456 2904/2465/1457 2903/2466/1457
f 2901/2464/1456 2902/2467/1456 2905/2468/1457
f 2901/2464/1456 2905/2468/1457 2904/2465/1457
f 2903/2466/1457 2904/2465/1457 2907/2469/1458
f 2903/2466/1457 2907/2469/1458 2906/2470/1458
f 2904/2465/1457 2905/2468/1457 2908/2471/1458
f 2904/2465/1457 2908/2471/1458 2907/2469/1458
f 1352/2459/1460 1800/2472/1460 2900/2463/1456
f 1352/2459/1460 2900/2463/1456 1931/2460/1456
f 1800/2472/1460 1799/2473/1460 2901/2464/1456
f 1800/2472/1460 2901/2464/1456 2900/2463/1456
f 1799/2473/1460 1798/2474/1460 2902/2467/1456
f 1799/2473/1460 2902/2467/1456 2901/2464/1456
f 1798/2474/1460 1351/2475/1460 1934/2476/1456
f 1798/2474/1460 1934/2476/1456 2902/2467/1456
f 2902/2467/1456 1934/2476/1456 1935/2477/1457
f 2902/2467/1456 1935/2477/1457 2905/2468/1457
f 2905/2468/1457 1935/2477/1457 1936/2478/1458
f 2905/2468/1457 1936/2478/1458 2908/2471/1458
f 2908/2471/1458 1936/2478/1458 1357/2398/1434
f 2908/2471/1458 1357/2398/1434 1817/2397/1467
f 2907/2469/1458 2908/2471/1458 1817/2397/1467
f 2907/2469/1458 1817/2397/1467 1819/2396/1432
f 2906/2470/1458 2907/2469/1458 1819/2396/1432
f 2906/2470/1458 1819/2396/1432 1820/2395/1432
f 1933/2462/1458 2906/2470/1458 1820/2395/1432
f 1933/2462/1458 1820/2395/1432 1358/2375/1416
f 1932/2461/1457 2903/2466/1457 2906/2470/1458
f 1932/2461/1457 2906/2470/1458 1933/2462/1458
f 1931/2460/1456 2900/2463/1456 2903/2466/1457
f 1931/2460/1456 2903/2466/1457 1932/2461/1457
f 2909/2479/1456 2910/2480/1456 2913/2481/1457
f 2909/2479/1456 2913/2481/1457 2912/2482/1457
f 2910/2480/1456 2911/2483/1456 2914/2484/1457
f 2910/2480/1456 2914/2484/1457 2913/2481/1457
f 2912/2482/1457 2913/2481/1457 2916/2485/1458
f 2912/2482/1457 2916/2485/1458 2915/2486/1458
f 2913/2481/1457 2914/2484/1457 2917/2487/1458
f 2913/2481/1457 2917/2487/1458 2916/2485/1458
f 1351/2475/1460 1797/2488/1460 2909/2479/1456
f 1351/2475/1460 2909/2479/1456 1934/2476/1456
f 1797/2488/1460 1796/2489/1460 2910/2480/1456
f 1797/2488/1460 2910/2480/1456 2909/2479/1456
f 1796/2489/1460 1795/2490/1460 2911/2483/1456
f 1796/2489/1460 2911/2483/1456 2910/2480/1456
f 1795/2490/1460 1350/2491/1460 1937/2492/1456
f 1795/2490/1460 1937/2492/1456 2911/2483/1456
f 2911/2483/1456 1937/2492/1456 1938/2493/1457
f 2911/2483/1456 1938/2493/1457 2914/2484/1457
f 2914/2484/1457 1938/2493/1457 1939/2494/1458
f 2914/2484/1457 1939/2494/1458 2917/2487/1458
f 2917/2487/1458 1939/2494/1458 1355/2418/1468
f 2917/2487/1458 1355/2418/1468 1811/2417/1465
f 2916/2485/1458 2917/2487/1458 1811/2417/1465
f 2916/2485/1458 1811/2417/1465 1813/2416/1466
f 2915/2486/1458 2916/2485/1458 1813/2416/1466
f 2915/2486/1458 1813/2416/1466 1815/2415/1413
f 1936/2478/1458 2915/2486/1458 1815/2415/1413
f 1936/2478/1458 1815/2415/1413 1357/2398/1434
f 1935/2477/1457 2912/2482/1457 2915/2486/1458
f 1935/2477/1457 2915/2486/1458 1936/2478/1458
f 1934/2476/1456 2909/2479/1456 2912/2482/1457
f 1934/2476/1456 2912/2482/1457 1935/2477/1457
f 2918/2495/1469 2919/2496/1469 2922/2497/1470
f 2918/2495/1469 2922/2497/1470 2921/2498/1470
f 2919/2496/1469 2920/2499/1469 2923/2500/1470
f 2919/2496/1469 2923/2500/1470 2922/2497/1470
f 2921/2498/1470 2922/2497/1470 2925/2501/1471
f 2921/2498/1470 2925/2501/1471 2924/2502/1471
f 2922/2497/1470 2923/2500/1470 2926/2503/1471
f 2922/2497/1470 2926/2503/1471 2925/2501/1471
f 1463/2504/1472 2393/2505/1473 2918/2506/1469
f 1463/2504/1472 2918/2506/1469 2437/2507/1474
f 2393/2505/1473 2392/2508/1473 2919/2509/1469
f 2393/2505/1473 2919/2509/1469 2918/2506/1469
f 2392/2508/1473 2391/2510/1473 2920/2511/1469
f 2392/2508/1473 2920/2511/1469 2919/2509/1469
f 2391/2510/1473 1349/2512/1473 1940/2513/1469
f 2391/2510/1473 1940/2513/1469 2920/2511/1469
f 2920/2499/1469 1940/2514/1469 1941/2515/1470
f 2920/2499/1469 1941/2515/1470 2923/2500/1470
f 2923/2500/1470 1941/2515/1470 1942/2516/1471
f 2923/2500/1470 1942/2516/1471 2926/2503/1471
f 2926/2503/1471 1942/2516/1471 1353/2441/1460
f 2926/2503/1471 1353/2441/1460 2394/2440/1460
f 2925/2501/1471 2926/2503/1471 2394/2440/1460
f 2925/2501/1471 2394/2440/1460 2395/2439/1460
f 2924/2502/1471 2925/2501/1471 2395/2439/1460
f 2924/2502/1471 2395/2439/1460 2396/2437/1460
f 2440/2517/1475 2924/2502/1471 2396/2437/1460
f 2440/2517/1475 2396/2437/1460 1465/2436/1459
f 2439/2518/1476 2921/2498/1470 2924/2502/1471
f 2439/2518/1476 2924/2502/1471 2440/2517/1475
f 2437/2519/1474 2918/2495/1469 2921/2498/1470
f 2437/2519/1474 2921/2498/1470 2439/2518/1476
f 2927/2520/1469 2928/2521/1469 2931/2522/1470
f 2927/2520/1469 2931/2522/1470 2930/2523/1470
f 2928/2521/1469 2929/2524/1469 2932/2525/1470
f 2928/2521/1469 2932/2525/1470 2931/2522/1470
f 2930/2523/1470 2931/2522/1470 2934/2526/1471
f 2930/2523/1470 2934/2526/1471 2933/2527/1471
f 2931/2522/1470 2932/2525/1470 2935/2528/1471
f 2931/2522/1470 2935/2528/1471 2934/2526/1471
f 1349/2512/1473 1791/2529/1473 2927/2530/1469
f 1349/2512/1473 2927/2530/1469 1940/2513/1469
f 1791/2529/1473 1790/2531/1473 2928/2532/1469
f 1791/2529/1473 2928/2532/1469 2927/2530/1469
f 1790/2531/1473 1789/2533/1473 2929/2534/1469
f 1790/2531/1473 2929/2534/1469 2928/2532/1469
f 1789/2533/1473 1348/2535/1473 1943/2536/1469
f 1789/2533/1473 1943/2536/1469 2929/2534/1469
f 2929/2524/1469 1943/2537/1469 1944/2538/1470
f 2929/2524/1469 1944/2538/1470 2932/2525/1470
f 2932/2525/1470 1944/2538/1470 1945/2539/1471
f 2932/2525/1470 1945/2539/1471 2935/2528/1471
f 2935/2528/1471 1945/2539/1471 1352/2459/1460
f 2935/2528/1471 1352/2459/1460 1801/2458/1460
f 2934/2526/1471 2935/2528/1471 1801/2458/1460
f 2934/2526/1471 1801/2458/1460 1802/2457/1460
f 2933/2527/1471 2934/2526/1471 1802/2457/1460
f 2933/2527/1471 1802/2457/1460 1803/2456/1460
f 1942/2516/1471 2933/2527/1471 1803/2456/1460
f 1942/2516/1471 1803/2456/1460 1353/2441/1460
f 1941/2515/1470 2930/2523/1470 2933/2527/1471
f 1941/2515/1470 2933/2527/1471 1942/2516/1471
f 1940/2514/1469 2927/2520/1469 2930/2523/1470
f 1940/2514/1469 2930/2523/1470 1941/2515/1470
f 2936/2540/1469 2937/2541/1469 2940/2542/1470
f 2936/2540/1469 2940/2542/1470 2939/2543/1470
f 2937/2541/1469 2938/2544/1469 2941/2545/1470
f 2937/2541/1469 2941/2545/1470 2940/2542/1470
f 2939/2543/1470 2940/2542/1470 2943/2546/1471
f 2939/2543/1470 2943/2546/1471 2942/2547/1471
f 2940/2542/1470 2941/2545/1470 2944/2548/1471
f 2940/2542/1470 2944/2548/1471 2943/2546/1471
f 1348/2535/1473 1788/2549/1473 2936/2550/1469
f 1348/2535/1473 2936/2550/1469 1943/2536/1469
f 1788/2549/1473 1787/2551/1473 2937/2552/1469
f 1788/2549/1473 2937/2552/1469 2936/2550/1469
f 1787/2551/1473 1786/2553/1473 2938/2554/1469
f 1787/2551/1473 2938/2554/1469 2937/2552/1469
f 1786/2553/1473 1347/2555/1473 1946/2556/1469
f 1786/2553/1473 1946/2556/1469 2938/2554/1469
f 2938/2544/1469 1946/2557/1469 1947/2558/1470
f 2938/2544/1469 1947/2558/1470 2941/2545/1470
f 2941/2545/1470 1947/2558/1470 1948/2559/1471
f 2941/2545/1470 1948/2559/1471 2944/2548/1471
f 2944/2548/1471 1948/2559/1471 1351/2475/1460
f 2944/2548/1471 1351/2475/1460 1798/2474/1460
f 2943/2546/1471 2944/2548/1471 1798/2474/1460
f 2943/2546/1471 1798/2474/1460 1799/2473/1460
f 2942/2547/1471 2943/2546/1471 1799/2473/1460
f 2942/2547/1471 1799/2473/1460 1800/2472/1460
f 1945/2539/1471 2942/2547/1471 1800/2472/1460
f 1945/2539/1471 1800/2472/1460 1352/2459/1460
f 1944/2538/1470 2939/2543/1470 2942/2547/1471
f 1944/2538/1470 2942/2547/1471 1945/2539/1471
f 1943/2537/1469 2936/2540/1469 2939/2543/1470
f 1943/2537/1469 2939/2543/1470 1944/2538/1470
f 2945/2560/1469 2946/2561/1469 2949/2562/1470
f 2945/2560/1469 2949/2562/1470 2948/2563/1470
f 2946/2561/1469 2947/2564/1469 2950/2565/1470
f 2946/2561/1469 2950/2565/1470 2949/2562/1470
f 2948/2563/1470 2949/2562/1470 2952/2566/1471
f 2948/2563/1470 2952/2566/1471 2951/2567/1471
f 2949/2562/1470 2950/2565/1470 2953/2568/1471
f 2949/2562/1470 2953/2568/1471 2952/2566/1471
f 1347/2555/1473 1785/2569/1473 2945/2570/1469
f 1347/2555/1473 2945/2570/1469 1946/2556/1469
f 1785/2569/1473 1784/2571/1473 2946/2572/1469
f 1785/2569/1473 2946/2572/1469 2945/2570/1469
f 1784/2571/1473 1783/2573/1473 2947/2574/1469
f 1784/2571/1473 2947/2574/1469 2946/2572/1469
f 1783/2573/1473 1346/2575/1473 1949/2576/1469
f 1783/2573/1473 1949/2576/1469 2947/2574/1469
f 2947/2564/1469 1949/2577/1469 1950/2578/1470
f 2947/2564/1469 1950/2578/1470 2950/2565/1470
f 2950/2565/1470 1950/2578/1470 1951/2579/1471
f 2950/2565/1470 1951/2579/1471 2953/2568/1471
f 2953/2568/1471 1951/2579/1471 1350/2491/1460
f 2953/2568/1471 1350/2491/1460 1795/2490/1460
f 2952/2566/1471 2953/2568/1471 1795/2490/1460
f 2952/2566/1471 1795/2490/1460 1796/2489/1460
f 2951/2567/1471 2952/2566/1471 1796/2489/1460
f 2951/2567/1471 1796/2489/1460 1797/2488/1460
f 1948/2559/1471 2951/2567/1471 1797/2488/1460
f 1948/2559/1471 1797/2488/1460 1351/2475/1460
f 1947/2558/1470 2948/2563/1470 2951/2567/1471
f 1947/2558/1470 2951/2567/1471 1948/2559/1471
f 1946/2557/1469 2945/2560/1469 2948/2563/1470
f 1946/2557/1469 2948/2563/1470 1947/2558/1470
f 2954/2580/1477 2955/2581/1477 2958/2582/1478
f 2954/2580/1477 2958/2582/1478 2957/2583/1478
f 2955/2581/1477 2956/2584/1477 2959/2585/1478
f 2955/2581/1477 2959/2585/1478 2958/2582/1478
f 2957/2583/1478 2958/2582/1478 2961/2586/1479
f 2957/2583/1478 2961/2586/1479 2960/2587/1479
f 2958/2582/1478 2959/2585/1478 2962/2588/1479
f 2958/2582/1478 2962/2588/1479 2961/2586/1479
f 1461/2589/1480 2390/2590/1481 2954/2580/1477
f 1461/2589/1480 2954/2580/1477 2433/2591/1482
f 2390/2590/1481 2389/2592/1481 2955/2581/1477
f 2390/2590/1481 2955/2581/1477 2954/2580/1477
f 2389/2592/1481 2388/2593/1481 2956/2584/1477
f 2389/2592/1481 2956/2584/1477 2955/2581/1477
f 2388/2593/1481 1345/2594/1481 1952/2595/1477
f 2388/2593/1481 1952/2595/1477 2956/2584/1477
f 2956/2584/1477 1952/2595/1477 1953/2596/1478
f 2956/2584/1477 1953/2596/1478 2959/2585/1478
f 2959/2585/1478 1953/2596/1478 1954/2597/1479
f 2959/2585/1478 1954/2597/1479 2962/2588/1479
f 2962/2588/1479 1954/2597/1479 1349/2512/1473
f 2962/2588/1479 1349/2512/1473 2391/2510/1473
f 2961/2586/1479 2962/2588/1479 2391/2510/1473
f 2961/2586/1479 2391/2510/1473 2392/2508/1473
f 2960/2587/1479 2961/2586/1479 2392/2508/1473
f 2960/2587/1479 2392/2508/1473 2393/2505/1473
f 2436/2598/1483 2960/2587/1479 2393/2505/1473
f 2436/2598/1483 2393/2505/1473 1463/2504/1472
f 2434/2599/1484 2957/2583/1478 2960/2587/1479
f 2434/2599/1484 2960/2587/1479 2436/2598/1483
f 2433/2591/1482 2954/2580/1477 2957/2583/1478
f 2433/2591/1482 2957/2583/1478 2434/2599/1484
f 2963/2600/1477 2964/2601/1477 2967/2602/1478
f 2963/2600/1477 2967/2602/1478 2966/2603/1478
f 2964/2601/1477 2965/2604/1477 2968/2605/1478
f 2964/2601/1477 2968/2605/1478 2967/2602/1478
f 2966/2603/1478 2967/2602/1478 2970/2606/1479
f 2966/2603/1478 2970/2606/1479 2969/2607/1479
f 2967/2602/1478 2968/2605/1478 2971/2608/1479
f 2967/2602/1478 2971/2608/1479 2970/2606/1479
f 1345/2594/1481 1779/2609/1481 2963/2600/1477
f 1345/2594/1481 2963/2600/1477 1952/2595/1477
f 1779/2609/1481 1778/2610/1481 2964/2601/1477
f 1779/2609/1481 2964/2601/1477 2963/2600/1477
f 1778/2610/1481 1777/2611/1481 2965/2604/1477
f 1778/2610/1481 2965/2604/1477 2964/2601/1477
f 1777/2611/1481 1344/2612/1481 1955/2613/1477
f 1777/2611/1481 1955/2613/1477 2965/2604/1477
f 2965/2604/1477 1955/2613/1477 1956/2614/1478
f 2965/2604/1477 1956/2614/1478 2968/2605/1478
f 2968/2605/1478 1956/2614/1478 1957/2615/1479
f 2968/2605/1478 1957/2615/1479 2971/2608/1479
f 2971/2608/1479 1957/2615/1479 1348/2535/1473
f 2971/2608/1479 1348/2535/1473 1789/2533/1473
f 2970/2606/1479 2971/2608/1479 1789/2533/1473
f 2970/2606/1479 1789/2533/1473 1790/2531/1473
f 2969/2607/1479 2970/2606/1479 1790/2531/1473
f 2969/2607/1479 1790/2531/1473 1791/2529/1473
f 1954/2597/1479 2969/2607/1479 1791/2529/1473
f 1954/2597/1479 1791/2529/1473 1349/2512/1473
f 1953/2596/1478 2966/2603/1478 2969/2607/1479
f 1953/2596/1478 2969/2607/1479 1954/2597/1479
f 1952/2595/1477 2963/2600/1477 2966/2603/1478
f 1952/2595/1477 2966/2603/1478 1953/2596/1478
f 2972/2616/1477 2973/2617/1477 2976/2618/1478
f 2972/2616/1477 2976/2618/1478 2975/2619/1478
f 2973/2617/1477 2974/2620/1477 2977/2621/1478
f 2973/2617/1477 2977/2621/1478 2976/2618/1478
f 2975/2619/1478 2976/2618/1478 2979/2622/1479
f 2975/2619/1478 2979/2622/1479 2978/2623/1479
f 2976/2618/1478 2977/2621/1478 2980/2624/1479
f 2976/2618/1478 2980/2624/1479 2979/2622/1479
f 1344/2612/1481 1776/2625/1481 2972/2616/1477
f 1344/2612/1481 2972/2616/1477 1955/2613/1477
f 1776/2625/1481 1775/2626/1481 2973/2617/1477
f 1776/2625/1481 2973/2617/1477 2972/2616/1477
f 1775/2626/1481 1774/2627/1481 2974/2620/1477
f 1775/2626/1481 2974/2620/1477 2973/2617/1477
f 1774/2627/1481 1343/2628/1481 1958/2629/1477
f 1774/2627/1481 1958/2629/1477 2974/2620/1477
f 2974/2620/1477 1958/2629/1477 1959/2630/1478
f 2974/2620/1477 1959/2630/1478 2977/2621/1478
f 2977/2621/1478 1959/2630/1478 1960/2631/1479
f 2977/2621/1478 1960/2631/1479 2980/2624/1479
f 2980/2624/1479 1960/2631/1479 1347/2555/1473
f 2980/2624/1479 1347/2555/1473 1786/2553/1473
f 2979/2622/1479 2980/2624/1479 1786/2553/1473
f 2979/2622/1479 1786/2553/1473 1787/2551/1473
f 2978/2623/1479 2979/2622/1479 1787/2551/1473
f 2978/2623/1479 1787/2551/1473 1788/2549/1473
f 1957/2615/1479 2978/2623/1479 1788/2549/1473
f 1957/2615/1479 1788/2549/1473 1348/2535/1473
f 1956/2614/1478 2975/2619/1478 2978/2623/1479
f 1956/2614/1478 2978/2623/1479 1957/2615/1479
f 1955/2613/1477 2972/2616/1477 2975/2619/1478
f 1955/2613/1477 2975/2619/1478 1956/2614/1478
f 2981/2632/1477 2982/2633/1477 2985/2634/1478
f 2981/2632/1477 2985/2634/1478 2984/2635/1478
f 2982/2633/1477 2983/2636/1477 2986/2637/1478
f 2982/2633/1477 2986/2637/1478 2985/2634/1478
f 2984/2635/1478 2985/2634/1478 2988/2638/1479
f 2984/2635/1478 2988/2638/1479 2987/2639/1479
f 2985/2634/1478 2986/2637/1478 2989/2640/1479
f 2985/2634/1478 2989/2640/1479 2988/2638/1479
f 1343/2628/1481 1773/2641/1481 2981/2632/1477
f 1343/2628/1481 2981/2632/1477 1958/2629/1477
f 1773/2641/1481 1772/2642/1481 2982/2633/1477
f 1773/2641/1481 2982/2633/1477 2981/2632/1477
f 1772/2642/1481 1771/2643/1481 2983/2636/1477
f 1772/2642/1481 2983/2636/1477 2982/2633/1477
f 1771/2643/1481 1342/2644/1481 1961/2645/1477
f 1771/2643/1481 1961/2645/1477 2983/2636/1477
f 2983/2636/1477 1961/2645/1477 1962/2646/1478
f 2983/2636/1477 1962/2646/1478 2986/2637/1478
f 2986/2637/1478 1962/2646/1478 1963/2647/1479
f 2986/2637/1478 1963/2647/1479 2989/2640/1479
f 2989/2640/1479 1963/2647/1479 1346/2575/1473
f 2989/2640/1479 1346/2575/1473 1783/2573/1473
f 2988/2638/1479 2989/2640/1479 1783/2573/1473
f 2988/2638/1479 1783/2573/1473 1784/2571/1473
f 2987/2639/1479 2988/2638/1479 1784/2571/1473
f 2987/2639/1479 1784/2571/1473 1785/2569/1473
f 1960/2631/1479 2987/2639/1479 1785/2569/1473
f 1960/2631/1479 1785/2569/1473 1347/2555/1473
f 1959/2630/1478 2984/2635/1478 2987/2639/1479
f 1959/2630/1478 2987/2639/1479 1960/2631/1479
f 1958/2629/1477 2981/2632/1477 2984/2635/1478
f 1958/2629/1477 2984/2635/1478 1959/2630/1478
f 2990/2648/1485 2991/2649/1485 2994/2650/1486
f 2990/2648/1485 2994/2650/1486 2993/2651/1486
f 2991/2649/1485 2992/2652/1485 2995/2653/1486
f 2991/2649/1485 2995/2653/1486 2994/2650/1486
f 2993/2651/1486 2994/2650/1486 2997/2654/1487
f 2993/2651/1486 2997/2654/1487 2996/2655/1487
f 2994/2650/1486 2995/2653/1486 2998/2656/1487
f 2994/2650/1486 2998/2656/1487 2997/2654/1487
f 1459/2657/1488 2387/2658/1489 2990/2648/1485
f 1459/2657/1488 2990/2648/1485 2427/2659/1490
f 2387/2658/1489 2386/2660/1489 2991/2649/1485
f 2387/2658/1489 2991/2649/1485 2990/2648/1485
f 2386/2660/1489 2385/2661/1489 2992/2652/1485
f 2386/2660/1489 2992/2652/1485 2991/2649/1485
f 2385/2661/1489 1341/2662/1489 1964/2663/1485
f 2385/2661/1489 1964/2663/1485 2992/2652/1485
f 2992/2652/1485 1964/2663/1485 1965/2664/1486
f 2992/2652/1485 1965/2664/1486 2995/2653/1486
f 2995/2653/1486 1965/2664/1486 1966/2665/1487
f 2995/2653/1486 1966/2665/1487 2998/2656/1487
f 2998/2656/1487 1966/2665/1487 1345/2594/1481
f 2998/2656/1487 1345/2594/1481 2388/2593/1481
f 2997/2654/1487 2998/2656/1487 2388/2593/1481
f 2997/2654/1487 2388/2593/1481 2389/2592/1481
f 2996/2655/1487 2997/2654/1487 2389/2592/1481
f 2996/2655/1487 2389/2592/1481 2390/2590/1481
f 2432/2666/1491 2996/2655/1487 2390/2590/1481
f 2432/2666/1491 2390/2590/1481 1461/2589/1480
f 2430/2667/1492 2993/2651/1486 2996/2655/1487
f 2430/2667/1492 2996/2655/1487 2432/2666/1491
f 2427/2659/1490 2990/2648/1485 2993/2651/1486
f 2427/2659/1490 2993/2651/1486 2430/2667/1492
f 2999/2668/1485 3000/2669/1485 3003/2670/1486
f 2999/2668/1485 3003/2670/1486 3002/2671/1486
f 3000/2669/1485 3001/2672/1485 3004/2673/1486
f 3000/2669/1485 3004/2673/1486 3003/2670/1486
f 3002/2671/1486 3003/2670/1486 3006/2674/1487
f 3002/2671/1486 3006/2674/1487 3005/2675/1487
f 3003/2670/1486 3004/2673/1486 3007/2676/1487
f 3003/2670/1486 3007/2676/1487 3006/2674/1487
f 1341/2662/1489 1767/2677/1489 2999/2668/1485
f 1341/2662/1489 2999/2668/1485 1964/2663/1485
f 1767/2677/1489 1766/2678/1489 3000/2669/1485
f 1767/2677/1489 3000/2669/1485 2999/2668/1485
f 1766/2678/1489 1765/2679/1489 3001/2672/1485
f 1766/2678/1489 3001/2672/1485 3000/2669/1485
f 1765/2679/1489 1340/2680/1489 1967/2681/1485
f 1765/2679/1489 1967/2681/1485 3001/2672/1485
f 3001/2672/1485 1967/2681/1485 1968/2682/1486
f 3001/2672/1485 1968/2682/1486 3004/2673/1486
f 3004/2673/1486 1968/2682/1486 1969/2683/1487
f 3004/2673/1486 1969/2683/1487 3007/2676/1487
f 3007/2676/1487 1969/2683/1487 1344/2612/1481
f 3007/2676/1487 1344/2612/1481 1777/2611/1481
f 3006/2674/1487 3007/2676/1487 1777/2611/1481
f 3006/2674/1487 1777/2611/1481 1778/2610/1481
f 3005/2675/1487 3006/2674/1487 1778/2610/1481
f 3005/2675/1487 1778/2610/1481 1779/2609/1481
f 1966/2665/1487 3005/2675/1487 1779/2609/1481
f 1966/2665/1487 1779/2609/1481 1345/2594/1481
f 1965/2664/1486 3002/2671/1486 3005/2675/1487
f 1965/2664/1486 3005/2675/1487 1966/2665/1487
f 1964/2663/1485 2999/2668/1485 3002/2671/1486
f 1964/2663/1485 3002/2671/1486 1965/2664/1486
f 3008/2684/1485 3009/2685/1485 3012/2686/1486
f 3008/2684/1485 3012/2686/1486 3011/2687/1486
f 3009/2685/1485 3010/2688/1485 3013/2689/1486
f 3009/2685/1485 3013/2689/1486 3012/2686/1486
f 3011/2687/1486 3012/2686/1486 3015/2690/1487
f 3011/2687/1486 3015/2690/1487 3014/2691/1487
f 3012/2686/1486 3013/2689/1486 3016/2692/1487
f 3012/2686/1486 3016/2692/1487 3015/2690/1487
f 1340/2680/1489 1764/2693/1489 3008/2684/1485
f 1340/2680/1489 3008/2684/1485 1967/2681/1485
f 1764/2693/1489 1763/2694/1489 3009/2685/1485
f 1764/2693/1489 3009/2685/1485 3008/2684/1485
f 1763/2694/1489 1762/2695/1489 3010/2688/1485
f 1763/2694/1489 3010/2688/1485 3009/2685/1485
f 1762/2695/1489 1339/2696/1489 1970/2697/1485
f 1762/2695/1489 1970/2697/1485 3010/2688/1485
f 3010/2688/1485 1970/2697/1485 1971/2698/1486
f 3010/2688/1485 1971/2698/1486 3013/2689/1486
f 3013/2689/1486 1971/2698/1486 1972/2699/1487
f 3013/2689/1486 1972/2699/1487 3016/2692/1487
f 3016/2692/1487 1972/2699/1487 1343/2628/1481
f 3016/2692/1487 1343/2628/1481 1774/2627/1481
f 3015/2690/1487 3016/2692/1487 1774/2627/1481
f 3015/2690/1487 1774/2627/1481 1775/2626/1481
f 3014/2691/1487 3015/2690/1487 1775/2626/1481
f 3014/2691/1487 1775/2626/1481 1776/2625/1481
f 1969/2683/1487 3014/2691/1487 1776/2625/1481
f 1969/2683/1487 1776/2625/1481 1344/2612/1481
f 1968/2682/1486 3011/2687/1486 3014/2691/1487
f 1968/2682/1486 3014/2691/1487 1969/2683/1487
f 1967/2681/1485 3008/2684/1485 3011/2687/1486
f 1967/2681/1485 3011/2687/1486 1968/2682/1486
f 3017/2700/1485 3018/2701/1485 3021/2702/1486
f 3017/2700/1485 3021/2702/1486 3020/2703/1486
f 3018/2701/1485 3019/2704/1485 3022/2705/1486
f 3018/2701/1485 3022/2705/1486 3021/2702/1486
f 3020/2703/1486 3021/2702/1486 3024/2706/1487
f 3020/2703/1486 3024/2706/1487 3023/2707/1487
f 3021/2702/1486 3022/2705/1486 3025/2708/1487
f 3021/2702/1486 3025/2708/1487 3024/2706/1487
f 1339/2696/1489 1761/2709/1489 3017/2700/1485
f 1339/2696/1489 3017/2700/1485 1970/2697/1485
f 1761/2709/1489 1760/2710/1489 3018/2701/1485
f 1761/2709/1489 3018/2701/1485 3017/2700/1485
f 1760/2710/1489 1759/2711/1489 3019/2704/1485
f 1760/2710/1489 3019/2704/1485 3018/2701/1485
f 1759/2711/1489 1338/2712/1489 1973/2713/1485
f 1759/2711/1489 1973/2713/1485 3019/2704/1485
f 3019/2704/1485 1973/2713/1485 1974/2714/1486
f 3019/2704/1485 1974/2714/1486 3022/2705/1486
f 3022/2705/1486 1974/2714/1486 1975/2715/1487
f 3022/2705/1486 1975/2715/1487 3025/2708/1487
f 3025/2708/1487 1975/2715/1487 1342/2644/1481
f 3025/2708/1487 1342/2644/1481 1771/2643/1481
f 3024/2706/1487 3025/2708/1487 1771/2643/1481
f 3024/2706/1487 1771/2643/1481 1772/2642/1481
f 3023/2707/1487 3024/2706/1487 1772/2642/1481
f 3023/2707/1487 1772/2642/1481 1773/2641/1481
f 1972/2699/1487 3023/2707/1487 1773/2641/1481
f 1972/2699/1487 1773/2641/1481 1343/2628/1481
f 1971/2698/1486 3020/2703/1486 3023/2707/1487
f 1971/2698/1486 3023/2707/1487 1972/2699/1487
f 1970/2697/1485 3017/2700/1485 3020/2703/1486
f 1970/2697/1485 3020/2703/1486 1971/2698/1486
f 3026/2716/1493 3027/2717/1493 3030/2718/1494
f 3026/2716/1493 3030/2718/1494 3029/2719/1494
f 3027/2717/1493 3028/2720/1493 3031/2721/1494
f 3027/2717/1493 3031/2721/1494 3030/2718/1494
f 3029/2722/1494 3030/2723/1494 3033/2724/1495
f 3029/2722/1494 3033/2724/1495 3032/2725/1495
f 3030/2723/1494 3031/2726/1494 3034/2727/1495
f 3030/2723/1494 3034/2727/1495 3033/2724/1495
f 1485/2728/1496 2515/2729/1497 3026/2716/1493
f 1485/2728/1496 3026/2716/1493 2421/2730/1498
f 2515/2729/1497 2514/2731/1497 3027/2717/1493
f 2515/2729/1497 3027/2717/1493 3026/2716/1493
f 2514/2731/1497 2513/2732/1497 3028/2720/1493
f 2514/2731/1497 3028/2720/1493 3027/2717/1493
f 2513/2732/1497 1479/2733/1497 1976/2734/1493
f 2513/2732/1497 1976/2734/1493 3028/2720/1493
f 3028/2720/1493 1976/2734/1493 1977/2735/1494
f 3028/2720/1493 1977/2735/1494 3031/2721/1494
f 3031/2726/1494 1977/2736/1494 1978/2737/1495
f 3031/2726/1494 1978/2737/1495 3034/2727/1495
f 3034/2727/1495 1978/2737/1495 1341/2662/1489
f 3034/2727/1495 1341/2662/1489 2385/2661/1489
f 3033/2724/1495 3034/2727/1495 2385/2661/1489
f 3033/2724/1495 2385/2661/1489 2386/2660/1489
f 3032/2725/1495 3033/2724/1495 2386/2660/1489
f 3032/2725/1495 2386/2660/1489 2387/2658/1489
f 2426/2738/1499 3032/2725/1495 2387/2658/1489
f 2426/2738/1499 2387/2658/1489 1459/2657/1488
f 2424/2739/1500 3029/2722/1494 3032/2725/1495
f 2424/2739/1500 3032/2725/1495 2426/2738/1499
f 2421/2730/1498 3026/2716/1493 3029/2719/1494
f 2421/2730/1498 3029/2719/1494 2424/2740/1500
f 3035/2741/1493 3036/2742/1493 3039/2743/1494
f 3035/2741/1493 3039/2743/1494 3038/2744/1494
f 3036/2742/1493 3037/2745/1493 3040/2746/1494
f 3036/2742/1493 3040/2746/1494 3039/2743/1494
f 3038/2747/1494 3039/2748/1494 3042/2749/1495
f 3038/2747/1494 3042/2749/1495 3041/2750/1495
f 3039/2748/1494 3040/2751/1494 3043/2752/1495
f 3039/2748/1494 3043/2752/1495 3042/2749/1495
f 1479/2733/1497 2512/2753/1497 3035/2741/1493
f 1479/2733/1497 3035/2741/1493 1976/2734/1493
f 2512/2753/1497 2511/2754/1497 3036/2742/1493
f 2512/2753/1497 3036/2742/1493 3035/2741/1493
f 2511/2754/1497 2510/2755/1497 3037/2745/1493
f 2511/2754/1497 3037/2745/1493 3036/2742/1493
f 2510/2755/1497 1480/2756/1497 1979/2757/1493
f 2510/2755/1497 1979/2757/1493 3037/2745/1493
f 3037/2745/1493 1979/2757/1493 1980/2758/1494
f 3037/2745/1493 1980/2758/1494 3040/2746/1494
f 3040/2751/1494 1980/2759/1494 1981/2760/1495
f 3040/2751/1494 1981/2760/1495 3043/2752/1495
f 3043/2752/1495 1981/2760/1495 1340/2680/1489
f 3043/2752/1495 1340/2680/1489 1765/2679/1489
f 3042/2749/1495 3043/2752/1495 1765/2679/1489
f 3042/2749/1495 1765/2679/1489 1766/2678/1489
f 3041/2750/1495 3042/2749/1495 1766/2678/1489
f 3041/2750/1495 1766/2678/1489 1767/2677/1489
f 1978/2737/1495 3041/2750/1495 1767/2677/1489
f 1978/2737/1495 1767/2677/1489 1341/2662/1489
f 1977/2736/1494 3038/2747/1494 3041/2750/1495
f 1977/2736/1494 3041/2750/1495 1978/2737/1495
f 1976/2734/1493 3035/2741/1493 3038/2744/1494
f 1976/2734/1493 3038/2744/1494 1977/2735/1494
f 3044/2761/1493 3045/2762/1493 3048/2763/1494
f 3044/2761/1493 3048/2763/1494 3047/2764/1494
f 3045/2762/1493 3046/2765/1493 3049/2766/1494
f 3045/2762/1493 3049/2766/1494 3048/2763/1494
f 3047/2767/1494 3048/2768/1494 3051/2769/1495
f 3047/2767/1494 3051/2769/1495 3050/2770/1495
f 3048/2768/1494 3049/2771/1494 3052/2772/1495
f 3048/2768/1494 3052/2772/1495 3051/2769/1495
f 1480/2756/1497 2509/2773/1497 3044/2761/1493
f 1480/2756/1497 3044/2761/1493 1979/2757/1493
f 2509/2773/1497 2508/2774/1497 3045/2762/1493
f 2509/2773/1497 3045/2762/1493 3044/2761/1493
f 2508/2774/1497 2507/2775/1497 3046/2765/1493
f 2508/2774/1497 3046/2765/1493 3045/2762/1493
f 2507/2775/1497 1481/2776/1497 1982/2777/1493
f 2507/2775/1497 1982/2777/1493 3046/2765/1493
f 3046/2765/1493 1982/2777/1493 1983/2778/1494
f 3046/2765/1493 1983/2778/1494 3049/2766/1494
f 3049/2771/1494 1983/2779/1494 1984/2780/1495
f 3049/2771/1494 1984/2780/1495 3052/2772/1495
f 3052/2772/1495 1984/2780/1495 1339/2696/1489
f 3052/2772/1495 1339/2696/1489 1762/2695/1489
f 3051/2769/1495 3052/2772/1495 1762/2695/1489
f 3051/2769/1495 1762/2695/1489 1763/2694/1489
f 3050/2770/1495 3051/2769/1495 1763/2694/1489
f 3050/2770/1495 1763/2694/1489 1764/2693/1489
f 1981/2760/1495 3050/2770/1495 1764/2693/1489
f 1981/2760/1495 1764/2693/1489 1340/2680/1489
f 1980/2759/1494 3047/2767/1494 3050/2770/1495
f 1980/2759/1494 3050/2770/1495 1981/2760/1495
f 1979/2757/1493 3044/2761/1493 3047/2764/1494
f 1979/2757/1493 3047/2764/1494 1980/2758/1494
f 3053/2781/1493 3054/2782/1493 3057/2783/1494
f 3053/2781/1493 3057/2783/1494 3056/2784/1494
f 3054/2782/1493 3055/2785/1493 3058/2786/1494
f 3054/2782/1493 3058/2786/1494 3057/2783/1494
f 3056/2787/1494 3057/2788/1494 3060/2789/1495
f 3056/2787/1494 3060/2789/1495 3059/2790/1495
f 3057/2788/1494 3058/2791/1494 3061/2792/1495
f 3057/2788/1494 3061/2792/1495 3060/2789/1495
f 1481/2776/1497 2506/2793/1497 3053/2781/1493
f 1481/2776/1497 3053/2781/1493 1982/2777/1493
f 2506/2793/1497 2505/2794/1497 3054/2782/1493
f 2506/2793/1497 3054/2782/1493 3053/2781/1493
f 2505/2794/1497 2504/2795/1497 3055/2785/1493
f 2505/2794/1497 3055/2785/1493 3054/2782/1493
f 2504/2795/1497 1482/2796/1497 1985/2797/1493
f 2504/2795/1497 1985/2797/1493 3055/2785/1493
f 3055/2785/1493 1985/2797/1493 1986/2798/1494
f 3055/2785/1493 1986/2798/1494 3058/2786/1494
f 3058/2791/1494 1986/2799/1494 1987/2800/1495
f 3058/2791/1494 1987/2800/1495 3061/2792/1495
f 3061/2792/1495 1987/2800/1495 1338/2712/1489
f 3061/2792/1495 1338/2712/1489 1759/2711/1489
f 3060/2789/1495 3061/2792/1495 1759/2711/1489
f 3060/2789/1495 1759/2711/1489 1760/2710/1489
f 3059/2790/1495 3060/2789/1495 1760/2710/1489
f 3059/2790/1495 1760/2710/1489 1761/2709/1489
f 1984/2780/1495 3059/2790/1495 1761/2709/1489
f 1984/2780/1495 1761/2709/1489 1339/2696/1489
f 1983/2779/1494 3056/2787/1494 3059/2790/1495
f 1983/2779/1494 3059/2790/1495 1984/2780/1495
f 1982/2777/1493 3053/2781/1493 3056/2784/1494
f 1982/2777/1493 3056/2784/1494 1983/2778/1494
f 3062/2801/1501 3063/2802/1501 3066/2803/1502
f 3062/2801/1501 3066/2803/1502 3065/2804/1502
f 3063/2802/1501 3064/2805/1501 3067/2806/1502
f 3063/2802/1501 3067/2806/1502 3066/2803/1502
f 3065/2804/1502 3066/2803/1502 3069/2807/1503
f 3065/2804/1502 3069/2807/1503 3068/2808/1503
f 3066/2803/1502 3067/2806/1502 3070/2809/1503
f 3066/2803/1502 3070/2809/1503 3069/2807/1503
f 1472/2810/1215 1708/2811/1504 3062/2801/1501
f 1472/2810/1215 3062/2801/1501 2418/2812/1505
f 1708/2811/1504 1710/2813/1504 3063/2802/1501
f 1708/2811/1504 3063/2802/1501 3062/2801/1501
f 1710/2813/1504 1713/2814/1504 3064/2805/1501
f 1710/2813/1504 3064/2805/1501 3063/2802/1501
f 1713/2814/1504 1323/2815/1504 1988/2816/1501
f 1713/2814/1504 1988/2816/1501 3064/2805/1501
f 3064/2805/1501 1988/2816/1501 1989/2817/1502
f 3064/2805/1501 1989/2817/1502 3067/2806/1502
f 3067/2806/1502 1989/2817/1502 1990/2818/1503
f 3067/2806/1502 1990/2818/1503 3070/2809/1503
f 3070/2809/1503 1990/2818/1503 1336/2819/1506
f 3070/2809/1503 1336/2819/1506 2379/2820/1506
f 3069/2807/1503 3070/2809/1503 2379/2820/1506
f 3069/2807/1503 2379/2820/1506 2381/2821/1506
f 3068/2808/1503 3069/2807/1503 2381/2821/1506
f 3068/2808/1503 2381/2821/1506 2383/2822/1506
f 2420/2823/1507 3068/2808/1503 2383/2822/1506
f 2420/2823/1507 2383/2822/1506 1457/2824/1508
f 2419/2825/1509 3065/2804/1502 3068/2808/1503
f 2419/2825/1509 3068/2808/1503 2420/2823/1507
f 2418/2812/1505 3062/2801/1501 3065/2804/1502
f 2418/2812/1505 3065/2804/1502 2419/2825/1509
f 3071/2826/1501 3072/2827/1501 3075/2828/1502
f 3071/2826/1501 3075/2828/1502 3074/2829/1502
f 3072/2827/1501 3073/2830/1501 3076/2831/1502
f 3072/2827/1501 3076/2831/1502 3075/2828/1502
f 3074/2829/1502 3075/2828/1502 3078/2832/1503
f 3074/2829/1502 3078/2832/1503 3077/2833/1503
f 3075/2828/1502 3076/2831/1502 3079/2834/1503
f 3075/2828/1502 3079/2834/1503 3078/2832/1503
f 1323/2815/1504 1715/2835/1504 3071/2826/1501
f 1323/2815/1504 3071/2826/1501 1988/2816/1501
f 1715/2835/1504 1716/2836/1504 3072/2827/1501
f 1715/2835/1504 3072/2827/1501 3071/2826/1501
f 1716/2836/1504 1718/2837/1504 3073/2830/1501
f 1716/2836/1504 3073/2830/1501 3072/2827/1501
f 1718/2837/1504 1324/2838/1504 1991/2839/1501
f 1718/2837/1504 1991/2839/1501 3073/2830/1501
f 3073/2830/1501 1991/2839/1501 1992/2840/1502
f 3073/2830/1501 1992/2840/1502 3076/2831/1502
f 3076/2831/1502 1992/2840/1502 1993/2841/1503
f 3076/2831/1502 1993/2841/1503 3079/2834/1503
f 3079/2834/1503 1993/2841/1503 1334/2842/1506
f 3079/2834/1503 1334/2842/1506 1750/2843/1506
f 3078/2832/1503 3079/2834/1503 1750/2843/1506
f 3078/2832/1503 1750/2843/1506 1752/2844/1506
f 3077/2833/1503 3078/2832/1503 1752/2844/1506
f 3077/2833/1503 1752/2844/1506 1754/2845/1506
f 1990/2818/1503 3077/2833/1503 1754/2845/1506
f 1990/2818/1503 1754/2845/1506 1336/2819/1506
f 1989/2817/1502 3074/2829/1502 3077/2833/1503
f 1989/2817/1502 3077/2833/1503 1990/2818/1503
f 1988/2816/1501 3071/2826/1501 3074/2829/1502
f 1988/2816/1501 3074/2829/1502 1989/2817/1502
f 3080/2846/1501 3081/2847/1501 3084/2848/1502
f 3080/2846/1501 3084/2848/1502 3083/2849/1502
f 3081/2847/1501 3082/2850/1501 3085/2851/1502
f 3081/2847/1501 3085/2851/1502 3084/2848/1502
f 3083/2849/1502 3084/2848/1502 3087/2852/1503
f 3083/2849/1502 3087/2852/1503 3086/2853/1503
f 3084/2848/1502 3085/2851/1502 3088/2854/1503
f 3084/2848/1502 3088/2854/1503 3087/2852/1503
f 1324/2838/1504 1720/2855/1504 3080/2846/1501
f 1324/2838/1504 3080/2846/1501 1991/2839/1501
f 1720/2855/1504 1722/2856/1504 3081/2847/1501
f 1720/2855/1504 3081/2847/1501 3080/2846/1501
f 1722/2856/1504 1724/2857/1504 3082/2850/1501
f 1722/2856/1504 3082/2850/1501 3081/2847/1501
f 1724/2857/1504 1326/2858/1504 1994/2859/1501
f 1724/2857/1504 1994/2859/1501 3082/2850/1501
f 3082/2850/1501 1994/2859/1501 1995/2860/1502
f 3082/2850/1501 1995/2860/1502 3085/2851/1502
f 3085/2851/1502 1995/2860/1502 1996/2861/1503
f 3085/2851/1502 1996/2861/1503 3088/2854/1503
f 3088/2854/1503 1996/2861/1503 1332/2862/1506
f 3088/2854/1503 1332/2862/1506 1744/2863/1506
f 3087/2852/1503 3088/2854/1503 1744/2863/1506
f 3087/2852/1503 1744/2863/1506 1746/2864/1506
f 3086/2853/1503 3087/2852/1503 1746/2864/1506
f 3086/2853/1503 1746/2864/1506 1748/2865/1506
f 1993/2841/1503 3086/2853/1503 1748/2865/1506
f 1993/2841/1503 1748/2865/1506 1334/2842/1506
f 1992/2840/1502 3083/2849/1502 3086/2853/1503
f 1992/2840/1502 3086/2853/1503 1993/2841/1503
f 1991/2839/1501 3080/2846/1501 3083/2849/1502
f 1991/2839/1501 3083/2849/1502 1992/2840/1502
f 3089/2866/1501 3090/2867/1501 3093/2868/1502
f 3089/2866/1501 3093/2868/1502 3092/2869/1502
f 3090/2867/1501 3091/2870/1501 3094/2871/1502
f 3090/2867/1501 3094/2871/1502 3093/2868/1502
f 3092/2869/1502 3093/2868/1502 3096/2872/1503
f 3092/2869/1502 3096/2872/1503 3095/2873/1503
f 3093/2868/1502 3094/2871/1502 3097/2874/1503
f 3093/2868/1502 3097/2874/1503 3096/2872/1503
f 1326/2858/1504 1726/2875/1504 3089/2866/1501
f 1326/2858/1504 3089/2866/1501 1994/2859/1501
f 1726/2875/1504 1728/2876/1504 3090/2867/1501
f 1726/2875/1504 3090/2867/1501 3089/2866/1501
f 1728/2876/1504 1730/2877/1504 3091/2870/1501
f 1728/2876/1504 3091/2870/1501 3090/2867/1501
f 1730/2877/1504 1328/2878/1504 1997/2879/1501
f 1730/2877/1504 1997/2879/1501 3091/2870/1501
f 3091/2870/1501 1997/2879/1501 1998/2880/1502
f 3091/2870/1501 1998/2880/1502 3094/2871/1502
f 3094/2871/1502 1998/2880/1502 1999/2881/1503
f 3094/2871/1502 1999/2881/1503 3097/2874/1503
f 3097/2874/1503 1999/2881/1503 1330/2882/1506
f 3097/2874/1503 1330/2882/1506 1738/2883/1506
f 3096/2872/1503 3097/2874/1503 1738/2883/1506
f 3096/2872/1503 1738/2883/1506 1740/2884/1506
f 3095/2873/1503 3096/2872/1503 1740/2884/1506
f 3095/2873/1503 1740/2884/1506 1742/2885/1506
f 1996/2861/1503 3095/2873/1503 1742/2885/1506
f 1996/2861/1503 1742/2885/1506 1332/2862/1506
f 1995/2860/1502 3092/2869/1502 3095/2873/1503
f 1995/2860/1502 3095/2873/1503 1996/2861/1503
f 1994/2859/1501 3089/2866/1501 3092/2869/1502
f 1994/2859/1501 3092/2869/1502 1995/2860/1502
f 3098/2886/1510 3099/2887/1511 3102/2888/1512
f 3098/2886/1510 3102/2888/1512 3101/2889/1513
f 3099/2887/1511 3100/2890/1514 3103/2891/1515
f 3099/2887/1511 3103/2891/1515 3102/2888/1512
f 3101/2889/1513 3102/2888/1512 3105/2892/1516
f 3101/2889/1513 3105/2892/1516 3104/2893/1517
f 3102/2888/1512 3103/2891/1515 3106/2894/1518
f 3102/2888/1512 3106/2894/1518 3105/2892/1516
f 1450/2895/1519 2378/2896/1520 3098/2886/1510
f 1450/2895/1519 3098/2886/1510 2345/2897/1521
f 2378/2896/1520 2376/2898/1522 3099/2887/1511
f 2378/2896/1520 3099/2887/1511 3098/2886/1510
f 2376/2898/1522 2374/2899/1523 3100/2890/1514
f 2376/2898/1522 3100/2890/1514 3099/2887/1511
f 2374/2899/1523 1452/2900/1524 2051/2901/1525
f 2374/2899/1523 2051/2901/1525 3100/2890/1514
f 3100/2890/1514 2051/2901/1525 2052/2902/1526
f 3100/2890/1514 2052/2902/1526 3103/2891/1515
f 3103/2891/1515 2052/2902/1526 2053/2903/1527
f 3103/2891/1515 2053/2903/1527 3106/2894/1518
f 3106/2894/1518 2053/2903/1527 1385/2301/1353
f 3106/2894/1518 1385/2301/1353 1834/2426/1455
f 3105/2892/1516 3106/2894/1518 1834/2426/1455
f 3105/2892/1516 1834/2426/1455 1832/2425/1454
f 3104/2893/1517 3105/2892/1516 1832/2425/1454
f 3104/2893/1517 1832/2425/1454 1830/2424/1453
f 2343/2904/1528 3104/2893/1517 1830/2424/1453
f 2343/2904/1528 1830/2424/1453 1383/2423/1529
f 2344/2905/1530 3101/2889/1513 3104/2893/1517
f 2344/2905/1530 3104/2893/1517 2343/2904/1528
f 2345/2897/1521 3098/2886/1510 3101/2889/1513
f 2345/2897/1521 3101/2889/1513 2344/2905/1530
f 3107/2906/1531 3108/2907/1532 3111/2908/1533
f 3107/2906/1531 3111/2908/1533 3110/2909/1534
f 3108/2907/1532 3109/2910/1535 3112/2911/1536
f 3108/2907/1532 3112/2911/1536 3111/2908/1533
f 3110/2909/1534 3111/2908/1533 3114/2912/1537
f 3110/2909/1534 3114/2912/1537 3113/2913/1538
f 3111/2908/1533 3112/2911/1536 3115/2914/1539
f 3111/2908/1533 3115/2914/1539 3114/2912/1537
f 1445/2915/1540 2342/2916/1541 3107/2906/1531
f 1445/2915/1540 3107/2906/1531 2319/2917/1542
f 2342/2916/1541 2341/2918/1543 3108/2907/1532
f 2342/2916/1541 3108/2907/1532 3107/2906/1531
f 2341/2918/1543 2340/2919/1544 3109/2910/1535
f 2341/2918/1543 3109/2910/1535 3108/2907/1532
f 2340/2919/1544 1446/2920/1545 2058/2921/1546
f 2340/2919/1544 2058/2921/1546 3109/2910/1535
f 3109/2910/1535 2058/2921/1546 2059/2922/1547
f 3109/2910/1535 2059/2922/1547 3112/2911/1536
f 3112/2911/1536 2059/2922/1547 2060/2923/1548
f 3112/2911/1536 2060/2923/1548 3115/2914/1539
f 3115/2914/1539 2060/2923/1548 1388/2251/1307
f 3115/2914/1539 1388/2251/1307 1842/2382/1549
f 3114/2912/1537 3115/2914/1539 1842/2382/1549
f 3114/2912/1537 1842/2382/1549 1840/2381/1421
f 3113/2913/1538 3114/2912/1537 1840/2381/1421
f 3113/2913/1538 1840/2381/1421 1838/2380/1550
f 2317/2924/1551 3113/2913/1538 1838/2380/1550
f 2317/2924/1551 1838/2380/1550 1386/2296/1348
f 2318/2925/1552 3110/2909/1534 3113/2913/1538
f 2318/2925/1552 3113/2913/1538 2317/2924/1551
f 2319/2917/1542 3107/2906/1531 3110/2909/1534
f 2319/2917/1542 3110/2909/1534 2318/2925/1552
f 3116/2926/1553 3117/2927/1554 3120/2928/1555
f 3116/2926/1553 3120/2928/1555 3119/2929/1556
f 3117/2927/1554 3118/2930/1557 3121/2931/1558
f 3117/2927/1554 3121/2931/1558 3120/2928/1555
f 3119/2929/1556 3120/2928/1555 3123/2932/1559
f 3119/2929/1556 3123/2932/1559 3122/2933/1560
f 3120/2928/1555 3121/2931/1558 3124/2934/1561
f 3120/2928/1555 3124/2934/1561 3123/2932/1559
f 1453/2935/1562 2371/2936/1563 3116/2926/1553
f 1453/2935/1562 3116/2926/1553 2351/2937/1564
f 2371/2936/1563 2369/2938/1565 3117/2927/1554
f 2371/2936/1563 3117/2927/1554 3116/2926/1553
f 2369/2938/1565 2367/2939/1566 3118/2930/1557
f 2369/2938/1565 3118/2930/1557 3117/2927/1554
f 2367/2939/1566 1455/2940/1567 2064/2941/1568
f 2367/2939/1566 2064/2941/1568 3118/2930/1557
f 3118/2930/1557 2064/2941/1568 2065/2942/1569
f 3118/2930/1557 2065/2942/1569 3121/2931/1558
f 3121/2931/1558 2065/2942/1569 2066/2943/1570
f 3121/2931/1558 2066/2943/1570 3124/2934/1561
f 3124/2934/1561 2066/2943/1570 1390/2229/1289
f 3124/2934/1561 1390/2229/1289 1847/2228/1288
f 3123/2932/1559 3124/2934/1561 1847/2228/1288
f 3123/2932/1559 1847/2228/1288 1848/2227/1287
f 3122/2933/1560 3123/2932/1559 1848/2227/1287
f 3122/2933/1560 1848/2227/1287 1849/2226/1286
f 2349/2944/1571 3122/2933/1560 1849/2226/1286
f 2349/2944/1571 1849/2226/1286 1391/2209/1274
f 2350/2945/1572 3119/2929/1556 3122/2933/1560
f 2350/2945/1572 3122/2933/1560 2349/2944/1571
f 2351/2937/1564 3116/2926/1553 3119/2929/1556
f 2351/2937/1564 3119/2929/1556 2350/2945/1572
f 3125/2946/1573 3126/2947/1574 3129/2948/1575
f 3125/2946/1573 3129/2948/1575 3128/2949/1576
f 3126/2947/1574 3127/2950/1577 3130/2951/1578
f 3126/2947/1574 3130/2951/1578 3129/2948/1575
f 3128/2949/1576 3129/2948/1575 3132/2952/1579
f 3128/2949/1576 3132/2952/1579 3131/2953/1580
f 3129/2948/1575 3130/2951/1578 3133/2954/1581
f 3129/2948/1575 3133/2954/1581 3132/2952/1579
f 1447/2955/1582 2339/2956/1583 3125/2946/1573
f 1447/2955/1582 3125/2946/1573 2326/2957/1584
f 2339/2956/1583 2338/2958/1585 3126/2947/1574
f 2339/2956/1583 3126/2947/1574 3125/2946/1573
f 2338/2958/1585 2337/2959/1586 3127/2950/1577
f 2338/2958/1585 3127/2950/1577 3126/2947/1574
f 2337/2959/1586 1448/2960/1587 2071/2961/1588
f 2337/2959/1586 2071/2961/1588 3127/2950/1577
f 3127/2950/1577 2071/2961/1588 2072/2962/1589
f 3127/2950/1577 2072/2962/1589 3130/2951/1578
f 3130/2951/1578 2072/2962/1589 2073/2963/1590
f 3130/2951/1578 2073/2963/1590 3133/2954/1581
f 3133/2954/1581 2073/2963/1590 1392/2189/1258
f 3133/2954/1581 1392/2189/1258 1853/2188/1257
f 3132/2952/1579 3133/2954/1581 1853/2188/1257
f 3132/2952/1579 1853/2188/1257 1854/2187/1256
f 3131/2953/1580 3132/2952/1579 1854/2187/1256
f 3131/2953/1580 1854/2187/1256 1855/2186/1255
f 2324/2964/1591 3131/2953/1580 1855/2186/1255
f 2324/2964/1591 1855/2186/1255 1393/2166/1240
f 2325/2965/1592 3128/2949/1576 3131/2953/1580
f 2325/2965/1592 3131/2953/1580 2324/2964/1591
f 2326/2957/1584 3125/2946/1573 3128/2949/1576
f 2326/2957/1584 3128/2949/1576 2325/2965/1592
f 3134/2966/1593 3135/2967/1594 3138/2968/1595
f 3134/2966/1593 3138/2968/1595 3137/2969/1596
f 3135/2967/1594 3136/2970/1597 3139/2971/1598
f 3135/2967/1594 3139/2971/1598 3138/2968/1595
f 3137/2969/1596 3138/2968/1595 3141/2972/1599
f 3137/2969/1596 3141/2972/1599 3140/2973/1600
f 3138/2968/1595 3139/2971/1598 3142/2974/1601
f 3138/2968/1595 3142/2974/1601 3141/2972/1599
f 1446/2920/1545 2336/2975/1602 3134/2966/1593
f 1446/2920/1545 3134/2966/1593 2058/2921/1546
f 2336/2975/1602 2335/2976/1603 3135/2967/1594
f 2336/2975/1602 3135/2967/1594 3134/2966/1593
f 2335/2976/1603 2334/2977/1604 3136/2970/1597
f 2335/2976/1603 3136/2970/1597 3135/2967/1594
f 2334/2977/1604 1447/2955/1582 2326/2957/1584
f 2334/2977/1604 2326/2957/1584 3136/2970/1597
f 3136/2970/1597 2326/2957/1584 2325/2965/1592
f 3136/2970/1597 2325/2965/1592 3139/2971/1598
f 3139/2971/1598 2325/2965/1592 2324/2964/1591
f 3139/2971/1598 2324/2964/1591 3142/2974/1601
f 3142/2974/1601 2324/2964/1591 1393/2166/1240
f 3142/2974/1601 1393/2166/1240 1897/2254/1310
f 3141/2972/1599 3142/2974/1601 1897/2254/1310
f 3141/2972/1599 1897/2254/1310 1894/2253/1605
f 3140/2973/1600 3141/2972/1599 1894/2253/1605
f 3140/2973/1600 1894/2253/1605 1892/2252/1308
f 2060/2923/1548 3140/2973/1600 1892/2252/1308
f 2060/2923/1548 1892/2252/1308 1388/2251/1307
f 2059/2922/1547 3137/2969/1596 3140/2973/1600
f 2059/2922/1547 3140/2973/1600 2060/2923/1548
f 2058/2921/1546 3134/2966/1593 3137/2969/1596
f 2058/2921/1546 3137/2969/1596 2059/2922/1547
f 3143/2978/1606 3144/2979/1607 3147/2980/1608
f 3143/2978/1606 3147/2980/1608 3146/2981/1609
f 3144/2979/1607 3145/2982/1610 3148/2983/1611
f 3144/2979/1607 3148/2983/1611 3147/2980/1608
f 3146/2981/1609 3147/2980/1608 3150/2984/1612
f 3146/2981/1609 3150/2984/1612 3149/2985/1613
f 3147/2980/1608 3148/2983/1611 3151/2986/1614
f 3147/2980/1608 3151/2986/1614 3150/2984/1612
f 1448/2960/1587 2333/2987/1615 3143/2978/1606
f 1448/2960/1587 3143/2978/1606 2071/2961/1588
f 2333/2987/1615 2332/2988/1616 3144/2979/1607
f 2333/2987/1615 3144/2979/1607 3143/2978/1606
f 2332/2988/1616 2331/2989/1617 3145/2982/1610
f 2332/2988/1616 3145/2982/1610 3144/2979/1607
f 2331/2989/1617 1445/2915/1540 2319/2917/1542
f 2331/2989/1617 2319/2917/1542 3145/2982/1610
f 3145/2982/1610 2319/2917/1542 2318/2925/1552
f 3145/2982/1610 2318/2925/1552 3148/2983/1611
f 3148/2983/1611 2318/2925/1552 2317/2924/1551
f 3148/2983/1611 2317/2924/1551 3151/2986/1614
f 3151/2986/1614 2317/2924/1551 1386/2296/1348
f 3151/2986/1614 1386/2296/1348 1898/2298/1350
f 3150/2984/1612 3151/2986/1614 1898/2298/1350
f 3150/2984/1612 1898/2298/1350 1900/2306/1358
f 3149/2985/1613 3150/2984/1612 1900/2306/1358
f 3149/2985/1613 1900/2306/1358 1903/2305/1357
f 2073/2963/1590 3149/2985/1613 1903/2305/1357
f 2073/2963/1590 1903/2305/1357 1392/2189/1258
f 2072/2962/1589 3146/2981/1609 3149/2985/1613
f 2072/2962/1589 3149/2985/1613 2073/2963/1590
f 2071/2961/1588 3143/2978/1606 3146/2981/1609
f 2071/2961/1588 3146/2981/1609 2072/2962/1589
f 3152/2990/1618 3153/2991/1619 3156/2992/1620
f 3152/2990/1618 3156/2992/1620 3155/2993/1621
f 3153/2991/1619 3154/2994/1622 3157/2995/1623
f 3153/2991/1619 3157/2995/1623 3156/2992/1620
f 3155/2993/1621 3156/2992/1620 3159/2996/1624
f 3155/2993/1621 3159/2996/1624 3158/2997/1625
f 3156/2992/1620 3157/2995/1623 3160/2998/1626
f 3156/2992/1620 3160/2998/1626 3159/2996/1624
f 1452/2900/1524 2365/2999/1627 3152/2990/1618
f 1452/2900/1524 3152/2990/1618 2051/2901/1525
f 2365/2999/1627 2363/3000/1628 3153/2991/1619
f 2365/2999/1627 3153/2991/1619 3152/2990/1618
f 2363/3000/1628 2362/3001/1629 3154/2994/1622
f 2363/3000/1628 3154/2994/1622 3153/2991/1619
f 2362/3001/1629 1453/2935/1562 2351/2937/1564
f 2362/3001/1629 2351/2937/1564 3154/2994/1622
f 3154/2994/1622 2351/2937/1564 2350/2945/1572
f 3154/2994/1622 2350/2945/1572 3157/2995/1623
f 3157/2995/1623 2350/2945/1572 2349/2944/1571
f 3157/2995/1623 2349/2944/1571 3160/2998/1626
f 3160/2998/1626 2349/2944/1571 1391/2209/1274
f 3160/2998/1626 1391/2209/1274 1909/2304/1356
f 3159/2996/1624 3160/2998/1626 1909/2304/1356
f 3159/2996/1624 1909/2304/1356 1907/2303/1355
f 3158/2997/1625 3159/2996/1624 1907/2303/1355
f 3158/2997/1625 1907/2303/1355 1904/2302/1354
f 2053/2903/1527 3158/2997/1625 1904/2302/1354
f 2053/2903/1527 1904/2302/1354 1385/2301/1353
f 2052/2902/1526 3155/2993/1621 3158/2997/1625
f 2052/2902/1526 3158/2997/1625 2053/2903/1527
f 2051/2901/1525 3152/2990/1618 3155/2993/1621
f 2051/2901/1525 3155/2993/1621 2052/2902/1526
f 3161/3002/1630 3162/3003/1631 3165/3004/1632
f 3161/3002/1630 3165/3004/1632 3164/3005/1633
f 3162/3003/1631 3163/3006/1634 3166/3007/1635
f 3162/3003/1631 3166/3007/1635 3165/3004/1632
f 3164/3005/1633 3165/3004/1632 3168/3008/1636
f 3164/3005/1633 3168/3008/1636 3167/3009/1637
f 3165/3004/1632 3166/3007/1635 3169/3010/1638
f 3165/3004/1632 3169/3010/1638 3168/3008/1636
f 1455/2940/1567 2360/3011/1639 3161/3002/1630
f 1455/2940/1567 3161/3002/1630 2064/2941/1568
f 2360/3011/1639 2358/3012/1640 3162/3003/1631
f 2360/3011/1639 3162/3003/1631 3161/3002/1630
f 2358/3012/1640 2355/3013/1641 3163/3006/1634
f 2358/3012/1640 3163/3006/1634 3162/3003/1631
f 2355/3013/1641 1450/2895/1519 2345/2897/1521
f 2355/3013/1641 2345/2897/1521 3163/3006/1634
f 3163/3006/1634 2345/2897/1521 2344/2905/1530
f 3163/3006/1634 2344/2905/1530 3166/3007/1635
f 3166/3007/1635 2344/2905/1530 2343/2904/1528
f 3166/3007/1635 2343/2904/1528 3169/3010/1638
f 3169/3010/1638 2343/2904/1528 1383/2423/1529
f 3169/3010/1638 1383/2423/1529 1910/3014/1642
f 3168/3008/1636 3169/3010/1638 1910/3014/1642
f 3168/3008/1636 1910/3014/1642 1913/3015/1643
f 3167/3009/1637 3168/3008/1636 1913/3015/1643
f 3167/3009/1637 1913/3015/1643 1915/3016/1644
f 2066/2943/1570 3167/3009/1637 1915/3016/1644
f 2066/2943/1570 1915/3016/1644 1390/2229/1289
f 2065/2942/1569 3164/3005/1633 3167/3009/1637
f 2065/2942/1569 3167/3009/1637 2066/2943/1570
f 2064/2941/1568 3161/3002/1630 3164/3005/1633
f 2064/2941/1568 3164/3005/1633 2065/2942/1569
f 3170/3017/1645 3171/3018/1646 3174/3019/1647
f 3170/3017/1645 3174/3019/1647 3173/3020/1648
f 3171/3018/1646 3172/3021/1649 3175/3022/1650
f 3171/3018/1646 3175/3022/1650 3174/3019/1647
f 3173/3020/1648 3174/3019/1647 3177/3023/1651
f 3173/3020/1648 3177/3023/1651 3176/3024/1652
f 3174/3019/1647 3175/3022/1650 3178/3025/1653
f 3174/3019/1647 3178/3025/1653 3177/3023/1651
f 1409/3026/1654 2092/3027/1655 3170/3017/1645
f 1409/3026/1654 3170/3017/1645 2152/3028/1656
f 2092/3027/1655 2094/3029/1657 3171/3018/1646
f 2092/3027/1655 3171/3018/1646 3170/3017/1645
f 2094/3029/1657 2096/3030/1658 3172/3021/1649
f 2094/3029/1657 3172/3021/1649 3171/3018/1646
f 2096/3030/1658 1412/3031/1382 2158/3032/1659
f 2096/3030/1658 2158/3032/1659 3172/3021/1649
f 3172/3033/1649 2158/3034/1659 2159/3035/1660
f 3172/3033/1649 2159/3035/1660 3175/3036/1650
f 3175/3036/1650 2159/3035/1660 2160/3037/1661
f 3175/3036/1650 2160/3037/1661 3178/3038/1653
f 3178/3038/1653 2160/3037/1661 1417/3039/1662
f 3178/3038/1653 1417/3039/1662 2190/3040/1663
f 3177/3023/1651 3178/3025/1653 2190/3041/1663
f 3177/3023/1651 2190/3041/1663 2189/3042/1664
f 3176/3024/1652 3177/3023/1651 2189/3042/1664
f 3176/3024/1652 2189/3042/1664 2188/3043/1665
f 2156/3044/1666 3176/3024/1652 2188/3043/1665
f 2156/3044/1666 2188/3043/1665 1415/3045/1667
f 2154/3046/1668 3173/3020/1648 3176/3024/1652
f 2154/3046/1668 3176/3024/1652 2156/3044/1666
f 2152/3028/1656 3170/3017/1645 3173/3020/1648
f 2152/3028/1656 3173/3020/1648 2154/3046/1668
f 3179/3047/1669 3180/3048/1670 3183/3049/1671
f 3179/3047/1669 3183/3049/1671 3182/3050/1672
f 3180/3048/1670 3181/3051/1673 3184/3052/1674
f 3180/3048/1670 3184/3052/1674 3183/3049/1671
f 3182/3050/1672 3183/3049/1671 3186/3053/1675
f 3182/3050/1672 3186/3053/1675 3185/3054/1676
f 3183/3049/1671 3184/3052/1674 3187/3055/1677
f 3183/3049/1671 3187/3055/1677 3186/3053/1675
f 1401/3056/1678 2100/3057/1679 3179/3047/1669
f 1401/3056/1678 3179/3047/1669 2164/3058/1680
f 2100/3059/1679 2101/3060/1681 3180/3061/1670
f 2100/3059/1679 3180/3061/1670 3179/3062/1669
f 2101/3060/1681 2102/3063/1682 3181/3064/1673
f 2101/3060/1681 3181/3064/1673 3180/3061/1670
f 2102/3065/1682 1410/3066/1683 2153/3067/1684
f 2102/3065/1682 2153/3067/1684 3181/3068/1673
f 3181/3068/1673 2153/3067/1684 2155/3069/1685
f 3181/3068/1673 2155/3069/1685 3184/3070/1674
f 3184/3070/1674 2155/3069/1685 2157/3071/1686
f 3184/3070/1674 2157/3071/1686 3187/3072/1677
f 3187/3072/1677 2157/3071/1686 1416/3073/1687
f 3187/3072/1677 1416/3073/1687 2187/3074/1688
f 3186/3053/1675 3187/3055/1677 2187/3075/1688
f 3186/3053/1675 2187/3075/1688 2186/3076/1689
f 3185/3054/1676 3186/3053/1675 2186/3076/1689
f 3185/3054/1676 2186/3076/1689 2185/3077/1690
f 2168/3078/1691 3185/3054/1676 2185/3077/1690
f 2168/3078/1691 2185/3077/1690 1413/3079/1692
f 2166/3080/1693 3182/3050/1672 3185/3054/1676
f 2166/3080/1693 3185/3054/1676 2168/3078/1691
f 2164/3058/1680 3179/3047/1669 3182/3050/1672
f 2164/3058/1680 3182/3050/1672 2166/3080/1693
f 3188/3081/1694 3189/3082/1695 3192/3083/1696
f 3188/3081/1694 3192/3083/1696 3191/3084/1697
f 3189/3082/1695 3190/3085/1698 3193/3086/1699
f 3189/3082/1695 3193/3086/1699 3192/3083/1696
f 3191/3084/1697 3192/3083/1696 3195/3087/1700
f 3191/3084/1697 3195/3087/1700 3194/3088/1701
f 3192/3083/1696 3193/3086/1699 3196/3089/1702
f 3192/3083/1696 3196/3089/1702 3195/3087/1700
f 1443/3090/1703 2311/3091/1704 3188/3081/1694
f 1443/3092/1703 3188/3093/1694 2296/3094/1705
f 2311/3091/1704 2309/3095/1706 3189/3082/1695
f 2311/3091/1704 3189/3082/1695 3188/3081/1694
f 2309/3095/1706 2305/3096/1707 3190/3085/1698
f 2309/3095/1706 3190/3085/1698 3189/3082/1695
f 2305/3096/1707 1441/3097/1708 2126/3098/1709
f 2305/3096/1707 2126/3098/1709 3190/3085/1698
f 3190/3085/1698 2126/3098/1709 2127/3099/1710
f 3190/3085/1698 2127/3099/1710 3193/3086/1699
f 3193/3086/1699 2127/3099/1710 2129/3100/1711
f 3193/3086/1699 2129/3100/1711 3196/3089/1702
f 3196/3089/1702 2129/3100/1711 1395/3101/1712
f 3196/3089/1702 1395/3101/1712 2075/3102/1713
f 3195/3087/1700 3196/3089/1702 2075/3102/1713
f 3195/3087/1700 2075/3102/1713 2076/3103/1714
f 3194/3088/1701 3195/3087/1700 2076/3103/1714
f 3194/3088/1701 2076/3103/1714 2078/3104/1715
f 2294/3105/1716 3194/3106/1701 2078/3107/1715
f 2294/3105/1716 2078/3107/1715 1398/3108/1717
f 2295/3109/1718 3191/3110/1697 3194/3106/1701
f 2295/3109/1718 3194/3106/1701 2294/3105/1716
f 2296/3094/1705 3188/3093/1694 3191/3110/1697
f 2296/3094/1705 3191/3110/1697 2295/3109/1718
f 3197/3111/1719 3200/3112/1720 3205/3113/1721
f 3197/3111/1719 3205/3113/1721 3204/3114/1722
f 3200/3112/1720 3202/3115/1723 3206/3116/1724
f 3200/3112/1720 3206/3116/1724 3205/3113/1721
f 3204/3114/1722 3205/3113/1721 3208/3117/1725
f 3204/3114/1722 3208/3117/1725 3207/3118/1726
f 3205/3113/1721 3206/3116/1724 3209/3119/1727
f 3205/3113/1721 3209/3119/1727 3208/3117/1725
f 1441/3120/1708 2303/3121/1728 3198/3122/1729
f 1441/3120/1708 3198/3122/1729 2126/3123/1709
f 2304/3124/1730 2302/3125/1731 3200/3112/1720
f 2304/3124/1730 3200/3112/1720 3197/3111/1719
f 2301/3126/1732 2300/3127/1733 3201/3128/1723
f 2301/3126/1732 3201/3128/1723 3199/3129/1734
f 2300/3127/1733 1439/3130/1735 2284/3131/1736
f 2300/3127/1733 2284/3131/1736 3201/3128/1723
f 3202/3115/1723 2285/2270/1324 2283/2285/1338
f 3202/3115/1723 2283/2285/1338 3206/3116/1724
f 3206/3116/1724 2283/2285/1338 2282/2281/1336
f 3206/3116/1724 2282/2281/1336 3209/3119/1727
f 3209/3119/1727 2282/2281/1336 1405/2284/1737
f 3209/3119/1727 1405/2284/1737 2111/3132/1738
f 3208/3117/1725 3209/3119/1727 2111/3132/1738
f 3208/3117/1725 2111/3132/1738 2109/3133/1739
f 3207/3118/1726 3208/3117/1725 2109/3133/1739
f 3207/3118/1726 2109/3133/1739 2107/3134/1740
f 2130/3135/1741 3207/3136/1726 2107/3137/1740
f 2130/3135/1741 2107/3137/1740 1397/3138/1742
f 2128/3139/1743 3204/3114/1722 3207/3118/1726
f 2128/3139/1743 3207/3118/1726 2130/3140/1741
f 2126/3123/1709 3198/3122/1729 3203/3141/1722
f 2126/3123/1709 3203/3141/1722 2127/3142/1710
f 3210/3143/1744 3211/3144/1745 3215/3145/1746
f 3210/3143/1744 3215/3145/1746 3214/3146/1747
f 3211/3144/1745 3212/3147/1748 3217/3148/1749
f 3211/3144/1745 3217/3148/1749 3215/3145/1746
f 3213/3149/1750 3216/3150/1751 3220/3151/1752
f 3213/3149/1750 3220/3151/1752 3219/3152/1753
f 3216/3150/1751 3218/3153/1754 3221/3154/1755
f 3216/3150/1751 3221/3154/1755 3220/3151/1752
f 1368/3155/1756 2031/3156/1757 3210/3143/1744
f 1368/3155/1756 3210/3143/1744 2147/3157/1758
f 2031/3156/1757 2032/3158/1759 3211/3144/1745
f 2031/3156/1757 3211/3144/1745 3210/3143/1744
f 2032/3158/1759 2034/3159/1760 3212/3147/1748
f 2032/3158/1759 3212/3147/1748 3211/3144/1745
f 2034/3159/1760 1375/3160/1761 2140/3161/1762
f 2034/3159/1760 2140/3161/1762 3212/3147/1748
f 3212/3147/1748 2140/3161/1762 2141/3162/1763
f 3212/3147/1748 2141/3162/1763 3217/3148/1749
f 3218/3153/1754 2142/3163/1764 2143/3164/1765
f 3218/3153/1754 2143/3164/1765 3221/3154/1755
f 3221/3154/1755 2143/3164/1765 1411/3165/1683
f 3221/3166/1755 1411/3167/1683 2102/3168/1682
f 3220/3151/1752 3221/3154/1755 2102/3063/1682
f 3220/3151/1752 2102/3063/1682 2101/3060/1681
f 3219/3152/1753 3220/3151/1752 2101/3060/1681
f 3219/3152/1753 2101/3060/1681 2100/3059/1679
f 2144/3169/1766 3219/3152/1753 2100/3059/1679
f 2144/3169/1766 2100/3059/1679 1400/3170/1767
f 2145/3171/1768 3213/3149/1750 3219/3152/1753
f 2145/3171/1768 3219/3152/1753 2144/3169/1766
f 2147/3157/1758 3210/3143/1744 3214/3146/1747
f 2147/3157/1758 3214/3146/1747 2146/3172/1769
f 3222/3173/1770 3223/3174/1771 3227/3175/1772
f 3222/3173/1770 3227/3175/1772 3225/3176/1773
f 3223/3174/1771 3224/3177/1774 3229/3178/1775
f 3223/3174/1771 3229/3178/1775 3227/3175/1772
f 3226/3179/1773 3228/3180/1776 3232/3181/1777
f 3226/3179/1773 3232/3181/1777 3230/3182/1778
f 3227/3175/1772 3229/3178/1775 3233/3183/1779
f 3227/3175/1772 3233/3183/1779 3231/3184/1780
f 1375/3185/1761 2018/3186/1781 3222/3173/1770
f 1375/3185/1761 3222/3173/1770 2140/3187/1762
f 2018/3186/1781 2020/3188/1782 3223/3174/1771
f 2018/3186/1781 3223/3174/1771 3222/3173/1770
f 2020/3188/1782 2022/3189/1783 3224/3177/1774
f 2020/3188/1782 3224/3177/1774 3223/3174/1771
f 2022/3189/1783 1377/3190/1368 2117/3191/1370
f 2022/3189/1783 2117/3191/1370 3224/3177/1774
f 3224/3177/1774 2117/3191/1370 2116/3192/1383
f 3224/3177/1774 2116/3192/1383 3229/3178/1775
f 3229/3178/1775 2116/3192/1383 2115/3193/1381
f 3229/3178/1775 2115/3193/1381 3233/3183/1779
f 3233/3183/1779 2115/3193/1381 1412/3031/1382
f 3233/3183/1779 1412/3031/1382 2096/3030/1658
f 3231/3184/1780 3233/3183/1779 2096/3030/1658
f 3231/3184/1780 2096/3030/1658 2094/3029/1657
f 3230/3182/1778 3232/3181/1777 2095/3194/1784
f 3230/3182/1778 2095/3194/1784 2093/3195/1655
f 2143/3196/1765 3230/3182/1778 2093/3195/1655
f 2143/3196/1765 2093/3195/1655 1411/3197/1683
f 2142/3198/1764 3226/3179/1773 3230/3182/1778
f 2142/3198/1764 3230/3182/1778 2143/3196/1765
f 2140/3187/1762 3222/3173/1770 3225/3176/1773
f 2140/3187/1762 3225/3176/1773 2141/3199/1763
f 3234/3200/1785 3235/3201/1786 3239/3202/1787
f 3234/3200/1785 3239/3202/1787 3237/3203/1788
f 3235/3201/1786 3236/3204/1789 3241/3205/1790
f 3235/3201/1786 3241/3205/1790 3239/3202/1787
f 3237/3203/1788 3239/3202/1787 3244/3206/1791
f 3237/3203/1788 3244/3206/1791 3242/3207/1792
f 3238/3208/1787 3240/3209/1793 3245/3210/1794
f 3238/3208/1787 3245/3210/1794 3243/3211/1795
f 1370/3212/1373 2011/3213/1796 3234/3200/1785
f 1370/3212/1373 3234/3200/1785 2112/3214/1374
f 2011/3213/1796 2009/3215/1797 3235/3201/1786
f 2011/3213/1796 3235/3201/1786 3234/3200/1785
f 2009/3215/1797 2007/3216/1798 3236/3204/1789
f 2009/3215/1797 3236/3204/1789 3235/3201/1786
f 2007/3216/1798 1368/3217/1756 2147/3218/1758
f 2007/3216/1798 2147/3218/1758 3236/3204/1789
f 3236/3204/1789 2147/3218/1758 2146/3219/1769
f 3236/3204/1789 2146/3219/1769 3241/3205/1790
f 3240/3209/1793 2145/3220/1768 2144/3221/1766
f 3240/3209/1793 2144/3221/1766 3245/3210/1794
f 3245/3210/1794 2144/3221/1766 1400/3222/1767
f 3245/3223/1794 1400/3224/1767 2081/3225/1799
f 3243/3211/1795 3245/3210/1794 2081/3226/1799
f 3243/3211/1795 2081/3226/1799 2083/3227/1800
f 3242/3207/1792 3244/3206/1791 2084/3228/1801
f 3242/3207/1792 2084/3228/1801 2085/3229/1802
f 2114/3230/1376 3242/3207/1792 2085/3229/1802
f 2114/3230/1376 2085/3229/1802 1403/2327/1377
f 2113/3231/1375 3237/3203/1788 3242/3207/1792
f 2113/3231/1375 3242/3207/1792 2114/3230/1376
f 2112/3214/1374 3234/3200/1785 3237/3203/1788
f 2112/3214/1374 3237/3203/1788 2113/3231/1375
f 3246/3232/1803 3247/3233/1804 3250/3234/1805
f 3246/3232/1803 3250/3234/1805 3249/3235/1806
f 3247/3233/1804 3248/3236/1807 3251/3237/1808
f 3247/3233/1804 3251/3237/1808 3250/3234/1805
f 3249/3235/1806 3250/3234/1805 3253/3238/1809
f 3249/3235/1806 3253/3238/1809 3252/3239/1810
f 3250/3234/1805 3251/3237/1808 3254/3240/1811
f 3250/3234/1805 3254/3240/1811 3253/3238/1809
f 1437/3241/1812 2299/3242/1813 3246/3232/1803
f 1437/3241/1812 3246/3232/1803 2118/3243/1814
f 2299/3242/1813 2298/3244/1815 3247/3233/1804
f 2299/3242/1813 3247/3233/1804 3246/3232/1803
f 2298/3244/1815 2297/3245/1816 3248/3236/1807
f 2298/3244/1815 3248/3236/1807 3247/3233/1804
f 2297/3245/1816 1443/3092/1703 2296/3094/1705
f 2297/3245/1816 2296/3094/1705 3248/3236/1807
f 3248/3236/1807 2296/3094/1705 2295/3109/1718
f 3248/3236/1807 2295/3109/1718 3251/3237/1808
f 3251/3237/1808 2295/3109/1718 2294/3105/1716
f 3251/3237/1808 2294/3105/1716 3254/3240/1811
f 3254/3240/1811 2294/3105/1716 1398/3108/1717
f 3254/3240/1811 1398/3108/1717 2103/3246/1817
f 3253/3238/1809 3254/3240/1811 2103/3246/1817
f 3253/3238/1809 2103/3246/1817 2104/3247/1818
f 3252/3239/1810 3253/3238/1809 2104/3247/1818
f 3252/3239/1810 2104/3247/1818 2105/3248/1819
f 2122/2276/1331 3252/3249/1810 2105/3250/1819
f 2122/2276/1331 2105/3250/1819 1408/2277/1332
f 2121/3251/1330 3249/3235/1806 3252/3239/1810
f 2121/3251/1330 3252/3239/1810 2122/3252/1331
f 2120/3243/1329 3246/3232/1803 3249/3235/1806
f 2120/3243/1329 3249/3235/1806 2121/3251/1330
f 3255/3253/1820 3256/3254/1821 3259/3255/1822
f 3255/3253/1820 3259/3255/1822 3258/3256/1823
f 3256/3254/1821 3257/3257/1824 3260/3258/1825
f 3256/3254/1821 3260/3258/1825 3259/3255/1822
f 3258/3256/1823 3259/3255/1822 3262/3259/1826
f 3258/3256/1823 3262/3259/1826 3261/3260/1827
f 3259/3255/1822 3260/3258/1825 3263/3261/1828
f 3259/3255/1822 3263/3261/1828 3262/3259/1826
f 1412/3262/1382 2099/3263/1380 3255/3253/1820
f 1412/3262/1382 3255/3253/1820 2158/3034/1659
f 2099/3263/1380 2098/3264/1379 3256/3254/1821
f 2099/3263/1380 3256/3254/1821 3255/3253/1820
f 2098/3264/1379 2097/3265/1378 3257/3257/1824
f 2098/3264/1379 3257/3257/1824 3256/3254/1821
f 2097/2328/1378 1403/2327/1377 2161/3266/1829
f 2097/2328/1378 2161/3266/1829 3257/3267/1824
f 3257/3267/1824 2161/3266/1829 2162/3268/1830
f 3257/3267/1824 2162/3268/1830 3260/3269/1825
f 3260/3258/1825 2162/3270/1830 2163/3271/1831
f 3260/3258/1825 2163/3271/1831 3263/3261/1828
f 3263/3261/1828 2163/3271/1831 1419/3272/1832
f 3263/3261/1828 1419/3272/1832 2193/3273/1833
f 3262/3259/1826 3263/3261/1828 2193/3273/1833
f 3262/3259/1826 2193/3273/1833 2192/3274/1834
f 3261/3260/1827 3262/3259/1826 2192/3274/1834
f 3261/3260/1827 2192/3274/1834 2191/3275/1835
f 2160/3037/1661 3261/3260/1827 2191/3275/1835
f 2160/3037/1661 2191/3275/1835 1417/3039/1662
f 2159/3035/1660 3258/3256/1823 3261/3260/1827
f 2159/3035/1660 3261/3260/1827 2160/3037/1661
f 2158/3034/1659 3255/3253/1820 3258/3256/1823
f 2158/3034/1659 3258/3256/1823 2159/3035/1660
f 3264/3276/1836 3265/3277/1837 3268/3278/1838
f 3264/3276/1836 3268/3278/1838 3267/3279/1839
f 3265/3277/1837 3266/3280/1840 3269/3281/1841
f 3265/3277/1837 3269/3281/1841 3268/3278/1838
f 3267/3279/1839 3268/3278/1838 3271/3282/1842
f 3267/3279/1839 3271/3282/1842 3270/3283/1843
f 3268/3284/1838 3269/3285/1841 3272/3286/1844
f 3268/3284/1838 3272/3286/1844 3271/3287/1842
f 1403/2327/1377 2085/3229/1802 3264/3276/1836
f 1403/2327/1377 3264/3276/1836 2161/3266/1829
f 2085/3229/1802 2084/3228/1801 3265/3277/1837
f 2085/3229/1802 3265/3277/1837 3264/3276/1836
f 2084/3228/1801 2082/3288/1799 3266/3280/1840
f 2084/3228/1801 3266/3280/1840 3265/3277/1837
f 2082/3289/1799 1402/3290/1845 2165/3291/1846
f 2082/3289/1799 2165/3291/1846 3266/3292/1840
f 3266/3292/1840 2165/3291/1846 2167/3293/1847
f 3266/3292/1840 2167/3293/1847 3269/3285/1841
f 3269/3285/1841 2167/3293/1847 2169/3294/1848
f 3269/3285/1841 2169/3294/1848 3272/3286/1844
f 3272/3286/1844 2169/3294/1848 1414/3295/1692
f 3272/3286/1844 1414/3295/1692 2200/3296/1849
f 3271/3287/1842 3272/3286/1844 2200/3296/1849
f 3271/3287/1842 2200/3296/1849 2198/3297/1850
f 3270/3283/1843 3271/3282/1842 2198/3298/1850
f 3270/3283/1843 2198/3298/1850 2196/3299/1851
f 2163/3300/1831 3270/3283/1843 2196/3299/1851
f 2163/3300/1831 2196/3299/1851 1419/3301/1832
f 2162/3268/1830 3267/3279/1839 3270/3283/1843
f 2162/3268/1830 3270/3283/1843 2163/3300/1831
f 2161/3266/1829 3264/3276/1836 3267/3279/1839
f 2161/3266/1829 3267/3279/1839 2162/3268/1830
f 3273/3302/1852 3274/3303/1853 3277/3304/1854
f 3273/3302/1852 3277/3304/1854 3276/3305/1855
f 3274/3303/1853 3275/3306/1856 3278/3307/1857
f 3274/3303/1853 3278/3307/1857 3277/3304/1854
f 3276/3305/1855 3277/3304/1854 3280/3308/1858
f 3276/3305/1855 3280/3308/1858 3279/3309/1859
f 3277/3304/1854 3278/3307/1857 3281/3310/1860
f 3277/3304/1854 3281/3310/1860 3280/3308/1858
f 1413/3079/1692 2185/3077/1690 3273/3302/1852
f 1413/3079/1692 3273/3302/1852 2151/3311/1861
f 2185/3077/1690 2186/3076/1689 3274/3303/1853
f 2185/3077/1690 3274/3303/1853 3273/3302/1852
f 2186/3076/1689 2187/3075/1688 3275/3306/1856
f 2186/3076/1689 3275/3306/1856 3274/3303/1853
f 2187/3074/1688 1416/3073/1687 2175/3312/1862
f 2187/3074/1688 2175/3312/1862 3275/3313/1856
f 3275/3313/1856 2175/3312/1862 2173/3314/1863
f 3275/3313/1856 2173/3314/1863 3278/3315/1857
f 3278/3315/1857 2173/3314/1863 2171/3316/1864
f 3278/3315/1857 2171/3316/1864 3281/3317/1860
f 3281/3317/1860 2171/3316/1864 1408/2277/1332
f 3281/3317/1860 1408/2277/1332 2105/3250/1819
f 3280/3308/1858 3281/3310/1860 2105/3318/1819
f 3280/3308/1858 2105/3318/1819 2104/3319/1818
f 3279/3309/1859 3280/3308/1858 2104/3319/1818
f 3279/3309/1859 2104/3319/1818 2103/3320/1817
f 2149/3321/1865 3279/3309/1859 2103/3320/1817
f 2149/3321/1865 2103/3320/1817 1398/3322/1717
f 2150/3323/1866 3276/3305/1855 3279/3309/1859
f 2150/3323/1866 3279/3309/1859 2149/3321/1865
f 2151/3311/1861 3273/3302/1852 3276/3305/1855
f 2151/3311/1861 3276/3305/1855 2150/3323/1866
f 3282/3324/1867 3283/3325/1868 3286/3326/1869
f 3282/3324/1867 3286/3326/1869 3285/3327/1870
f 3283/3325/1868 3284/3328/1871 3287/3329/1872
f 3283/3325/1868 3287/3329/1872 3286/3326/1869
f 3285/3327/1870 3286/3326/1869 3289/3330/1873
f 3285/3327/1870 3289/3330/1873 3288/3331/1874
f 3286/3326/1869 3287/3329/1872 3290/3332/1875
f 3286/3326/1869 3290/3332/1875 3289/3330/1873
f 1415/3045/1667 2188/3043/1665 3282/3324/1867
f 1415/3045/1667 3282/3324/1867 2174/3333/1876
f 2188/3043/1665 2189/3042/1664 3283/3325/1868
f 2188/3043/1665 3283/3325/1868 3282/3324/1867
f 2189/3042/1664 2190/3041/1663 3284/3328/1871
f 2189/3042/1664 3284/3328/1871 3283/3325/1868
f 2190/3040/1663 1417/3039/1662 2178/3334/1877
f 2190/3040/1663 2178/3334/1877 3284/3335/1871
f 3284/3335/1871 2178/3334/1877 2177/3336/1878
f 3284/3335/1871 2177/3336/1878 3287/3337/1872
f 3287/3337/1872 2177/3336/1878 2176/3338/1879
f 3287/3337/1872 2176/3338/1879 3290/3339/1875
f 3290/3339/1875 2176/3338/1879 1404/3340/1880
f 3290/3339/1875 1404/3340/1880 2086/3341/1881
f 3289/3330/1873 3290/3332/1875 2086/3342/1881
f 3289/3330/1873 2086/3342/1881 2088/3343/1882
f 3288/3331/1874 3289/3330/1873 2088/3343/1882
f 3288/3331/1874 2088/3343/1882 2090/3344/1333
f 2170/3345/1883 3288/3331/1874 2090/3344/1333
f 2170/3345/1883 2090/3344/1333 1407/3346/1884
f 2172/3347/1885 3285/3327/1870 3288/3331/1874
f 2172/3347/1885 3288/3331/1874 2170/3345/1883
f 2174/3333/1876 3282/3324/1867 3285/3327/1870
f 2174/3333/1876 3285/3327/1870 2172/3347/1885
f 3291/3348/1886 3292/3349/1887 3295/3350/1888
f 3291/3348/1886 3295/3350/1888 3294/3351/1889
f 3292/3349/1887 3293/3352/1890 3296/3353/1891
f 3292/3349/1887 3296/3353/1891 3295/3350/1888
f 3294/3351/1889 3295/3350/1888 3298/3354/1892
f 3294/3351/1889 3298/3354/1892 3297/3355/1893
f 3295/3350/1888 3296/3353/1891 3299/3356/1894
f 3295/3350/1888 3299/3356/1894 3298/3354/1892
f 1417/3039/1662 2191/3275/1835 3291/3348/1886
f 1417/3039/1662 3291/3348/1886 2178/3334/1877
f 2191/3275/1835 2192/3274/1834 3292/3349/1887
f 2191/3275/1835 3292/3349/1887 3291/3348/1886
f 2192/3274/1834 2193/3273/1833 3293/3352/1890
f 2192/3274/1834 3293/3352/1890 3292/3349/1887
f 2193/3273/1833 1419/3272/1832 2184/3357/1895
f 2193/3273/1833 2184/3357/1895 3293/3352/1890
f 3293/3358/1890 2184/3359/1895 2182/3360/1896
f 3293/3352/1890 2182/3361/1896 3296/3353/1891
f 3296/3362/1891 2182/3363/1896 2180/3364/1897
f 3296/3362/1891 2180/3364/1897 3299/3365/1894
f 3299/3365/1894 2180/3364/1897 1396/3366/1898
f 3299/3365/1894 1396/3366/1898 2106/3367/1899
f 3298/3354/1892 3299/3356/1894 2106/3368/1899
f 3298/3354/1892 2106/3368/1899 2108/3369/1900
f 3297/3355/1893 3298/3354/1892 2108/3369/1900
f 3297/3355/1893 2108/3369/1900 2110/3370/1901
f 2176/3338/1879 3297/3355/1893 2110/3370/1901
f 2176/3338/1879 2110/3370/1901 1404/3340/1880
f 2177/3336/1878 3294/3351/1889 3297/3355/1893
f 2177/3336/1878 3297/3355/1893 2176/3338/1879
f 2178/3334/1877 3291/3348/1886 3294/3351/1889
f 2178/3334/1877 3294/3351/1889 2177/3336/1878
f 3300/3371/1902 3301/3372/1903 3304/3373/1904
f 3300/3371/1902 3304/3373/1904 3303/3374/1905
f 3301/3375/1903 3302/3376/1906 3305/3377/1907
f 3301/3375/1903 3305/3377/1907 3304/3378/1904
f 3303/3374/1905 3304/3373/1904 3307/3379/1908
f 3303/3374/1905 3307/3379/1908 3306/3380/1909
f 3304/3378/1904 3305/3377/1907 3308/3381/1910
f 3304/3378/1904 3308/3381/1910 3307/3382/1908
f 1418/3383/1911 2194/3384/1851 3300/3371/1902
f 1418/3383/1911 3300/3371/1902 2183/3385/1912
f 2195/3384/1913 2198/3386/1914 3301/3372/1903
f 2195/3384/1913 3301/3372/1903 3300/3371/1902
f 2197/3387/1915 2200/3388/1916 3302/3376/1906
f 2197/3387/1915 3302/3376/1906 3301/3375/1903
f 2199/3388/1917 1413/3079/1692 2151/3311/1861
f 2199/3388/1917 2151/3311/1861 3302/3376/1906
f 3302/3376/1906 2151/3311/1861 2150/3323/1866
f 3302/3376/1906 2150/3323/1866 3305/3377/1907
f 3305/3377/1907 2150/3323/1866 2149/3321/1865
f 3305/3377/1907 2149/3321/1865 3308/3381/1910
f 3309/3389/1918 1399/3390/1919 2148/3391/1920
f 3309/3392/1918 2079/3393/1921 1399/3394/1919
f 3307/3379/1908 3308/3395/1910 2080/3396/1922
f 3307/3379/1908 2080/3396/1922 2077/3397/1923
f 3306/3380/1909 3307/3379/1908 2077/3397/1923
f 3306/3380/1909 2077/3397/1923 2074/3398/1713
f 2179/3399/1924 3306/3380/1909 2074/3398/1713
f 2179/3399/1924 2074/3398/1713 1394/3400/1925
f 2181/3401/1926 3303/3374/1905 3306/3380/1909
f 2181/3401/1926 3306/3380/1909 2179/3399/1924
f 2183/3385/1912 3300/3371/1902 3303/3374/1905
f 2183/3385/1912 3303/3374/1905 2181/3401/1926
f 3310/3402/1204 3311/3403/1204 3314/3404/1205
f 3310/3402/1204 3314/3404/1205 3313/3405/1205
f 3311/3403/1204 3312/3406/1204 3315/3407/1205
f 3311/3403/1204 3315/3407/1205 3314/3404/1205
f 3313/3405/1205 3314/3404/1205 3317/3408/1206
f 3313/3405/1205 3317/3408/1206 3316/3409/1206
f 3314/3404/1205 3315/3407/1205 3318/3410/1206
f 3314/3404/1205 3318/3410/1206 3317/3408/1206
f 1379/2144/1225 1858/3411/1221 3310/3402/1204
f 1379/2144/1225 3310/3402/1204 1877/2145/1204
f 1858/3411/1221 1857/3412/1927 3311/3403/1204
f 1858/3411/1221 3311/3403/1204 3310/3402/1204
f 1857/3412/1927 1856/3413/1928 3312/3406/1204
f 1857/3412/1927 3312/3406/1204 3311/3403/1204
f 1856/3413/1928 1436/1758/1086 2234/1760/1097
f 1856/3413/1928 2234/1760/1097 3312/3406/1204
f 3312/3406/1204 2234/1760/1097 2235/1774/1104
f 3312/3406/1204 2235/1774/1104 3315/3407/1205
f 3315/3407/1205 2235/1774/1104 2236/1772/1102
f 3315/3407/1205 2236/1772/1102 3318/3410/1206
f 3318/3410/1206 2236/1772/1102 1420/1773/1103
f 3318/3410/1206 1420/1773/1103 2205/3414/1213
f 3317/3408/1206 3318/3410/1206 2205/3414/1213
f 3317/3408/1206 2205/3414/1213 2203/3415/1213
f 3316/3409/1206 3317/3408/1206 2203/3415/1213
f 3316/3409/1206 2203/3415/1213 2201/3416/1213
f 1879/2147/1206 3316/3409/1206 2201/3416/1213
f 1879/2147/1206 2201/3416/1213 1329/2148/1213
f 1878/2146/1205 3313/3405/1205 3316/3409/1206
f 1878/2146/1205 3316/3409/1206 1879/2147/1206
f 1877/2145/1204 3310/3402/1204 3313/3405/1205
f 1877/2145/1204 3313/3405/1205 1878/2146/1205
f 3319/3417/1929 3320/3418/1930 3323/3419/1931
f 3319/3417/1929 3323/3419/1931 3322/3420/1932
f 3320/3418/1930 3321/3421/1933 3324/3422/1934
f 3320/3418/1930 3324/3422/1934 3323/3419/1931
f 3322/3420/1932 3323/3419/1931 3326/3423/1935
f 3322/3420/1932 3326/3423/1935 3325/3424/1936
f 3323/3419/1931 3324/3422/1934 3327/3425/1937
f 3323/3419/1931 3327/3425/1937 3326/3423/1935
f 1390/2229/1289 1846/3426/1938 3319/3417/1929
f 1390/2229/1289 3319/3417/1929 1889/2230/1290
f 1846/3426/1938 1845/3427/1939 3320/3418/1930
f 1846/3426/1938 3320/3418/1930 3319/3417/1929
f 1845/3427/1939 1844/3428/1940 3321/3421/1933
f 1845/3427/1939 3321/3421/1933 3320/3418/1930
f 1844/3428/1940 1435/1722/1066 2237/1733/1077
f 1844/3428/1940 2237/1733/1077 3321/3421/1933
f 3321/3421/1933 2237/1733/1077 2238/1748/1087
f 3321/3421/1933 2238/1748/1087 3324/3422/1934
f 3324/3422/1934 2238/1748/1087 2239/1746/1085
f 3324/3422/1934 2239/1746/1085 3327/3425/1937
f 3327/3425/1937 2239/1746/1085 1436/1747/1086
f 3327/3425/1937 1436/1747/1086 1856/3429/1928
f 3326/3423/1935 3327/3425/1937 1856/3429/1928
f 3326/3423/1935 1856/3429/1928 1857/3430/1927
f 3325/3424/1936 3326/3423/1935 1857/3430/1927
f 3325/3424/1936 1857/3430/1927 1858/3431/1221
f 1891/2232/1292 3325/3424/1936 1858/3431/1221
f 1891/2232/1292 1858/3431/1221 1379/2233/1225
f 1890/2231/1291 3322/3420/1932 3325/3424/1936
f 1890/2231/1291 3325/3424/1936 1891/2232/1292
f 1889/2230/1290 3319/3417/1929 3322/3420/1932
f 1889/2230/1290 3322/3420/1932 1890/2231/1291
f 3328/3432/1941 3329/3433/1942 3332/3434/1943
f 3328/3432/1941 3332/3434/1943 3331/3435/1944
f 3329/3433/1942 3330/3436/1945 3333/3437/1946
f 3329/3433/1942 3333/3437/1946 3332/3434/1943
f 3331/3435/1944 3332/3434/1943 3335/3438/1947
f 3331/3435/1944 3335/3438/1947 3334/3439/1948
f 3332/3434/1943 3333/3437/1946 3336/3440/1949
f 3332/3434/1943 3336/3440/1949 3335/3438/1947
f 1384/2423/1452 1829/3441/1950 3328/3432/1941
f 1384/2423/1452 3328/3432/1941 1911/3014/1642
f 1829/3441/1950 1828/3442/1951 3329/3433/1942
f 1829/3441/1950 3329/3433/1942 3328/3432/1941
f 1828/3442/1951 1827/3443/1952 3330/3436/1945
f 1828/3442/1951 3330/3436/1945 3329/3433/1942
f 1827/3443/1952 1434/1697/1046 2240/1709/1057
f 1827/3443/1952 2240/1709/1057 3330/3436/1945
f 3330/3436/1945 2240/1709/1057 2241/1723/1067
f 3330/3436/1945 2241/1723/1067 3333/3437/1946
f 3333/3437/1946 2241/1723/1067 2242/1721/1065
f 3333/3437/1946 2242/1721/1065 3336/3440/1949
f 3336/3440/1949 2242/1721/1065 1435/1722/1066
f 3336/3440/1949 1435/1722/1066 1844/3428/1940
f 3335/3438/1947 3336/3440/1949 1844/3428/1940
f 3335/3438/1947 1844/3428/1940 1845/3427/1939
f 3334/3439/1948 3335/3438/1947 1845/3427/1939
f 3334/3439/1948 1845/3427/1939 1846/3426/1938
f 1914/3016/1644 3334/3439/1948 1846/3426/1938
f 1914/3016/1644 1846/3426/1938 1390/2229/1289
f 1912/3015/1643 3331/3435/1944 3334/3439/1948
f 1912/3015/1643 3334/3439/1948 1914/3016/1644
f 1911/3014/1642 3328/3432/1941 3331/3435/1944
f 1911/3014/1642 3331/3435/1944 1912/3015/1643
f 3337/3444/1953 3338/3445/1954 3341/3446/1955
f 3337/3444/1953 3341/3446/1955 3340/3447/1956
f 3338/3445/1954 3339/3448/1957 3342/3449/1958
f 3338/3445/1954 3342/3449/1958 3341/3446/1955
f 3340/3450/1956 3341/3451/1955 3344/3452/1959
f 3340/3450/1956 3344/3452/1959 3343/3453/1960
f 3341/3451/1955 3342/3454/1958 3345/3455/1961
f 3341/3451/1955 3345/3455/1961 3344/3452/1959
f 1354/2418/1448 1808/3456/1962 3337/3444/1953
f 1354/2418/1448 3337/3444/1953 1925/2419/1449
f 1808/3456/1962 1806/3457/1963 3338/3445/1954
f 1808/3456/1962 3338/3445/1954 3337/3444/1953
f 1806/3457/1963 1804/3458/1964 3339/3448/1957
f 1806/3457/1963 3339/3448/1957 3338/3445/1954
f 1804/3458/1964 1432/1670/1026 2243/1684/1037
f 1804/3458/1964 2243/1684/1037 3339/3448/1957
f 3339/3448/1957 2243/1684/1037 2244/1699/1047
f 3339/3448/1957 2244/1699/1047 3342/3449/1958
f 3342/3454/1958 2244/1698/1047 2245/1696/1045
f 3342/3454/1958 2245/1696/1045 3345/3455/1961
f 3345/3455/1961 2245/1696/1045 1434/1697/1046
f 3345/3455/1961 1434/1697/1046 1827/3443/1952
f 3344/3452/1959 3345/3455/1961 1827/3443/1952
f 3344/3452/1959 1827/3443/1952 1828/3442/1951
f 3343/3453/1960 3344/3452/1959 1828/3442/1951
f 3343/3453/1960 1828/3442/1951 1829/3441/1950
f 1927/2422/1451 3343/3453/1960 1829/3441/1950
f 1927/2422/1451 1829/3441/1950 1384/2423/1452
f 1926/2421/1450 3340/3450/1956 3343/3453/1960
f 1926/2421/1450 3343/3453/1960 1927/2422/1451
f 1925/2419/1449 3337/3444/1953 3340/3447/1956
f 1925/2419/1449 3340/3447/1956 1926/2420/1450
f 3346/3459/1456 3347/3460/1456 3350/3461/1457
f 3346/3459/1456 3350/3461/1457 3349/3462/1457
f 3347/3460/1456 3348/3463/1456 3351/3464/1457
f 3347/3460/1456 3351/3464/1457 3350/3461/1457
f 3349/3462/1457 3350/3461/1457 3353/3465/1458
f 3349/3462/1457 3353/3465/1458 3352/3466/1458
f 3350/3461/1457 3351/3464/1457 3354/3467/1458
f 3350/3461/1457 3354/3467/1458 3353/3465/1458
f 1350/2491/1460 1794/3468/1460 3346/3459/1456
f 1350/2491/1460 3346/3459/1456 1937/2492/1456
f 1794/3468/1460 1793/3469/1460 3347/3460/1456
f 1794/3468/1460 3347/3460/1456 3346/3459/1456
f 1793/3469/1460 1792/3470/1460 3348/3463/1456
f 1793/3469/1460 3348/3463/1456 3347/3460/1456
f 1792/3470/1460 1430/1645/1965 2247/1657/1966
f 1792/3470/1460 2247/1657/1966 3348/3463/1456
f 3348/3463/1456 2247/1657/1966 2249/1671/1027
f 3348/3463/1456 2249/1671/1027 3351/3464/1457
f 3351/3464/1457 2249/1671/1027 2251/1669/1967
f 3351/3464/1457 2251/1669/1967 3354/3467/1458
f 3354/3467/1458 2251/1669/1967 1433/1670/1968
f 3354/3467/1458 1433/1670/1968 1805/3458/1969
f 3353/3465/1458 3354/3467/1458 1805/3458/1969
f 3353/3465/1458 1805/3458/1969 1807/3457/1963
f 3352/3466/1458 3353/3465/1458 1807/3457/1963
f 3352/3466/1458 1807/3457/1963 1809/3456/1962
f 1939/2494/1458 3352/3466/1458 1809/3456/1962
f 1939/2494/1458 1809/3456/1962 1355/2418/1468
f 1938/2493/1457 3349/3462/1457 3352/3466/1458
f 1938/2493/1457 3352/3466/1458 1939/2494/1458
f 1937/2492/1456 3346/3459/1456 3349/3462/1457
f 1937/2492/1456 3349/3462/1457 1938/2493/1457
f 3355/3471/1469 3356/3472/1469 3359/3473/1470
f 3355/3471/1469 3359/3473/1470 3358/3474/1470
f 3356/3472/1469 3357/3475/1469 3360/3476/1470
f 3356/3472/1469 3360/3476/1470 3359/3473/1470
f 3358/3474/1470 3359/3473/1470 3362/3477/1471
f 3358/3474/1470 3362/3477/1471 3361/3478/1471
f 3359/3473/1470 3360/3476/1470 3363/3479/1471
f 3359/3473/1470 3363/3479/1471 3362/3477/1471
f 1346/2575/1473 1782/3480/1473 3355/3481/1469
f 1346/2575/1473 3355/3481/1469 1949/2576/1469
f 1782/3480/1473 1781/3482/1473 3356/3483/1469
f 1782/3480/1473 3356/3483/1469 3355/3481/1469
f 1781/3482/1473 1780/3484/1473 3357/3485/1469
f 1781/3482/1473 3357/3485/1469 3356/3483/1469
f 1780/3484/1473 1429/3486/1970 2253/3487/1971
f 1780/3484/1473 2253/3487/1971 3357/3485/1469
f 3357/3475/1469 2253/1647/1971 2255/1646/1007
f 3357/3475/1469 2255/1646/1007 3360/3476/1470
f 3360/3476/1470 2255/1646/1007 2257/1644/1972
f 3360/3476/1470 2257/1644/1972 3363/3479/1471
f 3363/3479/1471 2257/1644/1972 1430/1645/1965
f 3363/3479/1471 1430/1645/1965 1792/3470/1460
f 3362/3477/1471 3363/3479/1471 1792/3470/1460
f 3362/3477/1471 1792/3470/1460 1793/3469/1460
f 3361/3478/1471 3362/3477/1471 1793/3469/1460
f 3361/3478/1471 1793/3469/1460 1794/3468/1460
f 1951/2579/1471 3361/3478/1471 1794/3468/1460
f 1951/2579/1471 1794/3468/1460 1350/2491/1460
f 1950/2578/1470 3358/3474/1470 3361/3478/1471
f 1950/2578/1470 3361/3478/1471 1951/2579/1471
f 1949/2577/1469 3355/3471/1469 3358/3474/1470
f 1949/2577/1469 3358/3474/1470 1950/2578/1470
f 3364/3488/1477 3365/3489/1477 3368/3490/1478
f 3364/3488/1477 3368/3490/1478 3367/3491/1478
f 3365/3489/1477 3366/3492/1477 3369/3493/1478
f 3365/3489/1477 3369/3493/1478 3368/3490/1478
f 3367/3491/1478 3368/3490/1478 3371/3494/1479
f 3367/3491/1478 3371/3494/1479 3370/3495/1479
f 3368/3490/1478 3369/3493/1478 3372/3496/1479
f 3368/3490/1478 3372/3496/1479 3371/3494/1479
f 1342/2644/1481 1770/3497/1481 3364/3488/1477
f 1342/2644/1481 3364/3488/1477 1961/2645/1477
f 1770/3497/1481 1769/3498/1481 3365/3489/1477
f 1770/3497/1481 3365/3489/1477 3364/3488/1477
f 1769/3498/1481 1768/3499/1481 3366/3492/1477
f 1769/3498/1481 3366/3492/1477 3365/3489/1477
f 1768/3499/1481 1426/3500/966 2259/3501/1973
f 1768/3499/1481 2259/3501/1973 3366/3492/1477
f 3366/3492/1477 2259/3501/1973 2260/3502/987
f 3366/3492/1477 2260/3502/987 3369/3493/1478
f 3369/3493/1478 2260/3502/987 2262/3503/1974
f 3369/3493/1478 2262/3503/1974 3372/3496/1479
f 3372/3496/1479 2262/3503/1974 1429/3486/1970
f 3372/3496/1479 1429/3486/1970 1780/3484/1473
f 3371/3494/1479 3372/3496/1479 1780/3484/1473
f 3371/3494/1479 1780/3484/1473 1781/3482/1473
f 3370/3495/1479 3371/3494/1479 1781/3482/1473
f 3370/3495/1479 1781/3482/1473 1782/3480/1473
f 1963/2647/1479 3370/3495/1479 1782/3480/1473
f 1963/2647/1479 1782/3480/1473 1346/2575/1473
f 1962/2646/1478 3367/3491/1478 3370/3495/1479
f 1962/2646/1478 3370/3495/1479 1963/2647/1479
f 1961/2645/1477 3364/3488/1477 3367/3491/1478
f 1961/2645/1477 3367/3491/1478 1962/2646/1478
f 3373/3504/1485 3374/3505/1485 3377/3506/1486
f 3373/3504/1485 3377/3506/1486 3376/3507/1486
f 3374/3505/1485 3375/3508/1485 3378/3509/1486
f 3374/3505/1485 3378/3509/1486 3377/3506/1486
f 3376/3507/1486 3377/3506/1486 3380/3510/1487
f 3376/3507/1486 3380/3510/1487 3379/3511/1487
f 3377/3506/1486 3378/3509/1486 3381/3512/1487
f 3377/3506/1486 3381/3512/1487 3380/3510/1487
f 1338/2712/1489 1758/3513/1489 3373/3504/1485
f 1338/2712/1489 3373/3504/1485 1973/2713/1485
f 1758/3513/1489 1757/3514/1489 3374/3505/1485
f 1758/3513/1489 3374/3505/1485 3373/3504/1485
f 1757/3514/1489 1756/3515/1489 3375/3508/1485
f 1757/3514/1489 3375/3508/1485 3374/3505/1485
f 1756/3515/1489 1424/3516/1975 2264/3517/957
f 1756/3515/1489 2264/3517/957 3375/3508/1485
f 3375/3508/1485 2264/3517/957 2266/3518/1976
f 3375/3508/1485 2266/3518/1976 3378/3509/1486
f 3378/3509/1486 2266/3518/1976 2268/3519/1977
f 3378/3509/1486 2268/3519/1977 3381/3512/1487
f 3381/3512/1487 2268/3519/1977 1426/3500/966
f 3381/3512/1487 1426/3500/966 1768/3499/1481
f 3380/3510/1487 3381/3512/1487 1768/3499/1481
f 3380/3510/1487 1768/3499/1481 1769/3498/1481
f 3379/3511/1487 3380/3510/1487 1769/3498/1481
f 3379/3511/1487 1769/3498/1481 1770/3497/1481
f 1975/2715/1487 3379/3511/1487 1770/3497/1481
f 1975/2715/1487 1770/3497/1481 1342/2644/1481
f 1974/2714/1486 3376/3507/1486 3379/3511/1487
f 1974/2714/1486 3379/3511/1487 1975/2715/1487
f 1973/2713/1485 3373/3504/1485 3376/3507/1486
f 1973/2713/1485 3376/3507/1486 1974/2714/1486
f 3382/3520/1493 3383/3521/1493 3386/3522/1494
f 3382/3520/1493 3386/3522/1494 3385/3523/1494
f 3383/3521/1493 3384/3524/1493 3387/3525/1494
f 3383/3521/1493 3387/3525/1494 3386/3522/1494
f 3385/3526/1494 3386/3527/1494 3389/3528/1495
f 3385/3526/1494 3389/3528/1495 3388/3529/1495
f 3386/3527/1494 3387/3530/1494 3390/3531/1495
f 3386/3527/1494 3390/3531/1495 3389/3528/1495
f 1482/2796/1497 2503/3532/1497 3382/3520/1493
f 1482/2796/1497 3382/3520/1493 1985/2797/1493
f 2503/3532/1497 2502/3533/1497 3383/3521/1493
f 2503/3532/1497 3383/3521/1493 3382/3520/1493
f 2502/3533/1497 2501/3534/1497 3384/3524/1493
f 2502/3533/1497 3384/3524/1493 3383/3521/1493
f 2501/3534/1497 1484/3535/1978 2271/3536/934
f 2501/3534/1497 2271/3536/934 3384/3524/1493
f 3384/3524/1493 2271/3536/934 2272/3537/1979
f 3384/3524/1493 2272/3537/1979 3387/3525/1494
f 3387/3530/1494 2272/3538/1979 2274/3539/945
f 3387/3530/1494 2274/3539/945 3390/3531/1495
f 3390/3531/1495 2274/3539/945 1424/3516/1975
f 3390/3531/1495 1424/3516/1975 1756/3515/1489
f 3389/3528/1495 3390/3531/1495 1756/3515/1489
f 3389/3528/1495 1756/3515/1489 1757/3514/1489
f 3388/3529/1495 3389/3528/1495 1757/3514/1489
f 3388/3529/1495 1757/3514/1489 1758/3513/1489
f 1987/2800/1495 3388/3529/1495 1758/3513/1489
f 1987/2800/1495 1758/3513/1489 1338/2712/1489
f 1986/2799/1494 3385/3526/1494 3388/3529/1495
f 1986/2799/1494 3388/3529/1495 1987/2800/1495
f 1985/2797/1493 3382/3520/1493 3385/3523/1494
f 1985/2797/1493 3385/3523/1494 1986/2798/1494
f 3391/3540/1501 3392/3541/1501 3395/3542/1502
f 3391/3540/1501 3395/3542/1502 3394/3543/1502
f 3392/3541/1501 3393/3544/1501 3396/3545/1502
f 3392/3541/1501 3396/3545/1502 3395/3542/1502
f 3394/3543/1502 3395/3542/1502 3398/3546/1503
f 3394/3543/1502 3398/3546/1503 3397/3547/1503
f 3395/3542/1502 3396/3545/1502 3399/3548/1503
f 3395/3542/1502 3399/3548/1503 3398/3546/1503
f 1328/2878/1504 2202/3549/1504 3391/3540/1501
f 1328/2878/1504 3391/3540/1501 1997/2879/1501
f 2202/3549/1504 2204/3550/1504 3392/3541/1501
f 2202/3549/1504 3392/3541/1501 3391/3540/1501
f 2204/3550/1504 2206/3551/1504 3393/3544/1501
f 2204/3550/1504 3393/3544/1501 3392/3541/1501
f 2206/3551/1504 1421/1517/907 2276/1519/909
f 2206/3551/1504 2276/1519/909 3393/3544/1501
f 3393/3544/1501 2276/1519/909 2277/1537/922
f 3393/3544/1501 2277/1537/922 3396/3545/1502
f 3396/3545/1502 2277/1537/922 2278/1535/920
f 3396/3545/1502 2278/1535/920 3399/3548/1503
f 3399/3548/1503 2278/1535/920 1422/1536/921
f 3399/3548/1503 1422/1536/921 1732/3552/1506
f 3398/3546/1503 3399/3548/1503 1732/3552/1506
f 3398/3546/1503 1732/3552/1506 1734/3553/1506
f 3397/3547/1503 3398/3546/1503 1734/3553/1506
f 3397/3547/1503 1734/3553/1506 1736/3554/1506
f 1999/2881/1503 3397/3547/1503 1736/3554/1506
f 1999/2881/1503 1736/3554/1506 1330/2882/1506
f 1998/2880/1502 3394/3543/1502 3397/3547/1503
f 1998/2880/1502 3397/3547/1503 1999/2881/1503
f 1997/2879/1501 3391/3540/1501 3394/3543/1502
f 1997/2879/1501 3394/3543/1502 1998/2880/1502
f 3400/3555/1980 3401/3556/1981 3404/3557/1982
f 3400/3555/1980 3404/3557/1982 3403/3558/1983
f 3401/3556/1981 3402/3559/1984 3405/3560/1985
f 3401/3556/1981 3405/3560/1985 3404/3557/1982
f 3403/3558/1983 3404/3557/1982 3407/3561/1986
f 3403/3558/1983 3407/3561/1986 3406/3562/1987
f 3404/3557/1982 3405/3560/1985 3408/3563/1988
f 3404/3557/1982 3408/3563/1988 3407/3561/1986
f 1374/3564/1989 2041/3565/1990 3400/3555/1980
f 1374/3564/1989 3400/3555/1980 2279/3566/1991
f 2041/3565/1990 2038/3567/1992 3401/3556/1981
f 2041/3565/1990 3401/3556/1981 3400/3555/1980
f 2038/3567/1992 2036/3568/1993 3402/3559/1984
f 2038/3567/1992 3402/3559/1984 3401/3556/1981
f 2036/3568/1993 1365/3569/1994 2137/3570/1995
f 2036/3568/1993 2137/3570/1995 3402/3559/1984
f 3402/3559/1984 2136/3570/1995 2134/3571/1996
f 3402/3559/1984 2134/3571/1996 3405/3560/1985
f 3405/3560/1985 2134/3571/1996 2132/3572/1997
f 3405/3560/1985 2132/3572/1997 3408/3563/1988
f 3408/3563/1988 2132/3572/1997 1443/3092/1703
f 3408/3563/1988 1443/3092/1703 2297/3245/1816
f 3407/3561/1986 3408/3563/1988 2297/3245/1816
f 3407/3561/1986 2297/3245/1816 2298/3244/1815
f 3406/3562/1987 3407/3561/1986 2298/3244/1815
f 3406/3562/1987 2298/3244/1815 2299/3242/1813
f 2281/3573/1998 3406/3562/1987 2299/3242/1813
f 2281/3573/1998 2299/3242/1813 1437/3241/1812
f 2280/3574/1999 3403/3558/1983 3406/3562/1987
f 2280/3574/1999 3406/3562/1987 2281/3573/1998
f 2279/3566/1991 3400/3555/1980 3403/3558/1983
f 2279/3566/1991 3403/3558/1983 2280/3574/1999
f 3409/3575/2000 3410/3576/2001 3413/3577/2002
f 3409/3575/2000 3413/3577/2002 3412/3578/2003
f 3410/3576/2001 3411/3579/2004 3414/3580/2005
f 3410/3576/2001 3414/3580/2005 3413/3577/2002
f 3412/3578/2003 3413/3577/2002 3416/3581/2006
f 3412/3578/2003 3416/3581/2006 3415/3582/2007
f 3413/3577/2002 3414/3580/2005 3417/3583/2008
f 3413/3577/2002 3417/3583/2008 3416/3581/2006
f 1363/3584/2009 2042/3585/2010 3409/3575/2000
f 1363/3584/2009 3409/3575/2000 2286/3586/2011
f 2042/3585/2010 2044/3587/2012 3410/3576/2001
f 2042/3585/2010 3410/3576/2001 3409/3575/2000
f 2044/3587/2012 2047/3588/2013 3411/3579/2004
f 2044/3587/2012 3411/3579/2004 3410/3576/2001
f 2047/3588/2013 1372/3589/2014 2125/3590/2015
f 2047/3588/2013 2125/3590/2015 3411/3579/2004
f 3411/3579/2004 2125/3590/2015 2124/3591/2016
f 3411/3579/2004 2124/3591/2016 3414/3580/2005
f 3414/3580/2005 2124/3591/2016 2123/3592/2017
f 3414/3580/2005 2123/3592/2017 3417/3583/2008
f 3417/3583/2008 2123/3592/2017 1439/3130/1735
f 3417/3583/2008 1439/3130/1735 2300/3127/1733
f 3416/3581/2006 3417/3583/2008 2300/3127/1733
f 3416/3581/2006 2300/3127/1733 2301/3126/1732
f 3415/3582/2007 3416/3581/2006 2301/3126/1732
f 3415/3582/2007 2301/3126/1732 2303/3121/1728
f 2292/3593/2018 3415/3582/2007 2303/3121/1728
f 2292/3593/2018 2303/3121/1728 1441/3120/1708
f 2289/3594/2019 3412/3578/2003 3415/3582/2007
f 2289/3594/2019 3415/3582/2007 2292/3593/2018
f 2286/3586/2011 3409/3575/2000 3412/3578/2003
f 2286/3586/2011 3412/3578/2003 2289/3594/2019
f 3418/3595/2020 3422/3596/2021 3432/3597/2022
f 3418/3595/2020 3432/3597/2022 3428/3598/2023
f 3421/3599/2024 3425/3600/2025 3436/3601/2026
f 3421/3599/2024 3436/3601/2026 3430/3602/2027
f 3426/3603/2028 3429/3604/2029 3438/3605/2030
f 3426/3603/2028 3438/3605/2030 3437/3606/2031
f 3431/3607/2027 3433/3608/2026 3442/3609/2032
f 3431/3607/2027 3442/3609/2032 3441/3610/2033
f 1366/3611/2034 2005/3612/2035 3419/3613/2036
f 1366/3611/2034 3419/3613/2036 2139/3614/2037
f 2005/3612/2035 2002/3615/2038 3420/3616/2021
f 2005/3612/2035 3420/3616/2021 3419/3613/2036
f 2002/3617/2039 2001/3618/2040 3424/3619/2041
f 2002/3617/2039 3424/3619/2041 3423/3620/2042
f 2001/3618/2040 1362/3621/2043 2288/3622/2044
f 2001/3618/2040 2288/3622/2044 3424/3619/2041
f 3425/3623/2045 2287/3624/2046 2290/3625/2047
f 3425/3623/2045 2290/3625/2047 3435/3626/2048
f 3434/3627/2048 2291/3628/2049 2293/3629/2050
f 3434/3627/2048 2293/3629/2050 3444/3630/2051
f 3445/3631/2052 2293/3632/2050 1442/3633/2053
f 3445/3631/2052 1442/3633/2053 2306/3634/2054
f 3439/3635/2055 3443/3636/2032 2307/3637/2056
f 3439/3635/2055 2307/3637/2056 2308/3638/1706
f 3437/3639/2031 3440/3640/2030 2310/3641/2057
f 3437/3639/2031 2310/3641/2057 2312/3642/2058
f 2131/3643/2059 3437/3644/2060 2313/3645/2061
f 2131/3643/2059 2313/3645/2061 1444/3646/2062
f 2133/3647/2063 3427/3648/2064 3437/3644/2060
f 2133/3647/2063 3437/3644/2060 2131/3643/2059
f 2138/3649/2037 3418/3650/2065 3427/3651/2064
f 2138/3649/2037 3427/3651/2064 2135/3652/2066
f 3446/3653/2067 3447/3654/2068 3450/3655/2069
f 3446/3653/2067 3450/3655/2069 3449/3656/2070
f 3447/3654/2068 3448/3657/2071 3451/3658/2072
f 3447/3654/2068 3451/3658/2072 3450/3655/2069
f 3449/3656/2070 3450/3655/2069 3453/3659/2073
f 3449/3656/2070 3453/3659/2073 3452/3660/2074
f 3450/3655/2069 3451/3658/2072 3454/3661/2075
f 3450/3655/2069 3454/3661/2075 3453/3659/2073
f 1372/3662/2014 2013/3663/2076 3446/3653/2067
f 1372/3662/2014 3446/3653/2067 2125/3664/2015
f 2013/3663/2076 2015/3665/2077 3447/3654/2068
f 2013/3663/2076 3447/3654/2068 3446/3653/2067
f 2015/3665/2077 2017/3666/2078 3448/3657/2071
f 2015/3665/2077 3448/3657/2071 3447/3654/2068
f 2017/3666/2078 1374/3667/1989 2279/3668/1991
f 2017/3666/2078 2279/3668/1991 3448/3657/2071
f 3448/3657/2071 2279/3668/1991 2280/3669/1999
f 3448/3657/2071 2280/3669/1999 3451/3658/2072
f 3451/3658/2072 2280/3669/1999 2281/3670/1998
f 3451/3658/2072 2281/3670/1998 3454/3661/2075
f 3454/3661/2075 2281/3670/1998 1437/2273/1812
f 3454/3661/2075 1437/2273/1812 2314/2272/1326
f 3453/3659/2073 3454/3661/2075 2314/2272/1326
f 3453/3659/2073 2314/2272/1326 2315/2271/1325
f 3452/3660/2074 3453/3659/2073 2315/2271/1325
f 3452/3660/2074 2315/2271/1325 2316/2267/1323
f 2123/3671/2017 3452/3660/2074 2316/2267/1323
f 2123/3671/2017 2316/2267/1323 1439/2266/1735
f 2124/3672/2016 3449/3656/2070 3452/3660/2074
f 2124/3672/2016 3452/3660/2074 2123/3671/2017
f 2125/3664/2015 3446/3653/2067 3449/3656/2070
f 2125/3664/2015 3449/3656/2070 2124/3672/2016
f 3455/3673/2079 3456/3674/2080 3460/3675/2081
f 3455/3673/2079 3460/3675/2081 3459/3676/2082
f 3456/3674/2080 3457/3677/2083 3462/3678/2084
f 3456/3674/2080 3462/3678/2084 3460/3675/2081
f 3458/3679/2085 3461/3680/2086 3465/3681/2087
f 3458/3679/2085 3465/3681/2087 3464/3682/2088
f 3461/3680/2086 3463/3683/2089 3466/3684/2090
f 3461/3680/2086 3466/3684/2090 3465/3681/2087
f 1376/3685/2091 2035/3686/1760 3455/3673/2079
f 1376/3685/2091 3455/3673/2079 2327/3687/2092
f 2035/3686/1760 2033/3688/1759 3456/3674/2080
f 2035/3686/1760 3456/3674/2080 3455/3673/2079
f 2033/3688/1759 2030/3689/1757 3457/3677/2083
f 2033/3688/1759 3457/3677/2083 3456/3674/2080
f 2030/3689/1757 1367/3690/1756 2057/3691/2093
f 2030/3689/1757 2057/3691/2093 3457/3677/2083
f 3457/3677/2083 2057/3691/2093 2055/3692/2094
f 3457/3677/2083 2055/3692/2094 3462/3678/2084
f 3463/3693/2089 2056/3694/2095 2054/3695/2096
f 3463/3693/2089 2054/3695/2096 3466/3696/2090
f 3466/3696/2090 2054/3695/2096 1445/2915/1540
f 3466/3696/2090 1445/2915/1540 2331/2989/1617
f 3465/3697/2087 3466/3696/2090 2331/2989/1617
f 3465/3697/2087 2331/2989/1617 2332/2988/1616
f 3464/3698/2088 3465/3697/2087 2332/2988/1616
f 3464/3698/2088 2332/2988/1616 2333/2987/1615
f 2330/3699/2097 3464/3698/2088 2333/2987/1615
f 2330/3699/2097 2333/2987/1615 1448/2960/1587
f 2328/3700/2098 3458/3679/2085 3464/3682/2088
f 2328/3700/2098 3464/3682/2088 2330/3701/2097
f 2327/3687/2092 3455/3673/2079 3459/3676/2082
f 2327/3687/2092 3459/3676/2082 2329/3702/2099
f 3467/3703/2100 3468/3704/2101 3472/3705/2102
f 3467/3703/2100 3472/3705/2102 3470/3706/2103
f 3468/3704/2101 3469/3707/2104 3475/3708/2105
f 3468/3704/2101 3475/3708/2105 3472/3705/2102
f 3471/3709/2106 3473/3710/2107 3477/3711/2108
f 3471/3709/2106 3477/3711/2108 3476/3712/2109
f 3473/3710/2107 3474/3713/2110 3478/3714/2111
f 3473/3710/2107 3478/3714/2111 3477/3711/2108
f 1369/3715/1373 2024/3716/1372 3467/3703/2100
f 1369/3715/1373 3467/3703/2100 2320/3717/2112
f 2024/3716/1372 2027/3718/1371 3468/3704/2101
f 2024/3716/1372 3468/3704/2101 3467/3703/2100
f 2027/3718/1371 2029/3719/2113 3469/3707/2104
f 2027/3718/1371 3469/3707/2104 3468/3704/2101
f 2029/3719/2113 1378/3720/1368 2070/3721/2114
f 2029/3719/2113 2070/3721/2114 3469/3707/2104
f 3469/3707/2104 2070/3721/2114 2069/3722/2115
f 3469/3707/2104 2069/3722/2115 3475/3708/2105
f 3474/3713/2110 2068/3723/2116 2067/3724/2117
f 3474/3713/2110 2067/3724/2117 3478/3714/2111
f 3478/3725/2111 2067/3726/2117 1447/2955/1582
f 3478/3725/2111 1447/2955/1582 2334/2977/1604
f 3477/3727/2108 3478/3725/2111 2334/2977/1604
f 3477/3727/2108 2334/2977/1604 2335/2976/1603
f 3476/3728/2109 3477/3727/2108 2335/2976/1603
f 3476/3728/2109 2335/2976/1603 2336/2975/1602
f 2323/3729/2118 3476/3728/2109 2336/2975/1602
f 2323/3729/2118 2336/2975/1602 1446/2920/1545
f 2322/3730/2119 3471/3709/2106 3476/3712/2109
f 2322/3730/2119 3476/3712/2109 2323/3731/2118
f 2320/3717/2112 3467/3703/2100 3470/3706/2103
f 2320/3717/2112 3470/3706/2103 2321/3732/2120
f 3479/3733/2121 3480/3734/2122 3485/3735/2123
f 3479/3733/2121 3485/3735/2123 3483/3736/2124
f 3480/3734/2122 3481/3737/2125 3487/3738/2126
f 3480/3734/2122 3487/3738/2126 3485/3735/2123
f 3482/3739/2127 3484/3740/2128 3489/3741/2129
f 3482/3739/2127 3489/3741/2129 3488/3742/2130
f 3484/3740/2128 3486/3743/2131 3490/3744/2132
f 3484/3740/2128 3490/3744/2132 3489/3741/2129
f 1378/3745/1368 2023/3746/1783 3479/3733/2121
f 1378/3745/1368 3479/3733/2121 2070/3747/2114
f 2023/3746/1783 2021/3748/1782 3480/3734/2122
f 2023/3746/1783 3480/3734/2122 3479/3733/2121
f 2021/3748/1782 2019/3749/1781 3481/3737/2125
f 2021/3748/1782 3481/3737/2125 3480/3734/2122
f 2019/3749/1781 1376/3750/2091 2327/3751/2092
f 2019/3749/1781 2327/3751/2092 3481/3737/2125
f 3481/3737/2125 2327/3751/2092 2329/3752/2099
f 3481/3737/2125 2329/3752/2099 3487/3738/2126
f 3486/3743/2131 2328/3753/2098 2330/3754/2097
f 3486/3743/2131 2330/3754/2097 3490/3744/2132
f 3490/3755/2132 2330/3699/2097 1448/2960/1587
f 3490/3755/2132 1448/2960/1587 2337/2959/1586
f 3489/3756/2129 3490/3755/2132 2337/2959/1586
f 3489/3756/2129 2337/2959/1586 2338/2958/1585
f 3488/3757/2130 3489/3756/2129 2338/2958/1585
f 3488/3757/2130 2338/2958/1585 2339/2956/1583
f 2067/3726/2117 3488/3757/2130 2339/2956/1583
f 2067/3726/2117 2339/2956/1583 1447/2955/1582
f 2068/3758/2116 3482/3739/2127 3488/3742/2130
f 2068/3758/2116 3488/3742/2130 2067/3759/2117
f 2070/3747/2114 3479/3733/2121 3483/3736/2124
f 2070/3747/2114 3483/3736/2124 2069/3760/2115
f 3491/3761/2133 3492/3762/2134 3496/3763/2135
f 3491/3761/2133 3496/3763/2135 3494/3764/2136
f 3492/3762/2134 3493/3765/2137 3498/3766/2138
f 3492/3762/2134 3498/3766/2138 3496/3763/2135
f 3495/3767/2139 3497/3768/2140 3501/3769/2141
f 3495/3767/2139 3501/3769/2141 3500/3770/2142
f 3497/3768/2140 3499/3771/2143 3502/3772/2144
f 3497/3768/2140 3502/3772/2144 3501/3769/2141
f 1367/3773/1756 2006/3774/2145 3491/3761/2133
f 1367/3773/1756 3491/3761/2133 2057/3775/2093
f 2006/3774/2145 2008/3776/1797 3492/3762/2134
f 2006/3774/2145 3492/3762/2134 3491/3761/2133
f 2008/3776/1797 2010/3777/1796 3493/3765/2137
f 2008/3776/1797 3493/3765/2137 3492/3762/2134
f 2010/3777/1796 1369/3778/1373 2320/3779/2112
f 2010/3777/1796 2320/3779/2112 3493/3765/2137
f 3493/3765/2137 2320/3779/2112 2321/3780/2120
f 3493/3765/2137 2321/3780/2120 3498/3766/2138
f 3499/3771/2143 2322/3781/2119 2323/3782/2118
f 3499/3771/2143 2323/3782/2118 3502/3772/2144
f 3502/3783/2144 2323/3729/2118 1446/2920/1545
f 3502/3783/2144 1446/2920/1545 2340/2919/1544
f 3501/3784/2141 3502/3783/2144 2340/2919/1544
f 3501/3784/2141 2340/2919/1544 2341/2918/1543
f 3500/3785/2142 3501/3784/2141 2341/2918/1543
f 3500/3785/2142 2341/2918/1543 2342/2916/1541
f 2054/3695/2096 3500/3785/2142 2342/2916/1541
f 2054/3695/2096 2342/2916/1541 1445/2915/1540
f 2056/3786/2095 3495/3767/2139 3500/3770/2142
f 2056/3786/2095 3500/3770/2142 2054/3787/2096
f 2057/3775/2093 3491/3761/2133 3494/3764/2136
f 2057/3775/2093 3494/3764/2136 2055/3788/2094
f 3503/3789/2146 3504/3790/2147 3507/3791/2148
f 3503/3789/2146 3507/3791/2148 3506/3792/2149
f 3504/3790/2147 3505/3793/2150 3508/3794/2151
f 3504/3790/2147 3508/3794/2151 3507/3791/2148
f 3506/3795/2149 3507/3796/2148 3510/3797/2152
f 3506/3795/2149 3510/3797/2152 3509/3798/2153
f 3507/3796/2148 3508/3799/2151 3511/3800/2154
f 3507/3796/2148 3511/3800/2154 3510/3797/2152
f 1371/3801/2014 2046/3802/2013 3503/3789/2146
f 1371/3801/2014 3503/3789/2146 2352/3803/2155
f 2046/3802/2013 2045/3804/2156 3504/3790/2147
f 2046/3802/2013 3504/3790/2147 3503/3789/2146
f 2045/3804/2156 2043/3805/2157 3505/3793/2150
f 2045/3804/2156 3505/3793/2150 3504/3790/2147
f 2043/3805/2157 1361/3806/2043 2050/3807/2158
f 2043/3805/2157 2050/3807/2158 3505/3793/2150
f 3505/3793/2150 2050/3807/2158 2049/3808/2159
f 3505/3793/2150 2049/3808/2159 3508/3794/2151
f 3508/3799/2151 2049/3809/2159 2048/3810/2160
f 3508/3799/2151 2048/3810/2160 3511/3800/2154
f 3511/3800/2154 2048/3810/2160 1449/3811/2161
f 3511/3800/2154 1449/3811/2161 2356/3812/2162
f 3510/3797/2152 3511/3800/2154 2356/3812/2162
f 3510/3797/2152 2356/3812/2162 2357/3813/2163
f 3509/3798/2153 3510/3797/2152 2357/3813/2163
f 3509/3798/2153 2357/3813/2163 2359/3814/1639
f 2354/3815/2164 3509/3798/2153 2359/3814/1639
f 2354/3815/2164 2359/3814/1639 1456/3816/2165
f 2353/3817/2166 3506/3795/2149 3509/3798/2153
f 2353/3817/2166 3509/3798/2153 2354/3815/2164
f 2352/3803/2155 3503/3789/2146 3506/3792/2149
f 2352/3803/2155 3506/3792/2149 2353/3818/2166
f 3512/3819/2167 3513/3820/2168 3516/3821/2169
f 3512/3819/2167 3516/3821/2169 3515/3822/2170
f 3513/3820/2168 3514/3823/2171 3517/3824/2172
f 3513/3820/2168 3517/3824/2172 3516/3821/2169
f 3515/3825/2170 3516/3826/2169 3519/3827/2173
f 3515/3825/2170 3519/3827/2173 3518/3828/2174
f 3516/3826/2169 3517/3829/2172 3520/3830/2175
f 3516/3826/2169 3520/3830/2175 3519/3827/2173
f 1364/3831/2176 2037/3832/2177 3512/3819/2167
f 1364/3831/2176 3512/3819/2167 2346/3833/2178
f 2037/3832/2177 2039/3834/1992 3513/3820/2168
f 2037/3832/2177 3513/3820/2168 3512/3819/2167
f 2039/3834/1992 2040/3835/2179 3514/3823/2171
f 2039/3834/1992 3514/3823/2171 3513/3820/2168
f 2040/3835/2179 1373/3836/2180 2063/3837/2181
f 2040/3835/2179 2063/3837/2181 3514/3823/2171
f 3514/3823/2171 2063/3837/2181 2062/3838/2182
f 3514/3823/2171 2062/3838/2182 3517/3824/2172
f 3517/3829/2172 2062/3839/2182 2061/3840/2183
f 3517/3829/2172 2061/3840/2183 3520/3830/2175
f 3520/3830/2175 2061/3840/2183 1454/3841/2184
f 3520/3830/2175 1454/3841/2184 2361/3842/2185
f 3519/3827/2173 3520/3830/2175 2361/3842/2185
f 3519/3827/2173 2361/3842/2185 2364/3843/2186
f 3518/3828/2174 3519/3827/2173 2364/3843/2186
f 3518/3828/2174 2364/3843/2186 2366/3844/2187
f 2348/3845/2188 3518/3828/2174 2366/3844/2187
f 2348/3845/2188 2366/3844/2187 1451/3846/2189
f 2347/3847/2190 3515/3825/2170 3518/3828/2174
f 2347/3847/2190 3518/3828/2174 2348/3845/2188
f 2346/3848/2178 3512/3849/2167 3515/3825/2170
f 2346/3848/2178 3515/3825/2170 2347/3847/2190
f 3521/3850/2191 3522/3851/2192 3525/3852/2193
f 3521/3850/2191 3525/3852/2193 3524/3853/2194
f 3522/3851/2192 3523/3854/2195 3526/3855/2196
f 3522/3851/2192 3526/3855/2196 3525/3852/2193
f 3524/3856/2194 3525/3857/2193 3528/3858/2197
f 3524/3856/2194 3528/3858/2197 3527/3859/2198
f 3525/3857/2193 3526/3860/2196 3529/3861/2199
f 3525/3857/2193 3529/3861/2199 3528/3858/2197
f 1373/3862/2180 2016/3863/2078 3521/3850/2191
f 1373/3862/2180 3521/3850/2191 2063/3864/2181
f 2016/3863/2078 2014/3865/2200 3522/3851/2192
f 2016/3863/2078 3522/3851/2192 3521/3850/2191
f 2014/3865/2200 2012/3866/2076 3523/3854/2195
f 2014/3865/2200 3523/3854/2195 3522/3851/2192
f 2012/3866/2076 1371/3867/2014 2352/3868/2155
f 2012/3866/2076 2352/3868/2155 3523/3854/2195
f 3523/3854/2195 2352/3868/2155 2353/3869/2166
f 3523/3854/2195 2353/3869/2166 3526/3855/2196
f 3526/3860/2196 2353/3817/2166 2354/3815/2164
f 3526/3860/2196 2354/3815/2164 3529/3861/2199
f 3529/3861/2199 2354/3815/2164 1456/3816/2165
f 3529/3861/2199 1456/3816/2165 2368/3870/1566
f 3528/3858/2197 3529/3861/2199 2368/3870/1566
f 3528/3858/2197 2368/3870/1566 2370/3871/1565
f 3527/3859/2198 3528/3858/2197 2370/3871/1565
f 3527/3859/2198 2370/3871/1565 2372/3872/2201
f 2061/3840/2183 3527/3859/2198 2372/3872/2201
f 2061/3840/2183 2372/3872/2201 1454/3841/2184
f 2062/3839/2182 3524/3856/2194 3527/3859/2198
f 2062/3839/2182 3527/3859/2198 2061/3840/2183
f 2063/3864/2181 3521/3850/2191 3524/3853/2194
f 2063/3864/2181 3524/3853/2194 2062/3873/2182
f 3530/3874/2202 3531/3875/2203 3534/3876/2204
f 3530/3874/2202 3534/3876/2204 3533/3877/2205
f 3531/3875/2203 3532/3878/2206 3535/3879/2207
f 3531/3875/2203 3535/3879/2207 3534/3876/2204
f 3533/3880/2205 3534/3881/2204 3537/3882/2208
f 3533/3880/2205 3537/3882/2208 3536/3883/2209
f 3534/3881/2204 3535/3884/2207 3538/3885/2210
f 3534/3881/2204 3538/3885/2210 3537/3882/2208
f 1361/3886/2043 2000/3887/2040 3530/3874/2202
f 1361/3886/2043 3530/3874/2202 2050/3888/2158
f 2000/3887/2040 2003/3889/2211 3531/3875/2203
f 2000/3887/2040 3531/3875/2203 3530/3874/2202
f 2003/3889/2211 2004/3890/2035 3532/3878/2206
f 2003/3889/2211 3532/3878/2206 3531/3875/2203
f 2004/3890/2035 1364/3891/2176 2346/3892/2178
f 2004/3890/2035 2346/3892/2178 3532/3878/2206
f 3532/3893/2206 2346/3848/2178 2347/3847/2190
f 3532/3878/2206 2347/3894/2190 3535/3879/2207
f 3535/3884/2207 2347/3847/2190 2348/3845/2188
f 3535/3884/2207 2348/3845/2188 3538/3885/2210
f 3538/3885/2210 2348/3845/2188 1451/3846/2189
f 3538/3885/2210 1451/3846/2189 2373/3895/1523
f 3537/3882/2208 3538/3885/2210 2373/3895/1523
f 3537/3882/2208 2373/3895/1523 2375/3896/2212
f 3536/3883/2209 3537/3882/2208 2375/3896/2212
f 3536/3883/2209 2375/3896/2212 2377/3897/1520
f 2048/3810/2160 3536/3883/2209 2377/3897/1520
f 2048/3810/2160 2377/3897/1520 1449/3811/2161
f 2049/3809/2159 3533/3880/2205 3536/3883/2209
f 2049/3809/2159 3536/3883/2209 2048/3810/2160
f 2050/3888/2158 3530/3874/2202 3533/3877/2205
f 2050/3888/2158 3533/3877/2205 2049/3898/2159
f 3539/3899/2213 3540/3900/2214 3543/3901/2215
f 3539/3899/2213 3543/3901/2215 3542/3902/2216
f 3540/3903/2214 3541/3904/2217 3544/3905/2218
f 3540/3903/2214 3544/3905/2218 3543/3906/2215
f 3542/3902/2216 3543/3901/2215 3546/3907/2219
f 3542/3902/2216 3546/3907/2219 3545/3908/2220
f 3543/3906/2215 3544/3905/2218 3547/3909/2221
f 3543/3906/2215 3547/3909/2221 3546/3910/2219
f 1270/3911/2222 2412/3912/2223 3539/3899/2213
f 1270/3911/2222 3539/3899/2213 1487/3913/2224
f 2412/3912/2223 2414/3914/2225 3540/3900/2214
f 2412/3912/2223 3540/3900/2214 3539/3899/2213
f 2414/3915/2225 2416/3916/2226 3541/3904/2217
f 2414/3915/2225 3541/3904/2217 3540/3903/2214
f 2416/3916/2226 1472/2810/1215 2418/2812/1505
f 2416/3916/2226 2418/2812/1505 3541/3904/2217
f 3541/3904/2217 2418/2812/1505 2419/2825/1509
f 3541/3904/2217 2419/2825/1509 3544/3905/2218
f 3544/3905/2218 2419/2825/1509 2420/2823/1507
f 3544/3905/2218 2420/2823/1507 3547/3909/2221
f 3547/3909/2221 2420/2823/1507 1457/2824/1508
f 3547/3909/2221 1457/2824/1508 1506/3917/2227
f 3546/3910/2219 3547/3909/2221 1506/3917/2227
f 3546/3910/2219 1506/3917/2227 1507/3918/2228
f 3545/3908/2220 3546/3907/2219 1507/3919/2228
f 3545/3920/2220 1507/3921/2228 1508/3922/2229
f 1492/3923/2230 3545/3908/2220 1508/3924/2229
f 1492/3923/2230 1508/3924/2229 1274/3925/2231
f 1489/3926/2232 3542/3902/2216 3545/3908/2220
f 1489/3926/2232 3545/3908/2220 1492/3923/2230
f 1487/3913/2224 3539/3899/2213 3542/3902/2216
f 1487/3913/2224 3542/3902/2216 1489/3926/2232
f 3548/3927/2233 3549/3928/2234 3552/3929/2235
f 3548/3927/2233 3552/3929/2235 3551/3930/2236
f 3549/3931/2234 3550/3932/2237 3553/3933/2238
f 3549/3934/2234 3553/3935/2238 3552/3936/2235
f 3551/3930/2236 3552/3929/2235 3555/3937/2239
f 3551/3930/2236 3555/3937/2239 3554/3938/2240
f 3552/3936/2235 3553/3935/2238 3556/3939/2241
f 3552/3936/2235 3556/3939/2241 3555/3940/2239
f 1475/3941/2242 2500/3942/2243 3548/3927/2233
f 1475/3941/2242 3548/3927/2233 1509/3943/2244
f 2500/3942/2243 2499/3944/2245 3549/3928/2234
f 2500/3942/2243 3549/3928/2234 3548/3927/2233
f 2499/3945/2245 2498/3946/2246 3550/3932/2237
f 2499/3945/2245 3550/3932/2237 3549/3931/2234
f 2498/3946/2246 1486/3947/2247 2422/3948/1498
f 2498/3946/2246 2422/3948/1498 3550/3932/2237
f 3550/3932/2237 2422/3948/1498 2423/3949/1500
f 3550/3932/2237 2423/3949/1500 3553/3933/2238
f 3553/3935/2238 2423/2739/1500 2425/2738/1499
f 3553/3935/2238 2425/2738/1499 3556/3939/2241
f 3556/3939/2241 2425/2738/1499 1460/2657/1488
f 3556/3939/2241 1460/2657/1488 1521/3950/2248
f 3555/3940/2239 3556/3939/2241 1521/3950/2248
f 3555/3940/2239 1521/3950/2248 1522/3951/2249
f 3554/3938/2240 3555/3937/2239 1522/3952/2249
f 3554/3938/2240 1522/3952/2249 1523/3953/2250
f 1513/3954/2251 3554/3938/2240 1523/3953/2250
f 1513/3954/2251 1523/3953/2250 1277/3955/2252
f 1511/3956/2253 3551/3930/2236 3554/3938/2240
f 1511/3956/2253 3554/3938/2240 1513/3954/2251
f 1509/3943/2244 3548/3927/2233 3551/3930/2236
f 1509/3943/2244 3551/3930/2236 1511/3956/2253
f 3557/3957/2254 3558/3958/2255 3561/3959/2256
f 3557/3957/2254 3561/3959/2256 3560/3960/2257
f 3558/3961/2255 3559/3962/2258 3562/3963/2259
f 3558/3961/2255 3562/3963/2259 3561/3964/2256
f 3560/3960/2257 3561/3959/2256 3564/3965/2260
f 3560/3960/2257 3564/3965/2260 3563/3966/2261
f 3561/3964/2256 3562/3963/2259 3565/3967/2262
f 3561/3964/2256 3565/3967/2262 3564/3968/2260
f 1277/3955/2252 1523/3953/2250 3557/3957/2254
f 1277/3955/2252 3557/3957/2254 1524/3969/2263
f 1523/3953/2250 1522/3952/2249 3558/3958/2255
f 1523/3953/2250 3558/3958/2255 3557/3957/2254
f 1522/3951/2249 1521/3950/2248 3559/3962/2258
f 1522/3951/2249 3559/3962/2258 3558/3961/2255
f 1521/3950/2248 1460/2657/1488 2428/2659/1490
f 1521/3950/2248 2428/2659/1490 3559/3962/2258
f 3559/3962/2258 2428/2659/1490 2429/2667/2264
f 3559/3962/2258 2429/2667/2264 3562/3963/2259
f 3562/3963/2259 2429/2667/2264 2431/2666/2265
f 3562/3963/2259 2431/2666/2265 3565/3967/2262
f 3565/3967/2262 2431/2666/2265 1462/2589/1480
f 3565/3967/2262 1462/2589/1480 1537/3970/2266
f 3564/3968/2260 3565/3967/2262 1537/3970/2266
f 3564/3968/2260 1537/3970/2266 1538/3971/2267
f 3563/3966/2261 3564/3965/2260 1538/3972/2267
f 3563/3966/2261 1538/3972/2267 1539/3973/2268
f 1529/3974/2269 3563/3966/2261 1539/3973/2268
f 1529/3974/2269 1539/3973/2268 1280/3975/2270
f 1526/3976/2271 3560/3960/2257 3563/3966/2261
f 1526/3976/2271 3563/3966/2261 1529/3974/2269
f 1524/3969/2263 3557/3957/2254 3560/3960/2257
f 1524/3969/2263 3560/3960/2257 1526/3976/2271
f 3566/3977/2272 3567/3978/2273 3570/3979/2274
f 3566/3977/2272 3570/3979/2274 3569/3980/2275
f 3567/3981/2273 3568/3982/2276 3571/3983/2277
f 3567/3981/2273 3571/3983/2277 3570/3984/2274
f 3569/3980/2275 3570/3979/2274 3573/3985/2278
f 3569/3980/2275 3573/3985/2278 3572/3986/2279
f 3570/3984/2274 3571/3983/2277 3574/3987/2280
f 3570/3984/2274 3574/3987/2280 3573/3988/2278
f 1280/3975/2270 1539/3973/2268 3566/3977/2272
f 1280/3975/2270 3566/3977/2272 1540/3989/2281
f 1539/3973/2268 1538/3972/2267 3567/3978/2273
f 1539/3973/2268 3567/3978/2273 3566/3977/2272
f 1538/3971/2267 1537/3970/2266 3568/3982/2276
f 1538/3971/2267 3568/3982/2276 3567/3981/2273
f 1537/3970/2266 1462/2589/1480 2433/2591/1482
f 1537/3970/2266 2433/2591/1482 3568/3982/2276
f 3568/3982/2276 2433/2591/1482 2434/2599/1484
f 3568/3982/2276 2434/2599/1484 3571/3983/2277
f 3571/3983/2277 2434/2599/1484 2435/2598/2282
f 3571/3983/2277 2435/2598/2282 3574/3987/2280
f 3574/3987/2280 2435/2598/2282 1464/2504/1472
f 3574/3987/2280 1464/2504/1472 1553/3990/2283
f 3573/3988/2278 3574/3987/2280 1553/3990/2283
f 3573/3988/2278 1553/3990/2283 1554/3991/2284
f 3572/3986/2279 3573/3985/2278 1554/3992/2284
f 3572/3986/2279 1554/3992/2284 1555/3993/2285
f 1545/3994/2286 3572/3986/2279 1555/3993/2285
f 1545/3994/2286 1555/3993/2285 1283/3995/1152
f 1542/3996/1151 3569/3980/2275 3572/3986/2279
f 1542/3996/1151 3572/3986/2279 1545/3994/2286
f 1540/3989/2281 3566/3977/2272 3569/3980/2275
f 1540/3989/2281 3569/3980/2275 1542/3996/1151
f 3575/3997/2287 3576/3998/2288 3579/3999/2289
f 3575/3997/2287 3579/3999/2289 3578/4000/2290
f 3576/4001/2288 3577/4002/2291 3580/4003/2292
f 3576/4001/2288 3580/4003/2292 3579/4004/2289
f 3578/4000/2290 3579/3999/2289 3582/4005/2293
f 3578/4000/2290 3582/4005/2293 3581/4006/2294
f 3579/4004/2289 3580/4003/2292 3583/4007/2295
f 3579/4004/2289 3583/4007/2295 3582/4008/2293
f 1283/3995/1152 1555/3993/2285 3575/3997/2287
f 1283/3995/1152 3575/3997/2287 1557/4009/1153
f 1555/3993/2285 1554/3992/2284 3576/3998/2288
f 1555/3993/2285 3576/3998/2288 3575/3997/2287
f 1554/3991/2284 1553/3990/2283 3577/4010/2291
f 1554/3991/2284 3577/4010/2291 3576/4011/2288
f 1553/3990/2283 1464/2504/1472 2438/2507/1474
f 1553/3990/2283 2438/2507/1474 3577/4010/2291
f 3577/4002/2291 2438/2519/1474 2439/2518/1476
f 3577/4002/2291 2439/2518/1476 3580/4003/2292
f 3580/4003/2292 2439/2518/1476 2440/2517/1475
f 3580/4003/2292 2440/2517/1475 3583/4007/2295
f 3583/4007/2295 2440/2517/1475 1466/2436/2296
f 3583/4007/2295 1466/2436/2296 1569/4012/2297
f 3582/4008/2293 3583/4007/2295 1569/4012/2297
f 3582/4008/2293 1569/4012/2297 1570/4013/2298
f 3581/4006/2294 3582/4005/2293 1570/4014/2298
f 3581/4006/2294 1570/4014/2298 1571/4015/2299
f 1561/4016/2300 3581/4006/2294 1571/4015/2299
f 1561/4016/2300 1571/4015/2299 1286/4017/2301
f 1558/4018/2302 3578/4000/2290 3581/4006/2294
f 1558/4018/2302 3581/4006/2294 1561/4016/2300
f 1557/4009/1153 3575/3997/2287 3578/4000/2290
f 1557/4009/1153 3578/4000/2290 1558/4018/2302
f 3584/4019/2303 3585/4020/2304 3588/4021/2305
f 3584/4019/2303 3588/4021/2305 3587/4022/2306
f 3585/4023/2304 3586/4024/2307 3589/4025/2308
f 3585/4023/2304 3589/4025/2308 3588/4026/2305
f 3587/4022/2306 3588/4021/2305 3591/4027/2309
f 3587/4022/2306 3591/4027/2309 3590/4028/2310
f 3588/4026/2305 3589/4025/2308 3592/4029/2311
f 3588/4026/2305 3592/4029/2311 3591/4030/2309
f 1286/4017/2301 1571/4015/2299 3584/4019/2303
f 1286/4017/2301 3584/4019/2303 1572/4031/2312
f 1571/4015/2299 1570/4014/2298 3585/4020/2304
f 1571/4015/2299 3585/4020/2304 3584/4019/2303
f 1570/4013/2298 1569/4012/2297 3586/4024/2307
f 1570/4013/2298 3586/4024/2307 3585/4023/2304
f 1569/4012/2297 1466/2436/2296 2441/2438/2313
f 1569/4012/2297 2441/2438/2313 3586/4024/2307
f 3586/4024/2307 2441/2438/2313 2444/2446/2314
f 3586/4024/2307 2444/2446/2314 3589/4025/2308
f 3589/4025/2308 2444/2446/2314 2446/2445/1463
f 3589/4025/2308 2446/2445/1463 3592/4029/2311
f 3592/4029/2311 2446/2445/1463 1467/2347/1393
f 3592/4029/2311 1467/2347/1393 1584/4032/2315
f 3591/4030/2309 3592/4029/2311 1584/4032/2315
f 3591/4030/2309 1584/4032/2315 1585/4033/2316
f 3590/4028/2310 3591/4027/2309 1585/4034/2316
f 3590/4028/2310 1585/4034/2316 1586/4035/2317
f 1576/4036/2318 3590/4028/2310 1586/4035/2317
f 1576/4036/2318 1586/4035/2317 1289/4037/2319
f 1574/4038/1159 3587/4022/2306 3590/4028/2310
f 1574/4038/1159 3590/4028/2310 1576/4036/2318
f 1572/4031/2312 3584/4019/2303 3587/4022/2306
f 1572/4031/2312 3587/4022/2306 1574/4038/1159
f 3593/4039/2320 3594/4040/2321 3597/4041/2322
f 3593/4039/2320 3597/4041/2322 3596/4042/2323
f 3594/4043/2321 3595/4044/2324 3598/4045/2325
f 3594/4043/2321 3598/4045/2325 3597/4046/2322
f 3596/4042/2323 3597/4041/2322 3600/4047/2326
f 3596/4042/2323 3600/4047/2326 3599/4048/2327
f 3597/4049/2322 3598/4050/2325 3601/4051/2328
f 3597/4049/2322 3601/4051/2328 3600/4052/2326
f 1289/4037/2319 1586/4035/2317 3593/4039/2320
f 1289/4037/2319 3593/4039/2320 1587/4053/2329
f 1586/4035/2317 1585/4034/2316 3594/4040/2321
f 1586/4035/2317 3594/4040/2321 3593/4039/2320
f 1585/4033/2316 1584/4032/2315 3595/4044/2324
f 1585/4033/2316 3595/4044/2324 3594/4043/2321
f 1584/4032/2315 1467/2347/1393 2447/2349/1395
f 1584/4032/2315 2447/2349/1395 3595/4044/2324
f 3595/4044/2324 2447/2349/1395 2448/2359/1403
f 3595/4044/2324 2448/2359/1403 3598/4045/2325
f 3598/4050/2325 2448/2358/1403 2449/2357/1402
f 3598/4050/2325 2449/2357/1402 3601/4051/2328
f 3601/4051/2328 2449/2357/1402 1469/2246/1302
f 3601/4051/2328 1469/2246/1302 1600/4054/2330
f 3600/4052/2326 3601/4051/2328 1600/4054/2330
f 3600/4052/2326 1600/4054/2330 1601/4055/2331
f 3599/4048/2327 3600/4047/2326 1601/4056/2331
f 3599/4048/2327 1601/4056/2331 1602/4057/2332
f 1592/4058/2333 3599/4048/2327 1602/4057/2332
f 1592/4058/2333 1602/4057/2332 1292/4059/1164
f 1589/4060/2334 3596/4042/2323 3599/4048/2327
f 1589/4060/2334 3599/4048/2327 1592/4058/2333
f 1587/4053/2329 3593/4039/2320 3596/4042/2323
f 1587/4053/2329 3596/4042/2323 1589/4060/2334
f 3602/4061/2335 3603/4062/2336 3606/4063/2337
f 3602/4061/2335 3606/4063/2337 3605/4064/2338
f 3603/4065/2336 3604/4066/2339 3607/4067/2340
f 3603/4065/2336 3607/4067/2340 3606/4068/2337
f 3605/4064/2338 3606/4063/2337 3609/4069/2341
f 3605/4064/2338 3609/4069/2341 3608/4070/2342
f 3606/4068/2337 3607/4067/2340 3610/4071/2343
f 3606/4068/2337 3610/4071/2343 3609/4072/2341
f 1292/4059/1164 1602/4057/2332 3602/4061/2335
f 1292/4059/1164 3602/4061/2335 1603/4073/1165
f 1602/4057/2332 1601/4056/2331 3603/4062/2336
f 1602/4057/2332 3603/4062/2336 3602/4061/2335
f 1601/4055/2331 1600/4054/2330 3604/4066/2339
f 1601/4055/2331 3604/4066/2339 3603/4065/2336
f 1600/4054/2330 1469/2246/1302 2450/2248/1304
f 1600/4054/2330 2450/2248/1304 3604/4066/2339
f 3604/4066/2339 2450/2248/1304 2451/2256/1312
f 3604/4066/2339 2451/2256/1312 3607/4067/2340
f 3607/4067/2340 2451/2256/1312 2452/2255/1311
f 3607/4067/2340 2452/2255/1311 3610/4071/2343
f 3610/4071/2343 2452/2255/1311 1470/2161/1235
f 3610/4071/2343 1470/2161/1235 1616/4074/2344
f 3609/4072/2341 3610/4071/2343 1616/4074/2344
f 3609/4072/2341 1616/4074/2344 1617/4075/2345
f 3608/4070/2342 3609/4069/2341 1617/4076/2345
f 3608/4070/2342 1617/4076/2345 1618/4077/2346
f 1608/4078/2347 3608/4070/2342 1618/4077/2346
f 1608/4078/2347 1618/4077/2346 1295/4079/2348
f 1605/4080/1167 3605/4064/2338 3608/4070/2342
f 1605/4080/1167 3608/4070/2342 1608/4078/2347
f 1603/4073/1165 3602/4061/2335 3605/4064/2338
f 1603/4073/1165 3605/4064/2338 1605/4080/1167
f 3611/4081/2349 3612/4082/2350 3615/4083/2351
f 3611/4081/2349 3615/4083/2351 3614/4084/2352
f 3612/4085/2350 3613/4086/2353 3616/4087/2354
f 3612/4085/2350 3616/4087/2354 3615/4088/2351
f 3614/4084/2352 3615/4083/2351 3618/4089/2355
f 3614/4084/2352 3618/4089/2355 3617/4090/2356
f 3615/4088/2351 3616/4087/2354 3619/4091/2357
f 3615/4088/2351 3619/4091/2357 3618/4092/2355
f 1295/4079/2348 1618/4077/2346 3611/4081/2349
f 1295/4079/2348 3611/4081/2349 1619/4093/2358
f 1618/4077/2346 1617/4076/2345 3612/4082/2350
f 1618/4077/2346 3612/4082/2350 3611/4081/2349
f 1617/4075/2345 1616/4074/2344 3613/4086/2353
f 1617/4075/2345 3613/4086/2353 3612/4085/2350
f 1616/4074/2344 1470/2161/1235 2453/2163/1237
f 1616/4074/2344 2453/2163/1237 3613/4086/2353
f 3613/4086/2353 2453/2163/1237 2454/2176/1245
f 3613/4086/2353 2454/2176/1245 3616/4087/2354
f 3616/4087/2354 2454/2176/1245 2455/2174/1244
f 3616/4087/2354 2455/2174/1244 3619/4091/2357
f 3619/4091/2357 2455/2174/1244 1471/2175/1207
f 3619/4091/2357 1471/2175/1207 1632/4094/2359
f 3618/4092/2355 3619/4091/2357 1632/4094/2359
f 3618/4092/2355 1632/4094/2359 1633/4095/2360
f 3617/4090/2356 3618/4089/2355 1633/4096/2360
f 3617/4090/2356 1633/4096/2360 1634/4097/2361
f 1624/4098/2362 3617/4090/2356 1634/4097/2361
f 1624/4098/2362 1634/4097/2361 1298/4099/2363
f 1621/4100/2364 3614/4084/2352 3617/4090/2356
f 1621/4100/2364 3617/4090/2356 1624/4098/2362
f 1619/4093/2358 3611/4081/2349 3614/4084/2352
f 1619/4093/2358 3614/4084/2352 1621/4100/2364
f 3620/4101/2365 3621/4102/2366 3624/4103/2367
f 3620/4101/2365 3624/4103/2367 3623/4104/2368
f 3621/4105/2366 3622/4106/2369 3625/4107/2370
f 3621/4105/2366 3625/4107/2370 3624/4108/2367
f 3623/4104/2368 3624/4103/2367 3627/4109/2371
f 3623/4104/2368 3627/4109/2371 3626/4110/2372
f 3624/4108/2367 3625/4107/2370 3628/4111/2373
f 3624/4108/2367 3628/4111/2373 3627/4112/2371
f 1298/4099/2363 1634/4097/2361 3620/4101/2365
f 1298/4099/2363 3620/4101/2365 1635/4113/2374
f 1634/4097/2361 1633/4096/2360 3621/4102/2366
f 1634/4097/2361 3621/4102/2366 3620/4101/2365
f 1633/4114/2360 1632/4115/2359 3622/4106/2369
f 1633/4114/2360 3622/4106/2369 3621/4105/2366
f 1632/4115/2359 1471/2076/1207 2456/2078/1209
f 1632/4115/2359 2456/2078/1209 3622/4106/2369
f 3622/4106/2369 2456/2078/1209 2457/2091/1216
f 3622/4106/2369 2457/2091/1216 3625/4107/2370
f 3625/4107/2370 2457/2091/1216 2458/2089/1214
f 3625/4107/2370 2458/2089/1214 3628/4111/2373
f 3628/4111/2373 2458/2089/1214 1473/2090/1215
f 3628/4111/2373 1473/2090/1215 2417/4116/2375
f 3627/4112/2371 3628/4111/2373 2417/4116/2375
f 3627/4112/2371 2417/4116/2375 2415/4117/2225
f 3626/4110/2372 3627/4109/2371 2415/3914/2225
f 3626/4110/2372 2415/3914/2225 2413/3912/2223
f 1640/4118/2376 3626/4110/2372 2413/3912/2223
f 1640/4118/2376 2413/3912/2223 1271/3911/2377
f 1637/4119/1135 3623/4104/2368 3626/4110/2372
f 1637/4119/1135 3626/4110/2372 1640/4118/2376
f 1635/4113/2374 3620/4101/2365 3623/4104/2368
f 1635/4113/2374 3623/4104/2368 1637/4119/1135
f 3629/4120/2378 3630/4121/2379 3633/4122/2380
f 3629/4120/2378 3633/4122/2380 3632/4123/2381
f 3630/4124/2379 3631/4125/2382 3634/4126/2383
f 3630/4124/2379 3634/4126/2383 3633/4127/2380
f 3632/4123/2381 3633/4122/2380 3636/4128/2384
f 3632/4123/2381 3636/4128/2384 3635/4129/2385
f 3633/4127/2380 3634/4126/2383 3637/4130/2386
f 3633/4127/2380 3637/4130/2386 3636/4131/2384
f 1274/3925/2231 1508/3924/2229 3629/4120/2378
f 1274/3925/2231 3629/4120/2378 2459/4132/1137
f 1508/3924/2229 1507/3919/2228 3630/4121/2379
f 1508/3924/2229 3630/4121/2379 3629/4120/2378
f 1507/3918/2228 1506/3917/2227 3631/4125/2382
f 1507/3918/2228 3631/4125/2382 3630/4124/2379
f 1506/3917/2227 1457/2824/1508 2493/4133/2387
f 1506/3917/2227 2493/4133/2387 3631/4125/2382
f 3631/4125/2382 2493/4133/2387 2495/4134/2388
f 3631/4125/2382 2495/4134/2388 3634/4126/2383
f 3634/4126/2383 2495/4134/2388 2496/4135/2389
f 3634/4126/2383 2496/4135/2389 3637/4130/2386
f 3637/4130/2386 2496/4135/2389 1486/3947/2247
f 3637/4130/2386 1486/3947/2247 2498/3946/2246
f 3636/4131/2384 3637/4130/2386 2498/3946/2246
f 3636/4131/2384 2498/3946/2246 2499/3945/2245
f 3635/4129/2385 3636/4128/2384 2499/3944/2245
f 3635/4129/2385 2499/3944/2245 2500/3942/2243
f 2463/4136/2390 3635/4129/2385 2500/3942/2243
f 2463/4136/2390 2500/3942/2243 1475/3941/2242
f 2461/4137/1139 3632/4123/2381 3635/4129/2385
f 2461/4137/1139 3635/4129/2385 2463/4136/2390
f 2459/4132/1137 3629/4120/2378 3632/4123/2381
f 2459/4132/1137 3632/4123/2381 2461/4137/1139
f 3638/4138/2391 3639/4139/2391 3642/4140/2392
f 3638/4138/2391 3642/4140/2392 3641/4141/2392
f 3639/4139/2391 3640/4142/2391 3643/4143/2392
f 3639/4139/2391 3643/4143/2392 3642/4140/2392
f 3641/4141/2392 3642/4140/2392 3645/4144/2393
f 3641/4141/2392 3645/4144/2393 3644/4145/2393
f 3642/4140/2392 3643/4143/2392 3646/4146/2393
f 3642/4140/2392 3646/4146/2393 3645/4144/2393
f 1331/4147/2394 1737/4148/2394 3638/4138/2391
f 1331/4147/2394 3638/4138/2391 2483/4149/2391
f 1737/4148/2394 1735/4150/2394 3639/4139/2391
f 1737/4148/2394 3639/4139/2391 3638/4138/2391
f 1735/4150/2394 1733/4151/2394 3640/4142/2391
f 1735/4150/2394 3640/4142/2391 3639/4139/2391
f 1733/4151/2394 1423/4152/921 2487/4153/2395
f 1733/4151/2394 2487/4153/2395 3640/4142/2391
f 3640/4142/2391 2487/4153/2395 2488/4154/2396
f 3640/4142/2391 2488/4154/2396 3643/4143/2392
f 3643/4143/2392 2488/4154/2396 2490/4155/2397
f 3643/4143/2392 2490/4155/2397 3646/4146/2393
f 3646/4146/2393 2490/4155/2397 1484/3535/1978
f 3646/4146/2393 1484/3535/1978 2501/3534/1497
f 3645/4144/2393 3646/4146/2393 2501/3534/1497
f 3645/4144/2393 2501/3534/1497 2502/3533/1497
f 3644/4145/2393 3645/4144/2393 2502/3533/1497
f 3644/4145/2393 2502/3533/1497 2503/3532/1497
f 2485/4156/2393 3644/4145/2393 2503/3532/1497
f 2485/4156/2393 2503/3532/1497 1482/2796/1497
f 2484/4157/2392 3641/4141/2392 3644/4145/2393
f 2484/4157/2392 3644/4145/2393 2485/4156/2393
f 2483/4149/2391 3638/4138/2391 3641/4141/2392
f 2483/4149/2391 3641/4141/2392 2484/4157/2392
f 3647/4158/2391 3648/4159/2391 3651/4160/2392
f 3647/4158/2391 3651/4160/2392 3650/4161/2392
f 3648/4159/2391 3649/4162/2391 3652/4163/2392
f 3648/4159/2391 3652/4163/2392 3651/4160/2392
f 3650/4161/2392 3651/4160/2392 3654/4164/2393
f 3650/4161/2392 3654/4164/2393 3653/4165/2393
f 3651/4160/2392 3652/4163/2392 3655/4166/2393
f 3651/4160/2392 3655/4166/2393 3654/4164/2393
f 1333/4167/2394 1743/4168/2394 3647/4158/2391
f 1333/4167/2394 3647/4158/2391 2480/4169/2391
f 1743/4168/2394 1741/4170/2394 3648/4159/2391
f 1743/4168/2394 3648/4159/2391 3647/4158/2391
f 1741/4170/2394 1739/4171/2394 3649/4162/2391
f 1741/4170/2394 3649/4162/2391 3648/4159/2391
f 1739/4171/2394 1331/4147/2394 2483/4149/2391
f 1739/4171/2394 2483/4149/2391 3649/4162/2391
f 3649/4162/2391 2483/4149/2391 2484/4157/2392
f 3649/4162/2391 2484/4157/2392 3652/4163/2392
f 3652/4163/2392 2484/4157/2392 2485/4156/2393
f 3652/4163/2392 2485/4156/2393 3655/4166/2393
f 3655/4166/2393 2485/4156/2393 1482/2796/1497
f 3655/4166/2393 1482/2796/1497 2504/2795/1497
f 3654/4164/2393 3655/4166/2393 2504/2795/1497
f 3654/4164/2393 2504/2795/1497 2505/2794/1497
f 3653/4165/2393 3654/4164/2393 2505/2794/1497
f 3653/4165/2393 2505/2794/1497 2506/2793/1497
f 2482/4172/2393 3653/4165/2393 2506/2793/1497
f 2482/4172/2393 2506/2793/1497 1481/2776/1497
f 2481/4173/2392 3650/4161/2392 3653/4165/2393
f 2481/4173/2392 3653/4165/2393 2482/4172/2393
f 2480/4169/2391 3647/4158/2391 3650/4161/2392
f 2480/4169/2391 3650/4161/2392 2481/4173/2392
f 3656/4174/2391 3657/4175/2391 3660/4176/2392
f 3656/4174/2391 3660/4176/2392 3659/4177/2392
f 3657/4175/2391 3658/4178/2391 3661/4179/2392
f 3657/4175/2391 3661/4179/2392 3660/4176/2392
f 3659/4177/2392 3660/4176/2392 3663/4180/2393
f 3659/4177/2392 3663/4180/2393 3662/4181/2393
f 3660/4176/2392 3661/4179/2392 3664/4182/2393
f 3660/4176/2392 3664/4182/2393 3663/4180/2393
f 1335/4183/2394 1749/4184/2394 3656/4174/2391
f 1335/4183/2394 3656/4174/2391 2477/4185/2391
f 1749/4184/2394 1747/4186/2394 3657/4175/2391
f 1749/4184/2394 3657/4175/2391 3656/4174/2391
f 1747/4186/2394 1745/4187/2394 3658/4178/2391
f 1747/4186/2394 3658/4178/2391 3657/4175/2391
f 1745/4187/2394 1333/4167/2394 2480/4169/2391
f 1745/4187/2394 2480/4169/2391 3658/4178/2391
f 3658/4178/2391 2480/4169/2391 2481/4173/2392
f 3658/4178/2391 2481/4173/2392 3661/4179/2392
f 3661/4179/2392 2481/4173/2392 2482/4172/2393
f 3661/4179/2392 2482/4172/2393 3664/4182/2393
f 3664/4182/2393 2482/4172/2393 1481/2776/1497
f 3664/4182/2393 1481/2776/1497 2507/2775/1497
f 3663/4180/2393 3664/4182/2393 2507/2775/1497
f 3663/4180/2393 2507/2775/1497 2508/2774/1497
f 3662/4181/2393 3663/4180/2393 2508/2774/1497
f 3662/4181/2393 2508/2774/1497 2509/2773/1497
f 2479/4188/2393 3662/4181/2393 2509/2773/1497
f 2479/4188/2393 2509/2773/1497 1480/2756/1497
f 2478/4189/2392 3659/4177/2392 3662/4181/2393
f 2478/4189/2392 3662/4181/2393 2479/4188/2393
f 2477/4185/2391 3656/4174/2391 3659/4177/2392
f 2477/4185/2391 3659/4177/2392 2478/4189/2392
f 3665/4190/2391 3666/4191/2391 3669/4192/2392
f 3665/4190/2391 3669/4192/2392 3668/4193/2392
f 3666/4191/2391 3667/4194/2391 3670/4195/2392
f 3666/4191/2391 3670/4195/2392 3669/4192/2392
f 3668/4193/2392 3669/4192/2392 3672/4196/2393
f 3668/4193/2392 3672/4196/2393 3671/4197/2393
f 3669/4192/2392 3670/4195/2392 3673/4198/2393
f 3669/4192/2392 3673/4198/2393 3672/4196/2393
f 1337/4199/2394 1755/4200/2394 3665/4190/2391
f 1337/4199/2394 3665/4190/2391 2474/4201/2391
f 1755/4200/2394 1753/4202/2394 3666/4191/2391
f 1755/4200/2394 3666/4191/2391 3665/4190/2391
f 1753/4202/2394 1751/4203/2394 3667/4194/2391
f 1753/4202/2394 3667/4194/2391 3666/4191/2391
f 1751/4203/2394 1335/4183/2394 2477/4185/2391
f 1751/4203/2394 2477/4185/2391 3667/4194/2391
f 3667/4194/2391 2477/4185/2391 2478/4189/2392
f 3667/4194/2391 2478/4189/2392 3670/4195/2392
f 3670/4195/2392 2478/4189/2392 2479/4188/2393
f 3670/4195/2392 2479/4188/2393 3673/4198/2393
f 3673/4198/2393 2479/4188/2393 1480/2756/1497
f 3673/4198/2393 1480/2756/1497 2510/2755/1497
f 3672/4196/2393 3673/4198/2393 2510/2755/1497
f 3672/4196/2393 2510/2755/1497 2511/2754/1497
f 3671/4197/2393 3672/4196/2393 2511/2754/1497
f 3671/4197/2393 2511/2754/1497 2512/2753/1497
f 2476/4204/2393 3671/4197/2393 2512/2753/1497
f 2476/4204/2393 2512/2753/1497 1479/2733/1497
f 2475/4205/2392 3668/4193/2392 3671/4197/2393
f 2475/4205/2392 3671/4197/2393 2476/4204/2393
f 2474/4201/2391 3665/4190/2391 3668/4193/2392
f 2474/4201/2391 3668/4193/2392 2475/4205/2392
f 3674/4206/2391 3675/4207/2391 3678/4208/2392
f 3674/4206/2391 3678/4208/2392 3677/4209/2392
f 3675/4207/2391 3676/4210/2391 3679/4211/2392
f 3675/4207/2391 3679/4211/2392 3678/4208/2392
f 3677/4209/2392 3678/4208/2392 3681/4212/2393
f 3677/4209/2392 3681/4212/2393 3680/4213/2393
f 3678/4208/2392 3679/4211/2392 3682/4214/2393
f 3678/4208/2392 3682/4214/2393 3681/4212/2393
f 1458/4215/2398 2384/4216/2394 3674/4206/2391
f 1458/4215/2398 3674/4206/2391 2492/4217/2387
f 2384/4216/2394 2382/4218/2394 3675/4207/2391
f 2384/4216/2394 3675/4207/2391 3674/4206/2391
f 2382/4218/2394 2380/4219/2394 3676/4210/2391
f 2382/4218/2394 3676/4210/2391 3675/4207/2391
f 2380/4219/2394 1337/4199/2394 2474/4201/2391
f 2380/4219/2394 2474/4201/2391 3676/4210/2391
f 3676/4210/2391 2474/4201/2391 2475/4205/2392
f 3676/4210/2391 2475/4205/2392 3679/4211/2392
f 3679/4211/2392 2475/4205/2392 2476/4204/2393
f 3679/4211/2392 2476/4204/2393 3682/4214/2393
f 3682/4214/2393 2476/4204/2393 1479/2733/1497
f 3682/4214/2393 1479/2733/1497 2513/2732/1497
f 3681/4212/2393 3682/4214/2393 2513/2732/1497
f 3681/4212/2393 2513/2732/1497 2514/2731/1497
f 3680/4213/2393 3681/4212/2393 2514/2731/1497
f 3680/4213/2393 2514/2731/1497 2515/2729/1497
f 2497/4220/2399 3680/4213/2393 2515/2729/1497
f 2497/4220/2399 2515/2729/1497 1485/2728/1496
f 2494/4221/2388 3677/4209/2392 3680/4213/2393
f 2494/4221/2388 3680/4213/2393 2497/4220/2399
f 2492/4217/2387 3674/4206/2391 3677/4209/2392
f 2492/4217/2387 3677/4209/2392 2494/4221/2388
s 0
f 3683/4222/1176 3684/4223/1176 3687/4224/1176
f 3683/4222/1176 3687/4224/1176 3686/4225/1176
f 3684/4223/1176 3685/4226/1176 3688/4227/1176
f 3684/4223/1176 3688/4227/1176 3687/4224/1176
f 3686/4225/1176 3687/4224/1176 3690/4228/1176
f 3686/4225/1176 3690/4228/1176 3689/4229/1176
f 3687/4224/1176 3688/4227/1176 3691/4230/1176
f 3687/4224/1176 3691/4230/1176 3690/4228/1176
s 1
f 1276/1876/669 1653/4231/668 3683/4222/1176
f 1276/1876/669 3683/4222/1176 1681/1877/1176
f 1653/4231/668 1652/4232/667 3684/4223/1176
f 1653/4231/668 3684/4223/1176 3683/4222/1176
f 1652/4232/667 1651/4233/2400 3685/4226/1176
f 1652/4232/667 3685/4226/1176 3684/4223/1176
f 1651/4233/2400 1478/1896/664 2516/1898/1176
f 1651/4233/2400 2516/1898/1176 3685/4226/1176
s 0
f 3685/4226/1176 2516/1898/1176 2517/1911/1176
f 3685/4226/1176 2517/1911/1176 3688/4227/1176
f 3688/4227/1176 2517/1911/1176 2518/1909/1176
f 3688/4227/1176 2518/1909/1176 3691/4230/1176
s 1
f 3691/4230/1176 2518/1909/1176 1477/1910/937
f 3691/4230/1176 1477/1910/937 1516/4234/2401
f 3690/4228/1176 3691/4230/1176 1516/4234/2401
f 3690/4228/1176 1516/4234/2401 1518/4235/2402
f 3689/4229/1176 3690/4228/1176 1518/4235/2402
f 3689/4229/1176 1518/4235/2402 1520/4236/2403
f 1683/1879/1176 3689/4229/1176 1520/4236/2403
f 1683/1879/1176 1520/4236/2403 1302/1880/1178
s 0
f 1682/1878/1176 3686/4225/1176 3689/4229/1176
f 1682/1878/1176 3689/4229/1176 1683/1879/1176
f 1681/1877/1176 3683/4222/1176 3686/4225/1176
f 1681/1877/1176 3686/4225/1176 1682/1878/1176
s 1
f 3692/4237/2404 3693/4238/2405 3696/4239/2406
f 3692/4237/2404 3696/4239/2406 3695/4240/2407
f 3693/4238/2405 3694/4241/2408 3697/4242/2409
f 3693/4238/2405 3697/4242/2409 3696/4239/2406
f 3695/4240/2407 3696/4239/2406 3699/4243/2410
f 3695/4240/2407 3699/4243/2410 3698/4244/2411
f 3696/4245/2406 3697/4246/2409 3700/4247/2412
f 3696/4245/2406 3700/4247/2412 3699/4248/2410
f 1422/1536/921 2209/1534/919 3692/4237/2404
f 1422/1536/921 3692/4237/2404 2486/4249/2413
f 2209/1534/919 2208/1533/918 3693/4238/2405
f 2209/1534/919 3693/4238/2405 3692/4237/2404
f 2208/1533/918 2207/1532/917 3694/4241/2408
f 2208/1533/918 3694/4241/2408 3693/4238/2405
f 2207/1531/917 1301/1530/916 1519/4250/2414
f 2207/1531/917 1519/4250/2414 3694/4251/2408
f 3694/4251/2408 1519/4250/2414 1517/4252/2402
f 3694/4251/2408 1517/4252/2402 3697/4246/2409
f 3697/4246/2409 1517/4252/2402 1515/4253/2415
f 3697/4246/2409 1515/4253/2415 3700/4247/2412
f 3700/4247/2412 1515/4253/2415 1476/1558/937
f 3700/4247/2412 1476/1558/937 2519/1557/936
f 3699/4248/2410 3700/4247/2412 2519/1557/936
f 3699/4248/2410 2519/1557/936 2520/1556/935
f 3698/4244/2411 3699/4243/2410 2520/1555/935
f 3698/4244/2411 2520/1555/935 2521/1553/933
f 2491/4254/2397 3698/4244/2411 2521/1553/933
f 2491/4254/2397 2521/1553/933 1483/1552/932
f 2489/4255/2416 3695/4240/2407 3698/4244/2411
f 2489/4255/2416 3698/4244/2411 2491/4254/2397
f 2486/4249/2413 3692/4237/2404 3695/4240/2407
f 2486/4249/2413 3695/4240/2407 2489/4255/2416
