# Blender 4.2.19 LTS
# www.blender.org
mtllib ba80b4e726384dd09b29444311ac21d5.mtl
o Cube.001__0
v 0.26181082 0.00503199 0.47422922
v 0.26173593 -0.01995975 0.48095929
v 0.19073319 -0.01379882 0.48706431
v 0.19073594 0.00794297 0.48348230
v 0.19073897 0.02451317 0.48563057
v 0.26186809 0.02407894 0.47556686
v 0.31700002 0.02219638 0.46680555
v 0.31810858 0.00221132 0.46603099
v 0.31876804 -0.02402692 0.47532841
v 0.11169578 -0.02398314 0.49251484
v 0.11169853 -0.00769049 0.49097316
v 0.19073126 -0.03532309 0.49064495
v 0.19072961 -0.05152570 0.49637412
v 0.11169440 -0.03603349 0.49673538
v 0.06552672 -0.02459717 0.49925674
v 0.04937973 -0.01472647 0.49660183
v 0.04941057 -0.00304839 0.49618110
v 0.02860854 -0.01142559 0.50621040
v 0.02864874 -0.00128561 0.50618176
v 0.04936073 -0.02345695 0.50625087
v 0.02860854 -0.01142559 0.50621040
v 0.04936073 -0.02345695 0.50625087
v 0.06552727 -0.02445591 0.51309989
v 0.04938111 -0.01435998 0.51548716
v 0.04941222 -0.00261417 0.51548000
v 0.02864874 -0.00128561 0.50618176
v 0.11169633 -0.02380939 0.51857933
v 0.11170018 -0.00724580 0.51857933
v 0.11169440 -0.03603845 0.51551387
v 0.19072685 -0.05220939 0.51553507
v 0.19072933 -0.03580385 0.51857933
v 0.19073374 -0.01363306 0.51857933
v 0.11171065 0.02659645 0.50323140
v 0.19074200 0.03052292 0.49923967
v 0.11170762 0.02197198 0.49210705
v 0.06559776 0.01758788 0.49714042
v 0.04946950 0.01957810 0.50540528
v 0.11171065 0.02659645 0.50323140
v 0.04946950 0.01957810 0.50540528
v 0.06559941 0.01803036 0.51272432
v 0.11171037 0.02264438 0.51474234
v 0.19074282 0.02544550 0.51374448
v 0.19074200 0.03052292 0.49923967
v 0.11169385 -0.04008249 0.50631723
v 0.19072768 -0.05730223 0.50640204
v 0.11169385 -0.04008249 0.50631723
v 0.19072768 -0.05730223 0.50640204
v 0.34563076 -0.07773172 0.50557709
v 0.34731810 -0.07236325 0.51532884
v 0.31642207 -0.07330989 0.51551442
v 0.31597600 -0.07882402 0.50631943
v 0.34563076 -0.07773172 0.50557709
v 0.31597600 -0.07882402 0.50631943
v 0.31643253 -0.07070014 0.49477958
v 0.34732883 -0.06963647 0.49334529
v 0.36044065 -0.06234111 0.49384174
v 0.36193332 -0.06723405 0.50363341
v 0.36193332 -0.06723405 0.50363341
v 0.36043405 -0.06402762 0.51193682
v 0.26165553 -0.04637365 0.51857933
v 0.26173483 -0.02022849 0.51857933
v 0.26159743 -0.06561253 0.51555930
v 0.31777706 -0.05271272 0.51857933
v 0.31876556 -0.02463764 0.51857933
v 0.26158146 -0.07111509 0.50649869
v 0.26158146 -0.07111509 0.50649869
v 0.26160431 -0.06387232 0.49575569
v 0.26189012 0.03115898 0.49303938
v 0.26189012 0.03115898 0.49303938
v 0.26187360 0.02541631 0.51219427
v 0.31700663 0.02387243 0.51085222
v 0.31663436 0.02979242 0.48767008
v 0.31663436 0.02979242 0.48767008
v 0.37626989 -0.04672803 0.49984902
v 0.38305861 -0.02178393 0.49525318
v 0.37626548 -0.02256564 0.51274800
v 0.37029951 -0.04858332 0.51389675
v 0.37626989 -0.04672803 0.49984902
v 0.37030612 -0.04691086 0.48618485
v 0.37626713 -0.02219034 0.47798745
v 0.38305861 -0.02178393 0.49525318
v 0.34645350 0.02771051 0.48617108
v 0.34803978 0.02039313 0.46423627
v 0.34645350 0.02771051 0.48617108
v 0.34804667 0.02213085 0.51047720
v 0.36110700 0.01625684 0.50479538
v 0.36269769 0.02006959 0.48756545
v 0.36269769 0.02006959 0.48756545
v 0.36110287 0.01522511 0.47193116
v 0.35281075 0.00133984 0.46324777
v 0.35589107 -0.02385427 0.47284174
v 0.37073924 0.00156314 0.47011716
v 0.35239690 -0.05201361 0.51857933
v 0.35588859 -0.02446693 0.51857933
v 0.35281515 0.00249300 0.51857933
v 0.31811298 0.00330996 0.51857933
v 0.37074254 0.00243517 0.51165349
v 0.35240654 -0.04959523 0.48265378
v 0.31778642 -0.05038273 0.48468035
v 0.37671678 0.00202683 0.49087596
v 0.37671678 0.00202683 0.49087596
v 0.26181468 0.00599433 0.51857933
v 0.19073925 0.00875525 0.51857933
v 0.11170597 0.00980130 0.51857933
v 0.04944637 0.00986160 0.51547229
v 0.02869225 0.00966665 0.50615120
v 0.04944444 0.00935964 0.49575651
v 0.02869225 0.00966665 0.50615120
v 0.11170294 0.00908539 0.48942928
v 0.26166131 -0.04487410 0.48768853
v -0.26250834 -0.00062505 0.47422922
v -0.26243344 0.02436668 0.48095929
v -0.19143070 0.01820576 0.48706431
v -0.19143345 -0.00353603 0.48348230
v -0.19143648 -0.02010623 0.48563057
v -0.26256561 -0.01967201 0.47556686
v -0.31769754 -0.01778945 0.46680555
v -0.31880609 0.00219562 0.46603099
v -0.31946555 0.02843385 0.47532841
v -0.11239329 0.02839007 0.49251484
v -0.11239604 0.01209743 0.49097316
v -0.19142877 0.03973003 0.49064495
v -0.19142712 0.05593263 0.49637412
v -0.11239191 0.04044043 0.49673538
v -0.06622423 0.02900438 0.49925674
v -0.05007725 0.01913341 0.49660183
v -0.05010808 0.00745533 0.49618110
v -0.02930606 0.01583253 0.50621040
v -0.02934626 0.00569255 0.50618176
v -0.05005825 0.02786388 0.50625087
v -0.02930606 0.01583253 0.50621040
v -0.05005825 0.02786388 0.50625087
v -0.06622478 0.02886312 0.51309989
v -0.05007862 0.01876719 0.51548716
v -0.05010974 0.00702110 0.51548000
v -0.02934626 0.00569255 0.50618176
v -0.11239384 0.02821633 0.51857933
v -0.11239770 0.01165274 0.51857933
v -0.11239191 0.04044566 0.51551387
v -0.19142437 0.05661632 0.51553507
v -0.19142685 0.04021078 0.51857933
v -0.19143125 0.01804000 0.51857933
v -0.11240816 -0.02218924 0.50323140
v -0.19143951 -0.02611599 0.49923967
v -0.11240513 -0.01756476 0.49210705
v -0.06629527 -0.01318067 0.49714042
v -0.05016701 -0.01517088 0.50540528
v -0.11240816 -0.02218924 0.50323140
v -0.05016701 -0.01517088 0.50540528
v -0.06629692 -0.01362315 0.51272432
v -0.11240788 -0.01823717 0.51474234
v -0.19144034 -0.02103856 0.51374448
v -0.19143951 -0.02611599 0.49923967
v -0.11239136 0.04448942 0.50631723
v -0.19142519 0.06170917 0.50640204
v -0.11239136 0.04448942 0.50631723
v -0.19142519 0.06170917 0.50640204
v -0.34632827 0.08213865 0.50557709
v -0.34801561 0.07677018 0.51532884
v -0.31711958 0.07771683 0.51551442
v -0.31667351 0.08323096 0.50631943
v -0.34632827 0.08213865 0.50557709
v -0.31667351 0.08323096 0.50631943
v -0.31713004 0.07510708 0.49477958
v -0.34802662 0.07404340 0.49334529
v -0.36113817 0.06674832 0.49384174
v -0.36263083 0.07164099 0.50363341
v -0.36263083 0.07164099 0.50363341
v -0.36113156 0.06843456 0.51193682
v -0.26235304 0.05078086 0.51857933
v -0.26243234 0.02463542 0.51857933
v -0.26229494 0.07001946 0.51555930
v -0.31847457 0.05711966 0.51857933
v -0.31946307 0.02904458 0.51857933
v -0.26227897 0.07552203 0.50649869
v -0.26227897 0.07552203 0.50649869
v -0.26230182 0.06827926 0.49575569
v -0.26258764 -0.02675204 0.49303938
v -0.26258764 -0.02675204 0.49303938
v -0.26257111 -0.02100910 0.51219427
v -0.31770414 -0.01946550 0.51085222
v -0.31733187 -0.02538549 0.48767008
v -0.31733187 -0.02538549 0.48767008
v -0.37696740 0.05113496 0.49984902
v -0.38375612 0.02619087 0.49525318
v -0.37696300 0.02697258 0.51274800
v -0.37099702 0.05299026 0.51389675
v -0.37696740 0.05113496 0.49984902
v -0.37100363 0.05131779 0.48618485
v -0.37696465 0.02659755 0.47798745
v -0.38375612 0.02619087 0.49525318
v -0.34715101 -0.02330358 0.48617108
v -0.34873730 -0.01598619 0.46423627
v -0.34715101 -0.02330358 0.48617108
v -0.34874418 -0.01772364 0.51047720
v -0.36180451 -0.01184991 0.50479538
v -0.36339520 -0.01566266 0.48756545
v -0.36339520 -0.01566266 0.48756545
v -0.36180038 -0.01081818 0.47193116
v -0.35350798 0.00306710 0.46324777
v -0.35658858 0.02826121 0.47284174
v -0.37143675 0.00284379 0.47011716
v -0.35309441 0.05642055 0.51857933
v -0.35658611 0.02887386 0.51857933
v -0.35351267 0.00191394 0.51857933
v -0.31881049 0.00109726 0.51857933
v -0.37144006 0.00197176 0.51165349
v -0.35310405 0.05400216 0.48265378
v -0.31848393 0.05478966 0.48468035
v -0.37741429 0.00238010 0.49087596
v -0.37741429 0.00238010 0.49087596
v -0.26251219 -0.00158739 0.51857933
v -0.19143676 -0.00434831 0.51857933
v -0.11240348 -0.00539409 0.51857933
v -0.05014388 -0.00545466 0.51547229
v -0.02938976 -0.00525944 0.50615120
v -0.05014195 -0.00495270 0.49575651
v -0.02938976 -0.00525944 0.50615120
v -0.11240045 -0.00467845 0.48942928
v -0.26235882 0.04928104 0.48768853
v -0.07304186 -0.01823221 0.51370428
v -0.03954186 -0.06764322 0.51370428
v -0.03502257 -0.05958928 0.55145979
v -0.06465998 -0.01587605 0.55145979
v -0.06214164 0.03687742 0.55145979
v -0.07019558 0.04139644 0.51370428
v -0.07019558 0.04139644 0.50060623
v -0.07304186 -0.01823221 0.50060623
v -0.03954186 -0.06764322 0.50060623
v -0.07304186 -0.01823221 0.48967682
v -0.03954186 -0.06764322 0.48967682
v -0.07019558 0.04139644 0.48967682
v 0.03881626 0.01321369 0.58921530
v 0.03728285 -0.01891260 0.58921530
v 0.06144413 -0.03247020 0.55145979
v 0.06396246 0.02028299 0.55145979
v 0.03432505 0.06399649 0.55145979
v 0.02076744 0.03983493 0.58921530
v 0.00993661 0.02053355 0.61019052
v 0.01226083 0.00574844 0.61753187
v 0.01798119 -0.00808176 0.61019052
v -0.00034876 0.00220361 0.62697081
v 0.00319608 -0.01040625 0.61753187
v -0.00389359 0.01481319 0.61753187
v -0.01867871 0.01248897 0.61019052
v -0.01295834 -0.00134123 0.61753187
v -0.01063412 -0.01612634 0.61019052
v 0.01066160 -0.03696141 0.58921530
v -0.02146496 -0.03542800 0.58921530
v 0.01773063 -0.06210762 0.55145979
v -0.01135912 0.04136862 0.58921530
v -0.01842814 0.06651455 0.55145979
v -0.03798036 0.02331953 0.58921530
v -0.02078457 0.07489671 0.51370428
v 0.03884435 0.07205043 0.51370428
v 0.03884435 0.07205043 0.50060623
v -0.02078457 0.07489671 0.50060623
v 0.02008706 -0.07048950 0.51370428
v 0.02008706 -0.07048950 0.50060623
v 0.06949807 -0.03698950 0.50060623
v 0.06949807 -0.03698950 0.51370428
v 0.07234435 0.02263942 0.51370428
v 0.07234435 0.02263942 0.50060623
v -0.03951378 -0.00880675 0.58921530
v 0.07234435 0.02263942 0.48967682
v 0.03884435 0.07205043 0.48967682
v 0.06949807 -0.03698950 0.48967682
v 0.02008706 -0.07048950 0.48967682
v -0.02078457 0.07489671 0.48967682
v -0.07550265 0.23587288 -0.11393059
v -0.05657272 0.29379739 -0.11545272
v -0.03808362 0.23946425 -0.27709991
v 0.07480514 0.23587288 -0.11393059
v 0.03738610 0.23946425 -0.27709991
v 0.05587520 0.29379739 -0.11545272
v 0.07480514 0.23587288 -0.11393059
v 0.06977314 0.23607553 -0.09956951
v 0.08569104 0.17626543 -0.10565857
v -0.07550265 0.23587288 -0.11393059
v -0.08638855 0.17626543 -0.10565857
v -0.07047066 0.23607553 -0.09956951
v -0.20141539 0.05598660 -0.37676257
v -0.15114859 -0.09481351 -0.37676257
v -0.16164322 -0.11634108 -0.27709991
v -0.21540805 0.04495339 -0.27709991
v -0.20141539 0.05598660 -0.37676257
v -0.21540805 0.04495339 -0.27709991
v -0.16164322 0.20624813 -0.27709991
v -0.15114859 0.20678644 -0.37676257
v -0.14156812 0.20768380 -0.46480085
v -0.18864142 0.06646444 -0.46480085
v -0.18864142 0.06646444 -0.46480085
v -0.14156812 -0.07475492 -0.46480085
v -0.14142659 0.08166257 -0.66280918
v -0.10615720 -0.02414587 -0.66280918
v -0.12304597 -0.04279054 -0.60327002
v -0.16394486 0.07990668 -0.60327002
v -0.14142659 0.08166257 -0.66280918
v -0.16394486 0.07990668 -0.60327002
v -0.12304597 0.20260389 -0.60327002
v -0.10615720 0.18747074 -0.66280918
v -0.07277174 0.15408529 -0.69451253
v -0.09276149 0.08166257 -0.70560880
v -0.09276149 0.08166257 -0.70560880
v -0.07277174 0.00923959 -0.69451253
v 0.07480514 0.23587288 -0.11393059
v 0.08569104 0.17626543 -0.10565857
v 0.09125886 0.17802133 0.01399825
v 0.07966862 0.23762877 -0.04858516
v 0.30749692 -0.04372205 0.20581317
v 0.25723315 -0.04877882 0.20581317
v 0.25569891 -0.07727216 0.15198006
v 0.30749692 -0.07469490 0.15288871
v -0.00034876 -0.11815838 0.45153472
v 0.04075334 -0.10445759 0.45153472
v 0.02733093 -0.07111013 0.45153472
v -0.00034876 -0.07830829 0.45153472
v 0.05255533 0.20510543 -0.66280918
v 0.06099971 0.22305320 -0.60327002
v 0.12234846 0.20260389 -0.60327002
v 0.10545969 0.18747074 -0.66280918
v -0.28334423 -0.00855261 0.23843040
v -0.21259536 0.20369372 0.23843040
v -0.20392244 0.19932394 0.23303302
v -0.27178042 -0.00425001 0.23303302
v -0.20392244 -0.20782369 0.23303302
v -0.21259536 -0.22079921 0.23843040
v -0.28334423 -0.00855261 0.23843040
v -0.21259536 -0.22079921 0.23843040
v -0.19928089 -0.20748474 0.37570182
v -0.26559169 -0.00855261 0.37570182
v -0.19928089 0.19037952 0.37570182
v -0.21259536 0.20369372 0.23843040
v -0.08638855 -0.16564636 -0.16824170
v -0.17242863 -0.13696661 -0.16824170
v -0.08099613 -0.14322363 -0.27709991
v 0.22909089 0.03511326 -0.16824170
v 0.24393823 0.02387766 -0.04858516
v 0.18286648 -0.15933758 -0.04858516
v 0.17173111 -0.13696661 -0.16824170
v 0.09703154 0.17627177 0.16181166
v 0.09034085 0.23587948 0.17801729
v -0.09195638 -0.18987345 -0.04858516
v -0.18356399 -0.15933758 -0.04858516
v 0.03452909 -0.00855261 0.45153472
v 0.06940693 -0.00855261 0.45153472
v 0.05501061 0.04680648 0.45153472
v 0.02733093 0.05400464 0.45153472
v -0.07550265 0.23587288 -0.11393059
v -0.03808362 0.23946425 -0.27709991
v -0.17242863 0.20719313 -0.16824170
v -0.18356399 0.20709290 -0.04858516
v -0.08036613 0.23762877 -0.04858516
v -0.00034876 -0.25102284 0.08347308
v 0.09703154 -0.21856256 0.08347308
v 0.10143822 -0.24175268 0.23303302
v -0.00034876 -0.27568168 0.23303302
v -0.06821335 -0.16690360 0.46986577
v -0.13607794 -0.14428207 0.46986577
v -0.09981482 -0.24064028 0.37570182
v -0.00034876 0.22274013 -0.66280918
v 0.03586260 0.16408016 -0.70006080
v -0.00034876 0.17407504 -0.70560880
v 0.04075334 0.08735210 0.45153472
v 0.08185544 0.07365131 0.45153472
v -0.06821335 -0.16690360 0.46986577
v -0.06767422 -0.16564553 0.45153472
v -0.13499968 -0.14320381 0.45153472
v -0.13607794 -0.14428207 0.46986577
v -0.10647192 -0.25617379 0.23843040
v -0.10213573 -0.24175268 0.23303302
v 0.06977314 0.23607553 -0.09956951
v 0.05211064 0.29012149 -0.10098976
v -0.00034876 0.30456214 -0.10098976
v -0.00034876 0.26283528 -0.09956951
v 0.07480514 0.23587288 -0.11393059
v 0.17173111 0.20719313 -0.16824170
v 0.16094571 0.20624813 -0.27709991
v 0.03738610 0.23946425 -0.27709991
v -0.10647192 -0.25617379 0.23843040
v 0.17721963 0.07463926 -0.53878533
v 0.13282767 -0.05853717 -0.53878533
v 0.12234846 -0.04279054 -0.60327002
v 0.16324735 0.07990668 -0.60327002
v -0.10647192 0.23906829 0.23843040
v -0.10213573 0.23325293 0.23303302
v -0.10647192 0.23906829 0.23843040
v -0.09981482 0.22353478 0.37570182
v -0.00034876 -0.29154808 0.23843040
v 0.10577441 -0.25617379 0.23843040
v 0.09911731 -0.24064028 0.37570182
v -0.00034876 -0.27379554 0.37570182
v 0.20071787 0.05598660 -0.37676257
v 0.21471053 0.04495339 -0.27709991
v 0.16094571 -0.11634108 -0.27709991
v 0.15045108 -0.09481351 -0.37676257
v 0.05255533 -0.04178056 -0.66280918
v 0.10545969 -0.02414587 -0.66280918
v 0.06099971 -0.06324012 -0.60327002
v 0.25933241 0.00865832 0.08347308
v 0.27108291 -0.00425001 0.23303302
v 0.20322492 -0.20782369 0.23303302
v 0.19441212 -0.18610255 0.08347308
v 0.10577441 -0.25617379 0.23843040
v 0.10143822 -0.24175268 0.23303302
v 0.20322492 -0.20782369 0.23303302
v 0.21189785 -0.22079921 0.23843040
v -0.04655499 0.08166257 -0.71274198
v -0.03656011 -0.00075529 -0.70006080
v -0.04655499 0.08166257 -0.71274198
v -0.03656011 0.16408016 -0.70006080
v 0.18062349 -0.00855261 0.46986577
v 0.17918590 -0.00855261 0.45153472
v 0.13430217 -0.14320381 0.45153472
v 0.13538043 -0.14428207 0.46986577
v -0.00034876 -0.00855261 0.45153472
v -0.00034876 0.10105289 0.45153472
v 0.06697670 0.14854004 0.45153472
v -0.00034876 0.17098177 0.45153472
v -0.00034876 0.16438855 -0.10565857
v 0.08569104 0.17626543 -0.10565857
v -0.00034876 0.17241964 0.46986577
v -0.00034876 0.17098177 0.45153472
v 0.06697670 0.14854004 0.45153472
v 0.06751584 0.14979811 0.46986577
v 0.07207423 0.15408529 -0.69451253
v -0.00034876 -0.10292913 -0.53878533
v -0.00034876 -0.08368943 -0.60327002
v 0.06623932 -0.08073301 -0.53878533
v -0.05325284 -0.04178056 -0.66280918
v -0.06169723 -0.06324012 -0.60327002
v -0.00034876 0.27444287 0.23843040
v -0.00034876 0.25669005 0.37570182
v 0.09911731 0.22353478 0.37570182
v 0.10577441 0.23906829 0.23843040
v -0.05325284 0.20510543 -0.66280918
v -0.06169723 0.22305320 -0.60327002
v -0.00034876 -0.18952513 0.46986577
v 0.06751584 -0.16690360 0.46986577
v 0.06697670 -0.16564553 0.45153472
v -0.00034876 -0.18808726 0.45153472
v -0.00034876 0.24879305 -0.37676257
v -0.00034876 0.25312043 -0.29422934
v 0.07505130 0.23191997 -0.37676257
v 0.28264672 -0.00855261 0.23843040
v 0.27108291 -0.00425001 0.23303302
v -0.00034876 0.24394747 -0.53878533
v 0.06623932 0.23001153 -0.53878533
v -0.00034876 0.23594171 -0.60327002
v -0.00034876 -0.19432638 -0.16824170
v -0.00034876 -0.17010590 -0.27709991
v 0.08029862 -0.14322363 -0.27709991
v 0.08569104 -0.16564636 -0.16824170
v -0.00034876 0.30860040 0.16009293
v -0.00034876 0.30744256 0.17401483
v 0.07622511 0.29140103 0.17401483
v 0.07802561 0.29402758 0.16009293
v -0.09103836 0.23587948 0.17801729
v -0.19510963 0.20341920 0.08347308
v -0.20392244 0.19932394 0.23303302
v -0.10213573 0.23325293 0.23303302
v -0.00034876 -0.05941526 -0.66280918
v -0.00034876 -0.01075016 -0.70560880
v 0.03586260 -0.00075529 -0.70006080
v -0.09772906 -0.21856256 0.08347308
v -0.19510963 -0.18610255 0.08347308
v -0.00034876 0.06120280 0.45153472
v -0.10213573 -0.24175268 0.23303302
v -0.20392244 -0.20782369 0.23303302
v -0.26002992 0.00865832 0.08347308
v -0.24463574 0.02387766 -0.04858516
v -0.26002992 0.00865832 0.08347308
v -0.24463574 0.02387766 -0.04858516
v -0.27178042 -0.00425001 0.23303302
v -0.27178042 -0.00425001 0.23303302
v 0.09034085 0.23587948 0.17801729
v 0.10143822 0.23325293 0.23303302
v 0.20322492 0.19932394 0.23303302
v 0.19441212 0.20341920 0.08347308
v -0.07574881 0.23191997 -0.37676257
v -0.07095857 0.23122059 -0.46480085
v 0.10925674 -0.00855261 0.45153472
v 0.08185544 -0.09075680 0.45153472
v 0.13430217 -0.14320381 0.45153472
v 0.17918590 -0.00855261 0.45153472
v -0.07574881 -0.11994677 -0.37676257
v -0.07095857 -0.09829144 -0.46480085
v 0.20071787 0.05598660 -0.37676257
v 0.18794391 0.06646444 -0.46480085
v 0.14087060 0.20768380 -0.46480085
v 0.15045108 0.20678644 -0.37676257
v 0.06697670 -0.16564553 0.45153472
v -0.00034876 0.27444287 0.23843040
v 0.10577441 0.23906829 0.23843040
v 0.10143822 0.23325293 0.23303302
v -0.00034876 0.26718165 0.23303302
v 0.07026106 0.23122059 -0.46480085
v 0.13282767 0.20781569 -0.53878533
v 0.13538043 0.12717658 0.46986577
v 0.13430217 0.12609831 0.45153472
v -0.22978840 0.03511326 -0.16824170
v -0.22978840 0.03511326 -0.16824170
v -0.06693683 0.23001153 -0.53878533
v -0.13352519 0.20781569 -0.53878533
v 0.21189785 0.20369372 0.23843040
v 0.20322492 0.19932394 0.23303302
v -0.06693683 -0.08073301 -0.53878533
v -0.13352519 -0.05853717 -0.53878533
v 0.14072907 0.08166257 -0.66280918
v 0.07207423 0.00923959 -0.69451253
v 0.09206398 0.08166257 -0.70560880
v 0.05501061 -0.06391197 0.45153472
v 0.07505130 -0.11994677 -0.37676257
v 0.07026106 -0.09829144 -0.46480085
v 0.14087060 -0.07475492 -0.46480085
v 0.04585747 0.08166257 -0.71274198
v -0.17791715 0.07463926 -0.53878533
v -0.17791715 0.07463926 -0.53878533
v -0.04145085 -0.10445759 0.45153472
v -0.08255295 -0.09075680 0.45153472
v -0.13499968 -0.14320381 0.45153472
v -0.06767422 -0.16564553 0.45153472
v -0.00034876 0.24649692 -0.46480085
v -0.02802844 -0.07111013 0.45153472
v -0.05570812 -0.06391197 0.45153472
v -0.18132101 -0.00855261 0.46986577
v -0.13607794 0.12717658 0.46986577
v -0.18132101 -0.00855261 0.46986577
v -0.17988341 -0.00855261 0.45153472
v -0.13499968 0.12609831 0.45153472
v -0.13607794 0.12717658 0.46986577
v -0.00034876 -0.22040960 -0.04858516
v 0.09125886 -0.18987345 -0.04858516
v -0.06821335 0.14979811 0.46986577
v -0.06821335 0.14979811 0.46986577
v -0.06767422 0.14854004 0.45153472
v 0.06751584 0.14979811 0.46986577
v 0.13538043 0.12717658 0.46986577
v 0.19858337 0.19037952 0.37570182
v -0.00034876 0.08166257 -0.71987543
v 0.04585747 0.08166257 -0.71274198
v 0.21471053 0.04495339 -0.27709991
v 0.17721963 0.07463926 -0.53878533
v 0.16324735 0.07990668 -0.60327002
v -0.03522660 -0.00855261 0.45153472
v -0.02802844 0.05400464 0.45153472
v -0.05570812 0.04680648 0.45153472
v -0.07010444 -0.00855261 0.45153472
v -0.10995425 -0.00855261 0.45153472
v -0.08255295 0.07365131 0.45153472
v -0.13499968 0.12609831 0.45153472
v -0.17988341 -0.00855261 0.45153472
v -0.04145085 0.08735210 0.45153472
v -0.06767422 0.14854004 0.45153472
v 0.94235804 -0.05152184 0.20581317
v 0.94235804 -0.01182457 0.16712478
v 0.86873260 0.00498876 0.16464444
v 0.86873260 -0.04234998 0.20581317
v -0.00034876 -0.18952513 0.46986577
v 0.06751584 -0.16690360 0.46986577
v 0.07966862 0.23762877 -0.04858516
v 0.18286648 0.20709290 -0.04858516
v 0.09206398 0.08166257 -0.70560880
v 0.03738610 0.23946425 -0.27709991
v -0.00034876 0.25312043 -0.29422934
v -0.00034876 0.30927445 -0.11545272
v 0.05587520 0.29379739 -0.11545272
v -0.00034876 0.17241964 0.46986577
v -0.00034876 -0.18808726 0.45153472
v -0.00034876 -0.12182823 -0.46480085
v -0.00034876 -0.14508003 -0.37676257
v 0.75673570 -0.09475403 0.02940152
v 0.86873260 -0.10546784 0.04113880
v 0.86873260 -0.08968845 0.16464444
v 0.75673570 -0.07935352 0.16171033
v 0.28264672 -0.00855261 0.23843040
v 0.26489417 -0.00855261 0.37570182
v 0.19858337 -0.20748474 0.37570182
v 0.21189785 -0.22079921 0.23843040
v -0.00034876 0.08166257 -0.71987543
v -0.00034876 -0.29154808 0.23843040
v -0.00034876 -0.27568168 0.23303302
v -0.08036613 0.23762877 -0.04858516
v -0.09103836 0.23587948 0.17801729
v -0.09772906 0.17627177 0.16181166
v -0.09195638 0.17802133 0.01399825
v -0.03808362 0.23946425 -0.27709991
v -0.05657272 0.29379739 -0.11545272
v 0.13538043 -0.14428207 0.46986577
v 0.09034085 0.23587948 0.17801729
v 0.08653884 0.25323993 0.17944442
v 0.09070899 0.25582628 0.20201970
v 0.10143822 0.23325293 0.23303302
v 0.25933241 0.00865832 0.08347308
v 0.24393823 0.02387766 -0.04858516
v 0.18062349 -0.00855261 0.46986577
v 0.14072907 0.08166257 -0.66280918
v 0.13430217 0.12609831 0.45153472
v 0.22909089 0.03511326 -0.16824170
v 0.75673570 -0.03315169 0.20581317
v 0.75673570 0.01305013 0.16171033
v -0.10213573 0.23325293 0.23303302
v -0.00034876 0.26718165 0.23303302
v -0.00034876 0.28975500 0.20201970
v -0.09140650 0.25582628 0.20201970
v -0.07550265 0.23587288 -0.11393059
v -0.08638855 0.17626543 -0.10565857
v 0.21189785 0.20369372 0.23843040
v 0.18794391 0.06646444 -0.46480085
v 0.27108291 -0.00425001 0.23303302
v 0.05587520 0.29379739 -0.11545272
v 0.05211064 0.29012149 -0.10098976
v -0.00034876 0.30927445 -0.11545272
v -0.05657272 0.29379739 -0.11545272
v -0.05280815 0.29012149 -0.10098976
v -0.00034876 0.30456214 -0.10098976
v -0.00034876 0.16817514 0.16181166
v -0.00034876 0.16800030 0.01399825
v -0.09195638 0.17802133 0.01399825
v -0.09772906 0.17627177 0.16181166
v -0.00034876 0.16438855 -0.10565857
v -0.08638855 0.17626543 -0.10565857
v 0.10143822 0.23325293 0.23303302
v 0.09070899 0.25582628 0.20201970
v -0.00034876 0.23872879 0.17801729
v -0.00034876 0.16817514 0.16181166
v -0.08723635 0.25323993 0.17944442
v -0.09140650 0.25582628 0.20201970
v -0.07692262 0.29140103 0.17401483
v -0.07872313 0.29402758 0.16009293
v 0.09703154 0.17627177 0.16181166
v 0.09125886 0.17802133 0.01399825
v -0.09103836 0.23587948 0.17801729
v -0.10213573 0.23325293 0.23303302
v -0.00034876 0.23872879 0.17801729
v -0.09103836 0.23587948 0.17801729
v -0.08723635 0.25323993 0.17944442
v -0.00034876 0.25608924 0.17944442
v 0.30749692 -0.00242473 -0.00588411
v 0.25109564 -0.01078761 -0.00951927
v 0.25569891 -0.02028548 0.15198006
v 0.30749692 -0.01274892 0.15288871
v -0.00034876 0.30744256 0.17401483
v -0.07692262 0.29140103 0.17401483
v -0.07872313 0.29402758 0.16009293
v -0.00034876 0.30860040 0.16009293
v 0.30749692 -0.04372205 0.20581317
v 0.38206074 -0.03831227 0.20581317
v 0.38206074 -0.00406002 0.15422553
v 0.38206074 -0.07256453 0.15422553
v 0.38206074 -0.03831227 0.20581317
v -0.94305555 -0.05152184 -0.10369286
v -0.94305555 -0.01182457 -0.06500474
v -0.86943011 0.00498876 -0.08236684
v -0.86943011 -0.04234998 -0.12353530
v -0.94305555 -0.05152184 -0.10369286
v -0.86943011 -0.04234998 -0.12353530
v -0.86943011 -0.08968845 -0.08236684
v -0.94305555 -0.09121911 -0.06500474
v -0.97329955 -0.08245091 -0.02790346
v -0.98388505 -0.05839096 -0.05373831
v -0.98388505 -0.05839096 -0.05373831
v -0.97329955 -0.03076938 -0.02790346
v -0.99749470 -0.06068076 0.06007314
v -0.98388505 -0.02671404 0.05781996
v -0.99749470 -0.06068076 0.06007314
v -0.98388505 -0.09006788 0.05781996
v -0.97329955 -0.08245091 0.14003847
v -0.98388505 -0.05839096 0.16937823
v -0.98388505 -0.05839096 0.16937823
v -0.97329955 -0.03076938 0.14003847
v -0.21852169 -0.05455095 0.20581317
v -0.21238390 -0.02688421 0.15126746
v -0.25639642 -0.02028548 0.15198006
v -0.25793067 -0.04877882 0.20581317
v -0.21852169 -0.05455095 0.20581317
v -0.25793067 -0.04877882 0.20581317
v -0.25639642 -0.07727216 0.15198006
v -0.21238390 -0.08221797 0.15126746
v -0.94305527 0.00140785 0.05106016
v -0.86943011 0.02076815 0.04113880
v -0.94305555 -0.01182457 0.16712478
v -0.86943011 0.00498876 0.16464444
v -0.19397134 -0.09144022 -0.01236940
v -0.25179315 -0.08677003 -0.00951927
v -0.24718987 -0.07727216 -0.17101832
v -0.17555879 -0.08221797 -0.17600598
v -0.94305555 -0.10445153 0.05106016
v -0.86943011 -0.10546784 0.04113880
v -0.86943011 -0.08968845 0.16464444
v -0.94305555 -0.09121911 0.16712478
v -0.49506795 -0.08145167 0.00744991
v -0.62625058 -0.08313901 0.01759100
v -0.62625058 -0.06938645 -0.12357577
v -0.49506795 -0.06895911 -0.14132253
v -0.38275826 -0.07256453 -0.15529922
v -0.38275826 -0.08398185 -0.00053685
v -0.38275826 -0.07256453 0.15422553
v -0.49506795 -0.06895911 0.15622236
v -0.62625058 -0.06938645 0.15875749
v -0.30819443 -0.00242473 -0.00588411
v -0.25179315 -0.01078761 -0.00951927
v -0.24718987 -0.02028548 -0.17101832
v -0.30819443 -0.01274892 -0.16465694
v -0.38275826 -0.00406002 -0.15529922
v -0.38275826 0.00735730 -0.00053685
v -0.38275826 -0.00406002 0.15422553
v -0.30819443 -0.01274892 0.15288871
v -0.75743322 0.02845065 0.02940152
v -0.62625058 0.02688171 0.01759100
v -0.62625058 0.01312916 -0.12357577
v -0.75743322 0.01305013 -0.10290701
v -0.75743322 0.01305013 0.16171033
v -0.62625058 0.01312916 0.15875749
v -0.94305555 -0.05152184 0.20581317
v -0.94305555 -0.05152184 0.20581317
v -0.86943011 -0.04234998 0.20581317
v -0.86943011 -0.04234998 0.20581317
v -0.49506795 -0.03148170 0.20581317
v -0.49506795 0.00599598 0.15622236
v -0.62625058 -0.02812878 0.20581317
v -0.49506795 -0.03148170 0.20581317
v -0.62625058 -0.02812878 0.20581317
v -0.38275826 -0.03831227 0.20581317
v -0.38275826 -0.03831227 0.20581317
v -0.30819443 -0.04372205 -0.21758113
v -0.24565563 -0.04877882 -0.22485143
v -0.30819443 -0.04372205 -0.21758113
v -0.24565563 -0.04877882 -0.22485143
v -0.30819443 -0.07469490 -0.16465694
v -0.38275826 -0.03831227 -0.20688659
v -0.38275826 -0.03831227 -0.20688659
v -0.75743322 -0.03315169 -0.14700986
v -0.62625058 -0.02812878 -0.17063118
v -0.75743322 -0.03315169 -0.14700986
v -0.62625058 -0.02812878 -0.17063118
v -0.75743322 -0.07935352 -0.10290701
v -0.49506795 -0.03148170 -0.19091335
v -0.49506795 0.00599598 -0.14132253
v -0.49506795 -0.03148170 -0.19091335
v -0.75743322 -0.03315169 0.20581317
v -0.75743322 -0.03315169 0.20581317
v -0.75743322 -0.07935352 0.16171033
v -0.49506795 0.01848827 0.00744991
v -0.75743322 -0.09475403 0.02940152
v -0.16942127 -0.05455095 -0.23055169
v -0.16942127 -0.05455095 -0.23055169
v -0.17555879 -0.02688421 -0.17600598
v -0.19397134 -0.01766196 -0.01236940
v -0.30819443 -0.08501936 -0.00588411
v -0.30819443 -0.07469490 0.15288871
v -0.30819443 -0.04372205 0.20581317
v -0.30819443 -0.04372205 0.20581317
v 0.21782418 -0.05455095 0.20581317
v 0.25723315 -0.04877882 0.20581317
v 0.21168638 -0.02688421 0.15126746
v 0.07802561 0.29402758 0.16009293
v 0.08653884 0.25323993 0.17944442
v 0.75673570 0.02845065 0.02940152
v 0.86873260 0.02076815 0.04113880
v 0.49437044 0.01848827 0.00744991
v 0.49437044 0.00599598 0.15622236
v 0.62555307 0.01312916 0.15875749
v 0.62555307 0.02688171 0.01759100
v 0.62555307 -0.02812878 0.20581317
v 0.94235804 -0.10445153 0.05106016
v 0.98318754 -0.09006788 0.05781996
v 0.97260204 -0.08245091 0.14003847
v 0.94235804 -0.09121911 0.16712478
v 0.30749692 -0.08501936 -0.00588411
v 0.38206074 -0.08398185 -0.00053685
v 0.62555307 -0.06938645 0.15875749
v 0.62555307 -0.08313901 0.01759100
v 0.19327383 -0.01766196 -0.01236940
v 0.24649236 -0.02028548 -0.17101832
v 0.17486127 -0.02688421 -0.17600598
v 0.30749692 -0.01274892 -0.16465694
v 0.49437044 -0.03148170 -0.19091335
v 0.49437044 0.00599598 -0.14132253
v 0.62555307 0.01312916 -0.12357577
v 0.62555307 -0.02812878 -0.17063118
v 0.75673570 0.01305013 -0.10290701
v 0.19327383 -0.09144022 -0.01236940
v 0.25109564 -0.08677003 -0.00951927
v 0.21168638 -0.08221797 0.15126746
v 0.75673570 -0.07935352 -0.10290701
v 0.86873260 -0.08968845 -0.08236684
v 0.99679719 -0.06068076 0.06007314
v 0.98318754 -0.02671404 0.05781996
v 0.97260204 -0.03076938 0.14003847
v 0.98318754 -0.05839096 0.16937823
v 0.94235804 -0.05152184 -0.10369286
v 0.98318754 -0.05839096 -0.05373831
v 0.97260204 -0.08245091 -0.02790346
v 0.94235804 -0.09121911 -0.06500474
v 0.38206074 0.00735730 -0.00053685
v 0.62555307 -0.06938645 -0.12357577
v 0.07622511 0.29140103 0.17401483
v 0.49437044 -0.03148170 0.20581317
v 0.49437044 -0.06895911 0.15622236
v 0.17486127 -0.08221797 -0.17600598
v 0.24649236 -0.07727216 -0.17101832
v 0.75673570 -0.03315169 0.20581317
v 0.86873260 -0.04234998 0.20581317
v 0.09034085 0.23587948 0.17801729
v 0.49437044 -0.03148170 0.20581317
v 0.62555307 -0.02812878 0.20581317
v 0.21782418 -0.05455095 0.20581317
v 0.75673570 -0.03315169 -0.14700986
v 0.49437044 -0.03148170 -0.19091335
v 0.62555307 -0.02812878 -0.17063118
v 0.49437044 -0.06895911 -0.14132253
v 0.30749692 -0.07469490 -0.16465694
v 0.38206074 -0.07256453 -0.15529922
v 0.86873260 0.00498876 -0.08236684
v 0.30749692 -0.04372205 -0.21758113
v 0.24495812 -0.04877882 -0.22485143
v 0.08569104 0.17626543 -0.10565857
v 0.94235776 0.00140785 0.05106016
v 0.38206074 -0.00406002 -0.15529922
v 0.38206074 -0.03831227 -0.20688659
v 0.16872376 -0.05455095 -0.23055169
v 0.24495812 -0.04877882 -0.22485143
v 0.94235804 -0.05152184 -0.10369286
v 0.86873260 -0.04234998 -0.12353530
v 0.94235804 -0.01182457 -0.06500474
v 0.49437044 -0.08145167 0.00744991
v 0.30749692 -0.04372205 -0.21758113
v 0.38206074 -0.03831227 -0.20688659
v 0.98318754 -0.05839096 -0.05373831
v 0.97260204 -0.03076938 -0.02790346
v 0.75673570 -0.03315169 -0.14700986
v 0.86873260 -0.04234998 -0.12353530
v 0.99679719 -0.06068076 0.06007314
v 0.94235804 -0.05152184 0.20581317
v 0.16872376 -0.05455095 -0.23055169
v 0.98318754 -0.05839096 0.16937823
v -0.07047066 0.23607553 -0.09956951
v -0.08638855 0.17626543 -0.10565857
v -0.05280815 0.29012149 -0.10098976
v -0.03827636 0.44238094 -0.57623273
v -0.03827636 0.41133072 -0.56487736
v -0.02879446 0.41133072 -0.47971124
v -0.02879446 0.44238094 -0.49958314
v -0.02141980 0.46167379 -0.52933317
v -0.02879446 0.46842643 -0.58575786
v -0.02141980 0.46167379 -0.63724362
v -0.02879446 0.44238094 -0.65288232
v -0.02879446 0.41133072 -0.65004347
v -0.00034876 0.44238094 -0.67843218
v -0.00034876 0.41133072 -0.67843218
v -0.00034876 0.46842643 -0.65605736
v 0.03757885 0.34331331 -0.54261571
v 0.02809695 0.34331331 -0.64447813
v 0.02809695 0.36654501 -0.64611205
v 0.03757885 0.36654501 -0.54915193
v 0.03757885 0.26462449 -0.52233959
v 0.02809695 0.25823668 -0.63940896
v 0.02809695 0.30989288 -0.64242651
v 0.03757885 0.31148963 -0.53440950
v 0.03757885 0.38763478 -0.55621159
v 0.02809695 0.38763478 -0.64787703
v 0.02809695 0.41133072 -0.65004347
v 0.03757885 0.41133072 -0.56487736
v -0.00034876 0.34331331 -0.40679924
v -0.00034876 0.31361918 -0.39038654
v 0.02809695 0.31308665 -0.42639221
v 0.02809695 0.34331331 -0.44075328
v 0.03757885 0.44238094 -0.57623273
v 0.02809695 0.46842643 -0.58575786
v 0.02072229 0.46167379 -0.52933317
v 0.02809695 0.44238094 -0.49958314
v -0.00034876 0.34331331 -0.67843218
v -0.00034876 0.30936064 -0.67843218
v -0.00034876 0.25610741 -0.67843218
v 0.02809695 0.19746286 -0.63590873
v -0.00034876 0.19320432 -0.67843218
v -0.00034876 0.44238094 -0.47403328
v -0.00034876 0.46842643 -0.51545836
v -0.00034876 0.41133072 -0.45132254
v 0.02809695 0.41133072 -0.47971124
v 0.02809695 0.38763478 -0.46454587
v -0.00034876 0.47710817 -0.58893290
v -0.00034876 0.38763478 -0.67843218
v -0.00034876 0.36654501 -0.67843218
v 0.02809695 0.36654501 -0.45219181
v -0.00034876 0.34331331 -0.40679924
v -0.00034876 0.36654501 -0.41987168
v -0.02879446 0.36654501 -0.45219181
v -0.02879446 0.34331331 -0.44075328
v -0.02879446 0.31308665 -0.42639221
v -0.00034876 0.31361918 -0.39038654
v 0.03757885 0.21023821 -0.50833785
v -0.00034876 0.38763478 -0.43399073
v -0.00034876 0.41133072 -0.45132254
v -0.00034876 0.44238094 -0.67843218
v 0.02809695 0.44238094 -0.65288232
v -0.00034876 0.41133072 -0.67843218
v -0.00034876 0.34331331 -0.67843218
v -0.00034876 0.30936064 -0.67843218
v -0.02879446 0.30989288 -0.64242651
v -0.02879446 0.34331331 -0.64447813
v -0.02879446 0.36654501 -0.64611205
v -0.00034876 0.36654501 -0.67843218
v -0.00034876 0.36654501 -0.41987168
v -0.03827636 0.34331331 -0.54261571
v -0.03827636 0.31148963 -0.53440950
v -0.03827636 0.36654501 -0.54915193
v -0.00034876 0.44238094 -0.47403328
v -0.00034876 0.46842643 -0.51545836
v -0.00034876 0.38763478 -0.43399073
v -0.02879446 0.38763478 -0.46454587
v -0.00034876 0.47710817 -0.58893290
v 0.02072229 0.46167379 -0.63724362
v -0.00034876 0.46842643 -0.65605736
v -0.00034876 0.38763478 -0.67843218
v -0.02879446 0.38763478 -0.64787703
v -0.03827636 0.38763478 -0.55621159
v -0.03827636 0.26462449 -0.52233959
v -0.03827636 0.21023821 -0.50833785
v -0.02879446 0.22301383 -0.38076724
v -0.02879446 0.27101230 -0.40526995
v -0.02879446 0.25823668 -0.63940896
v -0.02879446 0.19746286 -0.63590873
v -0.00034876 0.25610741 -0.67843218
v -0.00034876 0.19320432 -0.67843218
v 0.02809695 0.27101230 -0.40526995
v 0.02809695 0.22301383 -0.38076724
v -0.00034876 0.27314157 -0.36624673
v -0.00034876 0.22727237 -0.33824379
v -0.00034876 0.27314157 -0.36624673
v -0.00034876 0.22727237 -0.33824379
v -0.42396278 -0.12323223 0.07642113
v -0.42226636 -0.06811379 0.06820225
v -0.39305739 -0.06492718 0.07742698
v -0.39475381 -0.11423356 0.09254939
v -0.39475381 -0.11423356 0.09254939
v -0.39305739 -0.06492718 0.07742698
v -0.39305739 -0.05983048 0.11160709
v -0.39475381 -0.10913686 0.12672978
v -0.42226636 -0.05792039 0.13656275
v -0.42396278 -0.11303883 0.14478163
v -0.45147533 -0.06107093 0.11956246
v -0.45317203 -0.12203722 0.12865336
v -0.45147533 -0.06616763 0.08538235
v -0.45317203 -0.12713392 0.09447298
v -0.42903332 -0.23129109 0.11000429
v -0.44555836 -0.18019660 0.10238539
v -0.41634940 -0.17629464 0.08433354
v -0.39982436 -0.22738941 0.09195216
v -0.42903332 -0.22619439 0.14418440
v -0.44555836 -0.17509990 0.13656550
v -0.39982436 -0.21719600 0.16031293
v -0.41634940 -0.16610124 0.15269404
v -0.37061511 -0.21329404 0.14226081
v -0.38714043 -0.16219955 0.13464192
v -0.37061511 -0.21839074 0.10808070
v -0.38714043 -0.16729625 0.10046181
v -0.38714043 -0.16729625 0.10046181
v -0.37061511 -0.21839074 0.10808070
v -0.37518232 -0.27669166 0.09930369
v -0.34597335 -0.26769299 0.11543223
v -0.34597335 -0.26769299 0.11543223
v -0.34597335 -0.26259629 0.14961234
v -0.37518232 -0.26649825 0.16766446
v -0.40439156 -0.27549664 0.15153593
v -0.40439156 -0.28059334 0.11735581
v 0.40369405 -0.27549664 0.15153593
v 0.40369405 -0.28059334 0.11735581
v 0.42833581 -0.23129109 0.11000429
v 0.42833581 -0.22619439 0.14418440
v 0.34527584 -0.26769299 0.11543223
v 0.34527584 -0.26259629 0.14961234
v 0.36991760 -0.21329404 0.14226081
v 0.36991760 -0.21839074 0.10808070
v 0.45247451 -0.12203722 0.12865336
v 0.45247451 -0.12713392 0.09447298
v 0.45077781 -0.06616763 0.08538235
v 0.45077781 -0.06107093 0.11956246
v 0.44486085 -0.17509990 0.13656550
v 0.44486085 -0.18019660 0.10238539
v 0.39912684 -0.21719600 0.16031293
v 0.41565188 -0.16610124 0.15269404
v 0.37448480 -0.27669166 0.09930369
v 0.34527584 -0.26769299 0.11543223
v 0.36991760 -0.21839074 0.10808070
v 0.39912684 -0.22738941 0.09195216
v 0.41565188 -0.17629464 0.08433354
v 0.38644291 -0.16219955 0.13464192
v 0.38644291 -0.16729625 0.10046181
v 0.39405630 -0.10913686 0.12672978
v 0.39405630 -0.11423356 0.09254939
v 0.37448480 -0.26649825 0.16766446
v 0.38644291 -0.16729625 0.10046181
v 0.39235988 -0.05983048 0.11160709
v 0.39235988 -0.06492718 0.07742698
v 0.42326527 -0.12323223 0.07642113
v 0.42326527 -0.11303883 0.14478163
v 0.39405630 -0.11423356 0.09254939
v 0.42156885 -0.05792039 0.13656275
v 0.39235988 -0.06492718 0.07742698
v 0.42156885 -0.06811379 0.06820225
v -0.46672881 -0.28248031 0.04566415
v -0.42806602 -0.26812061 0.06987968
v -0.41273379 -0.30940168 0.08812014
v -0.44543473 -0.33981310 0.07099704
v -0.40638288 -0.32650082 0.13215662
v -0.43661449 -0.36356108 0.13215662
v -0.41273379 -0.30940168 0.17619283
v -0.44543473 -0.33981310 0.19331593
v -0.42806602 -0.26812061 0.19443329
v -0.46672881 -0.28248031 0.21864909
v -0.44339798 -0.22683953 0.17619283
v -0.48802261 -0.22514752 0.19331593
v -0.44974889 -0.20974039 0.13215662
v -0.49684285 -0.20139954 0.13215662
v -0.44339798 -0.22683953 0.17619283
v -0.42806602 -0.26812061 0.19443329
v -0.44135847 -0.27305761 0.14497079
v -0.44451314 -0.26456338 0.14121752
v -0.44339798 -0.22683953 0.08812014
v -0.48802261 -0.22514752 0.07099704
v -0.42806602 -0.26812061 0.06987968
v -0.46672881 -0.28248031 0.04566415
v -0.48950261 -0.35040300 0.18790010
v -0.50891110 -0.29814736 0.21098972
v -0.51791747 -0.30149229 0.17106337
v -0.50833865 -0.32728226 0.15966779
v -0.52831931 -0.24589145 0.07641287
v -0.50891110 -0.29814736 0.05332325
v -0.53635839 -0.22424658 0.13215662
v -0.52831931 -0.24589145 0.18790010
v -0.48146353 -0.37204814 0.13215662
v -0.48950261 -0.35040300 0.07641287
v -0.50891110 -0.29814736 0.05332325
v -0.52749602 -0.27570233 0.10464518
v -0.51791747 -0.30149229 0.09324960
v -0.46691109 -0.28254804 0.11434543
v -0.47129629 -0.27074192 0.11956218
v -0.52749602 -0.27570233 0.10464518
v -0.53146352 -0.26501991 0.13215662
v -0.50437115 -0.33796496 0.13215662
v -0.50833865 -0.32728226 0.10464518
v -0.52749602 -0.27570233 0.15966779
v -0.51791747 -0.30149229 0.09324960
v -0.51791747 -0.30149229 0.09324960
v -0.52749602 -0.27570233 0.15966779
v -0.53146352 -0.26501991 0.13215662
v -0.47311249 -0.26585146 0.13215662
v -0.47129629 -0.27074192 0.14475079
v -0.50833865 -0.32728226 0.15966779
v -0.51791747 -0.30149229 0.17106337
v -0.46691109 -0.28254804 0.14996754
v -0.46252616 -0.29435444 0.14475079
v -0.50833865 -0.32728226 0.10464518
v -0.50437115 -0.33796496 0.13215662
v -0.46070997 -0.29924490 0.13215662
v -0.46252616 -0.29435444 0.11956218
v -0.51791747 -0.30149229 0.09324960
v -0.46691109 -0.28254804 0.11434543
v -0.44451314 -0.26456338 0.12309545
v -0.44581994 -0.26104498 0.13215662
v -0.41447647 -0.24959764 0.13215662
v -0.41318839 -0.25306620 0.12322404
v -0.42806602 -0.26812061 0.06987968
v -0.44339798 -0.22683953 0.08812014
v -0.44451314 -0.26456338 0.12309545
v -0.44135847 -0.27305761 0.11934218
v -0.41273379 -0.30940168 0.08812014
v -0.42806602 -0.26812061 0.06987968
v -0.44135847 -0.27305761 0.11934218
v -0.43820353 -0.28155156 0.12309545
v -0.41273379 -0.30940168 0.17619283
v -0.40638288 -0.32650082 0.13215662
v -0.43689673 -0.28506996 0.13215662
v -0.43820353 -0.28155156 0.14121752
v -0.44974889 -0.20974039 0.13215662
v -0.44581994 -0.26104498 0.13215662
v -0.44451314 -0.26456338 0.14121752
v -0.44135847 -0.27305761 0.14497079
v -0.41007833 -0.26143983 0.14478906
v -0.41318839 -0.25306620 0.14108920
v -0.43820353 -0.28155156 0.14121752
v -0.43689673 -0.28506996 0.13215662
v -0.40567992 -0.27328201 0.13215662
v -0.40696827 -0.26981345 0.14108920
v -0.43820353 -0.28155156 0.12309545
v -0.44135847 -0.27305761 0.11934218
v -0.41007833 -0.26143983 0.11952391
v -0.40696827 -0.26981345 0.12322404
v -0.44135847 -0.27305761 0.11934218
v -0.41007833 -0.26143983 0.11952391
v 0.46603130 -0.28248031 0.04566415
v 0.44473722 -0.33981310 0.07099704
v 0.41203628 -0.30940168 0.08812014
v 0.42736851 -0.26812061 0.06987968
v 0.46603130 -0.28248031 0.21864909
v 0.48732510 -0.22514752 0.19331593
v 0.44270047 -0.22683953 0.17619283
v 0.42736851 -0.26812061 0.19443329
v 0.48732510 -0.22514752 0.07099704
v 0.46603130 -0.28248031 0.04566415
v 0.42736851 -0.26812061 0.06987968
v 0.44270047 -0.22683953 0.08812014
v 0.41203628 -0.30940168 0.17619283
v 0.43750602 -0.28155156 0.14121752
v 0.43619921 -0.28506996 0.13215662
v 0.40568537 -0.32650082 0.13215662
v 0.50821358 -0.29814736 0.21098972
v 0.52762180 -0.24589145 0.18790010
v 0.48880509 -0.35040300 0.18790010
v 0.44473722 -0.33981310 0.19331593
v 0.42736851 -0.26812061 0.06987968
v 0.44066096 -0.27305761 0.11934218
v 0.44381563 -0.26456338 0.12309545
v 0.44270047 -0.22683953 0.08812014
v 0.53566087 -0.22424658 0.13215662
v 0.52762180 -0.24589145 0.07641287
v 0.49614533 -0.20139954 0.13215662
v 0.50764113 -0.32728226 0.15966779
v 0.51721996 -0.30149229 0.17106337
v 0.50821358 -0.29814736 0.05332325
v 0.51721996 -0.30149229 0.09324960
v 0.50764113 -0.32728226 0.10464518
v 0.48880509 -0.35040300 0.07641287
v 0.44905138 -0.20974039 0.13215662
v 0.48076602 -0.37204814 0.13215662
v 0.43591698 -0.36356108 0.13215662
v 0.53076600 -0.26501991 0.13215662
v 0.52679851 -0.27570233 0.10464518
v 0.50821358 -0.29814736 0.05332325
v 0.44270047 -0.22683953 0.17619283
v 0.44381563 -0.26456338 0.14121752
v 0.44066096 -0.27305761 0.14497079
v 0.42736851 -0.26812061 0.19443329
v 0.41203628 -0.30940168 0.17619283
v 0.40568537 -0.32650082 0.13215662
v 0.51721996 -0.30149229 0.17106337
v 0.46621358 -0.28254804 0.14996754
v 0.47059878 -0.27074192 0.14475079
v 0.52679851 -0.27570233 0.15966779
v 0.51721996 -0.30149229 0.09324960
v 0.53076600 -0.26501991 0.13215662
v 0.47241497 -0.26585146 0.13215662
v 0.47059878 -0.27074192 0.11956218
v 0.52679851 -0.27570233 0.10464518
v 0.50367364 -0.33796496 0.13215662
v 0.50764113 -0.32728226 0.15966779
v 0.46182865 -0.29435444 0.14475079
v 0.52679851 -0.27570233 0.15966779
v 0.50764113 -0.32728226 0.10464518
v 0.46182865 -0.29435444 0.11956218
v 0.46001245 -0.29924490 0.13215662
v 0.50367364 -0.33796496 0.13215662
v 0.46621358 -0.28254804 0.11434543
v 0.51721996 -0.30149229 0.09324960
v 0.44381563 -0.26456338 0.14121752
v 0.41249088 -0.25306620 0.14108920
v 0.40938082 -0.26143983 0.14478906
v 0.44066096 -0.27305761 0.14497079
v 0.41203628 -0.30940168 0.08812014
v 0.43750602 -0.28155156 0.12309545
v 0.44066096 -0.27305761 0.11934218
v 0.42736851 -0.26812061 0.06987968
v 0.44905138 -0.20974039 0.13215662
v 0.44512243 -0.26104498 0.13215662
v 0.51721996 -0.30149229 0.09324960
v 0.46621358 -0.28254804 0.11434543
v 0.43619921 -0.28506996 0.13215662
v 0.40498240 -0.27328201 0.13215662
v 0.40627076 -0.26981345 0.12322404
v 0.43750602 -0.28155156 0.12309545
v 0.40627076 -0.26981345 0.14108920
v 0.43750602 -0.28155156 0.14121752
v 0.44381563 -0.26456338 0.12309545
v 0.41249088 -0.25306620 0.12322404
v 0.41377896 -0.24959764 0.13215662
v 0.44512243 -0.26104498 0.13215662
v 0.40938082 -0.26143983 0.11952391
v 0.44066096 -0.27305761 0.11934218
v 0.44066096 -0.27305761 0.11934218
v 0.40938082 -0.26143983 0.11952391
v -0.37518232 -0.27669166 0.09930369
v -0.34597335 -0.26769299 0.11543223
v -0.34597335 -0.26259629 0.14961234
v -0.37518232 -0.26649825 0.16766446
v -0.40439156 -0.27549664 0.15153593
v -0.40439156 -0.28059334 0.11735581
v 0.37448480 -0.27669166 0.09930369
v 0.40369405 -0.28059334 0.11735581
v 0.40369405 -0.27549664 0.15153593
v 0.37448480 -0.26649825 0.16766446
v 0.34527584 -0.26259629 0.14961234
v 0.34527584 -0.26769299 0.11543223
v -0.46691109 -0.28254804 0.11434543
v -0.46252616 -0.29435444 0.11956218
v -0.46070997 -0.29924490 0.13215662
v -0.46252616 -0.29435444 0.14475079
v -0.46691109 -0.28254804 0.14996754
v -0.47129629 -0.27074192 0.14475079
v -0.47311249 -0.26585146 0.13215662
v -0.47129629 -0.27074192 0.11956218
v 0.46621358 -0.28254804 0.11434543
v 0.47059878 -0.27074192 0.11956218
v 0.47241497 -0.26585146 0.13215662
v 0.47059878 -0.27074192 0.14475079
v 0.46621358 -0.28254804 0.14996754
v 0.46182865 -0.29435444 0.14475079
v 0.46001245 -0.29924490 0.13215662
v 0.46182865 -0.29435444 0.11956218
vn -0.1350 -0.0926 -0.9865
vn -0.1089 -0.2560 -0.9605
vn -0.0811 -0.1740 -0.9814
vn -0.1007 -0.0211 -0.9947
vn -0.0912 0.6115 -0.7859
vn -0.1000 0.5947 -0.7977
vn -0.0630 0.5882 -0.8063
vn -0.1094 -0.1443 -0.9835
vn -0.0887 -0.3213 -0.9428
vn -0.0840 -0.2337 -0.9687
vn -0.0739 -0.1006 -0.9922
vn -0.0724 -0.2638 -0.9619
vn -0.1311 -0.6455 -0.7524
vn -0.1658 -0.6684 -0.7251
vn -0.2183 -0.6849 -0.6952
vn -0.3049 -0.3583 -0.8824
vn -0.2661 -0.0431 -0.9630
vn -0.9194 -0.3932 0.0109
vn -0.9998 -0.0163 0.0149
vn -0.4350 -0.9003 0.0180
vn -0.9194 -0.3931 0.0110
vn -0.4349 -0.9003 0.0178
vn -0.2096 -0.6503 0.7302
vn -0.2859 -0.3160 0.9046
vn -0.2331 0.0015 0.9724
vn -0.9998 -0.0163 0.0151
vn -0.0495 -0.1326 0.9899
vn -0.0249 -0.0000 0.9997
vn -0.1552 -0.6252 0.7649
vn -0.1158 -0.5854 0.8025
vn -0.0167 -0.0955 0.9953
vn -0.0000 -0.0000 1.0000
vn -0.0841 0.9960 -0.0307
vn -0.0331 0.9988 -0.0357
vn -0.1043 0.6336 -0.7666
vn -0.1535 0.6482 -0.7458
vn -0.3441 0.9388 -0.0176
vn -0.0841 0.9960 -0.0305
vn -0.3442 0.9387 -0.0178
vn -0.1131 0.6974 0.7077
vn -0.0509 0.6941 0.7181
vn 0.0004 0.6988 0.7154
vn -0.0331 0.9988 -0.0356
vn -0.2315 -0.9728 0.0040
vn -0.1954 -0.9807 -0.0092
vn -0.2315 -0.9728 0.0042
vn 0.2574 -0.9657 -0.0328
vn 0.2561 -0.5981 0.7594
vn -0.0265 -0.5761 0.8170
vn -0.0560 -0.9980 -0.0304
vn -0.0560 -0.9980 -0.0303
vn -0.0561 -0.6590 -0.7501
vn 0.1840 -0.6885 -0.7015
vn 0.4991 -0.6423 -0.5817
vn 0.6743 -0.7375 -0.0391
vn 0.6743 -0.7374 -0.0389
vn 0.5845 -0.5261 0.6177
vn -0.0122 -0.0809 0.9966
vn -0.0923 -0.5619 0.8220
vn -0.0030 -0.0794 0.9968
vn -0.1615 -0.9866 -0.0225
vn -0.1130 -0.6397 -0.7603
vn -0.0024 0.9989 -0.0460
vn -0.0024 0.9989 -0.0458
vn 0.0266 0.7193 0.6942
vn 0.0435 0.7455 0.6651
vn 0.0329 0.9980 -0.0541
vn 0.0329 0.9980 -0.0543
vn 0.9102 -0.4141 -0.0064
vn 0.9997 -0.0221 -0.0058
vn 0.7186 0.0276 0.6949
vn 0.6560 -0.2792 0.7012
vn 0.9102 -0.4142 -0.0065
vn 0.5943 -0.4733 -0.6502
vn 0.7120 -0.1925 -0.6753
vn 0.9997 -0.0222 -0.0060
vn 0.2460 0.9677 -0.0554
vn 0.2066 0.5954 -0.7764
vn 0.2460 0.9677 -0.0552
vn 0.2301 0.7533 0.6161
vn 0.5650 0.7069 0.4255
vn 0.6291 0.7765 -0.0347
vn 0.6292 0.7765 -0.0349
vn 0.6010 0.6003 -0.5277
vn 0.1694 -0.0762 -0.9826
vn 0.1191 -0.3363 -0.9342
vn 0.6993 0.1786 -0.6921
vn 0.1643 -0.1250 0.9785
vn 0.1571 0.0107 0.9875
vn 0.1960 0.2451 0.9495
vn 0.0109 0.1776 0.9840
vn 0.6668 0.3824 0.6396
vn 0.1139 -0.4324 -0.8944
vn -0.0659 -0.3797 -0.9228
vn 0.9115 0.4109 -0.0193
vn 0.9115 0.4109 -0.0194
vn 0.0103 0.1602 0.9870
vn 0.0049 0.1474 0.9891
vn -0.0266 0.1575 0.9872
vn -0.2526 0.3307 0.9093
vn -0.9020 0.4315 0.0155
vn -0.2931 0.2832 -0.9132
vn -0.9020 0.4314 0.0157
vn -0.0890 0.0585 -0.9943
vn -0.0858 -0.3251 -0.9418
vn 0.1350 0.0925 -0.9865
vn 0.1089 0.2561 -0.9605
vn 0.0811 0.1740 -0.9814
vn 0.1007 0.0212 -0.9947
vn 0.0912 -0.6115 -0.7859
vn 0.1000 -0.5947 -0.7977
vn 0.0630 -0.5882 -0.8063
vn 0.1094 0.1443 -0.9835
vn 0.0887 0.3213 -0.9428
vn 0.0840 0.2336 -0.9687
vn 0.0739 0.1006 -0.9922
vn 0.0724 0.2638 -0.9619
vn 0.1310 0.6455 -0.7524
vn 0.1658 0.6684 -0.7251
vn 0.2183 0.6849 -0.6952
vn 0.3049 0.3583 -0.8824
vn 0.2661 0.0431 -0.9630
vn 0.9194 0.3932 0.0109
vn 0.9998 0.0163 0.0149
vn 0.4350 0.9003 0.0180
vn 0.9194 0.3931 0.0110
vn 0.4349 0.9003 0.0178
vn 0.2096 0.6503 0.7302
vn 0.2859 0.3160 0.9047
vn 0.2331 -0.0015 0.9724
vn 0.9998 0.0163 0.0151
vn 0.0495 0.1326 0.9899
vn 0.0249 -0.0000 0.9997
vn 0.1552 0.6252 0.7649
vn 0.1158 0.5854 0.8025
vn 0.0167 0.0955 0.9953
vn 0.0841 -0.9960 -0.0307
vn 0.0331 -0.9988 -0.0357
vn 0.1043 -0.6336 -0.7666
vn 0.1536 -0.6482 -0.7458
vn 0.3441 -0.9388 -0.0176
vn 0.0841 -0.9960 -0.0305
vn 0.3442 -0.9387 -0.0178
vn 0.1131 -0.6974 0.7077
vn 0.0509 -0.6941 0.7181
vn -0.0004 -0.6987 0.7154
vn 0.0331 -0.9988 -0.0356
vn 0.2315 0.9728 0.0040
vn 0.1954 0.9807 -0.0092
vn 0.2315 0.9728 0.0042
vn -0.2574 0.9657 -0.0328
vn -0.2561 0.5980 0.7594
vn 0.0266 0.5761 0.8169
vn 0.0560 0.9980 -0.0304
vn 0.0560 0.9980 -0.0303
vn 0.0561 0.6590 -0.7501
vn -0.1840 0.6885 -0.7015
vn -0.4991 0.6423 -0.5817
vn -0.6743 0.7375 -0.0391
vn -0.6743 0.7374 -0.0389
vn -0.5845 0.5261 0.6177
vn 0.0122 0.0810 0.9966
vn 0.0923 0.5619 0.8220
vn 0.0030 0.0794 0.9968
vn 0.1615 0.9866 -0.0225
vn 0.1130 0.6397 -0.7603
vn 0.0024 -0.9989 -0.0460
vn 0.0024 -0.9989 -0.0458
vn -0.0266 -0.7193 0.6942
vn -0.0435 -0.7455 0.6651
vn -0.0329 -0.9980 -0.0541
vn -0.0329 -0.9980 -0.0543
vn -0.9102 0.4141 -0.0064
vn -0.9997 0.0221 -0.0058
vn -0.7186 -0.0276 0.6949
vn -0.6560 0.2792 0.7012
vn -0.9102 0.4142 -0.0065
vn -0.5943 0.4733 -0.6502
vn -0.7120 0.1925 -0.6753
vn -0.9997 0.0222 -0.0060
vn -0.2460 -0.9677 -0.0554
vn -0.2066 -0.5954 -0.7764
vn -0.2460 -0.9677 -0.0552
vn -0.2301 -0.7533 0.6161
vn -0.5651 -0.7068 0.4255
vn -0.6291 -0.7765 -0.0347
vn -0.6292 -0.7765 -0.0349
vn -0.6010 -0.6003 -0.5277
vn -0.1694 0.0762 -0.9826
vn -0.1191 0.3363 -0.9342
vn -0.6993 -0.1786 -0.6921
vn -0.1644 0.1250 0.9785
vn -0.1571 -0.0107 0.9875
vn -0.1960 -0.2451 0.9495
vn -0.0109 -0.1776 0.9840
vn -0.6668 -0.3824 0.6396
vn -0.1140 0.4324 -0.8944
vn 0.0659 0.3797 -0.9228
vn -0.9115 -0.4109 -0.0193
vn -0.9115 -0.4109 -0.0194
vn -0.0102 -0.1602 0.9870
vn -0.0049 -0.1474 0.9891
vn 0.0266 -0.1575 0.9872
vn 0.2526 -0.3307 0.9093
vn 0.9020 -0.4315 0.0155
vn 0.2931 -0.2832 -0.9132
vn 0.9020 -0.4314 0.0157
vn 0.0890 -0.0585 -0.9943
vn 0.0858 0.3251 -0.9418
vn -0.9568 -0.2690 0.1106
vn -0.4861 -0.8662 0.1158
vn -0.4479 -0.7982 0.4027
vn -0.8862 -0.2491 0.3907
vn -0.7982 0.4479 0.4027
vn -0.8662 0.4861 0.1158
vn -0.8721 0.4894 -0.0000
vn -0.9627 -0.2706 -0.0000
vn -0.4894 -0.8721 -0.0000
vn 0.7478 0.2102 0.6298
vn 0.6655 -0.3734 0.6463
vn 0.7982 -0.4479 0.4027
vn 0.8862 0.2491 0.3907
vn 0.4479 0.7982 0.4027
vn 0.3734 0.6655 0.6463
vn 0.3331 0.5936 0.7326
vn 0.5628 0.1582 0.8113
vn 0.5936 -0.3331 0.7326
vn 0.1582 -0.5628 0.8113
vn -0.1582 0.5628 0.8113
vn -0.5936 0.3331 0.7326
vn -0.5628 -0.1582 0.8113
vn -0.3331 -0.5936 0.7326
vn 0.2103 -0.7481 0.6294
vn -0.3734 -0.6655 0.6463
vn 0.2491 -0.8862 0.3907
vn -0.2103 0.7481 0.6294
vn -0.2491 0.8862 0.3907
vn -0.6655 0.3734 0.6462
vn -0.2690 0.9568 0.1106
vn 0.4861 0.8662 0.1158
vn 0.4894 0.8721 -0.0000
vn -0.2706 0.9627 -0.0000
vn 0.2690 -0.9568 0.1106
vn 0.2706 -0.9627 -0.0000
vn 0.8721 -0.4894 -0.0000
vn 0.8662 -0.4861 0.1158
vn 0.9568 0.2690 0.1106
vn 0.9627 0.2706 -0.0000
vn -0.7478 -0.2102 0.6298
vn -0.9315 0.2990 -0.2070
vn -0.9315 -0.2990 0.2070
vn 0.9130 0.2575 0.3163
vn 0.9119 0.2622 0.3158
vn 0.9230 0.2130 0.3204
vn -0.9130 0.2575 0.3163
vn -0.9230 0.2130 0.3204
vn -0.9119 0.2622 0.3158
vn -0.9900 0.0007 -0.1413
vn -0.6907 -0.6868 -0.2261
vn -0.6920 -0.6906 -0.2102
vn -0.9908 -0.0007 -0.1352
vn -0.9900 0.0009 -0.1412
vn -0.9908 -0.0005 -0.1351
vn -0.6895 0.7213 -0.0651
vn -0.6987 0.7128 -0.0607
vn -0.7038 0.7067 -0.0722
vn -0.9897 0.0025 -0.1431
vn -0.9897 0.0024 -0.1432
vn -0.6915 -0.6853 -0.2285
vn -0.8232 0.0032 -0.5677
vn -0.5794 -0.5702 -0.5823
vn -0.6733 -0.6629 -0.3275
vn -0.9603 0.0065 -0.2790
vn -0.8233 0.0035 -0.5676
vn -0.9603 0.0067 -0.2789
vn -0.6784 0.6885 -0.2565
vn -0.5823 0.5833 -0.5664
vn -0.3461 0.3435 -0.8730
vn -0.4321 0.0001 -0.9018
vn -0.4321 -0.0001 -0.9018
vn -0.3461 -0.3435 -0.8730
vn 0.9865 0.1524 -0.0597
vn 0.9853 0.1644 -0.0461
vn 0.9821 0.1861 -0.0281
vn 0.9943 0.0913 -0.0542
vn -0.0490 0.0046 0.9988
vn -0.0424 0.0051 0.9991
vn 0.0771 -0.9600 0.2690
vn 0.0398 -0.9549 0.2943
vn 0.2650 0.7915 -0.5507
vn 0.2674 0.9412 -0.2066
vn 0.6784 0.6885 -0.2565
vn 0.5822 0.5833 -0.5664
vn -0.4162 -0.0216 -0.9090
vn -0.3725 0.3314 -0.8668
vn -0.3220 0.4130 -0.8519
vn -0.4344 0.0388 -0.8999
vn -0.2597 -0.2178 -0.9408
vn -0.2247 -0.2424 -0.9438
vn -0.9917 -0.0000 0.1283
vn -0.7005 -0.7005 0.1359
vn -0.6474 -0.6474 0.4021
vn -0.9186 -0.0000 0.3952
vn -0.6474 0.6474 0.4021
vn -0.7005 0.7005 0.1359
vn -0.3095 -0.9286 -0.2045
vn -0.6953 -0.6913 -0.1967
vn -0.3085 -0.9256 -0.2191
vn 0.9919 0.0014 -0.1268
vn 0.9929 0.0033 -0.1188
vn 0.6967 -0.6898 -0.1973
vn 0.6953 -0.6913 -0.1967
vn 0.7785 -0.1143 0.6172
vn 0.6232 -0.1439 0.7687
vn -0.3093 -0.9278 -0.2087
vn -0.6967 -0.6898 -0.1973
vn -0.2701 0.9622 -0.0342
vn -0.2676 0.9634 -0.0141
vn -0.6859 0.7241 -0.0721
vn -0.6912 0.7205 -0.0554
vn -0.2822 0.9592 -0.0185
vn -0.0000 -0.9812 -0.1931
vn 0.3108 -0.9324 -0.1847
vn 0.3124 -0.9373 -0.1545
vn -0.0000 -0.9867 -0.1627
vn -0.2411 -0.7232 0.6472
vn -0.5129 -0.5129 0.6885
vn -0.2896 -0.8689 0.4014
vn -0.0000 0.8561 -0.5168
vn 0.2081 0.3965 -0.8941
vn -0.0000 0.4417 -0.8972
vn -0.3154 -0.9461 -0.0742
vn -0.7047 -0.7047 -0.0829
vn -0.1067 -0.3202 -0.9413
vn -0.0022 -0.0460 0.9989
vn 0.0106 0.0316 0.9994
vn -0.0000 0.0317 0.9995
vn -0.0000 -0.0102 0.9999
vn 0.2701 0.9622 -0.0342
vn 0.6859 0.7241 -0.0721
vn 0.6894 0.7214 -0.0650
vn 0.2676 0.9634 -0.0141
vn -0.3139 -0.9416 0.1218
vn 0.9844 0.0045 -0.1758
vn 0.6892 -0.6805 -0.2488
vn 0.6733 -0.6629 -0.3275
vn 0.9603 0.0065 -0.2789
vn -0.1950 0.5851 -0.7871
vn -0.3139 0.9416 0.1218
vn -0.2896 0.8689 0.4014
vn -0.0000 -0.9917 0.1283
vn 0.3139 -0.9416 0.1218
vn 0.2896 -0.8689 0.4014
vn -0.0000 -0.9186 0.3952
vn 0.9900 0.0007 -0.1413
vn 0.9908 -0.0007 -0.1352
vn 0.6920 -0.6906 -0.2102
vn 0.6907 -0.6868 -0.2261
vn 0.2727 -0.7658 -0.5824
vn 0.5794 -0.5702 -0.5823
vn 0.2999 -0.8998 -0.3169
vn 0.9953 -0.0019 -0.0972
vn 0.9967 -0.0169 -0.0798
vn 0.6883 -0.7110 -0.1438
vn 0.6965 -0.6969 -0.1708
vn 0.1067 -0.3202 -0.9413
vn 0.2597 -0.2178 -0.9408
vn 0.2247 -0.2424 -0.9438
vn -0.1726 -0.0001 -0.9850
vn -0.2081 -0.3965 -0.8941
vn -0.1726 0.0001 -0.9850
vn -0.2081 0.3965 -0.8941
vn 0.9969 -0.0000 -0.0782
vn 0.7047 -0.7047 -0.0829
vn -0.0000 -0.0775 0.9970
vn -0.0074 -0.0775 0.9970
vn -0.0000 0.9969 -0.0782
vn 0.3154 0.9461 -0.0742
vn 0.3461 0.3435 -0.8730
vn -0.0000 -0.9640 -0.2657
vn -0.0000 -0.9443 -0.3291
vn 0.3059 -0.9176 -0.2540
vn -0.2727 -0.7658 -0.5824
vn -0.2999 -0.8998 -0.3169
vn -0.0000 0.9917 0.1283
vn -0.0000 0.9186 0.3952
vn 0.2896 0.8689 0.4014
vn 0.3139 0.9416 0.1218
vn -0.2650 0.7915 -0.5507
vn -0.2674 0.9412 -0.2066
vn -0.0000 -0.9969 -0.0782
vn 0.3154 -0.9461 -0.0742
vn -0.0000 0.9999 -0.0160
vn -0.0000 1.0000 -0.0091
vn 0.2707 0.9626 -0.0121
vn 0.4162 -0.0216 -0.9090
vn 0.4344 0.0388 -0.8999
vn -0.0000 0.9970 -0.0769
vn 0.2611 0.9622 -0.0779
vn -0.0000 0.9807 -0.1954
vn -0.0000 -0.9766 -0.2150
vn -0.0000 -0.9732 -0.2298
vn 0.3085 -0.9256 -0.2191
vn 0.3095 -0.9286 -0.2045
vn -0.0000 0.9891 0.1471
vn 0.7580 0.6516 0.0283
vn 0.5902 0.8040 0.0726
vn -0.3020 0.9533 -0.0001
vn -0.7004 0.7128 -0.0356
vn -0.7158 0.6978 -0.0267
vn -0.3075 0.9516 0.0013
vn -0.0000 -0.8230 -0.5680
vn -0.0000 -0.4417 -0.8972
vn 0.2081 -0.3965 -0.8941
vn -0.3108 -0.9324 -0.1847
vn -0.6965 -0.6969 -0.1708
vn -0.3124 -0.9373 -0.1545
vn -0.6883 -0.7110 -0.1438
vn -0.9953 -0.0017 -0.0971
vn -0.9929 0.0034 -0.1188
vn -0.9953 -0.0019 -0.0972
vn -0.9929 0.0033 -0.1188
vn -0.9967 -0.0169 -0.0798
vn -0.9967 -0.0167 -0.0797
vn 0.3020 0.9533 -0.0001
vn 0.3075 0.9516 0.0013
vn 0.7160 0.6976 -0.0271
vn 0.7005 0.7128 -0.0356
vn -0.2707 0.9626 -0.0121
vn -0.2641 0.9641 -0.0277
vn -0.3072 -0.9216 -0.2374
vn -0.3070 -0.9211 -0.2393
vn 0.9900 0.0009 -0.1412
vn 0.9897 0.0025 -0.1431
vn 0.7038 0.7067 -0.0722
vn 0.6987 0.7128 -0.0607
vn -0.0000 0.5966 -0.8026
vn 0.1950 0.5851 -0.7871
vn 0.2641 0.9641 -0.0277
vn 0.6987 0.7052 -0.1205
vn 0.7047 0.7047 -0.0829
vn -0.9919 0.0014 -0.1268
vn -0.9919 0.0016 -0.1268
vn -0.2611 0.9622 -0.0779
vn -0.6987 0.7052 -0.1205
vn 0.3725 0.3314 -0.8668
vn 0.3220 0.4130 -0.8519
vn -0.3059 -0.9176 -0.2540
vn -0.6892 -0.6805 -0.2488
vn 0.8233 0.0032 -0.5676
vn 0.3461 -0.3435 -0.8730
vn 0.4321 -0.0001 -0.9018
vn 0.3072 -0.9216 -0.2374
vn 0.3070 -0.9211 -0.2393
vn 0.6915 -0.6853 -0.2285
vn 0.1726 -0.0001 -0.9850
vn -0.9844 0.0045 -0.1758
vn -0.9844 0.0047 -0.1758
vn -0.0000 0.9996 -0.0272
vn -0.7452 -0.0000 0.6669
vn -0.5129 0.5129 0.6885
vn -0.9969 -0.0000 -0.0782
vn -0.7047 0.7047 -0.0829
vn -0.0000 -0.9756 -0.2197
vn 0.3093 -0.9278 -0.2087
vn -0.2411 0.7232 0.6472
vn -0.3154 0.9461 -0.0742
vn 0.2411 0.7232 0.6472
vn 0.5129 0.5129 0.6885
vn 0.6474 0.6474 0.4021
vn -0.0000 0.0001 -1.0000
vn 0.1726 0.0001 -0.9850
vn 0.9908 -0.0005 -0.1351
vn 0.9844 0.0047 -0.1758
vn 0.9603 0.0067 -0.2789
vn 0.3610 -0.0220 0.9323
vn 0.3977 0.8091 0.4327
vn 0.1177 0.8858 0.4488
vn 0.0083 0.0086 0.9999
vn -0.0000 -0.7452 0.6669
vn 0.2411 -0.7232 0.6472
vn 0.2822 0.9592 -0.0185
vn 0.6912 0.7205 -0.0554
vn 0.4321 0.0001 -0.9018
vn 0.3325 0.8916 -0.3074
vn -0.0000 0.9454 -0.3260
vn -0.0000 0.7452 0.6669
vn -0.0000 -0.9678 -0.2516
vn -0.0000 -0.9685 -0.2492
vn -0.0835 -0.9965 -0.0011
vn -0.0427 -0.9991 -0.0012
vn -0.0646 -0.8892 0.4529
vn -0.0812 -0.8943 0.4400
vn 0.9917 -0.0000 0.1283
vn 0.9186 -0.0000 0.3952
vn 0.6474 -0.6474 0.4021
vn 0.7005 -0.7005 0.1359
vn -0.0000 -0.0001 -1.0000
vn -0.0000 -0.3220 -0.9467
vn -0.9943 0.0913 -0.0542
vn -0.7785 -0.1143 0.6172
vn -0.6232 -0.1439 0.7687
vn -0.9853 0.1644 -0.0461
vn -0.3325 0.8916 -0.3074
vn 0.5129 -0.5129 0.6885
vn 0.9595 0.2093 -0.1887
vn 0.9649 0.2324 -0.1223
vn 0.9630 0.2222 -0.1522
vn 0.9595 0.2094 -0.1887
vn 0.9953 -0.0017 -0.0972
vn 0.9929 0.0034 -0.1188
vn 0.7452 -0.0000 0.6669
vn 0.8233 0.0035 -0.5677
vn 0.9919 0.0016 -0.1268
vn -0.0229 0.0094 0.9997
vn 0.0262 0.8993 0.4364
vn -0.2809 0.7984 0.5325
vn -0.0000 0.8319 0.5549
vn -0.0000 0.7888 0.6147
vn -0.2612 0.7793 0.5696
vn -0.9865 0.1523 -0.0598
vn -0.9821 0.1861 -0.0281
vn 0.7005 0.7005 0.1359
vn 0.9897 0.0024 -0.1432
vn 0.9967 -0.0167 -0.0797
vn 0.6449 0.6837 0.3416
vn 0.6454 0.6832 0.3416
vn -0.0000 0.9508 0.3098
vn -0.6449 0.6837 0.3416
vn -0.6454 0.6832 0.3416
vn -0.0000 1.0000 0.0072
vn -0.0000 1.0000 -0.0062
vn 0.1085 0.9941 -0.0058
vn 0.0954 0.9954 0.0072
vn -0.0000 0.9998 -0.0196
vn 0.1223 0.9923 -0.0194
vn 0.2809 0.7984 0.5325
vn 0.2612 0.7793 0.5696
vn -0.0000 -0.2343 0.9722
vn -0.0000 -0.2065 0.9785
vn -0.9649 0.2324 -0.1223
vn -0.9630 0.2222 -0.1522
vn -0.7580 0.6516 0.0283
vn -0.5902 0.8040 0.0726
vn -0.0954 0.9954 0.0072
vn -0.1085 0.9941 -0.0058
vn -0.9595 0.2093 -0.1887
vn -0.9595 0.2094 -0.1887
vn -0.0000 -0.0820 0.9966
vn -0.0019 0.1137 0.9935
vn 0.0026 -0.0825 0.9966
vn -0.0077 0.1546 0.9880
vn -0.1299 0.9915 0.0006
vn -0.1280 0.9918 0.0046
vn -0.1347 0.9518 0.2757
vn -0.1204 0.9482 0.2938
vn -0.0000 0.7530 0.6580
vn -0.2190 0.7347 0.6421
vn -0.0481 0.3936 0.9180
vn -0.0000 0.3023 0.9532
vn -0.0491 0.0046 0.9988
vn -0.0366 0.0021 0.9993
vn -0.0965 0.9414 0.3233
vn 0.0292 -0.9456 0.3240
vn -0.5198 -0.0314 -0.8537
vn -0.4887 0.7794 -0.3921
vn -0.2160 0.8708 -0.4417
vn -0.2342 -0.0024 -0.9722
vn -0.5198 -0.0312 -0.8537
vn -0.2342 -0.0022 -0.9722
vn -0.0425 -0.8882 -0.4575
vn -0.3193 -0.8476 -0.4238
vn -0.6593 -0.7206 -0.2149
vn -0.8989 -0.0544 -0.4347
vn -0.8989 -0.0546 -0.4347
vn -0.7677 0.6110 -0.1931
vn -0.9993 -0.0371 0.0084
vn -0.7780 0.6283 0.0037
vn -0.6669 -0.7451 0.0048
vn -0.6261 -0.7429 0.2368
vn -0.8579 -0.0637 0.5099
vn -0.8579 -0.0639 0.5099
vn -0.7440 0.6329 0.2140
vn 0.0157 -0.0859 0.9962
vn 0.1364 0.9558 0.2603
vn 0.1347 0.9518 0.2757
vn 0.0425 0.0052 0.9991
vn 0.0156 -0.0860 0.9962
vn 0.0424 0.0051 0.9991
vn -0.0772 -0.9600 0.2690
vn -0.1024 -0.9661 0.2368
vn -0.4161 0.9093 0.0012
vn -0.1592 0.9872 -0.0005
vn -0.3977 0.8088 0.4332
vn -0.1177 0.8858 0.4488
vn -0.0843 -0.9964 -0.0118
vn -0.0627 -0.9980 -0.0037
vn -0.0844 -0.9568 -0.2784
vn -0.0905 -0.9530 -0.2892
vn -0.1806 -0.9836 -0.0002
vn 0.0427 -0.9991 -0.0012
vn 0.0646 -0.8892 0.4529
vn -0.2096 -0.8644 0.4571
vn -0.0121 -0.9999 -0.0004
vn 0.0419 -0.9991 -0.0008
vn -0.0306 -0.9140 -0.4046
vn -0.0661 -0.9306 -0.3601
vn -0.0750 -0.9433 -0.3233
vn -0.0263 -0.9997 -0.0002
vn -0.0292 -0.9456 0.3241
vn -0.0122 -0.9330 0.3597
vn 0.0386 -0.9149 0.4019
vn 0.1299 0.9915 0.0006
vn 0.1280 0.9918 0.0046
vn 0.0773 0.9589 -0.2731
vn 0.0738 0.9521 -0.2966
vn 0.0507 0.9442 -0.3253
vn 0.1064 0.9943 -0.0002
vn 0.0965 0.9414 0.3233
vn 0.1204 0.9482 0.2938
vn -0.0361 0.9993 -0.0010
vn 0.0291 0.9996 -0.0008
vn -0.0392 0.9159 -0.3995
vn -0.1097 0.8937 -0.4351
vn -0.0262 0.8993 0.4364
vn 0.0277 0.9172 0.3974
vn -0.3610 -0.0220 0.9323
vn -0.3610 -0.0218 0.9323
vn -0.0083 0.0088 0.9999
vn -0.0083 0.0086 0.9999
vn 0.0290 0.0086 0.9995
vn 0.0685 0.9314 0.3576
vn 0.0290 0.0151 0.9995
vn 0.0289 0.0087 0.9995
vn 0.0290 0.0152 0.9995
vn 0.0366 0.0021 0.9993
vn 0.0367 0.0021 0.9993
vn -0.0853 0.0082 -0.9963
vn -0.0672 0.0058 -0.9977
vn -0.0672 0.0057 -0.9977
vn -0.0754 -0.9522 -0.2960
vn -0.1046 0.0086 -0.9945
vn -0.1677 0.0037 -0.9858
vn -0.1366 0.0144 -0.9905
vn -0.1677 0.0039 -0.9858
vn -0.1366 0.0146 -0.9905
vn -0.0059 -0.8959 -0.4442
vn -0.1182 0.0126 -0.9929
vn 0.0152 0.9327 -0.3602
vn -0.1181 0.0127 -0.9929
vn 0.0229 0.0094 0.9997
vn 0.0229 0.0096 0.9997
vn 0.0812 -0.8943 0.4400
vn 0.0742 0.9972 -0.0005
vn 0.0835 -0.9965 -0.0011
vn -0.0643 -0.0388 -0.9972
vn -0.0644 -0.0387 -0.9972
vn 0.0687 0.9560 -0.2852
vn 0.1153 0.9933 0.0023
vn -0.0315 -0.9995 -0.0006
vn -0.0398 -0.9549 0.2943
vn 0.0491 0.0046 0.9988
vn 0.0490 0.0046 0.9988
vn -0.0157 -0.0859 0.9962
vn -0.0425 0.0052 0.9991
vn -0.1364 0.9558 0.2603
vn 0.0481 0.3936 0.9180
vn 0.0019 0.1137 0.9935
vn 0.0361 0.9993 -0.0010
vn 0.1592 0.9872 -0.0005
vn -0.0742 0.9972 -0.0005
vn -0.0685 0.9314 0.3576
vn -0.0277 0.9172 0.3974
vn -0.0291 0.9996 -0.0008
vn -0.0290 0.0151 0.9995
vn 0.1806 -0.9836 -0.0002
vn 0.6669 -0.7451 0.0048
vn 0.6261 -0.7429 0.2368
vn 0.2096 -0.8644 0.4571
vn 0.0315 -0.9995 -0.0006
vn 0.0263 -0.9997 -0.0002
vn -0.0386 -0.9149 0.4019
vn -0.0419 -0.9991 -0.0008
vn -0.1153 0.9933 0.0022
vn -0.0773 0.9589 -0.2731
vn -0.0687 0.9560 -0.2852
vn -0.0738 0.9521 -0.2966
vn 0.1182 0.0126 -0.9929
vn -0.0152 0.9327 -0.3602
vn 0.0392 0.9159 -0.3995
vn 0.1366 0.0144 -0.9905
vn 0.1097 0.8937 -0.4351
vn 0.0843 -0.9964 -0.0118
vn 0.0627 -0.9980 -0.0037
vn 0.1024 -0.9661 0.2368
vn 0.0059 -0.8959 -0.4442
vn 0.0425 -0.8882 -0.4575
vn 0.9993 -0.0371 0.0084
vn 0.7780 0.6283 0.0037
vn 0.7440 0.6329 0.2140
vn 0.8579 -0.0639 0.5099
vn 0.5198 -0.0312 -0.8537
vn 0.8989 -0.0544 -0.4347
vn 0.6593 -0.7206 -0.2149
vn 0.3193 -0.8476 -0.4238
vn -0.1064 0.9943 -0.0002
vn 0.0306 -0.9140 -0.4046
vn 0.2190 0.7347 0.6421
vn -0.0289 0.0087 0.9995
vn 0.0122 -0.9330 0.3597
vn 0.0905 -0.9530 -0.2892
vn 0.0844 -0.9568 -0.2784
vn -0.0229 0.0096 0.9997
vn 0.0083 0.0088 0.9999
vn -0.0026 -0.0825 0.9966
vn -0.0290 0.0086 0.9995
vn -0.0290 0.0152 0.9995
vn -0.0155 -0.0859 0.9962
vn 0.1677 0.0037 -0.9858
vn 0.1181 0.0127 -0.9929
vn 0.1367 0.0146 -0.9905
vn 0.0661 -0.9306 -0.3601
vn 0.0754 -0.9522 -0.2960
vn 0.0750 -0.9433 -0.3233
vn 0.2160 0.8708 -0.4417
vn 0.0853 0.0082 -0.9963
vn 0.0671 0.0058 -0.9977
vn -0.1223 0.9923 -0.0194
vn 0.4161 0.9093 0.0012
vn -0.0507 0.9442 -0.3253
vn 0.1046 0.0086 -0.9945
vn 0.0645 -0.0388 -0.9972
vn 0.0672 0.0057 -0.9977
vn 0.5198 -0.0314 -0.8537
vn 0.2342 -0.0024 -0.9722
vn 0.4887 0.7794 -0.3921
vn 0.0117 -0.9999 -0.0005
vn 0.8989 -0.0546 -0.4347
vn 0.7677 0.6110 -0.1931
vn 0.1677 0.0039 -0.9858
vn 0.2342 -0.0022 -0.9722
vn 0.3610 -0.0218 0.9323
vn 0.0644 -0.0387 -0.9972
vn 0.8579 -0.0637 0.5099
vn 0.0022 -0.0460 0.9989
vn 0.0074 -0.0775 0.9970
vn -0.0106 0.0316 0.9994
vn -0.9769 0.2135 0.0001
vn -0.9999 0.0157 0.0010
vn -0.8745 0.2669 0.4050
vn -0.8069 0.4601 0.3703
vn -0.6287 0.7462 0.2190
vn -0.6857 0.7277 -0.0159
vn -0.6758 0.6853 -0.2712
vn -0.8503 0.2385 -0.4692
vn -0.8999 -0.0307 -0.4351
vn 0.0001 0.3152 -0.9490
vn 0.0001 -0.0456 -0.9990
vn 0.0001 0.8506 -0.5258
vn 0.9999 0.0101 0.0010
vn 0.9235 -0.0191 -0.3832
vn 0.9174 -0.0235 -0.3973
vn 0.9999 0.0124 0.0020
vn 1.0000 0.0088 -0.0000
vn 0.9379 -0.0151 -0.3466
vn 0.9301 -0.0165 -0.3669
vn 1.0000 0.0093 0.0003
vn 0.9999 0.0145 0.0016
vn 0.9100 -0.0277 -0.4136
vn 0.9000 -0.0300 -0.4348
vn 0.9999 0.0157 0.0010
vn -0.0001 0.4606 0.8876
vn -0.0001 0.4716 0.8818
vn 0.9188 0.1784 0.3520
vn 0.9094 0.1868 0.3715
vn 0.9769 0.2135 0.0001
vn 0.6857 0.7277 -0.0159
vn 0.6287 0.7462 0.2190
vn 0.8069 0.4601 0.3703
vn -0.0001 -0.0328 -0.9995
vn -0.0001 -0.0296 -0.9996
vn -0.0000 -0.0285 -0.9996
vn 0.9396 -0.0145 -0.3419
vn -0.0000 -0.0283 -0.9996
vn -0.0000 0.6886 0.7251
vn -0.0000 0.9289 0.3705
vn 0.0001 0.5655 0.8247
vn 0.8745 0.2669 0.4050
vn 0.8854 0.2499 0.3918
vn -0.0001 0.9999 -0.0167
vn -0.0001 -0.0438 -0.9990
vn -0.0001 -0.0385 -0.9993
vn 0.8966 0.2181 0.3854
vn 0.0001 0.4607 0.8876
vn 0.0001 0.4916 0.8708
vn -0.8966 0.2181 0.3853
vn -0.9094 0.1868 0.3715
vn -0.9189 0.1783 0.3520
vn 0.0001 0.4716 0.8818
vn 0.9999 0.0102 0.0067
vn -0.0001 0.5443 0.8389
vn -0.0001 0.5655 0.8247
vn -0.0001 0.3151 -0.9490
vn 0.8503 0.2385 -0.4692
vn -0.0001 -0.0456 -0.9990
vn 0.0001 -0.0328 -0.9995
vn 0.0001 -0.0296 -0.9996
vn -0.9301 -0.0165 -0.3669
vn -0.9235 -0.0191 -0.3832
vn -0.9174 -0.0235 -0.3973
vn 0.0001 -0.0385 -0.9993
vn -0.0001 0.4916 0.8708
vn -0.9999 0.0101 0.0010
vn -1.0000 0.0093 0.0003
vn -0.9999 0.0124 0.0020
vn -0.0000 0.6886 0.7252
vn -0.0000 0.9288 0.3705
vn 0.0001 0.5443 0.8389
vn -0.8854 0.2499 0.3918
vn 0.0001 0.9999 -0.0166
vn 0.6758 0.6853 -0.2712
vn -0.0001 0.8506 -0.5258
vn 0.0001 -0.0438 -0.9990
vn -0.9100 -0.0277 -0.4136
vn -0.9999 0.0145 0.0016
vn -1.0000 0.0088 -0.0000
vn -0.9999 0.0102 0.0067
vn -0.9083 0.1999 0.3674
vn -0.9277 0.1749 0.3298
vn -0.9379 -0.0151 -0.3466
vn -0.9396 -0.0145 -0.3419
vn -0.0000 -0.0287 -0.9996
vn 0.9277 0.1749 0.3298
vn 0.9083 0.1999 0.3674
vn -0.0001 0.4853 0.8743
vn -0.0000 0.4881 0.8728
vn 0.0001 0.4853 0.8744
vn -0.0000 0.4882 0.8727
vn -0.0488 -0.1600 -0.9859
vn -0.0261 -0.1852 -0.9824
vn 0.4258 -0.2105 -0.8800
vn 0.4604 -0.1397 -0.8767
vn 0.9988 0.0493 -0.0074
vn 0.9994 -0.0329 0.0049
vn 0.9121 0.0601 0.4054
vn 0.8612 0.1371 0.4895
vn 0.0660 0.1800 0.9815
vn -0.0105 0.1641 0.9864
vn -0.8649 0.0980 0.4922
vn -0.8721 0.0208 0.4888
vn -0.8650 -0.0500 -0.4992
vn -0.8721 -0.1225 -0.4738
vn -0.8100 -0.3940 -0.4343
vn -0.8504 -0.2648 -0.4547
vn -0.0261 -0.1535 -0.9878
vn -0.0212 -0.1602 -0.9869
vn -0.8100 -0.2502 0.5304
vn -0.8504 -0.1206 0.5121
vn -0.0212 0.1347 0.9907
vn -0.0261 0.1414 0.9896
vn 0.7979 0.3964 0.4542
vn 0.8373 0.2654 0.4781
vn 0.9270 0.3709 -0.0553
vn 0.9747 0.2209 -0.0329
vn 0.4873 -0.0171 -0.8730
vn 0.4673 0.0636 -0.8818
vn 0.0699 -0.1128 -0.9911
vn 0.4580 0.0971 -0.8836
vn 0.8964 0.4383 -0.0654
vn 0.7963 0.4571 0.3962
vn 0.0699 0.1812 0.9810
vn -0.7631 -0.2957 0.5746
vn -0.7631 -0.4505 -0.4634
vn 0.7631 -0.2957 0.5746
vn 0.7631 -0.4505 -0.4634
vn 0.8100 -0.3940 -0.4343
vn 0.8100 -0.2502 0.5304
vn -0.8964 0.4383 -0.0654
vn -0.7963 0.4571 0.3962
vn -0.7979 0.3964 0.4542
vn -0.9270 0.3709 -0.0553
vn 0.8721 0.0208 0.4888
vn 0.8721 -0.1225 -0.4738
vn 0.8650 -0.0501 -0.4993
vn 0.8649 0.0980 0.4922
vn 0.8504 -0.1206 0.5121
vn 0.8504 -0.2648 -0.4547
vn 0.0212 0.1347 0.9907
vn 0.0261 0.1414 0.9896
vn -0.0699 -0.1128 -0.9911
vn -0.4580 0.0971 -0.8836
vn -0.4673 0.0636 -0.8818
vn 0.0212 -0.1602 -0.9869
vn 0.0261 -0.1535 -0.9878
vn -0.8373 0.2654 0.4781
vn -0.9747 0.2209 -0.0329
vn -0.8612 0.1371 0.4895
vn -0.9988 0.0493 -0.0074
vn -0.0699 0.1812 0.9810
vn -0.4873 -0.0171 -0.8730
vn -0.9121 0.0601 0.4054
vn -0.9994 -0.0329 0.0049
vn 0.0488 -0.1600 -0.9859
vn 0.0105 0.1641 0.9864
vn -0.4604 -0.1397 -0.8767
vn -0.0660 0.1800 0.9815
vn -0.4258 -0.2105 -0.8800
vn 0.0261 -0.1852 -0.9824
vn 0.1565 0.0580 -0.9860
vn 0.4747 0.1762 -0.8623
vn 0.6869 -0.3953 -0.6098
vn 0.3992 -0.5954 -0.6972
vn 0.7749 -0.6321 -0.0000
vn 0.4998 -0.8662 -0.0000
vn 0.6869 -0.3953 0.6098
vn 0.3992 -0.5954 0.6972
vn 0.4746 0.1763 0.8623
vn 0.1565 0.0581 0.9860
vn 0.2623 0.7479 0.6098
vn -0.0863 0.7117 0.6972
vn 0.1744 0.9847 -0.0000
vn -0.1868 0.9824 -0.0000
vn -0.9690 -0.1520 0.1949
vn -0.9011 -0.3347 0.2756
vn 0.2623 0.7479 -0.6098
vn -0.0862 0.7117 -0.6972
vn 0.4746 0.1764 -0.8623
vn 0.1564 0.0582 -0.9860
vn -0.3902 -0.7356 0.5537
vn -0.5830 -0.2165 0.7831
vn -0.9114 -0.3385 0.2340
vn -0.8538 -0.4936 0.1654
vn -0.7758 0.3025 -0.5537
vn -0.5830 -0.2164 -0.7831
vn -0.8557 0.5175 -0.0000
vn -0.7758 0.3025 0.5537
vn -0.3104 -0.9506 -0.0000
vn -0.3902 -0.7356 -0.5537
vn -0.5830 -0.2166 -0.7831
vn 0.1093 0.7439 -0.6593
vn -0.1561 0.3501 -0.9236
vn 0.5119 0.4991 -0.6992
vn -0.9690 -0.1834 -0.1654
vn -0.9929 -0.1192 -0.0000
vn -0.8300 -0.5578 -0.0000
vn -0.8538 -0.4936 -0.1654
vn -0.9690 -0.1834 0.1654
vn -0.9114 -0.3385 -0.2340
vn -0.9114 -0.3386 -0.2339
vn 0.1093 0.7439 0.6593
vn 0.0143 0.9999 -0.0000
vn 0.5684 -0.4922 0.6593
vn 0.3389 0.1259 0.9324
vn 0.3389 0.1258 0.9324
vn 0.5684 -0.4922 -0.6593
vn 0.6635 -0.7482 -0.0000
vn 0.7136 -0.0439 -0.6992
vn 0.1102 -0.3672 -0.9236
vn -0.2411 0.6647 -0.7071
vn -0.3431 0.9393 -0.0000
vn -0.2411 0.6648 -0.7071
vn -0.9458 -0.2753 -0.1720
vn -0.9690 -0.1520 -0.1949
vn -0.9117 -0.1742 -0.3720
vn -0.8333 -0.5174 -0.1949
vn -0.8044 -0.4631 -0.3720
vn -0.8962 -0.4089 -0.1720
vn -0.8333 -0.5174 0.1949
vn -0.8052 -0.5930 -0.0000
vn -0.9971 -0.0764 -0.0000
vn -0.2411 0.6648 0.7071
vn 0.0051 0.0019 1.0000
vn -0.2411 0.6647 0.7071
vn 0.2513 -0.6610 0.7071
vn 0.3533 -0.9355 -0.0000
vn 0.2513 -0.6610 -0.7071
vn 0.0052 0.0018 -1.0000
vn 0.0051 0.0018 -1.0000
vn 0.2513 -0.6609 -0.7071
vn 0.0051 0.0020 -1.0000
vn -0.1565 0.0580 -0.9860
vn -0.3992 -0.5954 -0.6972
vn -0.6869 -0.3953 -0.6098
vn -0.4747 0.1762 -0.8623
vn -0.1565 0.0581 0.9860
vn 0.0863 0.7117 0.6972
vn -0.2623 0.7479 0.6098
vn -0.4746 0.1763 0.8623
vn 0.0862 0.7117 -0.6972
vn -0.1565 0.0582 -0.9860
vn -0.4746 0.1764 -0.8623
vn -0.2623 0.7479 -0.6098
vn 0.8333 -0.5174 0.1949
vn 0.8052 -0.5930 -0.0000
vn 0.5830 -0.2165 0.7831
vn 0.7758 0.3025 0.5537
vn 0.3902 -0.7356 0.5537
vn -0.3992 -0.5954 0.6972
vn 0.9458 -0.2753 -0.1720
vn 0.9690 -0.1520 -0.1949
vn 0.9117 -0.1742 -0.3720
vn 0.8557 0.5175 -0.0000
vn 0.7758 0.3025 -0.5537
vn 0.1868 0.9824 -0.0000
vn 0.8538 -0.4936 0.1654
vn 0.9114 -0.3385 0.2340
vn 0.5830 -0.2166 -0.7831
vn 0.9114 -0.3386 -0.2340
vn 0.8538 -0.4936 -0.1654
vn 0.3902 -0.7356 -0.5537
vn -0.1744 0.9847 -0.0000
vn 0.3104 -0.9506 -0.0000
vn -0.4998 -0.8662 -0.0000
vn 0.9929 -0.1192 -0.0000
vn 0.9690 -0.1834 -0.1654
vn 0.5830 -0.2164 -0.7831
vn 0.9690 -0.1520 0.1949
vn 0.9011 -0.3347 0.2756
vn -0.6869 -0.3953 0.6098
vn -0.7749 -0.6321 -0.0000
vn -0.3389 0.1258 0.9324
vn -0.1093 0.7439 0.6593
vn -0.3389 0.1259 0.9324
vn 0.9114 -0.3385 -0.2340
vn -0.0143 0.9999 -0.0000
vn -0.1093 0.7439 -0.6593
vn 0.8300 -0.5578 -0.0000
vn -0.5684 -0.4922 0.6593
vn 0.9690 -0.1834 0.1654
vn -0.5684 -0.4922 -0.6593
vn -0.6635 -0.7482 -0.0000
vn 0.1562 0.3501 -0.9236
vn -0.5119 0.4991 -0.6992
vn 0.2411 0.6648 0.7071
vn 0.2411 0.6647 0.7071
vn -0.0051 0.0019 1.0000
vn 0.8333 -0.5174 -0.1949
vn 0.8044 -0.4632 -0.3720
vn 0.8962 -0.4089 -0.1720
vn 0.9971 -0.0764 -0.0000
vn -0.7136 -0.0439 -0.6992
vn -0.1102 -0.3671 -0.9236
vn -0.3533 -0.9355 -0.0000
vn -0.2513 -0.6609 -0.7071
vn -0.2513 -0.6610 -0.7071
vn -0.2513 -0.6610 0.7071
vn 0.2411 0.6647 -0.7071
vn 0.2411 0.6648 -0.7071
vn 0.3431 0.9393 -0.0000
vn -0.0051 0.0018 -1.0000
vn -0.0051 0.0020 -1.0000
vn -0.2179 0.9653 -0.1439
vn 0.2179 0.9653 -0.1439
vn -0.9374 -0.3482 -0.0000
vn 0.9374 -0.3482 -0.0000
vt 0.812033 0.632453
vt 0.805768 0.633067
vt 0.806339 0.612900
vt 0.811965 0.612358
vt 0.816632 0.611965
vt 0.817311 0.632012
vt 0.817343 0.647584
vt 0.811880 0.648379
vt 0.805493 0.649241
vt 0.802241 0.590860
vt 0.806546 0.590459
vt 0.800772 0.613438
vt 0.796818 0.613855
vt 0.799297 0.591170
vt 0.801573 0.577871
vt 0.803688 0.573062
vt 0.806828 0.572785
vt 0.804871 0.567159
vt 0.807623 0.566923
vt 0.866518 0.238655
vt 0.869168 0.244544
vt 0.868148 0.249184
vt 0.866177 0.244609
vt 0.327501 0.695829
vt 0.330661 0.701822
vt 0.330439 0.706426
vt 0.327651 0.701762
vt 0.324380 0.701657
vt 0.324679 0.695743
vt 0.329558 0.719507
vt 0.324946 0.719348
vt 0.333122 0.719617
vt 0.336908 0.742154
vt 0.332182 0.742003
vt 0.326009 0.741791
vt 0.879062 0.136346
vt 0.878678 0.158691
vt 0.875738 0.159037
vt 0.876628 0.136625
vt 0.877783 0.123561
vt 0.816811 0.589680
vt 0.812866 0.576857
vt 0.813691 0.572291
vt 0.701407 0.717241
vt 0.703038 0.699782
vt 0.705043 0.704356
vt 0.704851 0.717293
vt 0.703882 0.739578
vt 0.699532 0.739510
vt 0.865780 0.262370
vt 0.868605 0.262329
vt 0.868403 0.284814
vt 0.865397 0.284866
vt 0.887321 0.713821
vt 0.886917 0.736317
vt 0.884505 0.736298
vt 0.884858 0.713809
vt 0.885807 0.700656
vt 0.887734 0.696061
vt 0.886824 0.780324
vt 0.884250 0.780782
vt 0.884105 0.772036
vt 0.886520 0.771931
vt 0.865346 0.328873
vt 0.865034 0.320480
vt 0.868540 0.320540
vt 0.869048 0.329284
vt 0.869168 0.332953
vt 0.866260 0.333422
vt 0.887734 0.784874
vt 0.885494 0.784441
vt 0.334483 0.762190
vt 0.327202 0.761960
vt 0.339997 0.762352
vt 0.341646 0.777951
vt 0.335740 0.778144
vt 0.327914 0.778153
vt 0.886601 0.756474
vt 0.884222 0.756457
vt 0.865100 0.305023
vt 0.868353 0.304967
vt 0.877953 0.178895
vt 0.874111 0.179326
vt 0.697460 0.759621
vt 0.703105 0.759688
vt 0.702624 0.775305
vt 0.695903 0.775134
vt 0.877435 0.194477
vt 0.872761 0.195092
vt 0.968993 0.940640
vt 0.969028 0.933208
vt 0.973704 0.934713
vt 0.972679 0.942214
vt 0.971186 0.946917
vt 0.968760 0.947281
vt 0.964729 0.714014
vt 0.963843 0.720599
vt 0.961489 0.718623
vt 0.960820 0.713348
vt 0.960566 0.705784
vt 0.965496 0.706621
vt 0.877668 0.202954
vt 0.872701 0.203930
vt 0.695569 0.783607
vt 0.702545 0.784113
vt 0.701593 0.787934
vt 0.696649 0.788347
vt 0.879062 0.207611
vt 0.875445 0.207533
vt 0.812198 0.658184
vt 0.806171 0.659706
vt 0.817343 0.656379
vt 0.816829 0.660224
vt 0.813191 0.663268
vt 0.807476 0.665439
vt 0.335232 0.787941
vt 0.327530 0.788664
vt 0.341113 0.786691
vt 0.338848 0.790317
vt 0.334357 0.792966
vt 0.327117 0.794402
vt 0.320051 0.787533
vt 0.315044 0.785974
vt 0.314821 0.777168
vt 0.320137 0.777698
vt 0.320262 0.792594
vt 0.706704 0.785833
vt 0.704792 0.790916
vt 0.799867 0.659389
vt 0.795143 0.658487
vt 0.794279 0.649798
vt 0.799041 0.649644
vt 0.801268 0.664391
vt 0.912763 0.199972
vt 0.912763 0.205106
vt 0.909683 0.202909
vt 0.797454 0.662013
vt 0.699332 0.792660
vt 0.968760 0.926891
vt 0.974425 0.928188
vt 0.965852 0.700309
vt 0.959991 0.699169
vt 0.961196 0.696230
vt 0.965852 0.696061
vt 0.319900 0.761730
vt 0.314821 0.761544
vt 0.315377 0.741405
vt 0.319774 0.741576
vt 0.320199 0.719185
vt 0.316821 0.719054
vt 0.318627 0.706036
vt 0.320906 0.701547
vt 0.810596 0.566670
vt 0.810165 0.572491
vt 0.321630 0.695649
vt 0.704378 0.694105
vt 0.706704 0.699946
vt 0.810982 0.590046
vt 0.814689 0.589745
vt 0.799524 0.633680
vt 0.794991 0.634159
vt 0.237231 0.696286
vt 0.244563 0.696379
vt 0.243145 0.716551
vt 0.236941 0.716512
vt 0.232589 0.716537
vt 0.232141 0.696286
vt 0.232141 0.680579
vt 0.237533 0.680255
vt 0.245406 0.680169
vt 0.246110 0.738989
vt 0.241549 0.738973
vt 0.249290 0.716590
vt 0.254149 0.716652
vt 0.249721 0.739035
vt 0.246661 0.752136
vt 0.243718 0.756679
vt 0.240501 0.756667
vt 0.243497 0.762667
vt 0.240731 0.762656
vt 0.246842 0.756791
vt 0.865087 0.459479
vt 0.864259 0.453325
vt 0.866273 0.448816
vt 0.867630 0.453649
vt 0.653469 0.792640
vt 0.652308 0.786761
vt 0.655580 0.786837
vt 0.656295 0.792701
vt 0.649924 0.769051
vt 0.654538 0.769169
vt 0.649725 0.782109
vt 0.646676 0.768956
vt 0.642688 0.746454
vt 0.647100 0.746579
vt 0.653276 0.746737
vt 0.847289 0.767338
vt 0.846633 0.744963
vt 0.850642 0.744639
vt 0.850557 0.767076
vt 0.850245 0.780168
vt 0.848200 0.784908
vt 0.114537 0.836461
vt 0.114569 0.854055
vt 0.112447 0.849521
vt 0.111420 0.836505
vt 0.111076 0.814135
vt 0.115001 0.814081
vt 0.865637 0.512890
vt 0.864849 0.530875
vt 0.863539 0.526106
vt 0.863539 0.512737
vt 0.864988 0.490100
vt 0.251563 0.739142
vt 0.256497 0.716764
vt 0.863775 0.435329
vt 0.863559 0.412608
vt 0.866489 0.412837
vt 0.866612 0.435532
vt 0.864252 0.368400
vt 0.867406 0.368167
vt 0.866754 0.376859
vt 0.863757 0.376744
vt 0.262460 0.672894
vt 0.262728 0.681299
vt 0.259624 0.681042
vt 0.259315 0.672278
vt 0.257402 0.668572
vt 0.259496 0.668257
vt 0.865143 0.364044
vt 0.867630 0.364639
vt 0.644620 0.726414
vt 0.651903 0.726579
vt 0.639417 0.726284
vt 0.637634 0.710699
vt 0.643222 0.710472
vt 0.651048 0.710393
vt 0.863540 0.392280
vt 0.866492 0.392514
vt 0.260479 0.696702
vt 0.257676 0.696577
vt 0.846865 0.724742
vt 0.851992 0.724338
vt 0.116242 0.793898
vt 0.111029 0.793981
vt 0.111081 0.778348
vt 0.117424 0.778352
vt 0.847268 0.709157
vt 0.853356 0.708570
vt 0.603696 0.932553
vt 0.603615 0.939782
vt 0.598869 0.938620
vt 0.599954 0.931274
vt 0.601412 0.927009
vt 0.603869 0.926552
vt 0.957020 0.129552
vt 0.957398 0.123561
vt 0.959828 0.125502
vt 0.960885 0.130297
vt 0.961578 0.137672
vt 0.956694 0.136774
vt 0.847129 0.700685
vt 0.853483 0.699734
vt 0.117709 0.769884
vt 0.111029 0.769543
vt 0.112724 0.765770
vt 0.117445 0.765240
vt 0.846633 0.696061
vt 0.851208 0.696156
vt 0.237659 0.670398
vt 0.245277 0.669630
vt 0.232526 0.671761
vt 0.234567 0.668148
vt 0.238180 0.665398
vt 0.245280 0.663918
vt 0.643643 0.700671
vt 0.651339 0.699879
vt 0.638110 0.701954
vt 0.640692 0.698289
vt 0.644957 0.695611
vt 0.652303 0.694105
vt 0.658828 0.700943
vt 0.664685 0.702412
vt 0.664947 0.711218
vt 0.658828 0.710779
vt 0.659286 0.695845
vt 0.663427 0.698655
vt 0.253041 0.670724
vt 0.253310 0.680548
vt 0.252634 0.665695
vt 0.603695 0.946599
vt 0.603869 0.951704
vt 0.599287 0.949745
vt 0.597964 0.945605
vt 0.956542 0.143590
vt 0.962386 0.144690
vt 0.961179 0.148300
vt 0.956542 0.148698
vt 0.659208 0.726744
vt 0.664947 0.726849
vt 0.664410 0.747001
vt 0.659512 0.746896
vt 0.659286 0.769290
vt 0.663061 0.769370
vt 0.661579 0.782392
vt 0.659056 0.786917
vt 0.848732 0.790711
vt 0.851226 0.784636
vt 0.237742 0.762644
vt 0.237086 0.756653
vt 0.659347 0.792767
vt 0.662282 0.786951
vt 0.236856 0.738956
vt 0.233549 0.738985
vt 0.234997 0.752096
vt 0.251875 0.696473
vt 0.654546 0.830411
vt 0.668254 0.830192
vt 0.665803 0.840805
vt 0.653676 0.840999
vt 0.638714 0.840805
vt 0.637634 0.830192
vt 0.637680 0.826483
vt 0.654591 0.826703
vt 0.668299 0.826483
vt 0.654630 0.823608
vt 0.668337 0.823389
vt 0.637718 0.823389
vt 0.477484 0.833910
vt 0.486450 0.834059
vt 0.488393 0.844457
vt 0.473671 0.844213
vt 0.470914 0.788887
vt 0.460543 0.781199
vt 0.467678 0.773852
vt 0.475259 0.784412
vt 0.480455 0.790587
vt 0.480784 0.794160
vt 0.481431 0.826300
vt 0.484834 0.828352
vt 0.550884 0.906169
vt 0.552977 0.909714
vt 0.549811 0.912423
vt 0.548004 0.908275
vt 0.485096 0.795678
vt 0.484935 0.791703
vt 0.549524 0.903267
vt 0.553260 0.901059
vt 0.554496 0.904706
vt 0.557177 0.908374
vt 0.386876 0.901502
vt 0.387210 0.892398
vt 0.397192 0.889038
vt 0.396644 0.903987
vt 0.557712 0.917469
vt 0.562622 0.925186
vt 0.548004 0.927901
vt 0.548810 0.919123
vt 0.563933 0.910809
vt 0.483805 0.781252
vt 0.481710 0.768663
vt 0.493899 0.767689
vt 0.491228 0.780659
vt 0.488233 0.788759
vt 0.478654 0.758271
vt 0.462793 0.764136
vt 0.461566 0.760912
vt 0.477428 0.755047
vt 0.491206 0.753945
vt 0.492432 0.757169
vt 0.406984 0.905055
vt 0.407604 0.888157
vt 0.411290 0.888281
vt 0.410670 0.905179
vt 0.411290 0.919004
vt 0.407604 0.918879
vt 0.397192 0.916218
vt 0.472223 0.854770
vt 0.488864 0.855045
vt 0.488772 0.858752
vt 0.472131 0.858476
vt 0.460619 0.858752
vt 0.460711 0.855045
vt 0.463486 0.844457
vt 0.562433 0.901915
vt 0.651328 0.851385
vt 0.648888 0.859081
vt 0.645046 0.857023
vt 0.642216 0.851267
vt 0.658713 0.851267
vt 0.472054 0.861569
vt 0.460543 0.861845
vt 0.488696 0.861845
vt 0.413746 0.905283
vt 0.414366 0.919108
vt 0.414366 0.888385
vt 0.476404 0.752357
vt 0.490182 0.751255
vt 0.460543 0.758221
vt 0.232141 0.880863
vt 0.248066 0.876244
vt 0.248066 0.924692
vt 0.925920 0.169350
vt 0.909683 0.168903
vt 0.925920 0.123561
vt 0.943417 0.030116
vt 0.947398 0.030607
vt 0.945174 0.046001
vt 0.943399 0.255236
vt 0.941594 0.272292
vt 0.939388 0.255286
vt 0.461160 0.541151
vt 0.503265 0.544981
vt 0.506448 0.573801
vt 0.461413 0.569705
vt 0.593693 0.542234
vt 0.596095 0.570687
vt 0.549983 0.568776
vt 0.550582 0.540446
vt 0.550989 0.515415
vt 0.591361 0.517089
vt 0.460728 0.515902
vt 0.500158 0.519488
vt 0.461976 0.459138
vt 0.491519 0.461825
vt 0.495128 0.479339
vt 0.460870 0.476223
vt 0.588331 0.460392
vt 0.588515 0.477512
vt 0.553437 0.476057
vt 0.558082 0.459138
vt 0.700452 0.222412
vt 0.672035 0.211535
vt 0.683961 0.202802
vt 0.704311 0.209222
vt 0.939388 0.305116
vt 0.951859 0.302914
vt 0.951859 0.323458
vt 0.710139 0.916876
vt 0.710139 0.946303
vt 0.698959 0.945391
vt 0.079170 0.723558
vt 0.063900 0.759998
vt 0.063385 0.726056
vt 0.079788 0.742117
vt 0.161302 0.053131
vt 0.161274 0.038921
vt 0.175539 0.038824
vt 0.175228 0.053480
vt 0.237689 0.594539
vt 0.230440 0.604408
vt 0.222802 0.597878
vt 0.227147 0.591055
vt 0.351139 0.277720
vt 0.349497 0.291515
vt 0.331788 0.293657
vt 0.335868 0.279567
vt 0.509366 0.275872
vt 0.570395 0.276736
vt 0.569598 0.279524
vt 0.511063 0.278696
vt 0.464235 0.314469
vt 0.460543 0.313170
vt 0.379218 0.605527
vt 0.380002 0.665028
vt 0.341283 0.661095
vt 0.340548 0.605327
vt 0.341283 0.548411
vt 0.380002 0.544802
vt 0.044402 0.172276
vt 0.019840 0.172276
vt 0.021693 0.140883
vt 0.044716 0.140883
vt 0.697605 0.417246
vt 0.698016 0.451400
vt 0.643673 0.455256
vt 0.646565 0.420868
vt 0.063385 0.801913
vt 0.079371 0.806397
vt 0.044156 0.206766
vt 0.018004 0.206766
vt 0.205617 0.594347
vt 0.202541 0.603738
vt 0.189165 0.595022
vt 0.189702 0.586940
vt 0.391800 0.419004
vt 0.380124 0.375669
vt 0.414460 0.379148
vt 0.418301 0.407709
vt 0.422299 0.439223
vt 0.393672 0.436024
vt 0.071802 0.244888
vt 0.099140 0.242862
vt 0.102000 0.285631
vt 0.073425 0.287749
vt 0.603616 0.082544
vt 0.605274 0.062361
vt 0.633055 0.054269
vt 0.630625 0.083849
vt 0.663677 0.181302
vt 0.669109 0.166485
vt 0.682949 0.172059
vt 0.680222 0.182293
vt 0.179696 0.587638
vt 0.179696 0.599903
vt 0.884816 0.834856
vt 0.890724 0.815808
vt 0.890018 0.835014
vt 0.885528 0.815496
vt 0.460543 0.344827
vt 0.464235 0.344833
vt 0.570288 0.230431
vt 0.556118 0.223412
vt 0.554131 0.208132
vt 0.565574 0.209722
vt 0.349308 0.419004
vt 0.321008 0.407709
vt 0.323264 0.379148
vt 0.358789 0.375669
vt 0.200407 0.694193
vt 0.162239 0.695895
vt 0.163282 0.667520
vt 0.201519 0.663918
vt 0.697253 0.311325
vt 0.657752 0.314128
vt 0.660036 0.295474
vt 0.696429 0.292892
vt 0.588704 0.302320
vt 0.587159 0.304063
vt 0.472156 0.044679
vt 0.475862 0.015311
vt 0.513398 0.018336
vt 0.509924 0.045861
vt 0.199294 0.724467
vt 0.200407 0.754320
vt 0.162239 0.752251
vt 0.161196 0.724270
vt 0.697083 0.357678
vt 0.697070 0.386177
vt 0.649229 0.389572
vt 0.652355 0.360852
vt 0.078070 0.027774
vt 0.092922 0.026674
vt 0.098412 0.043836
vt 0.081190 0.045113
vt 0.697630 0.489153
vt 0.698016 0.531763
vt 0.637634 0.536048
vt 0.639862 0.493252
vt 0.478852 0.402068
vt 0.481796 0.399735
vt 0.499356 0.424274
vt 0.497160 0.427653
vt 0.256785 0.806299
vt 0.235294 0.809499
vt 0.238448 0.799274
vt 0.257336 0.793289
vt 0.705406 0.196246
vt 0.682091 0.192547
vt 0.852431 0.855922
vt 0.846633 0.895994
vt 0.847223 0.855959
vt 0.851836 0.896277
vt 0.208693 0.584956
vt 0.179696 0.575374
vt 0.161196 0.589350
vt 0.161196 0.569260
vt 0.593059 0.213501
vt 0.586503 0.237203
vt 0.868689 0.052872
vt 0.866364 0.072463
vt 0.864013 0.053028
vt 0.871059 0.072462
vt 0.674541 0.151668
vt 0.685676 0.161824
vt 0.064728 0.065138
vt 0.063967 0.046389
vt 0.083421 0.063753
vt 0.048116 0.028875
vt 0.046454 0.046389
vt 0.028941 0.046389
vt 0.033013 0.028875
vt 0.041921 0.018563
vt 0.052190 0.016937
vt 0.468451 0.074047
vt 0.506451 0.073387
vt 0.509924 0.102099
vt 0.472156 0.104681
vt 0.381051 0.277720
vt 0.395692 0.279567
vt 0.401161 0.293657
vt 0.384184 0.291515
vt 0.884105 0.854217
vt 0.890018 0.873159
vt 0.884816 0.873307
vt 0.889312 0.854220
vt 0.368914 0.348452
vt 0.369579 0.369728
vt 0.347296 0.350220
vt 0.667856 0.196418
vt 0.558189 0.428516
vt 0.557891 0.425102
vt 0.367673 0.306303
vt 0.348600 0.307763
vt 0.367071 0.290165
vt 0.068963 0.172276
vt 0.067738 0.140883
vt 0.090378 0.139205
vt 0.093117 0.170486
vt 0.278688 0.898140
vt 0.282474 0.898062
vt 0.284155 0.919996
vt 0.280214 0.920557
vt 0.398271 0.495866
vt 0.426438 0.474375
vt 0.429921 0.514180
vt 0.401753 0.510625
vt 0.063218 0.028875
vt 0.062458 0.015311
vt 0.072692 0.016184
vt 0.044003 0.244888
vt 0.016204 0.244888
vt 0.190239 0.578858
vt 0.366411 0.275872
vt 0.044368 0.287749
vt 0.015311 0.287749
vt 0.603709 0.673533
vt 0.548030 0.671224
vt 0.548005 0.633690
vt 0.600383 0.635861
vt 0.461261 0.672831
vt 0.460781 0.635016
vt 0.511936 0.639670
vt 0.515640 0.677778
vt 0.517383 0.720633
vt 0.460543 0.715463
vt 0.606203 0.716097
vt 0.548005 0.713684
vt 0.346995 0.495866
vt 0.344203 0.510625
vt 0.314821 0.514180
vt 0.316321 0.474375
vt 0.389928 0.350220
vt 0.387934 0.327115
vt 0.407474 0.329581
vt 0.410793 0.352853
vt 0.199027 0.614468
vt 0.223191 0.614277
vt 0.232441 0.632984
vt 0.192860 0.633296
vt 0.045071 0.112053
vt 0.023547 0.112053
vt 0.025264 0.086550
vt 0.045421 0.086550
vt 0.738450 0.358807
vt 0.740191 0.333671
vt 0.776154 0.332195
vt 0.776853 0.357231
vt 0.244315 0.616818
vt 0.607013 0.327905
vt 0.607013 0.359562
vt 0.604720 0.358966
vt 0.604720 0.328602
vt 0.348011 0.327115
vt 0.327629 0.329581
vt 0.329378 0.310088
vt 0.846633 0.821645
vt 0.851836 0.821333
vt 0.461059 0.600817
vt 0.509105 0.605187
vt 0.598085 0.601738
vt 0.548890 0.599698
vt 0.386248 0.307763
vt 0.404676 0.310088
vt 0.126478 0.240835
vt 0.130574 0.283513
vt 0.607013 0.391219
vt 0.604720 0.389329
vt 0.325531 0.352853
vt 0.045719 0.065138
vt 0.026710 0.065138
vt 0.820260 0.213785
vt 0.832069 0.241827
vt 0.820260 0.243364
vt 0.949357 0.566670
vt 0.949357 0.592877
vt 0.938664 0.574231
vt 0.218456 0.604702
vt 0.087763 0.110484
vt 0.085401 0.085081
vt 0.105223 0.083612
vt 0.108930 0.108916
vt 0.256785 0.832466
vt 0.257336 0.845623
vt 0.238448 0.840287
vt 0.235294 0.830006
vt 0.460543 0.494702
vt 0.497727 0.498084
vt 0.589580 0.495962
vt 0.551507 0.494384
vt 0.237689 0.582274
vt 0.237689 0.570010
vt 0.256189 0.560474
vt 0.256189 0.580563
vt 0.102115 0.062367
vt 0.368246 0.325515
vt 0.227683 0.582973
vt 0.228220 0.574891
vt 0.314821 0.604566
vt 0.315322 0.565733
vt 0.575432 0.035781
vt 0.589317 0.015311
vt 0.597964 0.857881
vt 0.603668 0.895622
vt 0.598466 0.895931
vt 0.603170 0.857874
vt 0.603668 0.819350
vt 0.598466 0.819048
vt 0.070307 0.206766
vt 0.096024 0.204860
vt 0.542440 0.055444
vt 0.544810 0.036664
vt 0.871059 0.034091
vt 0.868715 0.015766
vt 0.873429 0.015311
vt 0.866364 0.034397
vt 0.890724 0.892098
vt 0.885528 0.892398
vt 0.542440 0.093815
vt 0.544810 0.113405
vt 0.513398 0.130811
vt 0.706500 0.183271
vt 0.706500 0.170102
vt 0.777753 0.385565
vt 0.736678 0.387250
vt 0.741480 0.312552
vt 0.741796 0.294103
vt 0.773042 0.292821
vt 0.775395 0.311160
vt 0.211768 0.575565
vt 0.194584 0.572034
vt 0.198929 0.565211
vt 0.214844 0.566175
vt 0.218358 0.555445
vt 0.194194 0.555636
vt 0.184944 0.536929
vt 0.224525 0.536616
vt 0.113018 0.137527
vt 0.186945 0.565505
vt 0.173070 0.553095
vt 0.118749 0.532904
vt 0.104404 0.532491
vt 0.101957 0.511398
vt 0.117755 0.511927
vt 0.601958 0.102726
vt 0.628195 0.113430
vt 0.608756 0.135796
vt 0.588695 0.117987
vt 0.348430 0.436024
vt 0.318710 0.439223
vt 0.706500 0.156934
vt 0.389979 0.820669
vt 0.400769 0.814729
vt 0.403047 0.855914
vt 0.386876 0.857535
vt 0.540070 0.074224
vt 0.256189 0.600653
vt 0.065578 0.086550
vt 0.066595 0.112053
vt 0.208188 0.181258
vt 0.204251 0.213006
vt 0.169971 0.212512
vt 0.171417 0.180737
vt 0.016241 0.629830
vt 0.054862 0.631368
vt 0.053991 0.690515
vt 0.015311 0.692936
vt 0.256234 0.819309
vt 0.232141 0.819725
vt 0.460543 0.376484
vt 0.464235 0.375196
vt 0.015311 0.742113
vt 0.032763 0.801878
vt 0.015817 0.806391
vt 0.032271 0.759963
vt 0.411314 0.820669
vt 0.418665 0.857535
vt 0.694192 0.275872
vt 0.662809 0.278099
vt 0.589317 0.158162
vt 0.575432 0.133247
vt 0.938664 0.637451
vt 0.942344 0.634758
vt 0.947234 0.639054
vt 0.948763 0.649496
vt 0.730882 0.490064
vt 0.733597 0.452407
vt 0.780255 0.450493
vt 0.780480 0.488029
vt 0.868716 0.091897
vt 0.873429 0.092052
vt 0.080408 0.637017
vt 0.053991 0.580673
vt 0.079813 0.602428
vt 0.740613 0.276978
vt 0.767558 0.275872
vt 0.161196 0.609439
vt 0.735295 0.418293
vt 0.779117 0.416495
vt 0.116742 0.480103
vt 0.100290 0.479616
vt 0.834412 0.275872
vt 0.830858 0.304040
vt 0.820328 0.303857
vt 0.823882 0.278722
vt 0.015790 0.723558
vt 0.032763 0.726022
vt 0.946881 0.623499
vt 0.948763 0.627046
vt 0.015311 0.575742
vt 0.117271 0.168696
vt 0.697270 0.332483
vt 0.655383 0.335456
vt 0.780480 0.530489
vt 0.728638 0.532617
vt 0.703793 0.142589
vt 0.079813 0.677372
vt 0.475862 0.135315
vt 0.943417 0.015311
vt 0.947398 0.016793
vt 0.938846 0.469622
vt 0.940468 0.454004
vt 0.944660 0.455031
vt 0.943148 0.469603
vt 0.495835 0.237203
vt 0.494779 0.198305
vt 0.520856 0.197255
vt 0.523509 0.236355
vt 0.493863 0.167181
vt 0.518399 0.165937
vt 0.834412 0.333422
vt 0.823882 0.330206
vt 0.201519 0.784173
vt 0.163282 0.780231
vt 0.943399 0.238655
vt 0.939388 0.239815
vt 0.868448 0.619370
vt 0.847965 0.594310
vt 0.868448 0.593665
vt 0.851072 0.621824
vt 0.512848 0.904582
vt 0.507837 0.908685
vt 0.506227 0.895773
vt 0.508457 0.892466
vt 0.468451 0.236355
vt 0.469061 0.197255
vt 0.121741 0.202954
vt 0.082927 0.017056
vt 0.516635 0.907790
vt 0.506227 0.919573
vt 0.566548 0.844740
vt 0.562432 0.820118
vt 0.567342 0.819048
vt 0.561638 0.844733
vt 0.280214 0.876245
vt 0.284155 0.876701
vt 0.057593 0.354153
vt 0.057488 0.338384
vt 0.101002 0.338637
vt 0.100474 0.353140
vt 0.811102 0.303740
vt 0.812782 0.282380
vt 0.552065 0.822422
vt 0.548004 0.844616
vt 0.117653 0.353291
vt 0.117119 0.374274
vt 0.099949 0.374055
vt 0.174723 0.074586
vt 0.161276 0.074222
vt 0.769215 0.015702
vt 0.783023 0.015311
vt 0.787266 0.035748
vt 0.771187 0.036247
vt 0.400174 0.026323
vt 0.406243 0.047084
vt 0.393164 0.047459
vt 0.388034 0.026646
vt 0.506227 0.950195
vt 0.512428 0.964605
vt 0.506227 0.973772
vt 0.973734 0.871514
vt 0.973734 0.895370
vt 0.967972 0.888961
vt 0.832503 0.015311
vt 0.833392 0.030058
vt 0.824822 0.036472
vt 0.820260 0.025149
vt 0.831048 0.062357
vt 0.821430 0.060649
vt 0.907275 0.597468
vt 0.908042 0.629842
vt 0.901319 0.622653
vt 0.899070 0.598267
vt 0.901319 0.575102
vt 0.908042 0.566670
vt 0.827331 0.092939
vt 0.820260 0.083804
vt 0.264641 0.491785
vt 0.247379 0.493387
vt 0.246895 0.480821
vt 0.264054 0.480540
vt 0.314821 0.232187
vt 0.314899 0.220987
vt 0.329168 0.221496
vt 0.329328 0.233993
vt 0.218353 0.286989
vt 0.213681 0.307520
vt 0.182816 0.308634
vt 0.189180 0.288007
vt 0.200946 0.279550
vt 0.223096 0.275909
vt 0.245163 0.278423
vt 0.250297 0.286449
vt 0.247851 0.306976
vt 0.375167 0.238949
vt 0.374359 0.222546
vt 0.420147 0.223478
vt 0.421584 0.243790
vt 0.354935 0.026954
vt 0.353376 0.015311
vt 0.377782 0.018096
vt 0.357889 0.047797
vt 0.323606 0.047938
vt 0.322667 0.027096
vt 0.330490 0.018421
vt 0.369111 0.153631
vt 0.365858 0.116500
vt 0.406042 0.116140
vt 0.411397 0.153265
vt 0.415513 0.185075
vt 0.371574 0.185446
vt 0.328352 0.185675
vt 0.327609 0.153841
vt 0.326538 0.116688
vt 0.203484 0.466915
vt 0.203378 0.483035
vt 0.161850 0.485592
vt 0.162762 0.468167
vt 0.164348 0.446868
vt 0.203900 0.445623
vt 0.245842 0.444791
vt 0.246368 0.466035
vt 0.209737 0.339121
vt 0.206734 0.376314
vt 0.171007 0.377510
vt 0.176515 0.340288
vt 0.246185 0.338511
vt 0.245342 0.375615
vt 0.645169 0.973571
vt 0.637634 0.959811
vt 0.645169 0.954446
vt 0.314821 0.974312
vt 0.314821 0.953067
vt 0.321529 0.961732
vt 0.275431 0.974744
vt 0.269354 0.960735
vt 0.275431 0.955313
vt 0.424011 0.703020
vt 0.412278 0.712195
vt 0.410966 0.703547
vt 0.410624 0.682699
vt 0.425925 0.682098
vt 0.264641 0.286906
vt 0.263648 0.307554
vt 0.262346 0.413190
vt 0.245364 0.412846
vt 0.262052 0.376044
vt 0.425695 0.575997
vt 0.427770 0.613121
vt 0.413860 0.613707
vt 0.412708 0.576568
vt 0.410624 0.544802
vt 0.314821 0.153703
vt 0.314901 0.185561
vt 0.263012 0.445063
vt 0.771255 0.194384
vt 0.783793 0.194227
vt 0.782089 0.211560
vt 0.770177 0.212105
vt 0.434153 0.205896
vt 0.436205 0.223630
vt 0.418277 0.206193
vt 0.431116 0.184761
vt 0.772529 0.173278
vt 0.785856 0.173059
vt 0.773413 0.067620
vt 0.789411 0.067159
vt 0.789638 0.104123
vt 0.774756 0.104485
vt 0.413435 0.078707
vt 0.420588 0.115791
vt 0.399566 0.079081
vt 0.774079 0.141508
vt 0.788128 0.141224
vt 0.426538 0.152934
vt 0.262636 0.339049
vt 0.427513 0.650310
vt 0.412377 0.650918
vt 0.204886 0.413619
vt 0.167024 0.414843
vt 0.361824 0.079434
vt 0.325050 0.079594
vt 0.437829 0.245250
vt 0.769215 0.233722
vt 0.780894 0.231893
vt 0.203322 0.499524
vt 0.161196 0.505995
vt 0.373243 0.206565
vt 0.328857 0.206808
vt 0.263546 0.466240
vt 0.314926 0.206717
vt 0.118749 0.328133
vt 0.118161 0.339171
vt 0.101487 0.326318
vt 0.552065 0.866833
vt 0.562432 0.869353
vt 0.063844 0.480339
vt 0.067788 0.512048
vt 0.058994 0.406510
vt 0.099470 0.405612
vt 0.099447 0.442551
vt 0.060842 0.443370
vt 0.116159 0.442929
vt 0.201296 0.233825
vt 0.199738 0.245287
vt 0.176855 0.241976
vt 0.169031 0.233369
vt 0.219611 0.054059
vt 0.217942 0.075158
vt 0.172907 0.143529
vt 0.212224 0.144070
vt 0.057433 0.322181
vt 0.015964 0.338467
vt 0.015311 0.318371
vt 0.016876 0.355531
vt 0.758774 0.695333
vt 0.744763 0.694257
vt 0.743248 0.656834
vt 0.758094 0.657914
vt 0.030626 0.481608
vt 0.025119 0.444677
vt 0.221535 0.021759
vt 0.220728 0.038103
vt 0.175700 0.026387
vt 0.245929 0.181604
vt 0.239525 0.213322
vt 0.904288 0.047703
vt 0.912795 0.046798
vt 0.911000 0.069950
vt 0.904051 0.078467
vt 0.968171 0.815496
vt 0.973765 0.833009
vt 0.968171 0.839448
vt 0.963841 0.179320
vt 0.963841 0.202214
vt 0.956542 0.193078
vt 0.058009 0.375018
vt 0.944660 0.484692
vt 0.940468 0.485793
vt 0.252408 0.144454
vt 0.812782 0.325674
vt 0.161196 0.105999
vt 0.113103 0.607291
vt 0.128185 0.575742
vt 0.126101 0.607519
vt 0.267952 0.017027
vt 0.266515 0.037275
vt 0.111288 0.681606
vt 0.126432 0.681928
vt 0.128185 0.713748
vt 0.112876 0.713408
vt 0.567342 0.870437
vt 0.866861 0.568005
vt 0.849368 0.566669
vt 0.116452 0.405903
vt 0.111029 0.644410
vt 0.124949 0.644679
vt 0.161196 0.027790
vt 0.759441 0.620533
vt 0.743474 0.619444
vt 0.272908 0.107299
vt 0.266958 0.144375
vt 0.257764 0.107349
vt 0.264645 0.054521
vt 0.261881 0.075600
vt 0.036927 0.513258
vt 0.761605 0.748684
vt 0.762687 0.766524
vt 0.750820 0.765046
vt 0.749111 0.747627
vt 0.469752 0.165937
vt 0.109894 0.544842
vt 0.099271 0.541581
vt 0.072461 0.533130
vt 0.077206 0.545120
vt 0.747043 0.726319
vt 0.760328 0.727390
vt 0.284199 0.015311
vt 0.282575 0.036855
vt 0.763657 0.567616
vt 0.761675 0.588623
vt 0.745623 0.587564
vt 0.749877 0.566669
vt 0.215478 0.106932
vt 0.173979 0.106374
vt 0.280523 0.054519
vt 0.277486 0.075575
vt 0.904051 0.015311
vt 0.911000 0.022412
vt 0.018461 0.376386
vt 0.259804 0.181487
vt 0.252609 0.213189
vt 0.908766 0.271049
vt 0.899790 0.270260
vt 0.901395 0.245852
vt 0.908766 0.238655
vt 0.021136 0.407852
vt 0.966732 0.774300
vt 0.959991 0.760441
vt 0.966732 0.751221
vt 0.743248 0.974607
vt 0.743248 0.959820
vt 0.751416 0.965469
vt 0.114790 0.734344
vt 0.127843 0.734618
vt 0.763657 0.788224
vt 0.752023 0.785443
vt 0.234395 0.234130
vt 0.224144 0.242526
vt 0.043292 0.534239
vt 0.232141 0.955313
vt 0.238733 0.969245
vt 0.232141 0.974630
vt 0.049429 0.975494
vt 0.049429 0.955863
vt 0.055327 0.961302
vt 0.908304 0.301810
vt 0.901047 0.293389
vt 0.246540 0.234032
vt 0.055058 0.542845
vt 0.575631 0.191057
vt 0.593059 0.188891
vt 0.560115 0.193956
vt 0.704931 0.627358
vt 0.695867 0.625022
vt 0.693617 0.601119
vt 0.702915 0.605854
vt 0.709242 0.613776
vt 0.712626 0.629413
vt 0.712210 0.644185
vt 0.707131 0.649054
vt 0.698302 0.649119
vt 0.708110 0.656543
vt 0.699358 0.657408
vt 0.983422 0.025439
vt 0.978020 0.019488
vt 0.983422 0.015311
vt 0.975282 0.467025
vt 0.975282 0.454004
vt 0.979452 0.458235
vt 0.698684 0.069397
vt 0.696470 0.098270
vt 0.690035 0.098173
vt 0.692115 0.070681
vt 0.720885 0.065572
vt 0.720008 0.098883
vt 0.705718 0.098494
vt 0.707663 0.067848
vt 0.686120 0.072164
vt 0.684186 0.098164
vt 0.677609 0.098206
vt 0.679364 0.074036
vt 0.704790 0.031841
vt 0.713409 0.027929
vt 0.710790 0.037556
vt 0.702081 0.040876
vt 0.670511 0.076491
vt 0.663677 0.078726
vt 0.667548 0.063129
vt 0.673214 0.055073
vt 0.697308 0.108366
vt 0.706646 0.109180
vt 0.721293 0.110458
vt 0.736820 0.099355
vt 0.738593 0.111967
vt 0.623681 0.239549
vt 0.624076 0.225919
vt 0.629860 0.223068
vt 0.631650 0.232952
vt 0.631097 0.241429
vt 0.702488 0.598944
vt 0.693112 0.593409
vt 0.682301 0.050220
vt 0.689236 0.046516
vt 0.624040 0.205662
vt 0.623681 0.188891
vt 0.629557 0.194649
vt 0.631919 0.207537
vt 0.685118 0.107302
vt 0.690919 0.107808
vt 0.695377 0.043542
vt 0.672717 0.582757
vt 0.679624 0.585793
vt 0.680237 0.594612
vt 0.673375 0.592035
vt 0.664460 0.588830
vt 0.663896 0.578959
vt 0.736229 0.062932
vt 0.815627 0.853885
vt 0.807216 0.845999
vt 0.807409 0.839519
vt 0.815793 0.846835
vt 0.548004 0.967348
vt 0.556349 0.965496
vt 0.556349 0.973743
vt 0.670061 0.105989
vt 0.678601 0.106734
vt 0.680188 0.659302
vt 0.670618 0.660248
vt 0.669502 0.649797
vt 0.678978 0.649445
vt 0.685571 0.649258
vt 0.686736 0.658655
vt 0.815463 0.859816
vt 0.807030 0.851465
vt 0.676084 0.620643
vt 0.666889 0.619217
vt 0.682812 0.621838
vt 0.816011 0.837597
vt 0.807661 0.831028
vt 0.809692 0.821134
vt 0.815923 0.823961
vt 0.685956 0.589185
vt 0.686521 0.597506
vt 0.815170 0.803718
vt 0.807030 0.805619
vt 0.808383 0.792743
vt 0.814218 0.786971
vt 0.668991 0.098261
vt 0.664576 0.093530
vt 0.692680 0.658068
vt 0.691563 0.649168
vt 0.688950 0.623240
vt 0.653348 0.617121
vt 0.637634 0.614690
vt 0.637818 0.578482
vt 0.652021 0.584050
vt 0.654860 0.650386
vt 0.637634 0.651092
vt 0.655609 0.661731
vt 0.637880 0.663483
vt 0.548287 0.958523
vt 0.554460 0.959001
vt 0.815252 0.865696
vt 0.722944 0.032614
vt 0.736820 0.026863
vt 0.725206 0.022100
vt 0.738593 0.015311
vt 0.651823 0.573283
vt 0.638125 0.566670
vt 0.820150 0.472406
vt 0.824173 0.458585
vt 0.832650 0.459264
vt 0.829238 0.471056
vt 0.919636 0.710413
vt 0.918356 0.696061
vt 0.928090 0.696811
vt 0.929369 0.711163
vt 0.797796 0.712610
vt 0.794279 0.700132
vt 0.801770 0.696383
vt 0.805789 0.710772
vt 0.810288 0.696061
vt 0.814684 0.711988
vt 0.898291 0.471476
vt 0.898438 0.454004
vt 0.908224 0.454089
vt 0.908077 0.471561
vt 0.812449 0.469958
vt 0.816850 0.454657
vt 0.812315 0.498117
vt 0.811102 0.483954
vt 0.818802 0.486401
vt 0.820016 0.500565
vt 0.898303 0.501051
vt 0.898252 0.486590
vt 0.908038 0.486675
vt 0.908089 0.501136
vt 0.805868 0.739842
vt 0.807117 0.725259
vt 0.816011 0.726476
vt 0.814763 0.741058
vt 0.797875 0.741680
vt 0.799123 0.727098
vt 0.918532 0.738058
vt 0.918951 0.724776
vt 0.928684 0.725526
vt 0.928266 0.738808
vt 0.827890 0.485052
vt 0.829104 0.499215
vt 0.823562 0.514881
vt 0.832650 0.513531
vt 0.918356 0.750357
vt 0.928090 0.751107
vt 0.794279 0.756349
vt 0.802272 0.754510
vt 0.811167 0.755727
vt 0.898438 0.514916
vt 0.908224 0.515002
vt 0.815862 0.512433
vt 0.708721 0.886254
vt 0.698959 0.886251
vt 0.699257 0.870949
vt 0.709019 0.870953
vt 0.909542 0.422957
vt 0.899765 0.423382
vt 0.899361 0.409020
vt 0.909139 0.408594
vt 0.709047 0.840340
vt 0.699284 0.840336
vt 0.698959 0.823389
vt 0.708721 0.823393
vt 0.709134 0.855648
vt 0.699372 0.855644
vt 0.821139 0.407646
vt 0.812370 0.408983
vt 0.811102 0.394446
vt 0.819870 0.393110
vt 0.829023 0.183164
vt 0.820260 0.181431
vt 0.823881 0.167349
vt 0.832644 0.169082
vt 0.840810 0.166816
vt 0.833913 0.155074
vt 0.842079 0.152809
vt 0.898860 0.394230
vt 0.908637 0.393805
vt 0.898251 0.378973
vt 0.908029 0.378547
vt 0.832918 0.424036
vt 0.824759 0.422246
vt 0.829297 0.409436
vt 0.825150 0.153342
vt 0.899765 0.364470
vt 0.909542 0.364044
vt 0.832600 0.141148
vt 0.840766 0.138883
vt 0.828029 0.394899
vt 0.821184 0.378642
vt 0.829343 0.380432
vt 0.823837 0.139416
vt 0.812415 0.379979
vt 0.816803 0.364044
vt 0.825196 0.364247
vt 0.820260 0.127648
vt 0.828589 0.127307
vt 0.815990 0.423583
vt 0.832918 0.367963
vt 0.837188 0.180898
vt 0.836379 0.123561
vt 0.922446 0.828562
vt 0.921346 0.816045
vt 0.932221 0.815496
vt 0.937549 0.827800
vt 0.117022 0.884677
vt 0.127506 0.889844
vt 0.123191 0.902438
vt 0.111029 0.902168
vt 0.127506 0.914774
vt 0.117022 0.919301
vt 0.326496 0.922446
vt 0.315224 0.918612
vt 0.314821 0.905453
vt 0.325937 0.904170
vt 0.172989 0.860073
vt 0.161196 0.853699
vt 0.164888 0.843998
vt 0.178116 0.846600
vt 0.164888 0.830494
vt 0.178116 0.827845
vt 0.070896 0.837551
vt 0.061849 0.850507
vt 0.058321 0.837019
vt 0.064436 0.850617
vt 0.161196 0.821097
vt 0.172989 0.814795
vt 0.797450 0.908737
vt 0.800733 0.896318
vt 0.814098 0.896318
vt 0.816011 0.908737
vt 0.548004 0.758261
vt 0.559260 0.746719
vt 0.562298 0.757554
vt 0.556743 0.763251
vt 0.798800 0.921113
vt 0.815718 0.921113
vt 0.189100 0.828793
vt 0.184428 0.816898
vt 0.189100 0.845887
vt 0.338818 0.904364
vt 0.326496 0.888264
vt 0.339328 0.889866
vt 0.339328 0.921021
vt 0.462951 0.910727
vt 0.475605 0.910430
vt 0.472963 0.926912
vt 0.460543 0.925749
vt 0.460543 0.894354
vt 0.472963 0.892466
vt 0.921346 0.840892
vt 0.935112 0.840198
vt 0.161196 0.971960
vt 0.167779 0.955950
vt 0.169546 0.971960
vt 0.163957 0.955950
vt 0.586434 0.759887
vt 0.586434 0.776883
vt 0.575709 0.772441
vt 0.575709 0.764053
vt 0.559260 0.787753
vt 0.548004 0.775258
vt 0.556743 0.771639
vt 0.562298 0.777806
vt 0.575178 0.747392
vt 0.570154 0.757886
vt 0.575178 0.788426
vt 0.570154 0.778138
vt 0.953338 0.517758
vt 0.944649 0.532922
vt 0.945009 0.516415
vt 0.948462 0.533537
vt 0.402032 0.965105
vt 0.386876 0.958070
vt 0.401780 0.956885
vt 0.386991 0.961833
vt 0.111029 0.959996
vt 0.122163 0.952173
vt 0.117738 0.964911
vt 0.119092 0.949923
vt 0.941828 0.533537
vt 0.938846 0.517758
vt 0.386991 0.954794
vt 0.402032 0.949730
vt 0.125899 0.952045
vt 0.125899 0.964631
vt 0.372268 0.711756
vt 0.375475 0.695649
vt 0.379071 0.711756
vt 0.372361 0.695649
vt 0.979978 0.567437
vt 0.981911 0.566674
vt 0.981883 0.575413
vt 0.979978 0.576165
vt 0.070896 0.869967
vt 0.066266 0.855410
vt 0.079788 0.860849
vt 0.064436 0.857287
vt 0.058321 0.869435
vt 0.061849 0.857177
vt 0.049429 0.846138
vt 0.060019 0.855146
vt 0.049429 0.859565
vt 0.060019 0.852383
vt 0.079788 0.847421
vt 0.066266 0.852648
vt 0.926410 0.983985
vt 0.924054 0.983879
vt 0.924016 0.974456
vt 0.926338 0.974560
vt 0.979385 0.623499
vt 0.981809 0.623989
vt 0.981847 0.632770
vt 0.979457 0.632287
vt 0.017542 0.926514
vt 0.015311 0.926719
vt 0.015343 0.917338
vt 0.017542 0.917136
vt 0.018061 0.886514
vt 0.015311 0.886469
vt 0.015311 0.877088
vt 0.018022 0.877133
vt 0.984689 0.566670
vt 0.984622 0.575408
vt 0.921346 0.983935
vt 0.921346 0.974512
vt 0.984484 0.623705
vt 0.984484 0.632490
vt 0.936123 0.883651
vt 0.921346 0.883718
vt 0.926710 0.871562
vt 0.937350 0.871514
vt 0.758479 0.864131
vt 0.755044 0.850878
vt 0.767973 0.848250
vt 0.770447 0.857792
vt 0.068051 0.912634
vt 0.049429 0.912634
vt 0.051360 0.900589
vt 0.064769 0.900589
vt 0.347127 0.834564
vt 0.334842 0.842748
vt 0.334842 0.839969
vt 0.347127 0.848070
vt 0.637966 0.905773
vt 0.637634 0.891370
vt 0.650446 0.889703
vt 0.650809 0.905505
vt 0.637634 0.922469
vt 0.650446 0.923825
vt 0.324283 0.857642
vt 0.328194 0.842754
vt 0.330141 0.844717
vt 0.314821 0.848102
vt 0.743248 0.832947
vt 0.746379 0.820848
vt 0.758479 0.818846
vt 0.755044 0.832120
vt 0.427770 0.754894
vt 0.417783 0.759252
vt 0.411872 0.753292
vt 0.415793 0.742816
vt 0.398853 0.784107
vt 0.403511 0.773670
vt 0.411872 0.773662
vt 0.415793 0.784090
vt 0.770447 0.825186
vt 0.767973 0.834744
vt 0.756004 0.912965
vt 0.758151 0.927977
vt 0.745603 0.929198
vt 0.743248 0.912728
vt 0.386876 0.754934
vt 0.397600 0.759272
vt 0.397600 0.767709
vt 0.386876 0.772030
vt 0.743248 0.850043
vt 0.066895 0.925241
vt 0.049921 0.925241
vt 0.324283 0.825037
vt 0.332895 0.838006
vt 0.330141 0.838008
vt 0.337665 0.825024
vt 0.161196 0.907922
vt 0.167999 0.890695
vt 0.176328 0.895171
vt 0.171430 0.907575
vt 0.943581 0.083731
vt 0.958601 0.081662
vt 0.958676 0.084916
vt 0.943417 0.076623
vt 0.758151 0.896581
vt 0.745603 0.894753
vt 0.167999 0.925328
vt 0.176328 0.920108
vt 0.937350 0.896208
vt 0.923881 0.896269
vt 0.662134 0.906812
vt 0.661872 0.920003
vt 0.946266 0.380929
vt 0.944005 0.364044
vt 0.946798 0.364456
vt 0.940164 0.380029
vt 0.417783 0.767690
vt 0.427770 0.771990
vt 0.943417 0.091972
vt 0.958601 0.088689
vt 0.398853 0.742833
vt 0.403511 0.753300
vt 0.811112 0.951734
vt 0.797450 0.958632
vt 0.797935 0.954931
vt 0.810052 0.959820
vt 0.954655 0.380029
vt 0.950639 0.364044
vt 0.797935 0.962024
vt 0.811112 0.967229
vt 0.468920 0.973254
vt 0.462263 0.957534
vt 0.466098 0.957534
vt 0.460543 0.973254
vt 0.846633 0.984305
vt 0.846705 0.974863
vt 0.849013 0.974797
vt 0.848974 0.984237
vt 0.337665 0.857629
vt 0.332895 0.844715
vt 0.314821 0.834596
vt 0.328194 0.839975
vt 0.980659 0.254470
vt 0.977620 0.238823
vt 0.980659 0.238655
vt 0.974021 0.254837
vt 0.884737 0.983718
vt 0.884775 0.974797
vt 0.887410 0.975049
vt 0.887410 0.983974
vt 0.851688 0.974834
vt 0.851688 0.984276
vt 0.882310 0.984152
vt 0.882382 0.975225
vt 0.979468 0.420688
vt 0.979468 0.411551
vt 0.981410 0.412042
vt 0.981438 0.421186
vt 0.352151 0.962507
vt 0.352151 0.953067
vt 0.354308 0.953158
vt 0.354339 0.962599
vt 0.984149 0.412027
vt 0.984217 0.421171
vt 0.015311 0.846467
vt 0.015350 0.837026
vt 0.018070 0.837013
vt 0.018070 0.846454
vt 0.846633 0.941247
vt 0.846633 0.932609
vt 0.854583 0.926899
vt 0.854583 0.944175
vt 0.862532 0.929827
vt 0.862532 0.938465
vt 0.921346 0.931725
vt 0.929742 0.926891
vt 0.938138 0.930529
vt 0.938138 0.939001
vt 0.921346 0.940196
vt 0.929742 0.943834
vt 0.940164 0.414158
vt 0.942707 0.420822
vt 0.940164 0.417999
vt 0.942707 0.411551
vt 0.946303 0.420974
vt 0.946303 0.411703
vt 0.948846 0.418366
vt 0.948846 0.414526
vt 0.854498 0.661771
vt 0.857204 0.655174
vt 0.857204 0.659037
vt 0.850671 0.661774
vt 0.854498 0.652446
vt 0.847965 0.659046
vt 0.850671 0.652449
vt 0.847965 0.655183
s 1
usemtl BakedMaterial
f 1/1/1 2/2/2 3/3/3
f 1/1/1 3/3/3 4/4/4
f 1/1/1 4/4/4 5/5/5
f 1/1/1 5/5/5 6/6/6
f 1/1/1 6/6/6 7/7/7
f 1/1/1 7/7/7 8/8/8
f 1/1/1 8/8/8 9/9/9
f 1/1/1 9/9/9 2/2/2
f 10/10/10 11/11/11 3/3/3
f 10/10/10 3/3/3 12/12/12
f 10/10/10 12/12/12 13/13/13
f 10/10/10 13/13/13 14/14/14
f 10/10/10 14/14/14 15/15/15
f 10/10/10 15/15/15 16/16/16
f 10/10/10 16/16/16 17/17/17
f 10/10/10 17/17/17 11/11/11
f 18/18/18 19/19/19 17/17/17
f 18/18/18 17/17/17 16/16/16
f 18/20/18 16/21/16 15/22/15
f 18/20/18 15/22/15 20/23/20
f 21/24/21 22/25/22 23/26/23
f 21/24/21 23/26/23 24/27/24
f 21/24/21 24/27/24 25/28/25
f 21/24/21 25/28/25 26/29/26
f 27/30/27 28/31/28 25/28/25
f 27/30/27 25/28/25 24/27/24
f 27/30/27 24/27/24 23/26/23
f 27/30/27 23/26/23 29/32/29
f 27/30/27 29/32/29 30/33/30
f 27/30/27 30/33/30 31/34/31
f 27/30/27 31/34/31 32/35/32
f 27/30/27 32/35/32 28/31/28
f 33/36/33 34/37/34 5/38/5
f 33/36/33 5/38/5 35/39/35
f 33/36/33 35/39/35 36/40/36
f 33/41/33 36/42/36 37/43/37
f 38/44/38 39/45/39 40/46/40
f 38/44/38 40/46/40 41/47/41
f 38/44/38 41/47/41 42/48/42
f 38/44/38 42/48/42 43/49/43
f 44/50/44 20/23/20 15/22/15
f 44/50/44 15/22/15 14/51/14
f 44/50/44 14/51/14 13/52/13
f 44/50/44 13/52/13 45/53/45
f 46/54/46 47/55/45 30/56/30
f 46/54/46 30/56/30 29/57/29
f 46/54/46 29/57/29 23/58/23
f 46/54/46 23/58/23 22/59/22
f 48/60/47 49/61/48 50/62/49
f 48/60/47 50/62/49 51/63/50
f 52/64/47 53/65/51 54/66/52
f 52/64/47 54/66/52 55/67/53
f 52/64/47 55/67/53 56/68/54
f 52/64/47 56/68/54 57/69/55
f 48/60/47 58/70/56 59/71/57
f 48/60/47 59/71/57 49/61/48
f 60/72/58 61/73/32 32/35/32
f 60/72/58 32/35/32 31/34/31
f 60/72/58 31/34/31 30/33/30
f 60/72/58 30/33/30 62/74/59
f 60/72/58 62/74/59 50/75/49
f 60/72/58 50/75/49 63/76/60
f 60/72/58 63/76/60 64/77/32
f 60/72/58 64/77/32 61/73/32
f 65/78/61 62/79/59 30/56/30
f 65/78/61 30/56/30 47/55/45
f 66/80/61 45/53/45 13/52/13
f 66/80/61 13/52/13 67/81/62
f 66/80/61 67/81/62 54/66/52
f 66/80/61 54/66/52 53/65/51
f 65/78/61 51/63/50 50/62/49
f 65/78/61 50/62/49 62/79/59
f 68/82/63 6/83/6 5/38/5
f 68/82/63 5/38/5 34/37/34
f 69/84/64 43/49/43 42/48/42
f 69/84/64 42/48/42 70/85/65
f 69/84/64 70/85/65 71/86/66
f 69/84/64 71/86/66 72/87/67
f 68/82/63 73/88/68 7/89/7
f 68/82/63 7/89/7 6/83/6
f 74/90/69 75/91/70 76/92/71
f 74/90/69 76/92/71 77/93/72
f 74/90/69 77/93/72 59/94/57
f 74/90/69 59/94/57 58/95/56
f 78/96/73 57/97/55 56/98/54
f 78/96/73 56/98/54 79/99/74
f 78/96/73 79/99/74 80/100/75
f 78/96/73 80/100/75 81/101/76
f 82/102/77 83/103/78 7/89/7
f 82/102/77 7/89/7 73/88/68
f 84/104/79 72/87/67 71/86/66
f 84/104/79 71/86/66 85/105/80
f 84/104/79 85/105/80 86/106/81
f 84/104/79 86/106/81 87/107/82
f 82/102/77 88/108/83 89/109/84
f 82/102/77 89/109/84 83/103/78
f 90/110/85 91/111/86 9/9/9
f 90/110/85 9/9/9 8/8/8
f 90/110/85 8/8/8 7/7/7
f 90/110/85 7/7/7 83/112/78
f 90/110/85 83/112/78 89/113/84
f 90/110/85 89/113/84 92/114/87
f 90/110/85 92/114/87 80/115/75
f 90/110/85 80/115/75 91/111/86
f 93/116/88 94/117/89 64/77/32
f 93/116/88 64/77/32 63/76/60
f 93/116/88 63/76/60 50/75/49
f 93/116/88 50/75/49 49/118/48
f 93/116/88 49/118/48 59/119/57
f 93/116/88 59/119/57 77/120/72
f 93/116/88 77/120/72 76/121/71
f 93/116/88 76/121/71 94/117/89
f 95/122/90 85/123/80 71/124/66
f 95/122/90 71/124/66 96/125/91
f 95/122/90 96/125/91 64/77/32
f 95/122/90 64/77/32 94/117/89
f 95/122/90 94/117/89 76/121/71
f 95/122/90 76/121/71 97/126/92
f 95/127/90 97/128/92 86/106/81
f 95/127/90 86/106/81 85/105/80
f 98/129/93 55/130/53 54/131/52
f 98/129/93 54/131/52 99/132/94
f 98/129/93 99/132/94 9/9/9
f 98/129/93 9/9/9 91/111/86
f 98/129/93 91/111/86 80/115/75
f 98/129/93 80/115/75 79/133/74
f 98/134/93 79/135/74 56/136/54
f 98/129/93 56/137/54 55/130/53
f 100/138/95 87/107/82 86/106/81
f 100/138/95 86/106/81 97/128/92
f 100/139/95 97/140/92 76/92/71
f 100/139/95 76/92/71 75/91/70
f 101/141/96 81/101/76 80/100/75
f 101/141/96 80/100/75 92/142/87
f 101/141/96 92/142/87 89/143/84
f 101/141/96 89/143/84 88/144/83
f 102/145/97 70/146/65 42/147/42
f 102/145/97 42/147/42 103/148/98
f 102/145/97 103/148/98 32/35/32
f 102/145/97 32/35/32 61/73/32
f 102/145/97 61/73/32 64/77/32
f 102/145/97 64/77/32 96/125/91
f 102/145/97 96/125/91 71/124/66
f 102/145/97 71/124/66 70/146/65
f 104/149/99 41/150/41 40/151/40
f 104/149/99 40/151/40 105/152/100
f 104/149/99 105/152/100 25/28/25
f 104/149/99 25/28/25 28/31/28
f 104/149/99 28/31/28 32/35/32
f 104/149/99 32/35/32 103/148/98
f 104/149/99 103/148/98 42/147/42
f 104/149/99 42/147/42 41/150/41
f 106/153/101 37/43/37 36/42/36
f 106/153/101 36/42/36 107/154/102
f 106/153/101 107/154/102 17/17/17
f 106/153/101 17/17/17 19/19/19
f 108/155/103 26/29/26 25/28/25
f 108/155/103 25/28/25 105/152/100
f 108/156/103 105/157/100 40/46/40
f 108/156/103 40/46/40 39/45/39
f 109/158/104 35/159/35 5/5/5
f 109/158/104 5/5/5 4/4/4
f 109/158/104 4/4/4 3/3/3
f 109/158/104 3/3/3 11/11/11
f 109/158/104 11/11/11 17/17/17
f 109/158/104 17/17/17 107/154/102
f 109/158/104 107/154/102 36/42/36
f 109/158/104 36/42/36 35/159/35
f 110/160/105 67/161/62 13/13/13
f 110/160/105 13/13/13 12/12/12
f 110/160/105 12/12/12 3/3/3
f 110/160/105 3/3/3 2/2/2
f 110/160/105 2/2/2 9/9/9
f 110/160/105 9/9/9 99/132/94
f 110/160/105 99/132/94 54/131/52
f 110/160/105 54/131/52 67/161/62
f 111/162/106 112/163/107 113/164/108
f 111/162/106 113/164/108 114/165/109
f 111/162/106 114/165/109 115/166/110
f 111/162/106 115/166/110 116/167/111
f 111/162/106 116/167/111 117/168/112
f 111/162/106 117/168/112 118/169/113
f 111/162/106 118/169/113 119/170/114
f 111/162/106 119/170/114 112/163/107
f 120/171/115 121/172/116 113/164/108
f 120/171/115 113/164/108 122/173/117
f 120/171/115 122/173/117 123/174/118
f 120/171/115 123/174/118 124/175/119
f 120/171/115 124/175/119 125/176/120
f 120/171/115 125/176/120 126/177/121
f 120/171/115 126/177/121 127/178/122
f 120/171/115 127/178/122 121/172/116
f 128/179/123 129/180/124 127/178/122
f 128/179/123 127/178/122 126/177/121
f 128/179/123 126/177/121 125/176/120
f 128/179/123 125/176/120 130/181/125
f 131/182/126 132/183/127 133/184/128
f 131/182/126 133/184/128 134/185/129
f 131/186/126 134/187/129 135/188/130
f 131/186/126 135/188/130 136/189/131
f 137/190/132 138/191/133 135/188/130
f 137/190/132 135/188/130 134/187/129
f 137/190/132 134/187/129 133/192/128
f 137/190/132 133/192/128 139/193/134
f 137/190/132 139/193/134 140/194/135
f 137/190/132 140/194/135 141/195/136
f 137/190/132 141/195/136 142/196/32
f 137/190/132 142/196/32 138/191/133
f 143/197/137 144/198/138 115/199/110
f 143/197/137 115/199/110 145/200/139
f 143/197/137 145/200/139 146/201/140
f 143/197/137 146/201/140 147/202/141
f 148/203/142 149/204/143 150/205/144
f 148/203/142 150/205/144 151/206/145
f 148/203/142 151/206/145 152/207/146
f 148/203/142 152/207/146 153/208/147
f 154/209/148 130/210/125 125/211/120
f 154/209/148 125/211/120 124/212/119
f 154/209/148 124/212/119 123/213/118
f 154/214/148 123/174/118 155/215/149
f 156/216/150 157/217/149 140/218/135
f 156/216/150 140/218/135 139/219/134
f 156/216/150 139/219/134 133/184/128
f 156/216/150 133/184/128 132/183/127
f 158/220/151 159/221/152 160/222/153
f 158/220/151 160/222/153 161/223/154
f 162/224/151 163/225/155 164/226/156
f 162/224/151 164/226/156 165/227/157
f 162/224/151 165/227/157 166/228/158
f 162/224/151 166/228/158 167/229/159
f 158/220/151 168/230/160 169/231/161
f 158/220/151 169/231/161 159/221/152
f 170/232/162 171/233/32 142/196/32
f 170/232/162 142/196/32 141/195/136
f 170/232/162 141/195/136 140/194/135
f 170/232/162 140/194/135 172/234/163
f 170/232/162 172/234/163 160/235/153
f 170/232/162 160/235/153 173/236/164
f 170/232/162 173/236/164 174/237/32
f 170/232/162 174/237/32 171/233/32
f 175/238/165 172/239/163 140/218/135
f 175/238/165 140/218/135 157/217/149
f 176/240/165 155/215/149 123/174/118
f 176/240/165 123/174/118 177/241/166
f 176/240/165 177/241/166 164/226/156
f 176/240/165 164/226/156 163/225/155
f 175/238/165 161/223/154 160/222/153
f 175/238/165 160/222/153 172/239/163
f 178/242/167 116/243/111 115/199/110
f 178/242/167 115/199/110 144/198/138
f 179/244/168 153/208/147 152/207/146
f 179/244/168 152/207/146 180/245/169
f 179/244/168 180/245/169 181/246/170
f 179/244/168 181/246/170 182/247/171
f 178/242/167 183/248/172 117/249/112
f 178/242/167 117/249/112 116/243/111
f 184/250/173 185/251/174 186/252/175
f 184/250/173 186/252/175 187/253/176
f 184/250/173 187/253/176 169/254/161
f 184/250/173 169/254/161 168/255/160
f 188/256/177 167/257/159 166/258/158
f 188/256/177 166/258/158 189/259/178
f 188/256/177 189/259/178 190/260/179
f 188/256/177 190/260/179 191/261/180
f 192/262/181 193/263/182 117/249/112
f 192/262/181 117/249/112 183/248/172
f 194/264/183 182/247/171 181/246/170
f 194/264/183 181/246/170 195/265/184
f 194/264/183 195/265/184 196/266/185
f 194/264/183 196/266/185 197/267/186
f 192/262/181 198/268/187 199/269/188
f 192/262/181 199/269/188 193/263/182
f 200/270/189 201/271/190 119/170/114
f 200/270/189 119/170/114 118/169/113
f 200/270/189 118/169/113 117/168/112
f 200/270/189 117/168/112 193/272/182
f 200/270/189 193/272/182 199/273/188
f 200/270/189 199/273/188 202/274/191
f 200/270/189 202/274/191 190/275/179
f 200/270/189 190/275/179 201/271/190
f 203/276/192 204/277/193 174/237/32
f 203/276/192 174/237/32 173/236/164
f 203/276/192 173/236/164 160/235/153
f 203/276/192 160/235/153 159/278/152
f 203/276/192 159/278/152 169/279/161
f 203/276/192 169/279/161 187/280/176
f 203/276/192 187/280/176 186/281/175
f 203/276/192 186/281/175 204/277/193
f 205/282/194 195/283/184 181/284/170
f 205/282/194 181/284/170 206/285/195
f 205/282/194 206/285/195 174/237/32
f 205/282/194 174/237/32 204/277/193
f 205/282/194 204/277/193 186/281/175
f 205/282/194 186/281/175 207/286/196
f 205/282/194 207/286/196 196/287/185
f 205/282/194 196/287/185 195/283/184
f 208/288/197 165/227/157 164/226/156
f 208/288/197 164/226/156 209/289/198
f 208/288/197 209/289/198 119/170/114
f 208/288/197 119/170/114 201/271/190
f 208/288/197 201/271/190 190/275/179
f 208/288/197 190/275/179 189/290/178
f 208/288/197 189/290/178 166/228/158
f 208/288/197 166/228/158 165/227/157
f 210/291/199 197/292/186 196/293/185
f 210/291/199 196/293/185 207/294/196
f 210/291/199 207/294/196 186/252/175
f 210/291/199 186/252/175 185/251/174
f 211/295/200 191/261/180 190/260/179
f 211/295/200 190/260/179 202/296/191
f 211/295/200 202/296/191 199/297/188
f 211/295/200 199/297/188 198/298/187
f 212/299/201 180/300/169 152/301/146
f 212/299/201 152/301/146 213/302/202
f 212/299/201 213/302/202 142/196/32
f 212/299/201 142/196/32 171/233/32
f 212/299/201 171/233/32 174/237/32
f 212/299/201 174/237/32 206/285/195
f 212/299/201 206/285/195 181/284/170
f 212/299/201 181/284/170 180/300/169
f 214/303/203 151/304/145 150/305/144
f 214/303/203 150/305/144 215/306/204
f 214/303/203 215/306/204 135/188/130
f 214/303/203 135/188/130 138/191/133
f 214/303/203 138/191/133 142/196/32
f 214/303/203 142/196/32 213/302/202
f 214/303/203 213/302/202 152/301/146
f 214/303/203 152/301/146 151/304/145
f 216/307/205 147/202/141 146/201/140
f 216/307/205 146/201/140 217/308/206
f 216/309/205 217/310/206 127/178/122
f 216/309/205 127/178/122 129/180/124
f 218/311/207 136/189/131 135/188/130
f 218/311/207 135/188/130 215/306/204
f 218/311/207 215/306/204 150/305/144
f 218/311/207 150/305/144 149/312/143
f 219/313/208 145/314/139 115/166/110
f 219/313/208 115/166/110 114/165/109
f 219/313/208 114/165/109 113/164/108
f 219/313/208 113/164/108 121/172/116
f 219/313/208 121/172/116 127/178/122
f 219/313/208 127/178/122 217/310/206
f 219/313/208 217/310/206 146/315/140
f 219/313/208 146/315/140 145/314/139
f 220/316/209 177/241/166 123/174/118
f 220/316/209 123/174/118 122/173/117
f 220/316/209 122/173/117 113/164/108
f 220/316/209 113/164/108 112/163/107
f 220/316/209 112/163/107 119/170/114
f 220/316/209 119/170/114 209/289/198
f 220/316/209 209/289/198 164/226/156
f 220/316/209 164/226/156 177/241/166
f 221/317/210 222/318/211 223/319/212
f 221/317/210 223/319/212 224/320/213
f 221/317/210 224/320/213 225/321/214
f 221/317/210 225/321/214 226/322/215
f 221/317/210 226/322/215 227/323/216
f 221/317/210 227/323/216 228/324/217
f 221/317/210 228/324/217 229/325/218
f 221/317/210 229/325/218 222/318/211
f 230/326/217 231/327/218 229/325/218
f 230/326/217 229/325/218 228/324/217
f 230/326/217 228/324/217 227/323/216
f 230/326/217 227/323/216 232/328/216
f 233/329/219 234/330/220 235/331/221
f 233/329/219 235/331/221 236/332/222
f 233/333/219 236/334/222 237/335/223
f 233/333/219 237/335/223 238/336/224
f 233/333/219 238/336/224 239/337/225
f 233/333/219 239/337/225 240/338/226
f 233/329/219 240/339/226 241/340/227
f 233/329/219 241/340/227 234/330/220
f 242/341/32 243/342/228 241/343/227
f 242/341/32 241/343/227 240/344/226
f 242/345/32 240/338/226 239/337/225
f 242/345/32 239/337/225 244/346/229
f 242/341/32 244/347/229 245/348/230
f 242/341/32 245/348/230 246/349/231
f 242/341/32 246/349/231 247/350/232
f 242/341/32 247/350/232 243/342/228
f 248/351/233 249/352/234 223/353/212
f 248/351/233 223/353/212 250/354/235
f 248/355/233 250/356/235 235/357/221
f 248/355/233 235/357/221 234/358/220
f 248/355/233 234/358/220 241/343/227
f 248/355/233 241/343/227 243/342/228
f 248/355/233 243/342/228 247/350/232
f 248/355/233 247/350/232 249/359/234
f 251/360/236 238/336/224 237/335/223
f 251/360/236 237/335/223 252/361/237
f 251/360/236 252/361/237 225/362/214
f 251/360/236 225/362/214 253/363/238
f 251/360/236 253/363/238 245/364/230
f 251/360/236 245/364/230 244/346/229
f 251/360/236 244/346/229 239/337/225
f 251/360/236 239/337/225 238/336/224
f 254/365/239 255/366/240 256/367/241
f 254/365/239 256/367/241 257/368/242
f 254/365/239 257/368/242 227/369/216
f 254/365/239 227/369/216 226/370/215
f 254/365/239 226/370/215 225/362/214
f 254/365/239 225/362/214 252/361/237
f 254/365/239 252/361/237 237/335/223
f 254/365/239 237/335/223 255/366/240
f 258/371/243 222/372/211 229/373/218
f 258/371/243 229/373/218 259/374/244
f 258/371/243 259/374/244 260/375/245
f 258/371/243 260/375/245 261/376/246
f 258/371/243 261/376/246 235/377/221
f 258/371/243 235/377/221 250/354/235
f 258/371/243 250/354/235 223/353/212
f 258/371/243 223/353/212 222/372/211
f 262/378/247 261/379/246 260/380/245
f 262/378/247 260/380/245 263/381/248
f 262/378/247 263/381/248 256/382/241
f 262/378/247 256/382/241 255/383/240
f 262/378/247 255/383/240 237/384/223
f 262/378/247 237/384/223 236/332/222
f 262/378/247 236/332/222 235/331/221
f 262/378/247 235/331/221 261/379/246
f 264/385/249 249/359/234 247/350/232
f 264/385/249 247/350/232 246/349/231
f 264/386/249 246/387/231 245/388/230
f 264/386/249 245/388/230 253/389/238
f 264/386/249 253/389/238 225/321/214
f 264/386/249 225/321/214 224/320/213
f 264/386/249 224/320/213 223/319/212
f 264/386/249 223/319/212 249/390/234
f 265/391/248 266/392/241 256/382/241
f 265/391/248 256/382/241 263/381/248
f 265/391/248 263/381/248 260/380/245
f 265/391/248 260/380/245 267/393/245
f 268/394/244 267/395/245 260/375/245
f 268/394/244 260/375/245 259/374/244
f 268/394/244 259/374/244 229/373/218
f 268/394/244 229/373/218 231/396/218
f 269/397/242 232/398/216 227/369/216
f 269/397/242 227/369/216 257/368/242
f 269/397/242 257/368/242 256/367/241
f 269/397/242 256/367/241 266/399/241
s 0
f 270/400/250 271/401/250 272/402/250
f 273/403/251 275/404/251 274/405/251
s 1
f 276/406/252 277/407/253 278/408/254
f 279/409/255 280/410/256 281/411/257
f 282/412/258 283/413/259 284/414/260
f 282/412/258 284/414/260 285/415/261
f 286/416/262 287/417/263 288/418/264
f 286/416/262 288/418/264 289/419/265
f 286/416/262 289/419/265 290/420/266
f 286/416/262 290/420/266 291/421/267
f 282/412/258 292/422/268 293/423/269
f 282/412/258 293/423/269 283/413/259
f 294/424/270 295/425/271 296/426/272
f 294/424/270 296/426/272 297/427/273
f 298/428/274 299/429/275 300/430/276
f 298/428/274 300/430/276 301/431/277
f 298/432/274 301/433/277 302/434/278
f 298/432/274 302/434/278 303/435/279
f 294/436/270 304/437/280 305/438/281
f 294/439/270 305/440/281 295/441/271
f 306/442/282 308/443/283 307/444/284
f 306/442/282 309/445/285 308/443/283
f 310/446/286 311/447/287 312/448/288
f 310/446/286 312/448/288 313/449/289
s 0
f 314/450/32 315/451/32 316/452/32
f 314/450/32 316/452/32 317/453/32
s 1
f 318/454/290 319/455/291 320/456/292
f 318/454/290 320/456/292 321/457/293
f 322/458/294 323/459/295 324/460/296
f 322/458/294 324/460/296 325/461/297
f 322/458/294 325/461/297 326/462/298
f 322/458/294 326/462/298 327/463/299
f 328/464/300 329/465/301 330/466/302
f 328/464/300 330/466/302 331/467/303
f 328/464/300 331/467/303 332/468/304
f 328/464/300 332/468/304 333/469/305
f 334/470/306 335/471/307 284/472/260
f 334/470/306 284/472/260 336/473/308
f 337/474/309 338/475/310 339/476/311
f 337/474/309 339/476/311 340/477/312
f 309/445/285 341/478/313 308/443/283
f 309/445/285 342/479/314 341/478/313
f 334/470/306 343/480/315 344/481/316
f 334/470/306 344/481/316 335/471/307
s 0
f 345/482/32 346/483/32 347/484/32
f 345/482/32 347/484/32 348/485/32
s 1
f 349/486/317 350/487/318 288/488/264
f 349/486/317 288/488/264 351/489/319
f 349/486/317 351/489/319 352/490/320
f 349/486/317 352/490/320 353/491/321
f 354/492/322 355/493/323 356/494/324
f 354/492/322 356/494/324 357/495/325
f 358/496/326 359/497/327 330/498/302
f 358/496/326 330/498/302 360/499/328
f 361/500/329 318/501/290 362/502/330
f 361/500/329 362/502/330 363/503/331
s 0
f 364/504/32 348/485/32 347/484/32
f 364/504/32 347/484/32 365/505/32
s 1
f 366/506/332 368/507/333 367/508/332
f 366/506/332 369/509/333 368/507/333
f 370/510/334 327/463/299 326/462/298
f 370/510/334 326/462/298 371/511/334
f 372/512/335 373/513/336 374/514/337
f 372/512/335 374/514/337 375/515/338
f 376/516/339 377/517/340 378/518/341
f 376/516/339 378/518/341 379/519/342
f 380/520/343 360/521/328 330/522/302
f 380/520/343 330/522/302 329/523/301
f 381/524/344 382/525/345 383/526/346
f 381/524/344 383/526/346 384/527/347
f 385/528/348 386/529/348 324/460/296
f 385/528/348 324/460/296 323/459/295
f 387/530/349 333/531/305 332/532/304
f 387/530/349 332/532/304 388/533/350
f 389/534/351 390/535/352 391/536/353
f 389/534/351 391/536/353 392/537/354
f 393/538/355 394/539/356 395/540/357
f 393/538/355 395/540/357 396/541/358
f 397/542/359 398/543/360 383/544/346
f 397/542/359 383/544/346 399/545/361
f 400/546/362 401/547/363 402/548/364
f 400/546/362 402/548/364 403/549/365
f 404/550/366 405/551/366 406/552/367
f 404/550/366 406/552/367 407/553/368
f 408/554/369 409/555/370 305/556/281
f 408/554/369 305/556/281 304/557/280
f 410/558/371 303/435/279 302/434/278
f 410/558/371 302/434/278 411/559/372
f 412/560/373 414/561/374 413/562/373
f 412/560/373 415/563/374 414/561/374
s 0
f 416/564/32 317/453/32 316/452/32
f 416/564/32 316/452/32 345/482/32
f 417/565/32 364/504/32 418/566/32
f 417/565/32 418/566/32 419/567/32
s 1
f 375/515/338 420/568/375 421/569/376
f 375/515/338 421/569/376 372/512/335
f 422/570/377 424/571/378 423/572/377
f 422/570/377 425/573/378 424/571/378
f 318/501/290 321/574/293 426/575/379
f 318/501/290 426/575/379 362/502/330
f 427/576/380 428/577/381 399/545/361
f 427/576/380 399/545/361 429/578/382
f 430/579/383 431/580/384 296/581/272
f 430/579/383 296/581/272 295/582/271
f 430/579/383 295/582/271 305/583/281
f 430/579/383 305/583/281 409/584/370
f 432/585/385 433/586/386 434/587/387
f 432/585/385 434/587/387 435/588/388
f 436/589/389 301/590/277 300/591/276
f 436/589/389 300/591/276 437/592/390
f 438/593/391 440/594/392 439/595/392
f 438/593/391 441/596/391 440/594/392
f 442/597/393 443/598/394 379/519/342
f 442/597/393 379/519/342 444/599/395
f 436/600/389 411/559/372 302/434/278
f 436/600/389 302/434/278 301/433/277
f 445/601/396 407/553/368 406/552/367
f 445/601/396 406/552/367 446/602/397
f 447/603/398 448/604/399 319/455/291
f 447/603/398 319/455/291 449/605/400
f 450/606/401 451/607/402 452/608/403
f 450/606/401 452/608/403 453/609/404
f 400/546/362 403/549/365 339/476/311
f 400/546/362 339/476/311 338/475/310
f 454/610/405 455/611/405 456/612/406
f 454/610/405 456/612/406 457/613/407
f 458/614/408 353/491/321 352/490/320
f 458/614/408 352/490/320 459/615/409
f 458/614/408 459/615/409 460/616/410
f 458/614/408 460/616/410 461/617/411
f 462/618/412 463/619/413 464/620/414
f 462/618/412 464/620/414 397/542/359
f 465/621/415 466/622/416 344/481/316
f 465/621/415 344/481/316 343/480/315
s 0
f 416/564/32 345/482/32 348/485/32
f 416/564/32 348/485/32 467/623/32
s 1
f 361/624/329 449/605/400 319/455/291
f 361/624/329 319/455/291 318/454/290
f 465/621/415 468/625/417 469/626/418
f 465/621/415 469/626/418 466/622/416
f 470/627/419 459/628/409 352/629/320
f 470/627/419 352/629/320 471/630/420
f 472/631/421 473/632/422 344/633/316
f 472/631/421 344/633/316 466/634/416
f 472/631/421 466/634/416 469/635/418
f 472/631/421 469/635/418 474/636/423
f 470/627/419 475/637/424 460/638/410
f 470/627/419 460/638/410 459/628/409
f 476/639/425 477/640/426 478/641/427
f 476/639/425 478/641/427 479/642/428
f 480/643/429 481/644/430 290/645/266
f 480/643/429 290/645/266 289/646/265
f 480/643/429 289/646/265 288/488/264
f 480/643/429 288/488/264 350/487/318
s 0
f 482/647/32 483/648/32 484/649/32
f 482/647/32 484/649/32 485/650/32
s 1
f 486/651/431 283/652/259 293/653/269
f 486/651/431 293/653/269 487/654/432
f 488/655/433 489/656/434 490/657/435
f 488/655/433 490/657/435 491/658/436
s 0
f 315/451/32 492/659/32 484/649/32
f 315/451/32 484/649/32 483/648/32
s 1
f 486/651/431 336/473/308 284/472/260
f 486/651/431 284/472/260 283/652/259
s 0
f 417/565/32 467/623/32 348/485/32
f 417/565/32 348/485/32 364/504/32
s 1
f 493/660/437 494/661/438 495/662/438
f 493/660/437 495/662/438 496/663/437
f 448/604/399 497/664/439 490/665/435
f 448/604/399 490/665/435 498/666/440
f 412/560/373 500/667/441 499/668/441
f 412/560/373 413/562/373 500/667/441
f 501/669/442 335/670/307 344/633/316
f 501/669/442 344/633/316 473/632/422
f 502/671/443 471/630/420 352/629/320
f 502/671/443 352/629/320 351/672/319
f 502/671/443 351/672/319 288/418/264
f 502/671/443 288/418/264 287/417/263
f 501/669/442 285/415/261 284/414/260
f 501/669/442 284/414/260 335/670/307
f 503/673/444 504/674/445 290/645/266
f 503/673/444 290/645/266 481/644/430
f 355/493/323 403/675/365 402/676/364
f 355/493/323 402/676/364 356/494/324
f 494/661/438 505/677/446 506/678/447
f 494/661/438 506/678/447 495/662/438
f 503/673/444 437/592/390 300/591/276
f 503/673/444 300/591/276 504/674/445
f 444/599/395 379/519/342 378/518/341
f 444/599/395 378/518/341 491/679/436
f 507/680/448 487/654/432 293/653/269
f 507/680/448 293/653/269 508/681/449
f 507/680/448 508/681/449 296/581/272
f 507/680/448 296/581/272 431/580/384
f 509/682/450 398/683/360 510/684/451
f 509/685/450 510/686/451 511/687/452
s 0
f 345/482/32 316/452/32 512/688/32
f 345/482/32 512/688/32 346/483/32
s 1
f 513/689/453 514/690/454 515/691/455
f 513/689/453 515/691/455 396/692/358
f 516/693/456 511/694/452 510/695/451
f 516/693/456 510/695/451 464/696/414
s 0
f 482/647/32 365/505/32 347/484/32
f 482/647/32 347/484/32 346/483/32
s 1
f 517/697/457 508/698/449 293/423/269
f 517/697/457 293/423/269 292/422/268
f 518/699/458 291/421/267 290/420/266
f 518/699/458 290/420/266 504/700/445
f 518/699/458 504/700/445 300/430/276
f 518/699/458 300/430/276 299/429/275
f 517/697/457 297/427/273 296/426/272
f 517/697/457 296/426/272 508/698/449
s 0
f 519/701/32 520/702/32 521/703/32
f 519/701/32 521/703/32 522/704/32
s 1
f 429/578/382 382/705/345 515/691/455
f 429/578/382 515/691/455 514/690/454
f 447/603/398 523/706/459 497/664/439
f 447/603/398 497/664/439 448/604/399
s 0
f 519/701/32 524/707/32 525/708/32
f 519/701/32 525/708/32 520/702/32
s 1
f 526/709/460 527/710/461 332/468/304
f 526/709/460 332/468/304 331/467/303
f 526/711/460 331/712/303 330/498/302
f 526/711/460 330/498/302 359/497/327
f 528/713/462 368/714/333 369/715/333
f 528/713/462 529/716/462 368/714/333
f 528/713/462 530/717/463 529/716/462
f 528/713/462 531/718/463 530/717/463
f 354/492/322 532/719/464 533/720/465
f 354/492/322 533/720/465 355/493/323
f 534/721/466 388/533/350 332/532/304
f 534/721/466 332/532/304 527/722/461
f 535/723/467 530/724/463 531/725/463
f 535/723/467 536/726/467 530/724/463
f 439/595/392 414/727/374 415/728/374
f 439/595/392 440/594/392 414/727/374
f 537/729/468 538/730/469 539/731/470
f 537/729/468 539/731/470 434/587/387
f 444/599/395 491/679/436 490/665/435
f 444/599/395 490/665/435 497/664/439
f 540/732/471 363/503/331 362/502/330
f 540/732/471 362/502/330 541/733/472
f 488/655/433 491/658/436 378/734/341
f 488/655/433 378/734/341 542/735/473
f 543/736/474 544/737/475 320/738/292
f 543/736/474 320/738/292 498/739/440
f 442/597/393 444/599/395 497/664/439
f 442/597/393 497/664/439 523/706/459
s 0
f 545/740/32 546/741/32 547/742/32
f 545/740/32 547/742/32 548/743/32
f 545/740/32 548/743/32 525/708/32
f 545/740/32 525/708/32 524/707/32
f 549/744/32 550/745/32 551/746/32
f 549/744/32 551/746/32 552/747/32
f 549/744/32 552/747/32 521/703/32
f 549/744/32 521/703/32 520/702/32
f 549/744/32 520/702/32 525/708/32
f 549/744/32 525/708/32 548/743/32
f 549/744/32 548/743/32 547/742/32
f 549/744/32 547/742/32 550/745/32
s 1
f 513/689/453 396/692/358 395/748/357
f 513/689/453 395/748/357 452/608/403
s 0
f 553/749/32 554/750/32 551/746/32
f 553/749/32 551/746/32 550/745/32
f 553/749/32 550/745/32 547/742/32
f 553/749/32 547/742/32 546/741/32
s 1
f 555/751/476 556/752/477 557/753/478
f 555/751/476 557/753/478 558/754/479
f 559/755/480 392/756/354 391/757/353
f 559/755/480 391/757/353 560/758/481
f 376/516/339 561/759/482 562/760/483
f 376/516/339 562/760/483 377/517/340
f 541/733/472 362/502/330 426/575/379
f 541/733/472 426/575/379 563/761/484
f 564/762/485 565/763/486 566/764/486
f 564/762/485 566/764/486 567/765/485
s 0
f 417/565/32 553/749/32 546/741/32
f 417/565/32 546/741/32 467/623/32
f 417/565/32 419/567/32 554/750/32
f 417/565/32 554/750/32 553/749/32
f 416/564/32 545/740/32 524/707/32
f 416/564/32 524/707/32 317/453/32
f 416/564/32 467/623/32 546/741/32
f 416/564/32 546/741/32 545/740/32
s 1
f 422/570/377 536/726/467 535/723/467
f 422/570/377 423/572/377 536/726/467
f 568/766/487 433/586/386 388/533/350
f 568/766/487 388/533/350 534/721/466
s 0
f 314/450/32 317/453/32 524/707/32
f 314/450/32 524/707/32 519/701/32
f 314/450/32 519/701/32 522/704/32
f 314/450/32 522/704/32 569/767/32
s 1
f 427/576/380 507/680/448 431/580/384
f 427/576/380 431/580/384 428/577/381
f 427/576/380 570/768/488 487/654/432
f 427/576/380 487/654/432 507/680/448
f 447/603/398 449/605/400 437/592/390
f 447/603/398 437/592/390 503/673/444
f 447/603/398 503/673/444 481/644/430
f 447/603/398 481/644/430 523/706/459
f 571/769/489 451/607/402 336/473/308
f 571/769/489 336/473/308 486/651/431
f 571/769/489 486/651/431 487/654/432
f 571/769/489 487/654/432 570/768/488
f 442/597/393 480/643/429 350/487/318
f 442/597/393 350/487/318 443/598/394
f 442/597/393 523/706/459 481/644/430
f 442/597/393 481/644/430 480/643/429
f 354/492/322 357/495/325 468/625/417
f 354/492/322 468/625/417 465/621/415
f 354/492/322 465/621/415 343/480/315
f 354/492/322 343/480/315 532/719/464
f 572/770/490 573/771/491 574/772/492
f 572/770/490 574/772/492 575/773/493
f 576/774/494 577/775/495 578/776/496
f 576/774/494 578/776/496 579/777/497
f 361/500/329 363/503/331 411/559/372
f 361/500/329 411/559/372 436/600/389
f 361/624/329 436/589/389 437/592/390
f 361/624/329 437/592/390 449/605/400
f 462/618/412 430/579/383 409/584/370
f 462/618/412 409/584/370 463/619/413
f 462/618/412 428/577/381 431/580/384
f 462/618/412 431/580/384 430/579/383
f 540/732/471 410/558/371 411/559/372
f 540/732/471 411/559/372 363/503/331
f 580/778/498 463/779/413 409/555/370
f 580/778/498 409/555/370 408/554/369
f 432/585/385 387/530/349 388/533/350
f 432/585/385 388/533/350 433/586/386
f 493/660/437 496/663/437 386/529/348
f 493/660/437 386/529/348 385/528/348
f 389/534/351 392/537/354 360/521/328
f 389/534/351 360/521/328 380/520/343
f 581/780/499 370/510/334 371/511/334
f 581/780/499 371/511/334 582/781/499
f 438/593/391 367/508/332 441/596/391
f 438/593/391 366/506/332 367/508/332
f 559/755/480 358/496/326 360/499/328
f 559/755/480 360/499/328 392/756/354
f 583/782/500 585/783/501 584/784/502
f 583/782/500 586/785/503 585/783/501
f 587/786/504 588/787/504 566/764/486
f 587/786/504 566/764/486 565/763/486
f 450/606/401 532/719/464 343/480/315
f 450/606/401 343/480/315 334/470/306
f 450/606/401 334/470/306 336/473/308
f 450/606/401 336/473/308 451/607/402
f 509/788/450 384/527/347 383/526/346
f 509/788/450 383/526/346 398/789/360
s 0
f 315/451/32 483/648/32 512/688/32
f 315/451/32 512/688/32 316/452/32
s 1
f 560/758/481 391/757/353 578/790/496
f 560/758/481 578/790/496 589/791/505
f 581/780/499 582/781/499 405/551/366
f 581/780/499 405/551/366 404/550/366
f 476/639/425 479/642/428 562/760/483
f 476/639/425 562/760/483 561/759/482
f 571/769/489 513/689/453 452/608/403
f 571/769/489 452/608/403 451/607/402
f 590/792/506 591/793/507 592/794/508
f 590/792/506 592/794/508 593/795/509
f 594/796/510 595/797/511 562/798/483
f 594/796/510 562/798/483 479/799/428
f 425/573/378 500/800/441 424/571/378
f 425/573/378 499/801/441 500/800/441
f 596/802/512 577/775/495 539/803/470
f 596/802/512 539/803/470 538/804/469
f 597/805/513 321/806/293 320/738/292
f 597/805/513 320/738/292 544/737/475
s 0
f 364/504/32 365/505/32 598/807/32
f 364/504/32 598/807/32 418/566/32
s 1
f 599/808/514 542/735/473 378/734/341
f 599/808/514 378/734/341 377/809/340
s 0
f 482/647/32 346/483/32 512/688/32
f 482/647/32 512/688/32 483/648/32
s 1
f 580/778/498 516/693/456 464/696/414
f 580/778/498 464/696/414 463/779/413
f 429/578/382 399/545/361 383/544/346
f 429/578/382 383/544/346 382/705/345
f 600/810/515 558/754/479 557/753/478
f 600/810/515 557/753/478 601/811/516
f 445/601/396 446/602/397 506/678/447
f 445/601/396 506/678/447 505/677/446
f 602/812/517 603/813/518 604/814/519
f 602/812/517 604/814/519 605/815/520
f 606/816/521 586/785/503 583/782/500
f 606/816/521 607/817/522 586/785/503
s 0
f 314/450/32 569/767/32 492/659/32
f 314/450/32 492/659/32 315/451/32
s 1
f 427/576/380 429/578/382 514/690/454
f 427/576/380 514/690/454 570/768/488
f 591/793/507 457/818/407 456/819/406
f 591/793/507 456/819/406 592/794/508
f 576/774/494 608/820/523 539/803/470
f 576/774/494 539/803/470 577/775/495
f 453/609/404 452/608/403 395/748/357
f 453/609/404 395/748/357 340/821/312
f 381/524/344 609/822/524 515/823/455
f 381/524/344 515/823/455 382/525/345
f 448/604/399 498/666/440 320/456/292
f 448/604/399 320/456/292 319/455/291
f 594/796/510 479/799/428 478/824/427
f 594/796/510 478/824/427 610/825/525
f 597/826/513 563/761/484 426/575/379
f 597/826/513 426/575/379 321/574/293
f 596/802/512 589/827/505 578/776/496
f 596/802/512 578/776/496 577/775/495
f 435/588/388 434/587/387 539/731/470
f 435/588/388 539/731/470 608/828/523
f 611/829/526 612/830/527 277/407/253
f 611/829/526 277/407/253 276/406/252
f 613/831/528 614/832/529 615/833/530
f 613/831/528 615/833/530 616/834/528
s 0
f 482/647/32 485/650/32 598/807/32
f 482/647/32 598/807/32 365/505/32
s 1
f 337/474/309 340/477/312 395/540/357
f 337/474/309 395/540/357 394/539/356
f 568/766/487 537/729/468 434/587/387
f 568/766/487 434/587/387 433/586/386
f 617/835/531 618/836/532 619/837/533
f 617/835/531 619/837/533 620/838/534
f 621/839/535 622/840/536 619/837/533
f 621/839/535 619/837/533 618/836/532
f 462/618/412 397/542/359 399/545/361
f 462/618/412 399/545/361 428/577/381
f 623/841/537 624/842/538 604/814/519
f 623/841/537 604/814/519 603/813/518
f 390/535/352 579/843/497 578/844/496
f 390/535/352 578/844/496 391/536/353
f 614/845/529 279/409/255 281/411/257
f 614/845/529 281/411/257 615/846/530
f 543/736/474 498/739/440 490/657/435
f 543/736/474 490/657/435 489/656/434
f 584/847/502 626/848/539 625/849/540
f 584/847/502 585/850/501 626/848/539
f 627/851/541 628/852/542 629/853/543
f 627/851/541 629/853/543 630/854/544
f 617/835/531 631/855/545 632/856/546
f 617/835/531 632/856/546 618/836/532
f 453/609/404 340/821/312 339/857/311
f 453/609/404 339/857/311 533/720/465
f 397/542/359 464/620/414 510/858/451
f 397/542/359 510/858/451 398/543/360
f 633/859/547 634/860/548 628/852/542
f 633/859/547 628/852/542 627/851/541
f 635/861/549 637/862/550 636/863/551
f 635/861/549 638/864/552 637/862/550
f 454/610/405 630/865/544 629/866/543
f 454/610/405 629/866/543 455/611/405
f 639/867/553 640/868/554 641/869/555
f 639/867/553 641/869/555 642/870/556
f 605/815/520 604/814/519 643/871/557
f 605/815/520 643/871/557 644/872/558
f 355/493/323 533/720/465 339/857/311
f 355/493/323 339/857/311 403/675/365
f 571/769/489 570/768/488 514/690/454
f 571/769/489 514/690/454 513/689/453
f 638/864/552 645/873/559 637/862/550
f 638/864/552 646/874/560 645/873/559
f 647/875/561 648/876/562 649/877/563
f 647/875/561 649/877/563 642/870/556
f 310/446/286 313/449/289 650/878/564
f 310/446/286 650/878/564 651/879/562
f 652/880/565 653/881/566 654/882/567
f 652/880/565 654/882/567 655/883/568
f 656/884/569 657/885/570 658/886/571
f 656/884/569 658/886/571 659/887/572
f 656/888/569 659/889/572 660/890/573
f 656/891/569 660/892/573 661/893/574
f 652/894/565 662/895/575 663/896/576
f 652/894/565 663/896/576 653/897/566
f 664/898/577 665/899/578 663/896/576
f 664/898/577 663/896/576 662/895/575
f 666/900/577 661/901/574 660/902/573
f 666/900/577 660/902/573 667/903/579
f 666/900/577 667/903/579 668/904/580
f 666/900/577 668/904/580 669/905/581
f 664/898/577 670/906/582 671/907/583
f 664/898/577 671/907/583 665/899/578
f 672/908/584 673/909/585 674/910/586
f 672/908/584 674/910/586 675/911/587
f 676/912/588 677/913/589 678/914/590
f 676/912/588 678/914/590 679/915/591
f 680/916/592 681/917/593 654/918/567
f 680/916/592 654/918/567 653/919/566
f 680/916/592 653/919/566 663/920/576
f 680/916/592 663/920/576 665/921/578
f 680/916/592 665/921/578 671/922/583
f 680/916/592 671/922/583 682/923/594
f 680/916/592 682/923/594 683/924/595
f 680/916/592 683/924/595 681/917/593
f 684/925/596 685/926/597 686/927/598
f 684/925/596 686/927/598 687/928/599
f 684/925/596 679/915/591 678/914/590
f 684/925/596 678/914/590 685/926/597
f 688/929/600 667/930/579 660/931/573
f 688/929/600 660/931/573 659/887/572
f 688/929/600 659/887/572 658/886/571
f 688/929/600 658/886/571 689/932/601
f 688/929/600 689/932/601 690/933/602
f 688/929/600 690/933/602 691/934/603
f 688/929/600 691/934/603 668/935/580
f 688/929/600 668/935/580 667/930/579
f 692/936/604 693/937/605 694/938/606
f 692/936/604 694/938/606 695/939/607
f 692/936/604 695/939/607 696/940/608
f 692/936/604 696/940/608 697/941/609
f 692/936/604 697/941/609 698/942/610
f 692/936/604 698/942/610 699/943/611
f 692/936/604 699/943/611 700/944/612
f 692/936/604 700/944/612 693/937/605
f 701/945/613 702/946/614 703/947/615
f 701/945/613 703/947/615 704/948/616
f 701/945/613 704/948/616 705/949/617
f 701/945/613 705/949/617 706/950/618
f 701/945/613 706/950/618 707/951/619
f 701/945/613 707/951/619 708/952/620
f 701/945/613 708/952/620 674/910/586
f 701/945/613 674/910/586 702/946/614
f 709/953/621 710/954/622 711/955/623
f 709/953/621 711/955/623 712/956/624
f 709/953/621 712/956/624 654/918/567
f 709/953/621 654/918/567 681/917/593
f 709/953/621 681/917/593 683/924/595
f 709/953/621 683/924/595 713/957/625
f 709/953/621 713/957/625 714/958/626
f 709/953/621 714/958/626 710/954/622
f 715/959/627 682/960/594 671/961/583
f 715/962/627 671/963/583 670/964/582
f 716/965/628 669/966/581 668/967/580
f 716/968/628 668/969/580 691/970/603
f 716/968/628 691/970/603 690/971/602
f 716/968/628 690/971/602 717/972/629
f 715/973/627 718/974/630 683/924/595
f 715/973/627 683/924/595 682/923/594
f 719/975/631 720/976/632 714/958/626
f 719/975/631 714/958/626 721/977/633
f 722/978/634 723/979/635 700/980/612
f 722/978/634 700/980/612 699/981/611
f 722/978/634 699/981/611 698/982/610
f 722/983/634 698/942/610 724/984/636
f 719/975/631 725/985/637 707/951/619
f 719/975/631 707/951/619 720/976/632
f 726/986/638 704/987/616 703/988/615
f 726/986/638 703/988/615 727/989/639
f 728/990/638 729/991/640 686/927/598
f 728/990/638 686/927/598 730/992/641
f 728/990/638 730/992/641 696/940/608
f 728/990/638 696/940/608 731/993/642
f 726/986/638 732/994/642 705/995/617
f 726/986/638 705/995/617 704/987/616
f 733/996/643 712/997/624 711/998/623
f 733/996/643 711/998/623 734/999/644
f 735/1000/645 736/1001/646 694/938/606
f 735/1000/645 694/938/606 737/1002/647
f 735/1000/645 737/1002/647 658/886/571
f 735/1000/645 658/886/571 657/885/570
f 733/996/643 655/883/568 654/882/567
f 733/996/643 654/882/567 712/997/624
f 738/1003/648 739/1004/649 705/995/617
f 738/1003/648 705/995/617 732/994/642
f 740/1005/650 731/993/642 696/940/608
f 740/1005/650 696/940/608 695/939/607
f 740/1005/650 695/939/607 694/938/606
f 740/1005/650 694/938/606 736/1001/646
f 738/1003/648 734/999/644 711/998/623
f 738/1003/648 711/998/623 739/1004/649
f 741/1006/651 713/957/625 683/924/595
f 741/1006/651 683/924/595 718/974/630
f 742/1007/652 717/972/629 690/971/602
f 742/1007/652 690/971/602 743/1008/653
f 742/1007/652 743/1008/653 700/980/612
f 742/1007/652 700/980/612 723/979/635
f 741/1006/651 721/977/633 714/958/626
f 741/1006/651 714/958/626 713/957/625
f 744/1009/654 706/950/618 705/949/617
f 744/1009/654 705/949/617 739/1010/649
f 744/1009/654 739/1010/649 711/955/623
f 744/1009/654 711/955/623 710/954/622
f 744/1009/654 710/954/622 714/958/626
f 744/1009/654 714/958/626 720/976/632
f 744/1009/654 720/976/632 707/951/619
f 744/1009/654 707/951/619 706/950/618
f 745/1011/655 689/932/601 658/886/571
f 745/1011/655 658/886/571 737/1002/647
f 745/1011/655 737/1002/647 694/938/606
f 745/1011/655 694/938/606 693/937/605
f 745/1011/655 693/937/605 700/944/612
f 745/1011/655 700/944/612 743/1012/653
f 745/1011/655 743/1012/653 690/933/602
f 745/1011/655 690/933/602 689/932/601
f 746/1013/656 687/928/599 686/927/598
f 746/1013/656 686/927/598 729/991/640
f 747/1014/657 727/989/639 703/988/615
f 747/1014/657 703/988/615 748/1015/658
f 749/1016/659 748/1017/658 703/947/615
f 749/1016/659 703/947/615 702/946/614
f 749/1016/659 702/946/614 674/910/586
f 749/1016/659 674/910/586 673/909/585
f 750/1018/660 697/941/609 696/940/608
f 750/1018/660 696/940/608 730/992/641
f 750/1018/660 730/992/641 686/927/598
f 750/1018/660 686/927/598 685/926/597
f 750/1018/660 685/926/597 678/914/590
f 750/1018/660 678/914/590 751/1019/661
f 750/1018/660 751/1019/661 698/942/610
f 750/1018/660 698/942/610 697/941/609
f 752/1020/662 708/952/620 707/951/619
f 752/1020/662 707/951/619 725/985/637
f 753/1021/663 724/984/636 698/942/610
f 753/1021/663 698/942/610 751/1019/661
f 753/1021/663 751/1019/661 678/914/590
f 753/1021/663 678/914/590 677/913/589
f 752/1020/662 675/911/587 674/910/586
f 752/1020/662 674/910/586 708/952/620
f 754/1022/664 755/1023/665 641/869/555
f 754/1022/664 641/869/555 756/1024/666
f 638/864/552 757/1025/667 646/874/560
f 638/864/552 758/1026/668 757/1025/667
f 599/808/514 377/809/340 562/798/483
f 599/808/514 562/798/483 595/797/511
f 647/875/561 642/870/556 641/869/555
f 647/875/561 641/869/555 755/1023/665
f 759/1027/669 601/811/516 557/753/478
f 759/1027/669 557/753/478 760/1028/670
f 761/1029/671 762/1030/672 763/1031/673
f 761/1029/671 763/1031/673 764/1032/674
f 600/810/515 601/811/516 763/1031/673
f 600/810/515 763/1031/673 765/1033/675
f 766/1034/676 767/1035/677 768/1036/678
f 766/1034/676 768/1036/678 769/1037/679
f 770/1038/680 771/1039/681 650/878/564
f 770/1038/680 650/878/564 313/449/289
f 572/770/490 575/773/493 772/1040/682
f 572/770/490 772/1040/682 773/1041/683
f 774/1042/684 640/868/554 775/1043/685
f 774/1042/684 775/1043/685 776/1044/686
f 639/867/553 777/1045/687 775/1043/685
f 639/867/553 775/1043/685 640/868/554
f 778/1046/688 779/1047/689 780/1048/690
f 778/1046/688 780/1048/690 781/1049/691
f 759/1027/669 782/1050/692 780/1051/690
f 759/1027/669 780/1051/690 764/1032/674
f 783/1052/693 784/1053/694 312/448/288
f 783/1052/693 312/448/288 785/1054/695
f 572/770/490 786/1055/696 787/1056/697
f 572/770/490 787/1056/697 573/771/491
f 788/1057/698 789/1058/699 790/1059/700
f 788/1057/698 790/1059/700 791/1060/701
f 792/1061/702 793/1062/703 794/1063/704
f 792/1064/702 794/1065/704 795/1066/705
f 761/1029/671 796/1067/706 649/877/563
f 761/1029/671 649/877/563 762/1030/672
f 613/831/528 616/834/528 612/1068/527
f 613/831/528 612/1068/527 611/1069/526
f 639/867/553 642/870/556 649/877/563
f 639/867/553 649/877/563 796/1067/706
f 572/770/490 773/1041/683 797/1070/707
f 572/770/490 797/1070/707 786/1055/696
f 624/842/538 798/1071/708 643/871/557
f 624/842/538 643/871/557 604/814/519
f 799/1072/709 651/879/562 650/878/564
f 799/1073/709 650/1074/564 800/1075/710
f 783/1052/693 801/1076/711 802/1077/712
f 783/1052/693 802/1077/712 784/1053/694
f 759/1027/669 764/1032/674 763/1031/673
f 759/1027/669 763/1031/673 601/811/516
f 803/1078/713 575/1079/493 574/1080/492
f 803/1078/713 574/1080/492 804/1081/714
f 635/861/549 758/1026/668 638/864/552
f 635/861/549 805/1082/715 758/1026/668
f 342/1083/314 626/848/539 341/1084/313
f 342/1083/314 625/849/540 626/848/539
f 393/538/355 396/541/358 515/823/455
f 393/538/355 515/823/455 609/822/524
f 806/1085/716 765/1033/675 763/1031/673
f 806/1085/716 763/1031/673 762/1030/672
f 450/606/401 453/609/404 533/720/465
f 450/606/401 533/720/465 532/719/464
f 803/1078/713 807/1086/717 772/1087/682
f 803/1078/713 772/1087/682 575/1079/493
f 808/1088/718 785/1054/695 312/448/288
f 808/1088/718 312/448/288 311/447/287
f 809/1089/719 781/1049/691 780/1048/690
f 809/1089/719 780/1048/690 782/1090/692
f 810/1091/720 811/1092/721 797/1070/707
f 810/1091/720 797/1070/707 812/1093/722
f 770/1038/680 813/1094/723 814/1095/724
f 770/1038/680 814/1095/724 771/1039/681
f 759/1027/669 760/1028/670 815/1096/725
f 759/1027/669 815/1096/725 782/1050/692
f 816/1097/726 817/1098/727 775/1099/685
f 816/1097/726 775/1099/685 777/1100/687
f 621/839/535 618/836/532 632/856/546
f 621/839/535 632/856/546 818/1101/728
f 555/751/476 791/1102/701 790/1103/700
f 555/751/476 790/1103/700 556/752/477
f 806/1085/716 762/1030/672 649/877/563
f 806/1085/716 649/877/563 648/876/562
f 819/1104/729 556/752/477 790/1103/700
f 819/1104/729 790/1103/700 789/1105/699
f 816/1097/726 777/1100/687 820/1106/730
f 816/1097/726 820/1106/730 821/1107/731
f 822/1108/732 823/1109/733 802/1077/712
f 822/1108/732 802/1077/712 801/1076/711
f 824/1110/734 825/1111/735 815/1112/725
f 824/1110/734 815/1112/725 826/1113/736
f 774/1042/684 756/1024/666 641/869/555
f 774/1042/684 641/869/555 640/868/554
f 827/1114/737 800/1115/710 650/878/564
f 827/1114/737 650/878/564 771/1039/681
f 819/1104/729 760/1028/670 557/753/478
f 819/1104/729 557/753/478 556/752/477
f 828/1116/726 829/1117/731 814/1095/724
f 828/1116/726 814/1095/724 813/1094/723
f 788/1057/698 830/1118/738 831/1119/739
f 788/1057/698 831/1119/739 789/1058/699
f 770/1038/680 313/449/289 312/448/288
f 770/1038/680 312/448/288 784/1053/694
f 639/867/553 796/1067/706 820/1120/730
f 639/867/553 820/1120/730 777/1045/687
f 832/1121/740 833/1122/741 787/1056/697
f 832/1121/740 787/1056/697 786/1055/696
f 834/1123/698 767/1124/677 794/1125/704
f 834/1123/698 794/1125/704 793/1126/703
f 761/1029/671 779/1127/689 820/1120/730
f 761/1029/671 820/1120/730 796/1067/706
f 766/1034/676 769/1037/679 574/772/492
f 766/1034/676 574/772/492 573/771/491
f 824/1128/734 826/1129/736 831/1130/739
f 824/1131/734 831/1132/739 830/1133/738
f 835/1134/742 804/1081/714 574/1080/492
f 835/1134/742 574/1080/492 769/1135/679
f 836/1136/743 776/1137/686 775/1099/685
f 836/1136/743 775/1099/685 817/1098/727
f 778/1046/688 821/1107/731 820/1106/730
f 778/1046/688 820/1106/730 779/1047/689
f 766/1034/676 795/1138/705 794/1139/704
f 766/1034/676 794/1139/704 767/1035/677
f 819/1104/729 826/1140/736 815/1096/725
f 819/1104/729 815/1096/725 760/1028/670
f 827/1114/737 773/1041/683 772/1040/682
f 827/1114/737 772/1040/682 800/1115/710
f 766/1034/676 573/771/491 787/1056/697
f 766/1034/676 787/1056/697 795/1138/705
f 809/1089/719 782/1090/692 815/1112/725
f 809/1089/719 815/1112/725 825/1111/735
f 835/1141/742 769/1142/679 768/1143/678
f 835/1144/742 768/1145/678 837/1146/744
f 834/1123/698 837/1147/744 768/1148/678
f 834/1123/698 768/1148/678 767/1124/677
f 761/1029/671 764/1032/674 780/1051/690
f 761/1029/671 780/1051/690 779/1127/689
f 827/1114/737 812/1093/722 797/1070/707
f 827/1114/737 797/1070/707 773/1041/683
f 810/1091/720 812/1093/722 814/1095/724
f 810/1091/720 814/1095/724 829/1117/731
f 828/1116/726 813/1094/723 802/1077/712
f 828/1116/726 802/1077/712 823/1109/733
f 792/1149/702 795/1138/705 787/1056/697
f 792/1149/702 787/1056/697 833/1122/741
f 827/1114/737 771/1039/681 814/1095/724
f 827/1114/737 814/1095/724 812/1093/722
f 799/1073/709 800/1075/710 772/1087/682
f 799/1073/709 772/1087/682 807/1086/717
f 819/1104/729 789/1105/699 831/1150/739
f 819/1104/729 831/1150/739 826/1140/736
f 375/515/338 838/1151/745 839/1152/746
f 375/515/338 839/1152/746 420/568/375
f 838/1151/745 375/515/338 374/514/337
f 838/1151/745 374/514/337 840/1153/747
f 832/1121/740 786/1055/696 797/1070/707
f 832/1121/740 797/1070/707 811/1092/721
f 770/1038/680 784/1053/694 802/1077/712
f 770/1038/680 802/1077/712 813/1094/723
f 841/1154/748 842/1155/749 843/1156/750
f 841/1154/748 843/1156/750 844/1157/751
f 841/1154/748 844/1157/751 845/1158/752
f 841/1154/748 845/1158/752 846/1159/753
f 841/1154/748 846/1159/753 847/1160/754
f 841/1154/748 847/1160/754 848/1161/755
f 841/1154/748 848/1161/755 849/1162/756
f 841/1154/748 849/1162/756 842/1155/749
f 850/1163/757 851/1164/758 849/1162/756
f 850/1163/757 849/1162/756 848/1161/755
f 850/1165/757 848/1166/755 847/1167/754
f 850/1168/757 847/1169/754 852/1170/759
f 853/1171/760 854/1172/761 855/1173/762
f 853/1171/760 855/1173/762 856/1174/763
f 857/1175/764 858/1176/765 859/1177/766
f 857/1175/764 859/1177/766 860/1178/767
f 861/1179/768 862/1180/769 863/1181/770
f 861/1179/768 863/1181/770 864/1182/771
f 865/1183/772 866/1184/773 867/1185/774
f 865/1183/772 867/1185/774 868/1186/775
f 869/1187/776 870/1188/777 871/1189/778
f 869/1187/776 871/1189/778 872/1190/779
f 861/1179/768 856/1174/763 855/1173/762
f 861/1179/768 855/1173/762 862/1180/769
f 873/1191/780 854/1172/761 859/1177/766
f 873/1191/780 859/1177/766 874/1192/781
f 875/1193/782 858/1176/765 876/1194/783
f 875/1193/782 876/1194/783 877/1195/784
f 878/1196/785 879/1197/786 845/1198/752
f 878/1196/785 845/1198/752 844/1199/751
f 878/1196/785 844/1199/751 843/1200/750
f 878/1201/785 843/1156/750 880/1202/787
f 861/1179/768 864/1182/771 881/1203/788
f 861/1179/768 881/1203/788 882/1204/789
f 883/1205/790 852/1206/759 847/1207/754
f 883/1205/790 847/1207/754 846/1208/753
f 883/1205/790 846/1208/753 845/1198/752
f 883/1205/790 845/1198/752 879/1197/786
f 884/1209/791 862/1180/769 855/1173/762
f 884/1209/791 855/1173/762 885/1210/792
f 853/1171/760 860/1178/767 859/1177/766
f 853/1171/760 859/1177/766 854/1172/761
f 861/1179/768 882/1204/789 886/1211/793
f 861/1179/768 886/1211/793 856/1174/763
f 887/1212/794 888/1213/795 889/1214/796
f 887/1212/794 889/1214/796 890/1215/797
f 887/1212/794 890/1215/797 891/1216/798
f 887/1212/794 891/1216/798 892/1217/799
f 853/1171/760 868/1186/775 867/1185/774
f 853/1171/760 867/1185/774 860/1178/767
f 857/1175/764 893/1218/800 876/1194/783
f 857/1175/764 876/1194/783 858/1176/765
f 894/1219/801 882/1220/789 881/1221/788
f 894/1219/801 881/1221/788 895/1222/802
f 896/1223/803 897/1224/804 863/1225/770
f 896/1226/803 863/1181/770 898/1227/805
f 899/1228/806 900/1229/807 901/1230/808
f 899/1228/806 901/1230/808 902/1231/809
f 899/1228/806 902/1231/809 903/1232/810
f 899/1228/806 903/1232/810 904/1233/811
f 894/1219/801 905/1234/812 886/1235/793
f 894/1219/801 886/1235/793 882/1220/789
f 873/1191/780 885/1210/792 855/1173/762
f 873/1191/780 855/1173/762 854/1172/761
f 906/1236/813 907/1237/814 891/1216/798
f 906/1236/813 891/1216/798 890/1215/797
f 906/1236/813 890/1215/797 889/1214/796
f 906/1236/813 889/1214/796 908/1238/815
f 906/1236/813 908/1238/815 903/1232/810
f 906/1236/813 903/1232/810 902/1231/809
f 906/1236/813 902/1231/809 901/1230/808
f 906/1236/813 901/1230/808 907/1237/814
f 909/1239/816 872/1240/779 871/1241/778
f 909/1239/816 871/1241/778 910/1242/817
f 909/1239/816 895/1222/802 881/1221/788
f 909/1239/816 881/1221/788 872/1240/779
f 911/1243/818 880/1202/787 843/1156/750
f 911/1243/818 843/1156/750 912/1244/819
f 911/1243/818 912/1244/819 889/1214/796
f 911/1243/818 889/1214/796 888/1213/795
f 913/1245/820 870/1246/777 914/1247/821
f 913/1245/820 914/1247/821 915/1248/822
f 913/1245/820 910/1242/817 871/1241/778
f 913/1245/820 871/1241/778 870/1246/777
f 869/1187/776 897/1249/804 914/1250/821
f 869/1187/776 914/1250/821 870/1188/777
f 884/1209/791 898/1227/805 863/1181/770
f 884/1209/791 863/1181/770 862/1180/769
f 916/1251/823 904/1233/811 903/1232/810
f 916/1251/823 903/1232/810 917/1252/824
f 916/1251/823 917/1252/824 849/1162/756
f 916/1251/823 849/1162/756 851/1164/758
f 869/1187/776 872/1190/779 881/1203/788
f 869/1187/776 881/1203/788 864/1182/771
f 875/1193/782 874/1192/781 859/1177/766
f 875/1193/782 859/1177/766 858/1176/765
f 918/1253/825 908/1238/815 889/1214/796
f 918/1253/825 889/1214/796 912/1244/819
f 918/1253/825 912/1244/819 843/1156/750
f 918/1253/825 843/1156/750 842/1155/749
f 918/1253/825 842/1155/749 849/1162/756
f 918/1253/825 849/1162/756 917/1252/824
f 918/1253/825 917/1252/824 903/1232/810
f 918/1253/825 903/1232/810 908/1238/815
f 919/1254/826 920/1255/827 921/1256/828
f 919/1254/826 921/1256/828 922/1257/829
f 919/1254/826 922/1257/829 891/1216/798
f 919/1254/826 891/1216/798 907/1237/814
f 919/1254/826 907/1237/814 901/1230/808
f 919/1254/826 901/1230/808 923/1258/830
f 919/1254/826 923/1258/830 924/1259/831
f 919/1254/826 924/1259/831 920/1255/827
f 925/1260/832 926/1261/784 924/1259/831
f 925/1260/832 924/1259/831 923/1258/830
f 925/1260/832 923/1258/830 901/1230/808
f 925/1260/832 901/1230/808 900/1229/807
f 869/1187/776 864/1182/771 863/1181/770
f 869/1187/776 863/1181/770 897/1249/804
f 896/1223/803 915/1262/822 914/1263/821
f 896/1223/803 914/1263/821 897/1224/804
f 853/1171/760 856/1174/763 886/1211/793
f 853/1171/760 886/1211/793 868/1186/775
f 865/1183/772 868/1186/775 886/1211/793
f 865/1264/772 886/1235/793 905/1234/812
f 857/1175/764 927/1265/833 928/1266/834
f 857/1175/764 928/1266/834 893/1218/800
f 929/1267/835 927/1265/833 867/1185/774
f 929/1267/835 867/1185/774 866/1184/773
f 857/1175/764 860/1178/767 867/1185/774
f 857/1175/764 867/1185/774 927/1265/833
f 929/1267/835 930/1268/836 928/1266/834
f 929/1267/835 928/1266/834 927/1265/833
f 931/1269/837 892/1217/799 891/1216/798
f 931/1269/837 891/1216/798 922/1257/829
f 931/1269/837 922/1257/829 921/1256/828
f 931/1269/837 921/1256/828 932/1270/838
f 933/1271/839 934/1272/840 935/1273/841
f 933/1271/839 935/1273/841 936/1274/842
f 937/1275/843 938/1276/844 939/1277/845
f 937/1275/843 939/1277/845 940/1278/846
f 940/1279/846 939/1280/845 941/1281/847
f 940/1279/846 941/1281/847 942/1282/848
f 942/1282/848 941/1281/847 943/1283/849
f 942/1282/848 943/1283/849 944/1284/850
f 944/1285/850 943/1286/849 945/1287/851
f 944/1285/850 945/1287/851 946/1288/852
f 946/1289/852 945/1290/851 934/1272/840
f 946/1289/852 934/1272/840 933/1271/839
f 947/1291/853 948/1292/854 949/1293/855
f 947/1291/853 949/1293/855 950/1294/856
f 951/1295/857 952/1296/858 948/1297/854
f 951/1295/857 948/1297/854 947/1298/853
f 953/1299/859 954/1300/860 952/1301/858
f 953/1299/859 952/1301/858 951/1302/857
f 955/1303/861 956/1304/862 954/1300/860
f 955/1303/861 954/1300/860 953/1299/859
f 957/1305/863 958/1306/864 956/1307/862
f 957/1305/863 956/1307/862 955/1308/861
f 950/1294/856 949/1293/855 959/1309/865
f 950/1294/856 959/1309/865 960/1310/866
f 948/1292/854 946/1289/852 933/1271/839
f 948/1292/854 933/1271/839 949/1293/855
f 952/1296/858 944/1285/850 946/1288/852
f 952/1296/858 946/1288/852 948/1297/854
f 954/1300/860 942/1282/848 944/1284/850
f 954/1300/860 944/1284/850 952/1301/858
f 956/1304/862 940/1279/846 942/1282/848
f 956/1304/862 942/1282/848 954/1300/860
f 958/1306/864 937/1275/843 940/1278/846
f 958/1306/864 940/1278/846 956/1307/862
f 949/1293/855 933/1271/839 936/1274/842
f 949/1293/855 936/1274/842 959/1309/865
f 961/1311/867 950/1294/856 960/1310/866
f 961/1311/867 960/1310/866 962/1312/868
f 963/1313/869 957/1305/863 955/1308/861
f 963/1313/869 955/1308/861 964/1314/870
f 964/1315/870 955/1303/861 953/1299/859
f 964/1315/870 953/1299/859 965/1316/871
f 965/1316/871 953/1299/859 951/1302/857
f 965/1316/871 951/1302/857 966/1317/872
f 966/1318/872 951/1295/857 947/1298/853
f 966/1318/872 947/1298/853 967/1319/873
f 967/1320/873 947/1291/853 950/1294/856
f 967/1320/873 950/1294/856 961/1311/867
f 968/1321/874 969/1322/875 970/1323/876
f 968/1321/874 970/1323/876 971/1324/877
f 972/1325/878 973/1326/879 974/1327/880
f 972/1325/878 974/1327/880 975/1328/881
f 976/1329/882 977/1330/883 978/1331/884
f 976/1329/882 978/1331/884 979/1332/885
f 980/1333/886 981/1334/887 977/1330/883
f 980/1333/886 977/1330/883 976/1329/882
f 982/1335/888 971/1336/877 980/1337/886
f 982/1335/888 980/1337/886 983/1338/889
f 984/1339/890 985/1340/891 986/1341/892
f 984/1339/890 986/1341/892 987/1342/893
f 970/1343/876 987/1342/893 988/1344/894
f 970/1343/876 988/1344/894 981/1345/887
f 975/1328/881 974/1327/880 989/1346/895
f 975/1328/881 989/1346/895 990/1347/896
f 990/1347/896 989/1346/895 991/1348/897
f 990/1347/896 991/1348/897 992/1349/898
f 973/1350/879 993/1351/899 982/1335/888
f 973/1350/879 982/1335/888 974/1352/880
f 987/1342/893 986/1341/892 994/1353/900
f 987/1342/893 994/1353/900 988/1344/894
f 992/1349/898 991/1348/897 995/1354/901
f 992/1349/898 995/1354/901 996/1355/902
f 981/1345/887 988/1344/894 997/1356/903
f 981/1345/887 997/1356/903 977/1357/883
f 989/1358/895 983/1338/889 998/1359/904
f 989/1358/895 998/1359/904 991/1360/897
f 988/1344/894 994/1353/900 999/1361/905
f 988/1344/894 999/1361/905 997/1356/903
f 998/1359/904 976/1362/882 979/1363/885
f 998/1359/904 979/1363/885 1000/1364/906
f 971/1324/877 970/1323/876 981/1334/887
f 971/1324/877 981/1334/887 980/1333/886
f 983/1338/889 980/1337/886 976/1362/882
f 983/1338/889 976/1362/882 998/1359/904
f 997/1356/903 999/1361/905 1001/1365/907
f 997/1356/903 1001/1365/907 1002/1366/908
f 993/1351/899 968/1367/874 971/1336/877
f 993/1351/899 971/1336/877 982/1335/888
f 991/1360/897 998/1359/904 1000/1364/906
f 991/1360/897 1000/1364/906 995/1368/901
f 974/1352/880 982/1335/888 983/1338/889
f 974/1352/880 983/1338/889 989/1358/895
f 969/1369/875 984/1339/890 987/1342/893
f 969/1369/875 987/1342/893 970/1343/876
f 977/1357/883 997/1356/903 1002/1366/908
f 977/1357/883 1002/1366/908 978/1370/884
f 1003/1371/909 1004/1372/910 1005/1373/911
f 1003/1371/909 1005/1373/911 1006/1374/912
f 1006/1375/912 1005/1376/911 1007/1377/913
f 1006/1375/912 1007/1377/913 1008/1378/914
f 1008/1378/914 1007/1377/913 1009/1379/915
f 1008/1378/914 1009/1379/915 1010/1380/916
f 1010/1381/916 1009/1382/915 1011/1383/917
f 1010/1381/916 1011/1383/917 1012/1384/918
f 1012/1385/918 1011/1386/917 1013/1387/919
f 1012/1385/918 1013/1387/919 1014/1388/920
f 1014/1388/920 1013/1387/919 1015/1389/921
f 1014/1388/920 1015/1389/921 1016/1390/922
f 1017/1391/923 1019/1392/924 1018/1393/924
f 1017/1391/923 1020/1394/923 1019/1392/924
f 1016/1390/922 1015/1389/921 1021/1395/925
f 1016/1390/922 1021/1395/925 1022/1396/926
f 1022/1397/926 1021/1398/925 1023/1399/927
f 1022/1397/926 1023/1399/927 1024/1400/928
f 1025/1401/929 1026/1402/930 1027/1403/931
f 1025/1401/929 1027/1403/931 1028/1404/932
f 1029/1405/933 1022/1397/926 1024/1400/928
f 1029/1405/933 1024/1400/928 1030/1406/934
f 1031/1407/935 1016/1390/922 1022/1396/926
f 1031/1407/935 1022/1396/926 1029/1408/933
f 1032/1409/936 1014/1388/920 1016/1390/922
f 1032/1409/936 1016/1390/922 1031/1407/935
f 1026/1410/930 1012/1384/918 1014/1411/920
f 1026/1410/930 1014/1411/920 1032/1412/936
f 1025/1413/929 1010/1381/916 1012/1384/918
f 1025/1413/929 1012/1384/918 1026/1410/930
f 1033/1414/937 1008/1415/914 1010/1416/916
f 1033/1414/937 1010/1416/916 1025/1417/929
f 1034/1418/938 1006/1419/912 1008/1415/914
f 1034/1418/938 1008/1415/914 1033/1414/937
f 1035/1420/939 1003/1371/909 1006/1374/912
f 1035/1420/939 1006/1374/912 1034/1421/938
f 1036/1422/940 1038/1423/941 1037/1424/942
f 1036/1422/940 1039/1425/940 1038/1423/941
f 1031/1426/935 1029/1427/933 1040/1428/943
f 1031/1426/935 1040/1428/943 1041/1429/944
f 1034/1430/938 1033/1431/937 1042/1432/945
f 1034/1430/938 1042/1432/945 1043/1433/946
f 1026/1402/930 1032/1434/936 1044/1435/947
f 1026/1402/930 1044/1435/947 1027/1403/931
f 1029/1427/933 1030/1436/934 1045/1437/948
f 1029/1427/933 1045/1437/948 1040/1428/943
f 1035/1436/939 1034/1430/938 1043/1433/946
f 1035/1436/939 1043/1433/946 1046/1437/949
f 1033/1431/937 1025/1401/929 1028/1404/932
f 1033/1431/937 1028/1404/932 1042/1432/945
f 1032/1434/936 1031/1426/935 1041/1429/944
f 1032/1434/936 1041/1429/944 1044/1435/947
f 1047/1438/950 1049/1439/951 1048/1440/951
f 1047/1438/950 1050/1441/950 1049/1439/951
f 1051/1442/952 1053/1443/953 1052/1444/954
f 1051/1442/952 1054/1445/952 1053/1443/953
f 1055/1446/955 1057/1447/956 1056/1448/956
f 1055/1446/955 1058/1449/955 1057/1447/956
f 1048/1440/951 1039/1450/940 1036/1451/940
f 1048/1440/951 1049/1439/951 1039/1450/940
f 1052/1444/954 1050/1452/950 1047/1453/950
f 1052/1444/954 1053/1443/953 1050/1452/950
f 1056/1448/956 1054/1454/952 1051/1455/952
f 1056/1448/956 1057/1447/956 1054/1454/952
f 1059/1456/957 1058/1457/955 1055/1458/955
f 1059/1456/957 1060/1459/958 1058/1457/955
f 1061/1460/959 1062/1461/960 1063/1462/960
f 1061/1460/959 1063/1462/960 1064/1463/961
f 1065/1464/962 1067/1465/963 1066/1466/963
f 1065/1464/962 1068/1467/964 1067/1465/963
f 1069/1468/965 1071/1467/966 1070/1464/967
f 1069/1468/965 1072/1469/965 1071/1467/966
f 1073/1470/968 1075/1471/969 1074/1472/969
f 1073/1470/968 1076/1473/968 1075/1471/969
f 1077/1474/970 1020/1394/923 1017/1391/923
f 1077/1474/970 1078/1475/970 1020/1394/923
f 1018/1393/924 1076/1473/968 1073/1470/968
f 1018/1393/924 1019/1392/924 1076/1473/968
f 1066/1466/963 1078/1475/970 1077/1474/970
f 1066/1466/963 1067/1465/963 1078/1475/970
f 1074/1472/969 1072/1469/965 1069/1468/965
f 1074/1472/969 1075/1471/969 1072/1469/965
f 1079/1476/971 1080/1477/972 1081/1478/972
f 1079/1476/971 1081/1478/972 1082/1479/973
f 1083/1480/974 1084/1481/975 1085/1482/975
f 1083/1480/974 1085/1482/975 1086/1483/974
f 1087/1484/976 1088/1485/977 1089/1486/978
f 1087/1484/976 1089/1486/978 1090/1487/979
f 1091/1488/980 1061/1489/959 1064/1490/961
f 1091/1488/980 1064/1490/961 1092/1491/980
f 1062/1461/960 1079/1492/971 1082/1493/973
f 1062/1461/960 1082/1493/973 1063/1462/960
f 1080/1477/972 1083/1494/974 1086/1495/974
f 1080/1477/972 1086/1495/974 1081/1478/972
f 1084/1481/975 1087/1496/976 1090/1497/979
f 1084/1481/975 1090/1497/979 1085/1482/975
f 1093/1498/981 1094/1499/982 1095/1500/983
f 1093/1498/981 1095/1500/983 1096/1501/984
f 1097/1502/985 1098/1503/986 1099/1504/987
f 1097/1502/985 1099/1504/987 1100/1505/988
f 1101/1506/989 1102/1507/990 1103/1508/991
f 1101/1506/989 1103/1508/991 1104/1509/992
f 1105/1510/993 1107/1511/994 1106/1512/993
f 1105/1510/993 1108/1513/994 1107/1511/994
f 1109/1514/995 1110/1515/996 1098/1516/986
f 1109/1514/995 1098/1516/986 1097/1517/985
f 1111/1518/997 1109/1514/995 1097/1517/985
f 1111/1518/997 1097/1517/985 1112/1519/998
f 1113/1520/999 1115/1521/1000 1114/1522/1001
f 1113/1520/999 1116/1523/1000 1115/1521/1000
f 1117/1524/1002 1118/1525/1003 1101/1526/989
f 1117/1524/1002 1101/1526/989 1119/1527/1004
f 1111/1528/997 1120/1529/1005 1121/1530/1006
f 1111/1528/997 1121/1530/1006 1109/1531/995
f 1122/1532/1007 1123/1533/1008 1124/1534/1009
f 1122/1532/1007 1124/1534/1009 1125/1535/1010
f 1119/1527/1004 1101/1526/989 1104/1536/992
f 1119/1527/1004 1104/1536/992 1126/1537/1011
f 1098/1503/986 1119/1527/1004 1126/1537/1011
f 1098/1503/986 1126/1537/1011 1099/1504/987
f 1127/1538/1012 1111/1539/997 1112/1540/998
f 1127/1538/1012 1112/1540/998 1128/1541/1013
f 1117/1542/1002 1129/1543/1014 1130/1544/1015
f 1117/1542/1002 1130/1544/1015 1118/1545/1003
f 1110/1546/996 1117/1524/1002 1119/1527/1004
f 1110/1546/996 1119/1527/1004 1098/1503/986
f 1118/1547/1003 1131/1548/1016 1102/1507/990
f 1118/1547/1003 1102/1507/990 1101/1506/989
f 1132/1549/1017 1134/1550/1018 1133/1551/1017
f 1132/1549/1017 1135/1552/1018 1134/1550/1018
f 1128/1553/1013 1112/1554/998 1136/1555/1019
f 1128/1553/1013 1136/1555/1019 1137/1556/1020
f 1138/1557/1021 1140/1558/1022 1139/1559/1023
f 1138/1557/1021 1141/1560/1022 1140/1558/1022
f 1125/1561/1010 1127/1538/1012 1128/1541/1013
f 1125/1561/1010 1128/1541/1013 1094/1562/982
f 1094/1563/982 1128/1553/1013 1137/1556/1020
f 1094/1563/982 1137/1556/1020 1095/1564/983
f 1122/1565/1007 1125/1566/1010 1094/1499/982
f 1122/1565/1007 1094/1499/982 1093/1498/981
f 1118/1545/1003 1130/1544/1015 1142/1533/1024
f 1118/1545/1003 1142/1533/1024 1131/1532/1016
f 1112/1519/998 1097/1517/985 1100/1567/988
f 1112/1519/998 1100/1567/988 1136/1568/1019
f 1143/1569/1025 1145/1570/1026 1144/1571/1025
f 1143/1569/1025 1146/1572/1026 1145/1570/1026
f 1125/1535/1010 1124/1534/1009 1147/1573/1027
f 1125/1535/1010 1147/1573/1027 1127/1574/1012
f 1148/1575/1028 1139/1559/1023 1149/1576/1028
f 1148/1575/1028 1138/1557/1021 1139/1559/1023
f 1110/1577/996 1150/1578/1029 1129/1543/1014
f 1110/1577/996 1129/1543/1014 1117/1542/1002
f 1151/1579/1030 1153/1580/1031 1152/1581/1030
f 1151/1579/1030 1154/1582/1031 1153/1580/1031
f 1109/1531/995 1121/1530/1006 1150/1578/1029
f 1109/1531/995 1150/1578/1029 1110/1577/996
f 1141/1583/1022 1144/1571/1025 1140/1584/1022
f 1141/1583/1022 1143/1569/1025 1144/1571/1025
f 1154/1582/1031 1149/1585/1028 1153/1580/1031
f 1154/1582/1031 1148/1586/1028 1149/1585/1028
f 1146/1587/1026 1155/1588/1032 1145/1589/1026
f 1146/1587/1026 1156/1590/1033 1155/1588/1032
f 1157/1591/1034 1158/1592/1035 1159/1593/1036
f 1157/1591/1034 1159/1593/1036 1160/1594/1036
f 1161/1595/1037 1163/1522/1038 1162/1596/1037
f 1161/1595/1037 1164/1520/1039 1163/1522/1038
f 1127/1574/1012 1147/1573/1027 1120/1529/1005
f 1127/1574/1012 1120/1529/1005 1111/1528/997
f 1135/1552/1018 1106/1512/993 1134/1550/1018
f 1135/1552/1018 1105/1510/993 1106/1512/993
f 1165/1597/1040 1133/1551/1017 1166/1598/1040
f 1165/1597/1040 1132/1549/1017 1133/1551/1017
f 1167/1599/1041 1152/1600/1030 1168/1601/1042
f 1167/1599/1041 1151/1602/1030 1152/1600/1030
f 1116/1523/1000 1166/1598/1040 1115/1521/1000
f 1116/1523/1000 1165/1597/1040 1166/1598/1040
f 1169/1603/1043 1170/1604/1043 1171/1605/1044
f 1169/1603/1043 1171/1605/1044 1172/1606/1045
f 1160/1594/1036 1159/1593/1036 1173/1607/1046
f 1160/1594/1036 1173/1607/1046 1174/1608/1046
f 1174/1609/1046 1173/1610/1046 1170/1604/1043
f 1174/1609/1046 1170/1604/1043 1169/1603/1043
f 1175/1611/1047 1176/1612/1048 1177/1613/1049
f 1175/1611/1047 1177/1613/1049 1178/1614/1049
f 1172/1615/1045 1171/1616/1044 1179/1617/1050
f 1172/1615/1045 1179/1617/1050 1180/1618/1050
f 1178/1614/1049 1177/1613/1049 1158/1619/1035
f 1178/1614/1049 1158/1619/1035 1157/1620/1034
f 1108/1513/994 1162/1596/1037 1107/1511/994
f 1108/1513/994 1161/1595/1037 1162/1596/1037
f 1181/1621/1051 1182/1622/1051 1176/1623/1048
f 1181/1621/1051 1176/1623/1048 1175/1624/1047
s 0
f 1184/1625/1052 1183/1626/1052 1188/1627/1052
f 1188/1627/1052 1185/1628/1052 1184/1625/1052
f 1188/1627/1052 1187/1629/1052 1185/1628/1052
f 1187/1629/1052 1186/1630/1052 1185/1628/1052
f 1190/1631/1053 1189/1632/1053 1194/1633/1053
f 1194/1633/1053 1193/1634/1053 1190/1631/1053
f 1193/1634/1053 1191/1635/1053 1190/1631/1053
f 1193/1634/1053 1192/1636/1053 1191/1635/1053
f 1198/1637/1054 1196/1638/1054 1197/1639/1054
f 1196/1638/1054 1198/1637/1054 1199/1640/1054
f 1196/1638/1054 1199/1640/1054 1195/1641/1054
f 1195/1641/1054 1199/1640/1054 1200/1642/1054
f 1195/1641/1054 1200/1642/1054 1202/1643/1054
f 1202/1643/1054 1200/1642/1054 1201/1644/1054
f 1210/1645/1055 1208/1646/1055 1209/1647/1055
f 1208/1646/1055 1210/1645/1055 1203/1648/1055
f 1208/1646/1055 1203/1648/1055 1207/1649/1055
f 1207/1649/1055 1203/1648/1055 1204/1650/1055
f 1207/1649/1055 1204/1650/1055 1206/1651/1055
f 1206/1651/1055 1204/1650/1055 1205/1652/1055
