# Blender 4.2.7 LTS
# www.blender.org
mtllib 27abe84ed89345f39b529f09757c4de8.mtl
o Object_2
v 0.40509302 -0.17793784 0.18737242
v 0.42713426 -0.17975981 0.14309931
v 0.43007743 -0.17881875 0.10712250
v 0.16997656 -0.15956610 0.16057975
v 0.35252109 -0.17455003 0.23103951
v 0.38010204 -0.17570966 0.21383014
v 0.27811121 -0.17049797 0.24198607
v 0.32439871 -0.17509839 0.23853787
v -0.39921854 -0.12112716 -0.00032233
v -0.40176052 -0.11978240 0.01147362
v -0.26463417 -0.12354799 0.04398635
v -0.39212113 -0.12241463 -0.02411549
v -0.40241643 -0.11804362 0.02802505
v -0.40267211 -0.11757774 0.04158665
v -0.25835464 -0.13062809 -0.05451928
v -0.37599105 -0.12466596 -0.05152395
v -0.32417208 -0.12765150 -0.09606277
v -0.35305410 -0.12609093 -0.07723099
v -0.28926550 -0.12797033 -0.10994222
v -0.25394532 -0.12866133 -0.11757606
v -0.39327622 -0.11058358 0.09325319
v -0.26986233 -0.10606946 0.13553900
v -0.37374044 -0.10486423 0.13301385
v -0.34768771 -0.09947934 0.16177113
v -0.27340483 -0.09723135 0.19500804
v -0.31591731 -0.09679126 0.18224094
v 0.41170461 -0.18657946 -0.03644941
v 0.15752005 -0.17078015 0.04160276
v 0.43125675 -0.18233272 0.05957427
v 0.42706574 -0.18468014 0.01417830
v 0.14551222 -0.17369109 -0.08550761
v 0.37300200 -0.18670480 -0.10159364
v 0.25206815 -0.18094128 -0.16226360
v 0.31414698 -0.18502021 -0.14173471
v 0.18740413 -0.17489989 -0.17033717
v 0.13870750 -0.16791110 -0.16721902
v 0.17741858 -0.15654808 0.23785892
v 0.21947557 -0.16210832 0.24413582
v 0.09439691 -0.16387145 0.03734109
v 0.10264702 -0.14995869 0.14790301
v 0.03470633 -0.15630900 0.03600886
v 0.04327216 -0.14312269 0.13902993
v -0.00927494 -0.14894314 0.03561031
v -0.00515913 -0.13625935 0.13476838
v -0.21146566 -0.10150305 0.20111162
v -0.21033695 -0.11050182 0.13939841
v -0.14190316 -0.10857993 0.19961109
v -0.14597922 -0.11651683 0.13739583
v -0.10535496 -0.11363084 0.19844156
v -0.10873047 -0.12045765 0.13596418
v -0.11437163 -0.13426203 0.03941206
v 0.08718574 -0.16724242 -0.08082028
v 0.02718040 -0.15945485 -0.07403561
v -0.01249372 -0.15442471 -0.07013394
v -0.20885444 -0.12775642 0.04418246
v -0.15248160 -0.13068622 0.04114607
v -0.11938984 -0.14116821 -0.06357129
v 0.08338649 -0.16261801 -0.15683622
v 0.02306829 -0.15596177 -0.14477767
v -0.01369775 -0.15147999 -0.13816643
v -0.20628799 -0.13319741 -0.05803827
v -0.15846116 -0.13660217 -0.06162684
v -0.12179777 -0.13817240 -0.12987012
v -0.20425712 -0.13210392 -0.12370148
v -0.16182378 -0.13493846 -0.12772681
v -0.00273854 -0.12958043 0.19888118
v 0.10726427 -0.14599197 0.21973677
v 0.04824727 -0.13818231 0.20583046
v -0.51323498 -0.11291895 -0.14216466
v -0.44968499 -0.11514820 -0.17021805
v -0.38961865 -0.11669552 -0.18429637
v -0.33101703 -0.11690906 -0.19613267
v -0.26925393 -0.11985163 -0.20572599
v -0.21597991 -0.12408000 -0.21821032
v -0.16930936 -0.12753942 -0.22410024
v -0.04122498 -0.14261145 -0.21338608
v 0.01073615 -0.14824820 -0.22191563
v 0.09772968 -0.15806473 -0.26187658
v 0.17596496 -0.16623821 -0.27742929
v 0.24288604 -0.17212204 -0.28195463
v 0.33564272 -0.16805076 -0.27122974
v 0.44186133 -0.16992180 -0.24306641
v 0.52664780 -0.16366591 -0.18655904
v 0.58092318 -0.15931030 -0.08913032
v 0.60078160 -0.15495302 -0.01916723
v 0.60648340 -0.15246952 0.04509405
v 0.60454671 -0.14929204 0.11387507
v 0.60050467 -0.14944017 0.16838631
v 0.58817958 -0.15042875 0.20236471
v 0.57016355 -0.15462118 0.23368152
v 0.53433857 -0.15945413 0.27281874
v 0.49511386 -0.16337108 0.29724214
v 0.45707456 -0.16763549 0.30904096
v 0.37043686 -0.15620813 0.31411574
v 0.28560109 -0.15652541 0.31215887
v 0.23335288 -0.15160222 0.30326443
v 0.12808310 -0.14282213 0.27425243
v 0.04418219 -0.13378707 0.25450179
v -0.01111375 -0.12665171 0.22417677
v -0.14732446 -0.10768374 0.22429936
v -0.18361985 -0.10392865 0.22586268
v -0.27543581 -0.09067037 0.22532995
v -0.34849127 -0.08663859 0.22324680
v -0.43398069 -0.08545116 0.21352731
v -0.48545446 -0.08856347 0.19659153
v -0.53424981 -0.09677097 0.15989090
v -0.57565197 -0.10670555 0.10060174
v -0.58814787 -0.11328372 0.05170672
v -0.59261449 -0.11468136 0.02248559
v -0.59258429 -0.11462502 0.00481273
v -0.59170899 -0.11459232 -0.01595716
v -0.58832370 -0.11434559 -0.03089204
v -0.58513165 -0.11415831 -0.04353155
v -0.57853903 -0.11409051 -0.06116681
v -0.54419394 -0.11205940 -0.10940306
v -0.73711327 -0.08256134 -0.23279629
v -0.77908969 -0.07939079 -0.18983918
v 0.16333739 -0.17545064 -0.41349294
v 0.02672920 -0.16346967 -0.38562827
v 0.27474692 -0.18518087 -0.43666361
v 0.37363738 -0.18837423 -0.44984383
v 0.50821208 -0.16673154 -0.43492853
v 0.63297980 -0.14732766 -0.39470426
v 0.75006749 -0.13016460 -0.31010948
v 0.82698750 -0.11965731 -0.16573472
v 0.85338578 -0.11172614 -0.06765570
v 0.86128448 -0.10904497 0.02403780
v 0.85824642 -0.10635665 0.12369435
v 0.85260645 -0.10535184 0.20515676
v 0.81891070 -0.11452607 0.25230656
v 0.79473391 -0.12290008 0.29668280
v 0.74489364 -0.13548038 0.35565802
v 0.68982808 -0.14630399 0.38989521
v 0.63843046 -0.15560009 0.40871266
v 0.45041474 -0.15403701 0.38565503
v 0.31069746 -0.15158491 0.36498612
v 0.25264695 -0.14989614 0.35704397
v 0.13526431 -0.14172875 0.32427532
v 0.04278002 -0.13227103 0.30250886
v -0.02319259 -0.12476396 0.29095796
v -0.20692504 -0.10453013 0.29167892
v -0.24249373 -0.09958486 0.29386794
v -0.36535580 -0.07624100 0.29063364
v -0.45330520 -0.06385097 0.29199750
v -0.59855836 -0.05250048 0.25214697
v -0.67709802 -0.04723925 0.23719442
v -0.75791718 -0.05923753 0.19033982
v -0.83028439 -0.07889387 0.10684223
v -0.84777080 -0.08310636 0.04364103
v -0.85689776 -0.07829359 -0.00483443
v -0.85704649 -0.07797118 -0.02815526
v -0.85601244 -0.07854294 -0.05491653
v -0.85175435 -0.07923991 -0.07355755
v -0.84764415 -0.07934734 -0.08942861
v -0.83842074 -0.07998606 -0.11242417
v -0.60098671 -0.09918547 -0.25957439
v -0.51051705 -0.09938194 -0.27346901
v -0.42361735 -0.09529753 -0.28981956
v -0.34718662 -0.09784357 -0.30360579
v -0.27328212 -0.10002866 -0.31367967
v -0.22667066 -0.10498002 -0.31575506
v -0.00905268 -0.15949710 -0.37508862
v 0.03235079 -0.16737289 -0.40874677
v -0.00335040 -0.16358104 -0.39781884
v -0.29098948 -0.15071809 -0.37491364
v -0.34357119 -0.14815020 -0.37368024
v 0.17630157 -0.17950211 -0.43815268
v 0.29311174 -0.18935254 -0.46257011
v 0.39065541 -0.19099834 -0.46957191
v 0.53012871 -0.16720828 -0.45415719
v 0.65540313 -0.14467681 -0.41249553
v 0.78354743 -0.12514413 -0.32862374
v 0.86386085 -0.11371523 -0.17721400
v 0.89123899 -0.10524847 -0.07492177
v 0.89946678 -0.10253770 0.02088252
v 0.89626388 -0.09992266 0.12516587
v 0.89038446 -0.09874513 0.21066675
v 0.87175334 -0.10630353 0.26374430
v 0.84616578 -0.11563520 0.31111169
v 0.79222606 -0.13227425 0.37144958
v 0.73353265 -0.14467944 0.40793440
v 0.67891184 -0.15515725 0.42692397
v 0.57916888 -0.17025017 0.43422932
v 0.45064750 -0.18790883 0.42527173
v 0.38122824 -0.18548573 0.41211192
v 0.21702120 -0.18235026 0.36507803
v 0.04278002 -0.13227103 0.30250886
v 0.09124533 -0.17349079 0.33578587
v 0.21702120 -0.18235026 0.36507803
v 0.13526431 -0.14172875 0.32427532
v -0.02319259 -0.12476396 0.29095796
v 0.01026992 -0.16876420 0.31988092
v -0.20692504 -0.10453013 0.29167892
v -0.25830021 -0.15444834 0.31849367
v -0.24249373 -0.09958486 0.29386794
v -0.29295792 -0.15041991 0.32159332
v -0.36535580 -0.07624100 0.29063364
v -0.46043101 -0.14825691 0.32643474
v -0.45330520 -0.06385097 0.29199750
v -0.59312597 -0.14340833 0.31491595
v -0.59855836 -0.05250048 0.25214697
v -0.68062643 -0.14212253 0.28985503
v -0.67709802 -0.04723925 0.23719442
v -0.74797496 -0.13675841 0.24850730
v -0.80454094 -0.13719779 0.18822623
v -0.74797496 -0.13675841 0.24850730
v -0.84829218 -0.13351910 0.10041792
v -0.84777080 -0.08310636 0.04364103
v -0.86581894 -0.13268916 0.01205027
v -0.84829218 -0.13351910 0.10041792
v -0.83028439 -0.07889387 0.10684223
v -0.85689776 -0.07829359 -0.00483443
v -0.86524122 -0.13199052 -0.00962524
v -0.85704649 -0.07797118 -0.02815526
v -0.86448779 -0.13107941 -0.03789146
v -0.85601244 -0.07854294 -0.05491653
v -0.86345445 -0.12982978 -0.07665864
v -0.85175435 -0.07923991 -0.07355755
v -0.85698944 -0.12941034 -0.10129009
v -0.84764415 -0.07934734 -0.08942861
v -0.85155501 -0.12905774 -0.12199565
v -0.84512568 -0.12864056 -0.14649066
v -0.85155501 -0.12905774 -0.12199565
v -0.80770958 -0.12650537 -0.21176440
v -0.75746801 -0.12816883 -0.26857018
v -0.69578202 -0.12974360 -0.30775192
v -0.61835090 -0.13237881 -0.33747915
v -0.54910722 -0.13440371 -0.35178295
v -0.43563341 -0.14206548 -0.36512754
v -0.30649444 -0.16868852 -0.39317759
v -0.36179146 -0.16649663 -0.39188308
v -0.00401108 -0.17944935 -0.41724576
v 0.03355386 -0.18310071 -0.42872981
v 0.18498855 -0.19448760 -0.45963088
v 0.30787175 -0.20373655 -0.48529030
v 0.41042347 -0.20452985 -0.49264983
v 0.55680380 -0.17815699 -0.47647118
v 0.68827168 -0.15321603 -0.43269976
v 0.82278384 -0.13135849 -0.34455317
v 0.90709692 -0.11841389 -0.18540061
v 0.93579428 -0.10914512 -0.07787616
v 0.94441693 -0.10611840 0.02283234
v 0.94102483 -0.10329471 0.13245450
v 0.93483339 -0.10202694 0.22233199
v 0.91532208 -0.11009884 0.27813607
v 0.88851533 -0.12010767 0.32793945
v 0.83197633 -0.13805877 0.39138524
v 0.77039980 -0.15163015 0.42975207
v 0.71308528 -0.16315395 0.44972521
v 0.60838333 -0.17997801 0.45742111
v 0.47345614 -0.19979347 0.44802391
v 0.40046132 -0.19793138 0.43418849
v 0.22782034 -0.19627221 0.38474368
v 0.09552227 -0.18820628 0.35394335
v 0.22782034 -0.19627221 0.38474368
v 0.01035705 -0.18403748 0.33721992
v -0.27209552 -0.17158944 0.33574947
v -0.30856578 -0.16768694 0.33900430
v -0.48462977 -0.16702924 0.34409304
v -0.62416311 -0.16322712 0.33198089
v -0.71615299 -0.16274764 0.30563585
v -0.78699997 -0.15780225 0.26216534
v -0.84645672 -0.15887283 0.19879762
v -0.78699997 -0.15780225 0.26216534
v -0.89248257 -0.15551833 0.10648581
v -0.86581894 -0.13268916 0.01205027
v -0.91091423 -0.15490515 0.01359222
v -0.86524122 -0.13199052 -0.00962524
v -0.91031383 -0.15418706 -0.00919445
v -0.90953056 -0.15325076 -0.03890928
v -0.86448779 -0.13107941 -0.03789146
v -0.90845652 -0.15196652 -0.07966388
v -0.86345445 -0.12982978 -0.07665864
v -0.85698944 -0.12941034 -0.10129009
v -0.90166468 -0.15148799 -0.10555761
v -0.89595560 -0.15108585 -0.12732408
v -0.88920148 -0.15060994 -0.15307433
v -0.84989119 -0.14806963 -0.22169146
v -0.79706239 -0.14938968 -0.28140544
v -0.73220465 -0.15048795 -0.32259297
v -0.65078628 -0.15253887 -0.35384104
v -0.57797933 -0.15401195 -0.36887594
v -0.45862396 -0.16098152 -0.38289757
v 0.97483911 -0.19725017 0.01881394
v 0.90317365 -0.20824662 -0.00864741
v 0.91450921 -0.20764084 -0.09105805
v 0.95627018 -0.20104536 -0.08033244
v 0.92791945 -0.20692418 -0.18855183
v -0.89595560 -0.15108585 -0.12732408
v -0.88920148 -0.15060994 -0.15307433
v -0.88482690 -0.23089495 -0.14927723
v -0.89033664 -0.23122642 -0.12378313
v -0.88055520 -0.28282373 -0.14601774
v -0.88489792 -0.28298094 -0.12080093
v -0.88489792 -0.28298094 -0.12080093
v -0.88055520 -0.28282373 -0.14601774
v -0.84944035 -0.28003192 -0.21394447
v -0.85424310 -0.28088538 -0.16235921
v -0.79656441 -0.28310508 -0.26890213
v -0.80424670 -0.28391437 -0.19509551
v -0.73696263 -0.28417494 -0.31207112
v -0.74702661 -0.28471829 -0.22184675
v -0.65967141 -0.29135268 -0.33261469
v -0.66972810 -0.29136820 -0.23111755
v -0.59264863 -0.29626537 -0.34576663
v -0.59756250 -0.29549952 -0.23642044
v -0.43785096 -0.29842347 -0.35821216
v -0.44557897 -0.29712765 -0.24536310
v -0.31237601 -0.29948128 -0.36645452
v -0.31210326 -0.29759294 -0.25146967
v -0.28486978 -0.28614171 -0.37697554
v -0.28286768 -0.28290263 -0.26044468
v -0.00232900 -0.24313422 -0.41899194
v -0.00021076 -0.24325275 -0.29260827
v 0.01861039 -0.27674785 -0.41321112
v 0.02134252 -0.27550657 -0.28900203
v 0.17832396 -0.28894665 -0.44982843
v 0.18045020 -0.28681958 -0.31180326
v 0.31067251 -0.29550263 -0.47219494
v 0.32418803 -0.29338892 -0.32198087
v 0.41840526 -0.29109104 -0.48014175
v 0.42837111 -0.28955899 -0.32703190
v 0.56176805 -0.26453471 -0.47749294
v 0.57069818 -0.26445032 -0.32193277
v 0.69975633 -0.23895121 -0.43575178
v 0.70337164 -0.24008004 -0.28853495
v 0.83090384 -0.21269259 -0.34583061
v 0.82265206 -0.21558753 -0.21644456
v 0.88968881 -0.20896734 0.08938972
v 0.97469873 -0.19140322 0.12740073
v 0.95878411 -0.19018761 0.21494680
v 0.87150972 -0.20993885 0.22155362
v 0.93643180 -0.19435140 0.27281038
v 0.90844168 -0.19975026 0.32529457
v 0.85825525 -0.21064728 0.31791654
v 0.84809101 -0.21119038 0.39181161
v -0.91031383 -0.15418706 -0.00919445
v -0.90953056 -0.15325076 -0.03890928
v -0.90093238 -0.23281504 -0.03820944
v -0.90122268 -0.23352610 -0.01022051
v -0.89450055 -0.28421481 -0.03743954
v -0.89564120 -0.28490247 -0.01068925
v -0.89564120 -0.28490247 -0.01068925
v -0.89450055 -0.28421481 -0.03743954
v -0.86964350 -0.28362204 0.00304733
v -0.87439062 -0.28446559 0.05403409
v -0.82887994 -0.28650923 0.04156409
v -0.83647319 -0.28730921 0.11451462
v -0.77929667 -0.28646065 0.06745543
v -0.78924402 -0.28699779 0.15663309
v -0.70197465 -0.29141809 0.09433081
v -0.71191460 -0.29143361 0.19465042
v -0.61331957 -0.29304396 0.11419532
v -0.61817651 -0.29228707 0.22227279
v -0.47035879 -0.29297270 0.11648449
v -0.47799728 -0.29169204 0.22802448
v -0.31122868 -0.29153817 0.11722658
v -0.31095915 -0.28967179 0.23087777
v -0.27644814 -0.27251673 0.11320890
v -0.27446932 -0.26931526 0.22838783
v 0.00658108 -0.24363281 0.11263786
v 0.00867473 -0.24374990 0.23755538
v 0.03010327 -0.27152613 0.10927106
v 0.03280378 -0.27029918 0.23203919
v 0.18726794 -0.27999886 0.13077087
v 0.18936947 -0.27789637 0.26719476
v 0.36752532 -0.28661105 0.15967700
v 0.38088400 -0.28452169 0.30814847
v 0.46032617 -0.28464667 0.16391121
v 0.47017648 -0.28313241 0.31524492
v 0.59933240 -0.26417937 0.17686691
v 0.60815880 -0.26409581 0.33062253
v 0.71496456 -0.24370001 0.18351241
v 0.71853797 -0.24481606 0.32902137
v 0.79619278 -0.22487003 0.19842855
v 0.78803673 -0.22773131 0.32631347
v -0.90845652 -0.15196652 -0.07966388
v -0.90053466 -0.23183984 -0.07659717
v -0.89293592 -0.28327171 -0.07412824
v -0.89293592 -0.28327171 -0.07412824
v -0.86313265 -0.28246516 -0.06688222
v -0.81846563 -0.28541227 -0.05848934
v -0.76565379 -0.28572405 -0.05485398
v -0.68834155 -0.29139709 -0.04326023
v -0.60665784 -0.29408207 -0.03403575
v -0.45988254 -0.29472938 -0.03649501
v -0.31159847 -0.29409795 -0.03864835
v -0.27916213 -0.27690756 -0.04476195
v 0.00370965 -0.24347214 -0.05868964
v 0.02639952 -0.27320893 -0.05910825
v 0.18438552 -0.28288246 -0.05633780
v 0.34920348 -0.28947651 -0.04395529
v 0.44681650 -0.28672361 -0.04364661
v 0.58722657 -0.26429384 -0.03401235
v 0.78178227 -0.22992547 0.42438103
v 0.72127810 -0.24567155 0.44060373
v 0.71006321 -0.24216964 -0.01605671
v -0.89499412 -0.23150657 -0.10223331
v -0.90166468 -0.15148799 -0.10555761
v -0.88856897 -0.28311391 -0.09948554
v -0.85830304 -0.28160681 -0.11875478
v -0.88856897 -0.28311391 -0.09948554
v -0.81074049 -0.28459845 -0.13270729
v -0.75553371 -0.28517760 -0.14558111
v -0.67822876 -0.29138145 -0.14532292
v -0.60171639 -0.29485221 -0.14399129
v -0.45211143 -0.29603237 -0.14997288
v -0.31187265 -0.29599680 -0.15427406
v -0.28117533 -0.28016465 -0.16194215
v 0.00157971 -0.24335290 -0.18577732
v 0.02365210 -0.27445724 -0.18400942
v 0.18224747 -0.28502147 -0.19513215
v 0.33561264 -0.29160215 -0.19500634
v 0.43679514 -0.28826401 -0.19760956
v 0.57824667 -0.26437882 -0.19043934
v 0.70642785 -0.24103436 -0.16409394
v 0.81567676 -0.21803450 -0.10707581
v -0.87803088 -0.28511255 0.09313287
v -0.89651614 -0.28542970 0.00982400
v 0.80737914 -0.22094556 0.02303108
v 0.61492736 -0.26403195 0.44852846
v 0.47772998 -0.28197123 0.43129379
v 0.39112809 -0.28291946 0.42200246
v 0.19098101 -0.27628411 0.37181018
v 0.03487475 -0.26935835 0.32618288
v 0.01028018 -0.24383966 0.33334738
v -0.27295184 -0.26686017 0.31671203
v -0.31075229 -0.28824049 0.31802993
v -0.48385462 -0.29070991 0.31355783
v -0.62190115 -0.29170648 0.30515135
v -0.71953698 -0.29144519 0.27157986
v -0.79687201 -0.28740960 0.22501829
v -0.84229591 -0.28792251 0.17045597
v -0.45862396 -0.16098152 -0.38289757
v -0.36179146 -0.16649663 -0.39188308
v -0.33289774 -0.24929402 -0.38703199
v -0.44761462 -0.24656440 -0.37993804
v -0.43785096 -0.29842347 -0.35821216
v -0.59264863 -0.29626537 -0.34576663
v -0.58865433 -0.24179746 -0.36451819
v -0.65078628 -0.15253887 -0.35384104
v -0.57797933 -0.15401195 -0.36887594
v -0.65943960 -0.23841765 -0.35196116
v -0.65967141 -0.29135268 -0.33261469
v -0.73696263 -0.28417494 -0.31207112
v -0.73760887 -0.23204514 -0.32091125
v -0.79706239 -0.14938968 -0.28140544
v -0.73220465 -0.15048795 -0.32259297
v -0.79919973 -0.23088218 -0.27710832
v -0.79656441 -0.28310508 -0.26890213
v -0.84944035 -0.28003192 -0.21394447
v -0.85156253 -0.22833673 -0.21832753
v -0.79919973 -0.23088218 -0.27710832
v -0.84989119 -0.14806963 -0.22169146
v 0.05715209 -0.23892352 0.34523954
v 0.20533255 -0.24372519 0.38361724
v 0.03487475 -0.26935835 0.32618288
v 0.19098101 -0.27628411 0.37181018
v 0.39476238 -0.24901340 0.42744941
v 0.40046132 -0.19793138 0.43418849
v 0.39112809 -0.28291946 0.42200246
v 0.47772998 -0.28197123 0.43129379
v 0.47576381 -0.25009675 0.44023000
v 0.60838333 -0.17997801 0.45742111
v 0.47345614 -0.19979347 0.44802391
v 0.61235100 -0.23114549 0.45446887
v 0.61492736 -0.26403195 0.44852846
v 0.72127810 -0.24567155 0.44060373
v 0.71818310 -0.21330230 0.44477576
v 0.77039980 -0.15163015 0.42975207
v 0.71308528 -0.16315395 0.44972521
v 0.77750580 -0.19924594 0.42745443
v 0.78178227 -0.22992547 0.42438103
v 0.91532208 -0.11009884 0.27813607
v 0.88851533 -0.12010767 0.32793945
v 0.90138628 -0.16828973 0.32686517
v 0.93196841 -0.16028980 0.27666562
v 0.93643180 -0.19435140 0.27281038
v 0.95878411 -0.19018761 0.21494680
v 0.95103915 -0.15511213 0.21827766
v 0.97469873 -0.19140322 0.12740073
v 0.97483911 -0.19725017 0.01881394
v 0.96378190 -0.16118766 0.02032127
v 0.96366910 -0.15600486 0.12971187
v 0.94102483 -0.10329471 0.13245450
v 0.93483339 -0.10202694 0.22233199
v 0.93579428 -0.10914512 -0.07787616
v 0.94441693 -0.10611840 0.02283234
v 0.95267790 -0.16385713 -0.08054921
v 0.95627018 -0.20104536 -0.08033244
v 0.92791945 -0.20692418 -0.18855183
v 0.92279561 -0.17141564 -0.18851268
v 0.83197633 -0.13805877 0.39138524
v 0.84095875 -0.18258589 0.39049311
v 0.84095875 -0.18258589 0.39049311
v 0.83197633 -0.13805877 0.39138524
v 0.01012572 -0.22070982 0.33716155
v -0.27255042 -0.22972494 0.32591396
v -0.30999003 -0.24053112 0.32448612
v -0.48422130 -0.24250075 0.32725525
v -0.62315997 -0.24168096 0.31759986
v -0.71993828 -0.24178970 0.28871092
v -0.79583258 -0.23729658 0.24297834
v -0.79583258 -0.23729658 0.24297834
v -0.78699997 -0.15780225 0.26216534
v -0.84645672 -0.15887283 0.19879762
v -0.84349994 -0.23715573 0.18130297
v -0.89248257 -0.15551833 0.10648581
v -0.88248079 -0.23403937 0.09796403
v -0.91091423 -0.15490515 0.01359222
v -0.90144505 -0.23407135 0.01124277
v -0.79706239 -0.14938968 -0.28140544
v -0.30649444 -0.16868852 -0.39317759
v -0.29410250 -0.24096871 -0.38994329
v -0.00401108 -0.17944935 -0.41724576
v -0.00335649 -0.21836287 -0.42120317
v 0.03355386 -0.18310071 -0.42872981
v 0.02258594 -0.24062864 -0.42746801
v 0.17832396 -0.28894665 -0.44982843
v 0.01861039 -0.27674785 -0.41321112
v 0.17991067 -0.25196134 -0.46149631
v 0.18498855 -0.19448760 -0.45963088
v 0.30877665 -0.26023759 -0.48327937
v 0.30787175 -0.20373655 -0.48529030
v 0.41042347 -0.20452985 -0.49264983
v 0.41529056 -0.25775362 -0.49144031
v 0.55680380 -0.17815699 -0.47647118
v 0.56044262 -0.23062124 -0.48039015
v 0.68827168 -0.15321603 -0.43269976
v 0.69622661 -0.20511402 -0.43665000
v 0.82278384 -0.13135849 -0.34455317
v 0.82796676 -0.18069969 -0.34556980
v 0.82796676 -0.18069969 -0.34556980
v 0.82278384 -0.13135849 -0.34455317
v 0.90709692 -0.11841389 -0.18540061
v -0.48385462 -0.29070991 0.31355783
v -0.31075229 -0.28824049 0.31802993
v -0.71953698 -0.29144519 0.27157986
v -0.62190115 -0.29170648 0.30515135
v -0.84229591 -0.28792251 0.17045597
v -0.79687201 -0.28740960 0.22501829
v -0.89651614 -0.28542970 0.00982400
v -0.87803088 -0.28511255 0.09313287
v -0.79656441 -0.28310508 -0.26890213
v -0.31237601 -0.29948128 -0.36645452
v -0.28486978 -0.28614171 -0.37697554
v -0.00232900 -0.24313422 -0.41899194
v 0.31067251 -0.29550263 -0.47219494
v 0.41840526 -0.29109104 -0.48014175
v 0.56176805 -0.26453471 -0.47749294
v 0.69975633 -0.23895121 -0.43575178
v 0.83090384 -0.21269259 -0.34583061
v 0.83090384 -0.21269259 -0.34583061
v 0.84809101 -0.21119038 0.39181161
v 0.90844168 -0.19975026 0.32529457
v 0.84809101 -0.21119038 0.39181161
v 0.01028018 -0.24383966 0.33334738
v -0.27295184 -0.26686017 0.31671203
v -0.79687201 -0.28740960 0.22501829
v -0.17262459 0.45483328 0.24330266
v -0.00777548 0.35047617 0.26024429
v -0.00221751 0.36295822 0.25273949
v -0.16439739 0.46553227 0.23587317
v -0.16439739 0.46553227 0.23587317
v -0.00221751 0.36295822 0.25273949
v -0.00166259 0.36023540 0.24403520
v -0.16607470 0.46590935 0.22855052
v -0.16607470 0.46590935 0.22855052
v -0.00166259 0.36023540 0.24403520
v -0.00329323 0.35365842 0.23618675
v -0.17114459 0.46185036 0.22319524
v -0.00514827 0.34493419 0.23750978
v -0.17777206 0.45617494 0.22412998
v -0.17777206 0.45617494 0.22412998
v -0.00514827 0.34493419 0.23750978
v -0.00885119 0.34117624 0.24369143
v -0.17937190 0.45115124 0.23062472
v -0.00940242 0.34419187 0.25305378
v -0.17675902 0.45191172 0.23768310
v -0.17262459 0.45483328 0.24330266
v -0.17715650 0.46058856 0.24620870
v -0.18234038 0.45878914 0.24104488
v -0.18114649 0.46657086 0.24963804
v -0.17715650 0.46058856 0.24620870
v -0.16906777 0.47146039 0.23887030
v -0.17268833 0.47681436 0.24188246
v -0.17176791 0.47295459 0.23203012
v -0.17519200 0.47901270 0.23570511
v -0.17519200 0.47901270 0.23570511
v -0.17176791 0.47295459 0.23203012
v -0.17796209 0.47004007 0.22716387
v -0.18145505 0.47680195 0.23193940
v -0.18499409 0.46487649 0.22845670
v -0.18825095 0.47189464 0.23369227
v -0.18825095 0.47189464 0.23369227
v -0.18499409 0.46487649 0.22845670
v -0.18605094 0.45916788 0.23450215
v -0.18991334 0.46655821 0.23969487
v -0.18234038 0.45878914 0.24104488
v -0.18619704 0.46565617 0.24528721
v -0.18114649 0.46657086 0.24963804
v -0.18171885 0.47413499 0.25879019
v -0.18749728 0.47486466 0.25549192
v -0.18619704 0.46565617 0.24528721
v -0.12670318 0.49176237 0.32150105
v -0.12240606 0.49499786 0.31501085
v -0.14230841 0.50223159 0.30657095
v -0.14732100 0.49900266 0.31240047
v -0.16433306 0.50982448 0.29177071
v -0.17010528 0.50673640 0.29681243
v -0.18263760 0.50194774 0.26209146
v -0.18913114 0.49832754 0.26573207
v -0.18349236 0.48703530 0.24306703
v -0.19032252 0.48271646 0.24553071
v -0.18825095 0.47189464 0.23369227
v -0.18145505 0.47680195 0.23193940
v 0.01812732 0.35889100 0.25377378
v 0.01828966 0.35034952 0.25621873
v 0.03422517 0.36742031 0.27361406
v 0.03519047 0.35948150 0.27729097
v 0.03519047 0.35948150 0.27729097
v 0.03422517 0.36742031 0.27361406
v 0.03761106 0.38547418 0.30486845
v 0.03906910 0.37850759 0.31033355
v 0.02903854 0.40000943 0.32710724
v 0.02908844 0.39418480 0.33411955
v -0.12670318 0.49176237 0.32150105
v -0.12986920 0.48426318 0.32313467
v 0.02402894 0.38782303 0.33551706
v 0.02908844 0.39418480 0.33411955
v 0.03198231 0.38646180 0.29833802
v 0.02403610 0.38261421 0.29629200
v 0.02012500 0.39197942 0.31039407
v 0.02539112 0.39739081 0.31675500
v 0.02539112 0.39739081 0.31675500
v 0.02012500 0.39197942 0.31039407
v -0.12692257 0.48590981 0.29910506
v -0.12355398 0.49197138 0.30497290
v -0.13932000 0.49179388 0.29366013
v -0.13931415 0.49857677 0.29808127
v -0.15814998 0.49711300 0.28228935
v -0.15940319 0.50523265 0.28492265
v -0.15940319 0.50523265 0.28492265
v -0.15814998 0.49711300 0.28228935
v -0.16928907 0.49217227 0.26341485
v -0.17367523 0.49916070 0.26094926
v -0.17312413 0.48402911 0.25075315
v -0.17628514 0.48771854 0.24552642
v -0.16607470 0.46590935 0.22855052
v -0.16439739 0.46553227 0.23587317
v 0.00616521 0.36657747 0.26236146
v 0.01311139 0.36521636 0.25683930
v 0.01868320 0.37235471 0.27716814
v 0.02766478 0.37283420 0.27351881
v 0.03761106 0.38547418 0.30486845
v 0.03422517 0.36742031 0.27361406
v -0.13294092 0.47854073 0.31617262
v -0.15022549 0.49152138 0.31429275
v -0.14952005 0.48522609 0.30874302
v -0.17261707 0.49957024 0.29943474
v -0.17009275 0.49250016 0.29532264
v -0.17009275 0.49250016 0.29532264
v -0.17261707 0.49957024 0.29943474
v -0.19102163 0.49205923 0.27023689
v -0.18481242 0.48664641 0.27131976
v -0.19208708 0.47714118 0.25110408
v -0.18749728 0.47486466 0.25549192
v -0.18605094 0.45916788 0.23450215
v 0.01526544 0.34580281 0.26136250
v 0.00882811 0.34884457 0.26617491
v 0.03185710 0.35435181 0.28129194
v 0.02408193 0.35666605 0.28314544
v 0.03543791 0.37241022 0.31259455
v 0.02849866 0.37066750 0.30859561
v 0.02402894 0.38782303 0.33551706
v 0.01867544 0.38246906 0.32827117
v -0.13294092 0.47854073 0.31617262
v -0.13438583 0.47517501 0.30722876
v 0.01511540 0.37979303 0.31880365
v -0.19032252 0.48271646 0.24553071
v -0.18171885 0.47413499 0.25879019
v -0.18499409 0.46487649 0.22845670
v -0.16906777 0.47146039 0.23887030
v -0.17715650 0.46058856 0.24620870
v -0.17767311 0.48228352 0.27156040
v -0.18913114 0.49832754 0.26573207
v 0.01828966 0.35034952 0.25621873
v 0.00330321 0.35348916 0.26995017
v 0.00616521 0.36657747 0.26236146
v -0.00221751 0.36295822 0.25273949
v -0.00777548 0.35047617 0.26024429
v -0.16643399 0.48685864 0.28995339
v -0.17010528 0.50673640 0.29681243
v 0.03519047 0.35948150 0.27729097
v 0.01631501 0.35928634 0.28484602
v 0.01868320 0.37235471 0.27716814
v -0.15022549 0.49152138 0.31429275
v -0.14732100 0.49900266 0.31240047
v -0.16643399 0.48685864 0.28995339
v -0.14723708 0.48108355 0.30138194
v 0.03543791 0.37241022 0.31259455
v 0.03185710 0.35435181 0.28129194
v 0.02186307 0.36955037 0.30401822
v 0.02403610 0.38261421 0.29629200
v -0.13438583 0.47517501 0.30722876
v -0.14732100 0.49900266 0.31240047
v 0.02402894 0.38782303 0.33551706
v 0.01511540 0.37979303 0.31880365
v 0.02012500 0.39197942 0.31039407
v 0.01511540 0.37979303 0.31880365
v 0.02908844 0.39418480 0.33411955
v 0.02903854 0.40000943 0.32710724
v -0.00777548 0.35047617 0.26024429
v -0.17767311 0.48228352 0.27156040
v -0.18481242 0.48664641 0.27131976
v 0.00330321 0.35348916 0.26995017
v -0.16643399 0.48685864 0.28995339
v -0.17009275 0.49250016 0.29532264
v 0.01631501 0.35928634 0.28484602
v -0.14723708 0.48108355 0.30138194
v -0.14952005 0.48522609 0.30874302
v 0.02186307 0.36955037 0.30401822
v 0.01867544 0.38246906 0.32827117
v 0.01812732 0.35889100 0.25377378
v 0.01311139 0.36521636 0.25683930
v -0.12355398 0.49197138 0.30497290
v -0.17628514 0.48771854 0.24552642
v -0.17367523 0.49916070 0.26094926
v -0.15940319 0.50523265 0.28492265
v -0.13931415 0.49857677 0.29808127
v -0.18349236 0.48703530 0.24306703
v -0.17628514 0.48771854 0.24552642
v -0.52374741 0.16771344 -0.28200190
v -0.53932196 0.08040395 -0.31459329
v -0.50457640 0.07309718 -0.31997686
v -0.50082562 0.12444048 -0.30315268
v -0.53417652 0.00577993 -0.32384105
v -0.49374169 0.01612656 -0.33309048
v -0.47491756 -0.01693358 -0.33359110
v -0.50882530 -0.04312428 -0.32554880
v -0.45270611 -0.06408432 -0.33622392
v -0.44000800 -0.02869706 -0.33781779
v -0.41575219 -0.02438287 -0.34764698
v -0.39429141 -0.05474931 -0.31748644
v -0.39876519 0.00067005 -0.34991072
v -0.35905133 -0.00259134 -0.34605931
v -0.39598126 0.01992521 -0.34708214
v -0.36591669 0.03708946 -0.34073446
v -0.42746960 0.11433557 -0.31984879
v -0.43727252 0.08219108 -0.32527044
v -0.60318791 0.07528513 -0.29510752
v -0.60907735 0.00396153 -0.30633804
v -0.57724870 0.00121328 -0.31756928
v -0.56152853 0.08499626 -0.30025344
v -0.56820565 0.17906189 -0.26589999
v -0.60165981 0.11391445 -0.28119189
v -0.64926903 0.12458444 -0.25531607
v -0.64230734 0.07716643 -0.26771780
v -0.65949534 0.06242158 -0.26560898
v -0.67606993 0.09864535 -0.24824384
v -0.68155055 0.04173680 -0.26375334
v -0.70977893 0.06515300 -0.24010880
v -0.73399488 0.02386543 -0.23215841
v -0.69954092 -0.00329464 -0.25923468
v -0.74378718 -0.02018065 -0.23424597
v -0.69990128 -0.02785924 -0.26162054
v -0.71419327 -0.07793526 -0.25446082
v -0.69020734 -0.04480195 -0.27469584
v -0.67510428 -0.12439584 -0.27160896
v -0.67221124 -0.05757705 -0.28866184
v -0.63840818 -0.12299235 -0.28434359
v -0.65319051 -0.05788012 -0.29845080
v -0.58698371 -0.04046496 -0.31715258
v -0.61952401 -0.02819657 -0.30768316
v -0.61175661 0.20733241 -0.24045376
v -0.67978539 0.22748435 -0.19132383
v -0.69666890 0.19914711 -0.19356442
v -0.64450508 0.19127968 -0.23049614
v -0.82096883 0.06197516 -0.07934016
v -0.78893773 0.03654217 -0.16144416
v -0.78697431 0.06519764 -0.16258028
v -0.80733478 0.09363980 -0.11077969
v -0.75715826 0.14453943 -0.10895472
v -0.77440428 0.14717106 -0.05149136
v -0.75059071 0.18647204 -0.14678335
v -0.74721377 0.21473611 -0.13280386
v -0.74721377 0.21473611 -0.13280386
v -0.75059071 0.18647204 -0.14678335
v -0.58725335 0.18853131 -0.25578911
v -0.65638268 0.14482160 -0.24311678
v -0.69412488 0.13544600 -0.22085937
v -0.68637598 0.11398225 -0.23324093
v -0.73960739 0.10142045 -0.20691963
v -0.71896558 0.08179765 -0.22224197
v -0.71896558 0.08179765 -0.22224197
v -0.73960739 0.10142045 -0.20691963
v -0.75510102 0.08189326 -0.19222921
v -0.74163826 0.04905969 -0.21266226
v -0.74163826 0.04905969 -0.21266226
v -0.52358304 -0.12227211 -0.30689524
v -0.46112034 -0.12166335 -0.31075310
v -0.39436685 -0.12756675 -0.31305850
v -0.75367545 -0.12409289 -0.21038311
v -0.76103319 -0.09670185 -0.21140690
v -0.74378718 -0.02018065 -0.23424597
v -0.73399488 0.02386543 -0.23215841
v -0.81299826 -0.00934677 -0.13438460
v -0.77543511 -0.06155141 -0.20876071
v -0.77543511 -0.06155141 -0.20876071
v -0.81683070 -0.09504352 -0.12015755
v -0.81100309 -0.12606097 -0.11159697
v -0.75367545 -0.12409289 -0.21038311
v -0.76103319 -0.09670185 -0.21140690
v -0.82756861 -0.00016550 -0.07428711
v -0.83254956 -0.09854699 -0.05874908
v -0.82296997 -0.12782685 -0.04926605
v -0.69364348 0.25979404 -0.11048569
v -0.67271794 0.32913511 -0.10150173
v -0.70421356 0.33388498 -0.01359626
v -0.71579192 0.25219792 -0.02845844
v -0.59635072 0.25443995 -0.21688048
v -0.54997226 0.30279616 -0.19976552
v -0.61431829 0.31375847 -0.16355739
v -0.65340776 0.26071685 -0.18527182
v -0.65340776 0.26071685 -0.18527182
v -0.61431829 0.31375847 -0.16355739
v -0.53597928 0.24205529 -0.24374261
v -0.49776141 0.29944046 -0.22522166
v -0.51858370 0.30208248 -0.21455024
v -0.55834639 0.24868025 -0.23685886
v -0.50226408 0.24559289 -0.26208403
v -0.46834500 0.30020810 -0.23663267
v -0.40464795 0.23675622 -0.28720798
v -0.37740063 0.29908726 -0.24144878
v -0.70503909 0.33775036 0.02343489
v -0.71499850 0.25605340 0.02029191
v -0.77603635 0.15480632 0.01785998
v -0.82747001 0.07076384 0.00874220
v -0.83426650 0.01686113 0.00604898
v -0.83592209 -0.08244102 0.00563479
v -0.82796645 -0.13033207 0.00559994
v -0.20943086 -0.08149387 -0.36857216
v -0.22106268 -0.14753106 -0.33245105
v -0.19664239 -0.03354935 -0.37220335
v -0.17851093 0.01504273 -0.35039140
v -0.11849162 0.14173186 -0.25776996
v -0.29862260 0.17338134 -0.28175314
v -0.75076522 0.13616756 0.15345859
v -0.77392933 0.08848505 0.14479953
v -0.79887363 0.07006222 0.11716260
v -0.74942333 0.15773696 0.11677527
v -0.73144274 0.16466857 0.18306539
v -0.72763931 0.20359081 0.16240412
v -0.69230123 0.16324300 0.20966098
v -0.73144274 0.16466857 0.18306539
v -0.72763931 0.20359081 0.16240412
v -0.67670245 0.20065170 0.20872803
v -0.64170288 0.16055085 0.23987141
v -0.61611472 0.19095919 0.24755967
v -0.58583519 0.17571468 0.26961655
v -0.62168033 0.13144956 0.25697430
v -0.67002842 0.08533538 0.23945650
v -0.68227915 0.10735179 0.22341523
v -0.72370805 0.03600766 0.19781036
v -0.72666029 0.07149364 0.19064014
v -0.76525678 0.03394397 0.17087350
v -0.75203359 0.06025726 0.16907253
v -0.75203359 0.06025726 0.16907253
v -0.76525678 0.03394397 0.17087350
v -0.56416350 0.15441051 0.28133432
v -0.52350832 0.15587499 0.29786904
v -0.56264733 0.10587919 0.28922574
v -0.58892207 0.11339139 0.27649600
v -0.62571151 0.05120514 0.26951043
v -0.63632110 0.07080837 0.26300579
v -0.66879527 -0.01566449 0.25353625
v -0.69327871 0.00407600 0.23856496
v -0.66599056 -0.06725178 0.25066720
v -0.69103358 -0.06679270 0.22924916
v -0.64345861 -0.08783713 0.25701501
v -0.65874084 -0.10723624 0.24292714
v -0.59575676 -0.11006291 0.26193031
v -0.60377674 -0.08991133 0.26776294
v -0.57302153 -0.06688891 0.28075015
v -0.48040463 -0.09390479 0.27756467
v -0.55878028 -0.01572310 0.29651151
v -0.49884393 -0.01464739 0.30419345
v -0.55045389 0.04540451 0.29826103
v -0.51517048 0.05806836 0.30550765
v -0.45673215 0.08630557 0.30495762
v -0.46284444 0.06317883 0.30874481
v -0.44297217 0.15355980 0.30524648
v -0.44237070 0.09096807 0.31315628
v -0.40693068 0.06225507 0.31734108
v -0.39006090 0.12073135 0.31658383
v -0.34188732 0.00296591 0.31131151
v -0.25057136 0.06057036 0.33750448
v -0.28779242 -0.05300897 0.31011416
v -0.33798935 -0.03543483 0.30122533
v -0.37580974 0.04172080 0.32089050
v -0.35514954 0.10072324 0.32416789
v -0.35794004 -0.09434261 0.28206865
v -0.36515013 -0.06230365 0.29164777
v -0.44867374 -0.00635741 0.30421183
v -0.40326786 -0.06290023 0.28968888
v -0.71386728 0.26198664 0.10154293
v -0.70799634 0.33502718 0.10597052
v -0.66896751 0.31845832 0.16565716
v -0.69511775 0.25909385 0.15777242
v -0.65064543 0.25666633 0.20416067
v -0.69511775 0.25909385 0.15777242
v -0.66896751 0.31845832 0.16565716
v -0.62181044 0.31199068 0.20690867
v -0.56022912 0.23326636 0.26330002
v -0.52298646 0.29274304 0.24426987
v -0.49957491 0.28875233 0.24807819
v -0.53775101 0.22322483 0.27333845
v -0.58920735 0.24850789 0.24152783
v -0.56048146 0.30025417 0.23563588
v -0.50752638 0.21875451 0.28143470
v -0.47762176 0.27897316 0.25523266
v -0.42188227 0.27981026 0.26692679
v -0.43889910 0.22881085 0.29342343
v -0.38630975 0.23404367 0.30407623
v -0.37522963 0.28682567 0.27896661
v -0.20796804 -0.07523643 0.30319269
v -0.17717703 0.03248892 0.33959455
v -0.20827505 -0.12973370 0.26951533
v -0.29535858 -0.12201667 0.26268923
v -0.36647484 -0.12258723 0.26168980
v -0.48280624 -0.12489251 0.26454475
v -0.59165528 -0.12399322 0.25482586
v -0.66281797 -0.12700168 0.23048291
v -0.11538026 0.24106719 0.28364903
v -0.06986254 0.20434746 0.30065393
v -0.10165705 0.10078376 0.33189638
v -0.15041182 0.12383459 0.32469763
v -0.33280106 0.20878985 0.29279295
v -0.30023605 0.33347568 0.23791025
v -0.19506534 0.28450713 0.26156446
v -0.22911071 0.15939195 0.31364950
v -0.67978539 0.22748435 -0.19132383
v -0.80557678 0.00032127 0.11442510
v -0.80181811 -0.08210370 0.11580066
v -0.79348826 -0.13527507 0.11622655
v -0.76792243 -0.08665363 0.16692719
v -0.75817954 -0.13398617 0.16591498
v -0.77847568 -0.01243425 0.17339723
v -0.77847568 -0.01243425 0.17339723
v -0.76792243 -0.08665363 0.16692719
v -0.67953294 -0.13388269 0.22333859
v -0.75817954 -0.13398617 0.16591498
v -0.39969265 0.33644595 -0.21375719
v -0.49943884 0.32650229 -0.21707110
v -0.52425924 0.33366810 -0.21580691
v -0.54528231 0.33712967 -0.20560376
v -0.57292855 0.33985750 -0.18808583
v -0.63093095 0.35692208 -0.15145062
v -0.63093095 0.35692208 -0.15145062
v -0.68402557 0.37628992 -0.08724388
v -0.73186529 0.39095599 -0.00127319
v -0.73326735 0.39841448 0.02465492
v -0.72656718 0.38322858 0.11241930
v -0.69282381 0.36804506 0.17936485
v -0.65283660 0.35888658 0.21835191
v -0.60012621 0.34352140 0.25296867
v -0.55684144 0.33048548 0.26645411
v -0.53790964 0.32464331 0.26751072
v -0.51395570 0.31593245 0.27096573
v -0.45476741 0.31027804 0.25964090
v -0.36838885 0.31528574 0.25021517
v -0.31309136 0.36020341 0.22367592
v -0.25720815 0.35384654 -0.14267303
v -0.12771742 0.42451781 -0.04733796
v -0.16739368 0.44016040 -0.06116538
v -0.29217214 0.38516801 -0.13814924
v -0.04035267 0.27212940 -0.16412402
v -0.01889965 0.33683866 -0.09178343
v -0.09774667 0.40439774 -0.05307640
v -0.18486887 0.29999336 -0.14443175
v -0.08493397 0.20289444 -0.24126413
v -0.24192544 0.23740521 -0.20798233
v -0.25140703 0.40577079 0.18123064
v -0.20213232 0.42907801 0.12646706
v -0.17844086 0.40451699 0.16487938
v -0.23584704 0.36533179 0.20528317
v -0.15580518 0.44474854 0.11344225
v -0.14112431 0.41860641 0.14467372
v -0.12975664 0.01399912 0.34104507
v -0.15191199 -0.08967451 0.29901792
v -0.15356614 -0.13457309 0.27387297
v -0.14445518 0.34875887 0.21624142
v -0.13656471 0.37192452 0.17981080
v -0.06166877 0.33863784 0.17571827
v -0.03770612 0.32042760 0.17714742
v -0.04866389 0.28742130 0.24161842
v -0.09307499 0.29224171 0.22129901
v -0.02647404 0.38219870 0.14600356
v -0.05227121 0.37557982 0.15238514
v -0.10986324 0.40144753 0.14419531
v -0.09407180 0.44664440 0.12842882
v -0.69282381 0.36804506 0.17936485
v -0.53329991 0.35042496 -0.25178574
v -0.50182112 0.34693665 -0.25197912
v -0.50939407 0.28322946 -0.28488049
v -0.55041450 0.27813797 -0.27906756
v -0.57754902 0.27708350 -0.26780147
v -0.56039946 0.35369172 -0.23914803
v -0.39722527 0.35428628 -0.23785221
v -0.37177844 0.32228801 -0.27541071
v -0.56655747 0.23045843 -0.29202266
v -0.52184975 0.22908909 -0.30302652
v -0.41759792 0.21947834 -0.31804018
v -0.58986147 0.23681185 -0.28053038
v -0.62097811 0.24692751 -0.26527655
v -0.61387437 0.27481880 -0.25448720
v -0.58894284 0.35724485 -0.22072795
v -0.24770519 0.37925959 -0.17332403
v -0.28532253 0.40211681 -0.16076916
v -0.23080867 0.25955137 -0.24017397
v -0.29213836 0.19520940 -0.31566828
v -0.17175012 0.32228849 -0.17556056
v -0.58033165 0.18977545 -0.30307689
v -0.60036709 0.20244981 -0.29139147
v -0.53247773 0.18289301 -0.31850976
v -0.42869380 0.12869392 -0.35782888
v -0.36269696 0.04956591 -0.37933418
v -0.62703932 0.22312862 -0.27448278
v -0.69747317 0.26158546 -0.21575785
v -0.69152942 0.28075157 -0.21052635
v -0.70273846 0.24460694 -0.22039218
v -0.65271747 0.37482627 -0.18091776
v -0.28532253 0.40211681 -0.16076916
v -0.16858780 0.45201246 -0.08035787
v -0.11650718 0.43172707 -0.06348868
v -0.24770519 0.37925959 -0.17332403
v -0.08676813 0.41066664 -0.06286596
v -0.11650718 0.43172707 -0.06348868
v -0.04444663 0.27573086 -0.17221478
v -0.07353359 0.21942952 -0.23695101
v -0.11187334 0.16471584 -0.29073126
v -0.17758502 0.03036148 -0.38798380
v -0.01396322 0.34810630 -0.08093702
v -0.61389932 0.12682145 -0.31759972
v -0.58033165 0.18977545 -0.30307689
v -0.57279844 0.09596013 -0.33756498
v -0.61198245 0.08612247 -0.33301098
v -0.61389932 0.12682145 -0.31759972
v -0.65820131 0.08762001 -0.30330917
v -0.66806404 0.13601728 -0.28939832
v -0.54831190 0.09137677 -0.35269418
v -0.57279844 0.09596013 -0.33756498
v -0.67477268 0.15842366 -0.27657822
v -0.66310898 0.20383324 -0.26421230
v -0.50676197 0.13759122 -0.34082518
v -0.51102650 0.08310780 -0.35874799
v -0.44159423 0.09362786 -0.36377550
v -0.39485040 0.02848663 -0.38661589
v -0.35512531 -0.00793612 -0.38883296
v -0.39220886 -0.00675871 -0.39148393
v -0.20312209 -0.03146763 -0.41338551
v -0.71953029 0.21555662 -0.22281086
v -0.77018653 0.25694660 -0.14240327
v -0.75731511 0.28382019 -0.13513170
v -0.69152942 0.28075157 -0.21052635
v -0.69747317 0.26158546 -0.21575785
v -0.70273846 0.24460694 -0.22039218
v -0.77968902 0.23305187 -0.15102210
v -0.71317664 0.39340404 -0.10959428
v -0.65271747 0.37482627 -0.18091776
v -0.71953029 0.21555662 -0.22281086
v -0.78112915 0.20394389 -0.16761125
v -0.58467616 0.00555660 -0.35727658
v -0.61956710 0.00995124 -0.34488261
v -0.54455908 0.00737094 -0.36315910
v -0.58467616 0.00555660 -0.35727658
v -0.69567423 0.11134059 -0.28150236
v -0.67595081 0.07222880 -0.30113817
v -0.70694486 0.12743868 -0.26538637
v -0.50156747 0.01748994 -0.37285340
v -0.71462095 0.14682048 -0.25374261
v -0.39493383 -0.07634830 -0.38950212
v -0.41549293 -0.03601315 -0.38639315
v -0.21876754 -0.09067264 -0.40673632
v -0.83312442 0.21768322 -0.04903258
v -0.81131714 0.28294394 -0.04291527
v -0.84206864 0.16629718 -0.07555166
v -0.76768812 0.40693042 -0.01361297
v -0.81875855 0.16609868 -0.13660800
v -0.59682316 -0.04352666 -0.35664526
v -0.62999311 -0.03030084 -0.34698582
v -0.59682316 -0.04352666 -0.35664526
v -0.51252047 -0.04914300 -0.36563377
v -0.48215761 -0.01906996 -0.37319861
v -0.70128329 0.05026204 -0.29803971
v -0.73336200 0.07612653 -0.27157172
v -0.74351908 0.09197574 -0.25317133
v -0.76226420 0.10856430 -0.23980573
v -0.45292789 -0.07316235 -0.37646430
v -0.44009704 -0.03806037 -0.37843011
v -0.39602232 -0.13792186 -0.36100732
v -0.46155770 -0.13503909 -0.35483749
v -0.22985399 -0.15792973 -0.37036346
v -0.83867833 0.21939132 0.02753781
v -0.82146538 0.27989704 0.02849535
v -0.85368209 0.16587869 0.02471197
v -0.77152198 0.41300619 0.02784135
v -0.86063292 0.06419498 -0.08887225
v -0.84537098 0.09872186 -0.12392171
v -0.86788657 0.07579052 0.01259421
v -0.66499435 -0.06672180 -0.33610049
v -0.64885949 -0.13414206 -0.32189195
v -0.64885949 -0.13414206 -0.32189195
v -0.53016480 -0.13274323 -0.34528117
v -0.72117382 0.00222119 -0.29278696
v -0.76065015 0.03107469 -0.26222643
v -0.76948407 0.05678519 -0.24116374
v -0.76948407 0.05678519 -0.24116374
v -0.78289216 0.08590164 -0.22128801
v -0.76226420 0.10856430 -0.23980573
v -0.74351908 0.09197574 -0.25317133
v -0.80727319 0.21574951 0.13071286
v -0.79569221 0.27467819 0.12401341
v -0.81753208 0.16354690 0.13664766
v -0.76201365 0.39612913 0.11551012
v -0.83240060 0.08820251 0.13837713
v -0.82036651 0.06703072 -0.18386403
v -0.82380325 0.04084490 -0.18242975
v -0.84982518 -0.00739218 -0.15235516
v -0.86705078 0.00471376 -0.08285760
v -0.87500344 0.01906256 0.00979965
v -0.84171592 0.00163786 0.13493155
v -0.69494575 -0.13386693 -0.30588267
v -0.69151402 -0.06548745 -0.32356603
v -0.66499435 -0.06672180 -0.33610049
v -0.72237904 -0.02416742 -0.29495617
v -0.77222241 -0.01696867 -0.26369318
v -0.76065015 0.03107469 -0.26222643
v -0.77222241 -0.01696867 -0.26369318
v -0.75425651 0.23790129 0.19058666
v -0.75379398 0.26430124 0.18876110
v -0.75638944 0.21390485 0.19062307
v -0.72492747 0.37438833 0.20441921
v -0.80412137 0.09452644 0.17034663
v -0.79800143 0.14169414 0.16716437
v -0.75923461 0.17702995 0.21015061
v -0.79541528 0.04230067 0.19737802
v -0.77729242 0.06862209 0.19760875
v -0.80867667 -0.01067900 0.20217456
v -0.80727605 -0.06342782 -0.23504751
v -0.79235108 -0.10215084 -0.23770754
v -0.85489280 -0.10203840 -0.13377656
v -0.87252603 -0.10401269 -0.06565240
v -0.87674115 -0.08599737 0.00966823
v -0.83877144 -0.08601205 0.13252314
v -0.79859300 -0.08531305 0.19513695
v -0.71393687 -0.04666344 -0.30746079
v -0.73857489 -0.08100018 -0.28668946
v -0.79235108 -0.10215084 -0.23770754
v -0.78354580 -0.13402879 -0.23661273
v -0.80727605 -0.06342782 -0.23504751
v -0.69248839 0.25440091 0.24102876
v -0.75379398 0.26430124 0.18876110
v -0.75425651 0.23790129 0.19058666
v -0.69438366 0.23455347 0.24205960
v -0.75638944 0.21390485 0.19062307
v -0.70152786 0.20724515 0.24062877
v -0.67718898 0.35966926 0.25065479
v -0.72492747 0.37438833 0.20441921
v -0.75923461 0.17702995 0.21015061
v -0.71405695 0.17437648 0.24191994
v -0.75022307 0.04484206 0.22708783
v -0.75226969 0.07826220 0.22111531
v -0.77729242 0.06862209 0.19760875
v -0.79541528 0.04230067 0.19737802
v -0.80867667 -0.01067900 0.20217456
v -0.71780918 0.00683929 0.27129434
v -0.79859300 -0.08531305 0.19513695
v -0.71395526 -0.07406713 0.26173671
v -0.78354580 -0.13402879 -0.23661273
v -0.84717816 -0.13777874 -0.12626364
v -0.86165635 -0.13862754 -0.05458756
v -0.86779001 -0.13820034 0.01075338
v -0.82982006 -0.14149336 0.13360840
v -0.78737549 -0.14037528 0.19379792
v -0.78737549 -0.14037528 0.19379792
v -0.70167814 -0.14147713 0.25622410
v -0.62231224 0.22939740 0.28641698
v -0.61894855 0.24252618 0.28620081
v -0.61755497 0.34285594 0.28964376
v -0.63637445 0.19718727 0.28192314
v -0.66223440 0.16834070 0.27359783
v -0.69276031 0.08928539 0.27293918
v -0.70662377 0.11386348 0.25508655
v -0.65773388 0.07617201 0.29714104
v -0.69078327 -0.01629629 0.28773225
v -0.64273538 0.05518965 0.30587064
v -0.69003319 -0.07453767 0.28236169
v -0.67697090 -0.12363405 0.27588688
v -0.66094371 -0.10122302 0.29148340
v -0.67893229 -0.14161870 0.26518347
v -0.59084909 0.21070613 0.30330442
v -0.57823095 0.24079002 0.30033738
v -0.60161564 0.18503680 0.30583614
v -0.56678534 0.32980499 0.30562164
v -0.64137236 0.13737792 0.29175698
v -0.60598152 0.12015995 0.31247662
v -0.57582576 0.10993042 0.32722458
v -0.61108160 -0.10519201 0.30455309
v -0.60286181 -0.12752892 0.29786033
v -0.59866376 -0.14224906 0.29035278
v -0.56663434 0.19771008 0.31318815
v -0.55270105 0.23984251 0.30704279
v -0.57852316 0.16176002 0.31843183
v -0.54662993 0.32557423 0.30691364
v -0.53232434 0.16372117 0.33701485
v -0.55884545 0.04608130 0.33779740
v -0.52053674 0.05991266 0.34571103
v -0.47991356 -0.10953102 0.31499271
v -0.57639895 -0.08041040 0.31858331
v -0.48437600 -0.14318488 0.30050222
v -0.52978797 0.19987141 0.32784265
v -0.52681543 0.24223839 0.31709292
v -0.52102435 0.32332123 0.31042463
v -0.46410660 0.06418400 0.34912187
v -0.46074829 0.08884923 0.34508711
v -0.44797271 0.09327693 0.35303225
v -0.44494193 0.15715124 0.34558581
v -0.44808061 0.20423120 0.34211159
v -0.50260522 -0.02164250 0.34417290
v -0.56355939 -0.02279676 0.33634498
v -0.44924072 -0.01324271 0.34424416
v -0.40407023 -0.07455342 0.32827367
v -0.36485709 -0.11227784 0.31848615
v -0.36994930 -0.07305110 0.33034703
v -0.36652653 -0.14404585 0.29586193
v -0.45879357 0.26311559 0.33543148
v -0.45718168 0.32882942 0.29598201
v -0.39461179 0.12772527 0.35636419
v -0.41234493 0.06450855 0.35724354
v -0.38785946 0.21269223 0.33424989
v -0.37760199 0.30445878 0.31730324
v -0.29249789 -0.06950657 0.34743405
v -0.34560707 -0.04427985 0.33980619
v -0.29726662 -0.14449669 0.29615282
v -0.37060031 0.34179216 0.28068951
v -0.38119463 0.03935571 0.36092582
v -0.35060701 0.10199746 0.36578789
v -0.32945181 0.22146313 0.33125289
v -0.29992916 0.35918201 0.27139245
v -0.29992916 0.35918201 0.27139245
v -0.30241302 0.37827137 0.25068642
v -0.37060031 0.34179216 0.28068951
v -0.37760199 0.30445878 0.31730324
v -0.25232698 0.06066107 0.37889697
v -0.34780290 -0.00394088 0.35062025
v -0.17901453 0.02982601 0.38096735
v -0.20892630 -0.09214094 0.34024330
v -0.21189967 -0.15089427 0.30362754
v -0.22761472 0.17145038 0.35229971
v -0.19551320 0.29974711 0.29888328
v -0.25326542 0.41636892 0.19937690
v -0.24868254 0.39501235 0.23764741
v -0.15460044 0.35337362 0.24311454
v -0.24868254 0.39501235 0.23764741
v -0.29992916 0.35918201 0.27139245
v -0.19608925 0.30016119 0.30005592
v -0.15164879 0.13414231 0.36383998
v -0.15535613 -0.10664981 0.33563380
v -0.13202050 0.01006046 0.38229432
v -0.10295395 0.11022764 0.37123735
v -0.15717859 -0.15499539 0.30841895
v -0.11643747 0.25485438 0.32152242
v -0.19755003 0.43076344 0.20397732
v -0.19025317 0.44183676 0.14588420
v -0.11645275 0.38743820 0.19845528
v -0.19755003 0.43076344 0.20397732
v -0.11610982 0.25470195 0.32213297
v -0.08213655 0.32130242 0.24732548
v -0.05398993 0.35406832 0.19420221
v -0.06574924 0.22607800 0.33603427
v -0.15753716 0.44597345 0.18502141
v -0.14797070 0.46545660 0.13580196
v -0.15753716 0.44597345 0.18502141
v -0.09719533 0.41930600 0.17067631
v -0.04474468 0.38432852 0.17079317
v -0.06574924 0.22607800 0.33603427
v -0.03650818 0.30110822 0.24997692
v -0.01465911 0.33305636 0.19152403
v -0.01282925 0.39044666 0.15686823
v -0.07797527 0.45111233 0.14295105
v -0.09719533 0.41930600 0.17067631
v -0.07797527 0.45111233 0.14295105
v -0.53329991 0.35042496 -0.25178574
v -0.52425924 0.33366810 -0.21580691
v -0.49943884 0.32650229 -0.21707110
v -0.50182112 0.34693665 -0.25197912
v -0.56039946 0.35369172 -0.23914803
v -0.54528231 0.33712967 -0.20560376
v -0.39969265 0.33644595 -0.21375719
v -0.39722527 0.35428628 -0.23785221
v -0.58894284 0.35724485 -0.22072795
v -0.57292855 0.33985750 -0.18808583
v -0.29217214 0.38516801 -0.13814924
v -0.65271747 0.37482627 -0.18091776
v -0.63093095 0.35692208 -0.15145062
v -0.16739368 0.44016040 -0.06116538
v -0.16858780 0.45201246 -0.08035787
v -0.11650718 0.43172707 -0.06348868
v -0.08676813 0.41066664 -0.06286596
v -0.04444663 0.27573086 -0.17221478
v -0.04035267 0.27212940 -0.16412402
v -0.08493397 0.20289444 -0.24126413
v -0.07353359 0.21942952 -0.23695101
v -0.11849162 0.14173186 -0.25776996
v -0.11187334 0.16471584 -0.29073126
v -0.17851093 0.01504273 -0.35039140
v -0.17758502 0.03036148 -0.38798380
v -0.01396322 0.34810630 -0.08093702
v -0.01396322 0.34810630 -0.08093702
v -0.01889965 0.33683866 -0.09178343
v -0.61028854 0.12301384 -0.30685943
v -0.61389932 0.12682145 -0.31759972
v -0.61198245 0.08612247 -0.33301098
v -0.60938806 0.08292553 -0.32182964
v -0.65351244 0.08453623 -0.29280987
v -0.61028854 0.12301384 -0.30685943
v -0.50913684 0.08017501 -0.34738915
v -0.51102650 0.08310780 -0.35874799
v -0.50676197 0.13759122 -0.34082518
v -0.50502271 0.13373838 -0.32978814
v -0.50502271 0.13373838 -0.32978814
v -0.50676197 0.13759122 -0.34082518
v -0.44159423 0.09362786 -0.36377550
v -0.44032801 0.09027718 -0.35249460
v -0.68209891 -0.07213319 0.27190214
v -0.65517352 -0.09680558 0.28010845
v -0.39518163 0.02597842 -0.37503360
v -0.39485040 0.02848663 -0.38661589
v -0.39220886 -0.00675871 -0.39148393
v -0.39412967 -0.00458234 -0.37930410
v -0.19664239 -0.03354935 -0.37220335
v -0.20312209 -0.03146763 -0.41338551
v -0.71483819 0.21218875 -0.21680850
v -0.71953029 0.21555662 -0.22281086
v -0.66310898 0.20383324 -0.26421230
v -0.65929087 0.20125688 -0.25729238
v -0.71317664 0.39340404 -0.10959428
v -0.68402557 0.37628992 -0.08724388
v -0.77486168 0.20035794 -0.16333657
v -0.78112915 0.20394389 -0.16761125
v -0.61956710 0.00995124 -0.34488261
v -0.61647258 0.00818428 -0.33351220
v -0.67109649 0.06933577 -0.29065714
v -0.49927471 0.01709042 -0.36120403
v -0.50156747 0.01748994 -0.37285340
v -0.65929087 0.20125688 -0.25729238
v -0.66310898 0.20383324 -0.26421230
v -0.71462095 0.14682048 -0.25374261
v -0.71041443 0.14448595 -0.24699374
v -0.41549293 -0.03601315 -0.38639315
v -0.41556884 -0.03260577 -0.37504159
v -0.20943086 -0.08149387 -0.36857216
v -0.21876754 -0.09067264 -0.40673632
v -0.76768812 0.40693042 -0.01361297
v -0.73186529 0.39095599 -0.00127319
v -0.81256246 0.16294268 -0.12460281
v -0.81875855 0.16609868 -0.13660800
v -0.60867092 -0.10014934 0.29241194
v -0.48003651 -0.01844401 -0.36159471
v -0.48215761 -0.01906996 -0.37319861
v -0.69546224 0.04774715 -0.28792524
v -0.60867092 -0.10014934 0.29241194
v -0.61108160 -0.10519201 0.30455309
v -0.57639895 -0.08041040 0.31858331
v -0.57528444 -0.07594820 0.30609814
v -0.41556884 -0.03260577 -0.37504159
v -0.41549293 -0.03601315 -0.38639315
v -0.44009704 -0.03806037 -0.37843011
v -0.44007090 -0.03531725 -0.36653186
v -0.39602232 -0.13792186 -0.36100732
v -0.39436685 -0.12756675 -0.31305850
v -0.46112034 -0.12166335 -0.31075310
v -0.46155770 -0.13503909 -0.35483749
v -0.22985399 -0.15792973 -0.37036346
v -0.22106268 -0.14753106 -0.33245105
v -0.22106268 -0.14753106 -0.33245105
v -0.22985399 -0.15792973 -0.37036346
v -0.77152198 0.41300619 0.02784135
v -0.73326735 0.39841448 0.02465492
v -0.83756454 0.09767885 -0.12122443
v -0.84537098 0.09872186 -0.12392171
v -0.62690467 -0.02968015 -0.33539159
v -0.62999311 -0.03030084 -0.34698582
v -0.66499435 -0.06672180 -0.33610049
v -0.66151225 -0.06411345 -0.32499387
v -0.53016480 -0.13274323 -0.34528117
v -0.52358304 -0.12227211 -0.30689524
v -0.63840818 -0.12299235 -0.28434359
v -0.64885949 -0.13414206 -0.32189195
v -0.48215761 -0.01906996 -0.37319861
v -0.48003651 -0.01844401 -0.36159471
v -0.71479212 0.00059402 -0.28288914
v -0.75761412 0.10709814 -0.23305627
v -0.76226420 0.10856430 -0.23980573
v -0.78289216 0.08590164 -0.22128801
v -0.77718857 0.08507898 -0.21532408
v -0.76201365 0.39612913 0.11551012
v -0.72656718 0.38322858 0.11241930
v -0.81351320 0.06665448 -0.17949589
v -0.82036651 0.06703072 -0.18386403
v -0.84537098 0.09872186 -0.12392171
v -0.83756454 0.09767885 -0.12122443
v -0.69151402 -0.06548745 -0.32356603
v -0.68581974 -0.06315388 -0.31326942
v -0.67510428 -0.12439584 -0.27160896
v -0.69494575 -0.13386693 -0.30588267
v -0.71574811 -0.02525650 -0.28512221
v -0.72492747 0.37438833 0.20441921
v -0.69282381 0.36804506 0.17936485
v -0.78449487 0.14011375 0.16324516
v -0.79800143 0.14169414 0.16716437
v -0.80412137 0.09452644 0.17034663
v -0.79548834 0.09279912 0.16304176
v -0.68581974 -0.06315388 -0.31326942
v -0.70693663 -0.04611436 -0.29779525
v -0.75367545 -0.12409289 -0.21038311
v -0.78354580 -0.13402879 -0.23661273
v -0.67718898 0.35966926 0.25065479
v -0.65283660 0.35888658 0.21835191
v -0.81100309 -0.12606097 -0.11159697
v -0.84717816 -0.13777874 -0.12626364
v -0.82296997 -0.12782685 -0.04926605
v -0.86165635 -0.13862754 -0.05458756
v -0.82796645 -0.13033207 0.00559994
v -0.86779001 -0.13820034 0.01075338
v -0.79348826 -0.13527507 0.11622655
v -0.82982006 -0.14149336 0.13360840
v -0.75817954 -0.13398617 0.16591498
v -0.78737549 -0.14037528 0.19379792
v -0.67953294 -0.13388269 0.22333859
v -0.70167814 -0.14147713 0.25622410
v -0.61755497 0.34285594 0.28964376
v -0.60012621 0.34352140 0.25296867
v -0.63711749 0.05387461 0.29387152
v -0.68352711 -0.01608788 0.27644742
v -0.66281797 -0.12700168 0.23048291
v -0.67893229 -0.14161870 0.26518347
v -0.56678534 0.32980499 0.30562164
v -0.55684144 0.33048548 0.26645411
v -0.59165528 -0.12399322 0.25482586
v -0.59866376 -0.14224906 0.29035278
v -0.54662993 0.32557423 0.30691364
v -0.53790964 0.32464331 0.26751072
v -0.48280624 -0.12489251 0.26454475
v -0.48437600 -0.14318488 0.30050222
v -0.52102435 0.32332123 0.31042463
v -0.51395570 0.31593245 0.27096573
v -0.45955643 0.08809437 0.33317883
v -0.46074829 0.08884923 0.34508711
v -0.46410660 0.06418400 0.34912187
v -0.46373204 0.06388570 0.33714006
v -0.44631032 0.09259178 0.34119917
v -0.44797271 0.09327693 0.35303225
v -0.46074829 0.08884923 0.34508711
v -0.45955643 0.08809437 0.33317883
v -0.40383209 -0.07109543 0.31682364
v -0.36852516 -0.06986180 0.31886310
v -0.34334655 -0.04165515 0.32835759
v -0.34604741 -0.00189139 0.33895548
v -0.44907253 -0.01119955 0.33236477
v -0.44924072 -0.01324271 0.34424416
v -0.40407023 -0.07455342 0.32827367
v -0.40383209 -0.07109543 0.31682364
v -0.40383209 -0.07109543 0.31682364
v -0.40407023 -0.07455342 0.32827367
v -0.36994930 -0.07305110 0.33034703
v -0.36852516 -0.06986180 0.31886310
v -0.36647484 -0.12258723 0.26168980
v -0.36652653 -0.14404585 0.29586193
v -0.45718168 0.32882942 0.29598201
v -0.45476741 0.31027804 0.25964090
v -0.41073816 0.06383987 0.34540259
v -0.41234493 0.06450855 0.35724354
v -0.36852516 -0.06986180 0.31886310
v -0.36994930 -0.07305110 0.33034703
v -0.34560707 -0.04427985 0.33980619
v -0.34334655 -0.04165515 0.32835759
v -0.29535858 -0.12201667 0.26268923
v -0.29726662 -0.14449669 0.29615282
v -0.36838885 0.31528574 0.25021517
v -0.37959669 0.04005758 0.34904547
v -0.38119463 0.03935571 0.36092582
v -0.31309136 0.36020341 0.22367592
v -0.34780290 -0.00394088 0.35062025
v -0.34604741 -0.00189139 0.33895548
v -0.20827505 -0.12973370 0.26951533
v -0.21189967 -0.15089427 0.30362754
v -0.38119463 0.03935571 0.36092582
v -0.37959669 0.04005758 0.34904547
v -0.57528444 -0.07594820 0.30609814
v -0.57639895 -0.08041040 0.31858331
v -0.56355939 -0.02279676 0.33634498
v -0.56198223 -0.02046247 0.32319961
v -0.25140703 0.40577079 0.18123064
v -0.55884545 0.04608130 0.33779740
v -0.55607620 0.04585809 0.32475015
v -0.15535613 -0.10664981 0.33563380
v -0.15191199 -0.08967451 0.29901792
v -0.12975664 0.01399912 0.34104507
v -0.13202050 0.01006046 0.38229432
v -0.10165705 0.10078376 0.33189638
v -0.10295395 0.11022764 0.37123735
v -0.15356614 -0.13457309 0.27387297
v -0.15717859 -0.15499539 0.30841895
v -0.15717859 -0.15499539 0.30841895
v -0.15356614 -0.13457309 0.27387297
v -0.57582576 0.10993042 0.32722458
v -0.57147672 0.10859354 0.31468463
v -0.20213232 0.42907801 0.12646706
v -0.57147672 0.10859354 0.31468463
v -0.57582576 0.10993042 0.32722458
v -0.64273538 0.05518965 0.30587064
v -0.63711749 0.05387461 0.29387152
v -0.06986254 0.20434746 0.30065393
v -0.06574924 0.22607800 0.33603427
v -0.44907253 -0.01119955 0.33236477
v -0.37959669 0.04005758 0.34904547
v -0.15580518 0.44474854 0.11344225
v -0.62999311 -0.03030084 -0.34698582
v -0.62690467 -0.02968015 -0.33539159
v -0.04866389 0.28742130 0.24161842
v -0.03650818 0.30110822 0.24997692
v -0.03770612 0.32042760 0.17714742
v -0.01465911 0.33305636 0.19152403
v -0.01465911 0.33305636 0.19152403
v -0.01282925 0.39044666 0.15686823
v -0.09407180 0.44664440 0.12842882
v -0.07797527 0.45111233 0.14295105
v -0.77729242 0.06862209 0.19760875
v -0.77007015 0.06623026 0.18944912
v -0.77007015 0.06623026 0.18944912
v -0.77729242 0.06862209 0.19760875
v -0.75226969 0.07826220 0.22111531
v -0.74494704 0.07632682 0.21240135
v -0.70662377 0.11386348 0.25508655
v -0.69966268 0.11200151 0.24603049
v -0.66223440 0.16834070 0.27359783
v -0.65636358 0.16611324 0.26395426
v -0.39412967 -0.00458234 -0.37930410
v -0.41556884 -0.03260577 -0.37504159
v -0.44007090 -0.03531725 -0.36653186
v -0.48003651 -0.01844401 -0.36159471
v -0.39518163 0.02597842 -0.37503360
v -0.49927471 0.01709042 -0.36120403
v -0.44032801 0.09027718 -0.35249460
v -0.50913684 0.08017501 -0.34738915
v -0.50502271 0.13373838 -0.32978814
v -0.66151225 -0.06411345 -0.32499387
v -0.62690467 -0.02968015 -0.33539159
v -0.61647258 0.00818428 -0.33351220
v -0.60938806 0.08292553 -0.32182964
v -0.65636358 0.16611324 0.26395426
v -0.66223440 0.16834070 0.27359783
v -0.71405695 0.17437648 0.24191994
v -0.70783604 0.17119291 0.23269581
v -0.75923461 0.17702995 0.21015061
v -0.75128780 0.17349533 0.20240577
v -0.79800143 0.14169414 0.16716437
v -0.78449487 0.14011375 0.16324516
v -0.46373204 0.06388570 0.33714006
v -0.41073816 0.06383987 0.34540259
v -0.81256246 0.16294268 -0.12460281
v -0.75761412 0.10709814 -0.23305627
v -0.77718857 0.08507898 -0.21532408
v -0.81256246 0.16294268 -0.12460281
v -0.77486168 0.20035794 -0.16333657
v -0.71041443 0.14448595 -0.24699374
v -0.75761412 0.10709814 -0.23305627
v -0.77486168 0.20035794 -0.16333657
v -0.71483819 0.21218875 -0.21680850
v -0.65929087 0.20125688 -0.25729238
v -0.44631032 0.09259178 0.34119917
v -0.45955643 0.08809437 0.33317883
v -0.57528444 -0.07594820 0.30609814
v -0.68352711 -0.01608788 0.27644742
v -0.68209891 -0.07213319 0.27190214
v -0.57528444 -0.07594820 0.30609814
v -0.56198223 -0.02046247 0.32319961
v -0.55607620 0.04585809 0.32475015
v -0.75128780 0.17349533 0.20240577
v -0.74494704 0.07632682 0.21240135
v -0.70783604 0.17119291 0.23269581
v -0.69966268 0.11200151 0.24603049
v -0.65636358 0.16611324 0.26395426
v -0.75076522 0.13616756 0.15345859
v -0.16239350 0.15644066 0.36852766
v -0.23572171 0.13136613 0.36754111
v -0.42080393 0.21585754 0.34525112
v -0.34598032 0.27258621 0.31708994
v -0.11155666 0.21448270 0.35047236
v -0.28821259 0.32888063 0.29851397
v -0.03691664 0.32980535 0.27375635
v -0.20915238 0.41664967 0.25023809
v -0.17786493 0.45855256 0.24899276
v -0.01424683 0.35724711 0.25185464
v 0.00091055 0.37207182 0.24248943
v -0.16503050 0.47059392 0.24004604
v -0.16503050 0.47059392 0.24004604
v -0.15674971 0.47543188 0.22668354
v 0.01113662 0.37924562 0.22877553
v 0.00091055 0.37207182 0.24248943
v -0.15657055 0.47567933 0.21933439
v 0.01131579 0.37949307 0.22142626
v -0.15956457 0.47263135 0.21196412
v 0.00832165 0.37644521 0.21405610
v -0.16875241 0.46193833 0.20580109
v -0.00086607 0.36575207 0.20789283
v 0.00832165 0.37644521 0.21405610
v -0.15956457 0.47263135 0.21196412
v -0.17591380 0.45144178 0.20781931
v -0.00802758 0.35525576 0.20991117
v -0.19960859 0.42800099 0.22824782
v -0.03172238 0.33181234 0.23033968
v -0.27286017 0.34744156 0.28845142
v -0.10662990 0.23795679 0.31732330
v -0.24738111 0.16345953 -0.39131300
v -0.18712809 0.14190135 -0.39321352
v -0.12075083 0.15832029 -0.35305800
v -0.19164555 0.19241472 -0.34760496
v -0.01120852 0.30689847 -0.22094460
v -0.07393359 0.34025475 -0.21641567
v -0.06834733 0.50878613 -0.06039452
v -0.10537681 0.52365142 -0.05670843
v -0.14601443 0.47231957 -0.13666399
v -0.10693535 0.45543428 -0.14301477
v 0.02278158 0.37069937 -0.14054524
v -0.03287973 0.41099036 -0.14328680
v -0.04698670 0.54154857 0.07095734
v -0.07952879 0.55829194 0.06622466
v -0.09253665 0.54126997 -0.00461993
v -0.05529674 0.52993297 -0.00531952
v -0.06447121 0.52545896 0.28787609
v -0.09667812 0.53372029 0.28465456
v -0.08391377 0.55265113 0.18016579
v -0.05036519 0.54249298 0.18377358
v -0.07997414 0.50475257 0.35409817
v -0.11013682 0.51823180 0.34541858
v -0.09263799 0.48192817 0.37723530
v -0.12433439 0.49787825 0.36668921
v -0.11013682 0.51823180 0.34541858
v -0.07997414 0.50475257 0.35409817
v -0.10809151 0.45073526 0.37754767
v -0.14502204 0.47118872 0.37134800
v -0.12199377 0.44982332 0.37015317
v -0.14864188 0.46468025 0.36509164
v -0.14502204 0.47118872 0.37134800
v -0.10809151 0.45073526 0.37754767
v -0.11104065 0.43455410 0.33966546
v -0.14773221 0.45439867 0.33948916
v -0.08689286 0.47039721 0.28451466
v -0.12335966 0.48511998 0.29810574
v -0.05070467 0.52311738 0.18003222
v -0.08428141 0.54465121 0.19358199
v -0.05833946 0.53460478 0.02294144
v -0.09113543 0.55736113 0.02668937
v -0.08210575 0.55882192 0.12367370
v -0.04978031 0.53733512 0.11417981
v -0.10934699 0.48509778 -0.10757093
v -0.15263522 0.50516151 -0.11308223
v -0.11870134 0.53820982 -0.04907400
v -0.08107050 0.51738646 -0.04773914
v -0.16192285 0.43538356 -0.16998481
v -0.20523340 0.45276195 -0.16946140
v -0.15263522 0.50516151 -0.11308223
v -0.10934699 0.48509778 -0.10757093
v -0.21560212 0.37069125 -0.21922205
v -0.26250399 0.39911396 -0.21404724
v -0.39417802 0.23221500 -0.35504924
v -0.44097533 0.26051727 -0.34995083
v 0.00071837 0.45967697 -0.05553483
v -0.03287973 0.41099036 -0.14328680
v -0.10693535 0.45543428 -0.14301477
v -0.14601443 0.47231957 -0.13666399
v -0.19720555 0.40341549 -0.20462521
v -0.15514259 0.38406831 -0.21100166
v -0.32991828 0.26363972 -0.34187260
v -0.28359617 0.24054557 -0.34446735
v -0.37377493 0.20804824 -0.38796745
v -0.33159571 0.19614402 -0.39235660
v 0.00821136 0.47946867 0.00228363
v 0.01423258 0.49514039 0.08141140
v 0.00888326 0.49765492 0.18930564
v -0.00404475 0.48644087 0.28688035
v -0.01718498 0.46472764 0.36453814
v -0.02691318 0.44420447 0.38615624
v -0.01718498 0.46472764 0.36453814
v -0.05044565 0.41408536 0.39298365
v -0.04648203 0.40717094 0.38327287
v -0.05044565 0.41408536 0.39298365
v -0.04446441 0.39883202 0.34167209
v -0.00847018 0.43817991 0.25552379
v 0.01857362 0.47863658 0.15170309
v 0.01988138 0.49102207 0.09380931
v 0.01203794 0.48577517 0.01486357
v -0.00001811 0.47242724 -0.04500534
v -0.01935550 0.44401039 -0.09528725
v -0.06681899 0.39546892 -0.17219914
v -0.01935550 0.44401039 -0.09528725
v -0.11437557 0.30974818 -0.23031256
v -0.29266619 0.17139834 -0.36609881
v 0.02278158 0.37069937 -0.14054524
v 0.05140505 0.42107761 -0.05095804
v 0.05798275 0.44068525 0.00783002
v 0.06213317 0.45679873 0.08991301
v 0.05837236 0.46538426 0.19373156
v 0.04496236 0.45648791 0.28748147
v 0.02980033 0.43857190 0.37401616
v 0.02980033 0.43857190 0.37401616
v 0.02129907 0.41587380 0.39121287
v 0.00182357 0.38503587 0.39495638
v 0.00182357 0.38503587 0.39495638
v -0.00218803 0.38172327 0.39035059
v 0.00012979 0.37497238 0.34329521
v 0.04488238 0.41584611 0.23615523
v 0.06397246 0.44973570 0.13209557
v 0.06728232 0.45949840 0.07993128
v 0.05946144 0.45290471 0.00970965
v 0.05538801 0.44162620 -0.04318408
v 0.04219955 0.41617340 -0.08649642
v 0.04219955 0.41617340 -0.08649642
v 0.00007488 0.36687911 -0.17403270
v -0.04550825 0.26823919 -0.23785675
v -0.22366530 0.12992958 -0.37357210
v -0.09677696 0.47667602 -0.16512011
v -0.13949391 0.49469850 -0.15888392
v -0.09679343 0.54990587 -0.07331453
v -0.05480639 0.53333820 -0.07661149
v -0.14762108 0.40263198 -0.23613468
v -0.19133353 0.42259676 -0.22971490
v -0.13949391 0.49469850 -0.15888392
v -0.09677696 0.47667602 -0.16512011
v -0.01887781 0.43023000 -0.16507320
v 0.01696567 0.48299290 -0.07084333
v -0.06501300 0.35854055 -0.24134434
v -0.01887781 0.43023000 -0.16507320
v -0.08159416 0.56988724 -0.01442882
v -0.03919495 0.55626429 -0.01500762
v 0.02756344 0.50368473 -0.00637518
v -0.27636745 0.25867774 -0.36998388
v -0.32420884 0.28226643 -0.36731991
v -0.18433400 0.21110301 -0.37269131
v 0.03711749 0.39104945 -0.16098091
v -0.00221978 0.32536033 -0.24570795
v 0.06941202 0.44343457 -0.06562352
v 0.03711749 0.39104945 -0.16098091
v 0.07770629 0.46473432 -0.00025370
v -0.11343319 0.17734758 -0.37791864
v -0.06723032 0.58795687 0.06338152
v -0.03030516 0.56912235 0.06807887
v 0.03413314 0.52027914 0.07859643
v 0.08170321 0.48213527 0.08673828
v -0.32445665 0.21505433 -0.41732836
v -0.36816874 0.22693181 -0.41336021
v -0.23926779 0.18346680 -0.41511212
v -0.17930876 0.16324897 -0.41592702
v -0.07358934 0.58292566 0.18375328
v -0.03505957 0.57074344 0.18755301
v 0.02731206 0.52389349 0.19205043
v 0.07634112 0.49198320 0.19595687
v -0.08832094 0.56367790 0.29274317
v -0.05069082 0.55366573 0.29559622
v 0.01255694 0.51284679 0.29472713
v 0.06082363 0.48353566 0.29458998
v -0.10367383 0.54542911 0.36217974
v -0.06920878 0.53052801 0.37109913
v -0.00646367 0.49108617 0.38084870
v 0.04237955 0.46403401 0.39034856
v -0.06920878 0.53052801 0.37109913
v -0.10367383 0.54542911 0.36217974
v -0.12501656 0.51263444 0.39611219
v -0.09065631 0.49593738 0.40702783
v -0.00646367 0.49108617 0.38084870
v -0.02446896 0.45795609 0.41593850
v 0.02537704 0.42845278 0.42119460
v 0.04237955 0.46403401 0.39034856
v -0.15396876 0.46765815 0.40320793
v -0.12159247 0.44838915 0.40852848
v -0.05609779 0.40682227 0.42576077
v -0.00431809 0.37859270 0.42780106
v -0.16454517 0.44045153 0.38110139
v -0.13283600 0.42203623 0.38564572
v -0.06451024 0.38235566 0.39543754
v -0.01797840 0.35533191 0.40210595
v -0.13283600 0.42203623 0.38564572
v -0.16454517 0.44045153 0.38110139
v -0.16454374 0.42693172 0.32921032
v -0.13235831 0.40975255 0.33040564
v -0.06451024 0.38235566 0.39543754
v -0.06300601 0.37273525 0.33298129
v -0.01577529 0.34752536 0.33473523
v -0.01797840 0.35533191 0.40210595
v -0.13908401 0.46433111 0.27929951
v -0.10270973 0.44862143 0.26690590
v -0.02433157 0.41477099 0.24020037
v 0.02904618 0.39171790 0.22201305
v -0.10274625 0.52125375 0.18082372
v -0.07058219 0.50042155 0.16815653
v -0.00127585 0.45553276 0.14086182
v 0.04592360 0.42496233 0.12227331
v -0.10045672 0.53236467 0.12228394
v -0.06812782 0.51084302 0.11300454
v 0.00153375 0.46446921 0.09300945
v 0.04897515 0.43288717 0.07939211
v -0.10804771 0.53072794 0.03360272
v -0.07545679 0.50811053 0.02970845
v -0.00523051 0.45937569 0.02131773
v 0.04259548 0.42618593 0.01560327
v -0.13309801 0.51379669 -0.03373137
v -0.09556923 0.49269592 -0.03289283
v -0.01470351 0.44722869 -0.03108625
v 0.04036838 0.41626400 -0.02985584
v -0.16391039 0.48437646 -0.09118088
v -0.12193325 0.46464181 -0.08607876
v -0.03148186 0.42211823 -0.07508482
v 0.03011796 0.39315839 -0.06759769
v -0.12193325 0.46464181 -0.08607876
v -0.16391039 0.48437646 -0.09118088
v -0.21308066 0.43554207 -0.14345344
v -0.16883035 0.41649879 -0.14476418
v -0.03148186 0.42211823 -0.07508482
v -0.07348096 0.37546511 -0.14758810
v -0.00854538 0.34751999 -0.14951154
v 0.03011796 0.39315839 -0.06759769
v -0.26944515 0.38273190 -0.18726842
v -0.22243537 0.35447535 -0.19238080
v -0.12114020 0.29358838 -0.20339707
v -0.05215542 0.25212284 -0.21089924
v -0.44817539 0.24382570 -0.32349668
v -0.40116561 0.21556879 -0.32860906
v -0.29987055 0.15468218 -0.33962509
v -0.23088566 0.11321652 -0.34712726
v -0.13949391 0.49469850 -0.15888392
v -0.14601443 0.47231957 -0.13666399
v -0.10537681 0.52365142 -0.05670843
v -0.09679343 0.54990587 -0.07331453
v -0.19133353 0.42259676 -0.22971490
v -0.19720555 0.40341549 -0.20462521
v -0.14601443 0.47231957 -0.13666399
v -0.13949391 0.49469850 -0.15888392
v -0.09253665 0.54126997 -0.00461993
v -0.08159416 0.56988724 -0.01442882
v -0.32420884 0.28226643 -0.36731991
v -0.32991828 0.26363972 -0.34187260
v -0.19720555 0.40341549 -0.20462521
v -0.19133353 0.42259676 -0.22971490
v 0.03711749 0.39104945 -0.16098091
v 0.02278158 0.37069937 -0.14054524
v -0.01120852 0.30689847 -0.22094460
v -0.00221978 0.32536033 -0.24570795
v 0.06941202 0.44343457 -0.06562352
v 0.05140505 0.42107761 -0.05095804
v 0.07770629 0.46473432 -0.00025370
v 0.05798275 0.44068525 0.00783002
v -0.00221978 0.32536033 -0.24570795
v -0.01120852 0.30689847 -0.22094460
v -0.12075083 0.15832029 -0.35305800
v -0.11343319 0.17734758 -0.37791864
v -0.07952879 0.55829194 0.06622466
v -0.06723032 0.58795687 0.06338152
v 0.08170321 0.48213527 0.08673828
v 0.06213317 0.45679873 0.08991301
v -0.33159571 0.19614402 -0.39235660
v -0.37377493 0.20804824 -0.38796745
v -0.36816874 0.22693181 -0.41336021
v -0.37377493 0.20804824 -0.38796745
v -0.32991828 0.26363972 -0.34187260
v -0.32420884 0.28226643 -0.36731991
v -0.24738111 0.16345953 -0.39131300
v -0.12075083 0.15832029 -0.35305800
v -0.18712809 0.14190135 -0.39321352
v -0.08391377 0.55265113 0.18016579
v -0.07358934 0.58292566 0.18375328
v 0.07634112 0.49198320 0.19595687
v 0.05837236 0.46538426 0.19373156
v -0.07358934 0.58292566 0.18375328
v -0.08391377 0.55265113 0.18016579
v -0.09667812 0.53372029 0.28465456
v -0.08832094 0.56367790 0.29274317
v 0.06082363 0.48353566 0.29458998
v 0.04496236 0.45648791 0.28748147
v 0.05837236 0.46538426 0.19373156
v 0.07634112 0.49198320 0.19595687
v -0.11013682 0.51823180 0.34541858
v -0.10367383 0.54542911 0.36217974
v 0.04237955 0.46403401 0.39034856
v 0.02980033 0.43857190 0.37401616
v -0.12433439 0.49787825 0.36668921
v -0.12501656 0.51263444 0.39611219
v 0.02537704 0.42845278 0.42119460
v 0.02129907 0.41587380 0.39121287
v -0.14502204 0.47118872 0.37134800
v -0.15396876 0.46765815 0.40320793
v -0.00431809 0.37859270 0.42780106
v 0.00182357 0.38503587 0.39495638
v -0.14864188 0.46468025 0.36509164
v -0.16454517 0.44045153 0.38110139
v -0.01797840 0.35533191 0.40210595
v -0.00218803 0.38172327 0.39035059
v -0.14773221 0.45439867 0.33948916
v -0.16454374 0.42693172 0.32921032
v -0.01577529 0.34752536 0.33473523
v 0.00012979 0.37497238 0.34329521
v -0.12335966 0.48511998 0.29810574
v -0.13908401 0.46433111 0.27929951
v 0.02904618 0.39171790 0.22201305
v 0.04488238 0.41584611 0.23615523
v -0.08428141 0.54465121 0.19358199
v -0.10274625 0.52125375 0.18082372
v 0.04592360 0.42496233 0.12227331
v 0.06397246 0.44973570 0.13209557
v -0.08210575 0.55882192 0.12367370
v -0.10045672 0.53236467 0.12228394
v 0.04897515 0.43288717 0.07939211
v 0.06728232 0.45949840 0.07993128
v -0.09113543 0.55736113 0.02668937
v -0.10804771 0.53072794 0.03360272
v 0.04259548 0.42618593 0.01560327
v 0.05946144 0.45290471 0.00970965
v -0.11870134 0.53820982 -0.04907400
v -0.13309801 0.51379669 -0.03373137
v 0.04036838 0.41626400 -0.02985584
v 0.05538801 0.44162620 -0.04318408
v -0.15263522 0.50516151 -0.11308223
v -0.16391039 0.48437646 -0.09118088
v 0.03011796 0.39315839 -0.06759769
v 0.04219955 0.41617340 -0.08649642
v -0.20523340 0.45276195 -0.16946140
v -0.21308066 0.43554207 -0.14345344
v -0.00854538 0.34751999 -0.14951154
v 0.00007488 0.36687911 -0.17403270
v -0.21308066 0.43554207 -0.14345344
v -0.20523340 0.45276195 -0.16946140
v -0.26250399 0.39911396 -0.21404724
v -0.26944515 0.38273190 -0.18726842
v -0.05215542 0.25212284 -0.21089924
v -0.04550825 0.26823919 -0.23785675
v -0.26944515 0.38273190 -0.18726842
v -0.26250399 0.39911396 -0.21404724
v -0.44097533 0.26051727 -0.34995083
v -0.44817539 0.24382570 -0.32349668
v -0.44817539 0.24382570 -0.32349668
v -0.44097533 0.26051727 -0.34995083
v -0.39417802 0.23221500 -0.35504924
v -0.40116561 0.21556879 -0.32860906
v -0.29266619 0.17139834 -0.36609881
v -0.29987055 0.15468218 -0.33962509
v -0.22366530 0.12992958 -0.37357210
v -0.23088566 0.11321652 -0.34712726
v -0.23088566 0.11321652 -0.34712726
v -0.22366530 0.12992958 -0.37357210
v -0.28794986 0.33474763 0.31147384
v -0.34638198 0.27737248 0.33041447
v -0.16279517 0.16122682 0.38185220
v -0.11129394 0.22035018 0.36343223
v -0.20802438 0.42195506 0.26341915
v -0.03578865 0.33511074 0.28693729
v -0.42093404 0.22052839 0.35861110
v -0.23585182 0.13603698 0.38090110
v -0.01216678 0.36188406 0.26514731
v -0.17578488 0.46318963 0.26228542
v -0.16036681 0.47876239 0.25119850
v 0.00557424 0.38024029 0.25364177
v 0.00557424 0.38024029 0.25364177
v 0.01807564 0.39137174 0.23362626
v -0.14981070 0.48755788 0.23153416
v -0.16036681 0.47876239 0.25119850
v 0.01846381 0.39189444 0.21799596
v -0.14942241 0.48808058 0.21590410
v 0.01341624 0.38509758 0.20301751
v -0.15446997 0.48128384 0.20092577
v -0.15446997 0.48128384 0.20092577
v 0.01341624 0.38509758 0.20301751
v 0.00021668 0.36732362 0.19324885
v -0.16766965 0.46350976 0.19115698
v -0.01046011 0.35071609 0.19639553
v -0.17834644 0.44690223 0.19430367
v -0.03518980 0.32492155 0.21848106
v -0.20307601 0.42111020 0.21638944
v -0.10995169 0.23082500 0.30554955
v -0.27618196 0.34030966 0.27667791
v -0.28794986 0.33474763 0.31147384
v -0.28821259 0.32888063 0.29851397
v -0.34598032 0.27258621 0.31708994
v -0.34638198 0.27737248 0.33041447
v -0.16279517 0.16122682 0.38185220
v -0.16239350 0.15644066 0.36852766
v -0.11155666 0.21448270 0.35047236
v -0.11129394 0.22035018 0.36343223
v -0.20802438 0.42195506 0.26341915
v -0.20915238 0.41664967 0.25023809
v -0.03691664 0.32980535 0.27375635
v -0.03578865 0.33511074 0.28693729
v -0.42080393 0.21585754 0.34525112
v -0.42093404 0.22052839 0.35861110
v -0.42093404 0.22052839 0.35861110
v -0.42080393 0.21585754 0.34525112
v -0.23572171 0.13136613 0.36754111
v -0.23585182 0.13603698 0.38090110
v -0.16239350 0.15644066 0.36852766
v -0.16279517 0.16122682 0.38185220
v -0.01424683 0.35724711 0.25185464
v -0.01216678 0.36188406 0.26514731
v -0.17578488 0.46318963 0.26228542
v -0.17786493 0.45855256 0.24899276
v -0.16036681 0.47876239 0.25119850
v -0.16503050 0.47059392 0.24004604
v 0.00091055 0.37207182 0.24248943
v 0.00557424 0.38024029 0.25364177
v 0.01113662 0.37924562 0.22877553
v 0.01807564 0.39137174 0.23362626
v -0.14981070 0.48755788 0.23153416
v -0.15674971 0.47543188 0.22668354
v 0.01131579 0.37949307 0.22142626
v 0.01846381 0.39189444 0.21799596
v -0.14942241 0.48808058 0.21590410
v -0.15657055 0.47567933 0.21933439
v 0.00832165 0.37644521 0.21405610
v 0.01341624 0.38509758 0.20301751
v -0.15446997 0.48128384 0.20092577
v -0.15956457 0.47263135 0.21196412
v -0.00086607 0.36575207 0.20789283
v 0.00021668 0.36732362 0.19324885
v -0.16766965 0.46350976 0.19115698
v -0.16875241 0.46193833 0.20580109
v -0.00802758 0.35525576 0.20991117
v -0.01046011 0.35071609 0.19639553
v -0.17834644 0.44690223 0.19430367
v -0.17591380 0.45144178 0.20781931
v -0.03172238 0.33181234 0.23033968
v -0.03518980 0.32492155 0.21848106
v -0.20307601 0.42111020 0.21638944
v -0.19960859 0.42800099 0.22824782
v -0.10662990 0.23795679 0.31732330
v -0.10995169 0.23082500 0.30554955
v -0.10995169 0.23082500 0.30554955
v -0.27618196 0.34030966 0.27667791
v -0.27618196 0.34030966 0.27667791
v -0.27286017 0.34744156 0.28845142
v 0.64583452 0.05308609 -0.14749046
v 0.63619047 0.04744659 -0.18724336
v 0.68379289 0.02759879 -0.21462735
v 0.74089278 0.05175804 -0.09405756
v 0.60561025 0.04790877 -0.21468345
v 0.61345321 0.03008492 -0.24582349
v 0.53829001 0.04094971 -0.25884424
v 0.53818593 0.05638496 -0.22439327
v 0.50858892 0.06028436 -0.22371445
v 0.47876535 0.06345384 -0.22146097
v 0.45903775 0.06101845 -0.24216222
v 0.49939368 0.05273456 -0.25140139
v 0.41081069 0.07473975 -0.20771150
v 0.38249685 0.08312809 -0.21260114
v 0.47227622 0.07455020 -0.15480631
v 0.46096632 0.09068744 -0.11387839
v 0.44970942 0.05687006 -0.25861351
v 0.42825426 0.04051128 -0.28764092
v 0.47439076 0.02541323 -0.29598891
v 0.49115992 0.04506145 -0.26943509
v 0.48304886 -0.04148971 -0.38758095
v 0.45479494 -0.05547660 -0.40005382
v 0.50677350 -0.08031323 -0.40492580
v 0.51037425 -0.05306961 -0.39474114
v 0.55991575 -0.07417945 -0.39026474
v 0.54069019 -0.05220720 -0.38297658
v 0.55838932 -0.03903378 -0.36742256
v 0.62406411 -0.04475170 -0.35104182
v 0.56452966 -0.01638283 -0.34238145
v 0.55838932 -0.03903378 -0.36742256
v 0.62406411 -0.04475170 -0.35104182
v 0.59783354 -0.00482393 -0.33055041
v 0.53832200 0.02820886 -0.29124298
v 0.53028782 0.01097682 -0.31501321
v 0.41040617 0.04701366 -0.28576415
v 0.35376881 0.07251050 -0.25388334
v 0.38590518 0.02620414 -0.32220814
v 0.41944671 -0.02757110 -0.37121775
v 0.45587758 -0.01840450 -0.36935113
v 0.42507642 0.01813033 -0.32673480
v 0.38590518 0.02620414 -0.32220814
v 0.42507642 0.01813033 -0.32673480
v 0.31034414 0.03952569 -0.31357284
v 0.32405124 0.01522965 -0.33325890
v 0.34969956 0.02371682 -0.33192572
v 0.31900547 0.06450198 -0.27715893
v 0.35007412 -0.04200835 -0.39017354
v 0.36247358 -0.03556720 -0.38795337
v 0.34969956 0.02371682 -0.33192572
v 0.32405124 0.01522965 -0.33325890
v 0.37069827 -0.07764317 -0.42038779
v 0.34710804 -0.08797261 -0.41836564
v 0.24994454 -0.12474331 -0.41557621
v 0.29391028 -0.13494455 -0.42714680
v 0.29401222 -0.11388198 -0.42462606
v 0.27344406 -0.10416822 -0.41983788
v 0.32265110 -0.10850927 -0.42825916
v 0.34038746 -0.12603579 -0.42939754
v 0.25082843 -0.07727851 -0.40374134
v 0.22318721 -0.07675558 -0.40877435
v 0.25773569 -0.03562497 -0.38114219
v 0.23464488 -0.03195571 -0.38214664
v 0.28654132 0.01833420 -0.33716964
v 0.26473988 0.03420156 -0.31837499
v 0.26473988 0.03420156 -0.31837499
v 0.28654132 0.01833420 -0.33716964
v 0.62236460 0.05957593 -0.12018775
v 0.63081453 0.06594403 -0.09075141
v 0.57243923 0.07326298 -0.10797116
v 0.56961447 0.07389740 -0.08300310
v 0.52878025 0.07792308 -0.12698436
v 0.53051235 0.07979878 -0.09458014
v 0.45354054 0.06069318 -0.25009435
v 0.49464500 0.04877142 -0.26087893
v 0.53801440 0.03409258 -0.27629688
v 0.60506237 0.01346043 -0.28551062
v 0.37363798 0.07764484 -0.23133909
v 0.66036081 0.00340636 -0.28617918
v 0.80334665 -0.02582432 -0.18295459
v 0.72845752 -0.06502086 -0.32143192
v 0.64159708 -0.09388437 -0.37529429
v 0.72845752 -0.06502086 -0.32143192
v 0.66036081 0.00340636 -0.28617918
v 0.52268049 -0.12224238 -0.41804180
v 0.56949654 -0.11214057 -0.40298624
v 0.64501735 -0.11792736 -0.37160748
v 0.72451145 -0.10386969 -0.32701972
v 0.73411945 -0.12963188 -0.31292159
v 0.65362126 -0.14765663 -0.36772539
v 0.52768663 -0.14700406 -0.41737551
v 0.34526744 -0.14863231 -0.42823779
v 0.34698652 -0.16842735 -0.42786120
v 0.72451145 -0.10386969 -0.32701972
v 0.73411945 -0.12963188 -0.31292159
v 0.81354742 -0.12267974 -0.20420552
v 0.81387758 -0.07975067 -0.20319606
v 0.57576783 -0.13492689 -0.39824986
v 0.58540782 -0.16235863 -0.39666315
v -0.02905064 -0.05118520 -0.37514413
v -0.20144704 -0.02862819 -0.36535469
v -0.21919260 -0.07680953 -0.36384139
v -0.03987915 -0.09674721 -0.37707043
v 0.13170904 -0.06111812 -0.39643767
v 0.13859505 -0.01524660 -0.37056041
v -0.01545014 -0.00187241 -0.34990798
v 0.25171913 -0.16260082 -0.41136694
v 0.24568550 -0.18183198 -0.40915118
v 0.29841068 -0.18417940 -0.41832278
v 0.29375941 -0.16733911 -0.41907084
v 0.12446063 -0.14965192 -0.38883368
v 0.12180656 -0.17167956 -0.38511070
v 0.02625974 0.11378219 -0.24520662
v -0.11368087 0.15975780 -0.23909886
v -0.15312581 0.08207649 -0.29623754
v 0.00464152 0.05369676 -0.29945704
v -0.17987646 0.02235010 -0.34475931
v 0.12652671 -0.10936964 -0.40177350
v 0.15133781 0.04783548 -0.31532225
v 0.23560923 0.08878704 -0.25680765
v 0.15447948 0.09620291 -0.26377960
v 0.27563559 0.09640726 -0.24152482
v 0.23560923 0.08878704 -0.25680765
v 0.29403812 0.10065258 -0.22485378
v 0.31092437 0.10255907 -0.20468012
v 0.33184765 0.10971461 -0.17881456
v 0.36395072 0.12101031 -0.11276257
v 0.38789057 0.13169426 -0.02395948
v 0.47676039 0.10148324 -0.02154927
v 0.53189423 0.09559189 -0.01289941
v 0.65864543 0.07367013 -0.00741163
v 0.58838441 0.08480671 -0.01031146
v 0.76280977 0.06770202 -0.00741210
v 0.83675521 0.00874076 -0.08563700
v 0.85331046 0.02137776 -0.01196741
v 0.88798380 -0.04521495 -0.00288783
v 0.85331046 0.02137776 -0.01196741
v 0.83675521 0.00874076 -0.08563700
v 0.86745921 -0.05247171 -0.08579659
v 0.86279170 -0.11319527 -0.07985474
v 0.88444274 -0.10571053 0.01668090
v 0.80334665 -0.02582432 -0.18295459
v 0.72845752 -0.06502086 -0.32143192
v 0.51955206 -0.17390929 -0.41797579
v 0.36867707 -0.18625981 -0.42719586
v -0.04702311 -0.13644783 -0.36409349
v -0.04617705 -0.15779258 -0.36192308
v -0.22585707 -0.11960467 -0.34842475
v -0.22464529 -0.14175919 -0.34027180
v 0.45368748 0.12216671 0.14782960
v 0.38693112 0.14507609 0.13756235
v 0.52211339 0.10272523 0.15429521
v 0.58278586 0.08844876 0.16178104
v 0.65346298 0.07897564 0.16199255
v 0.76839853 0.06400817 0.15901464
v 0.84180397 0.03182943 0.14355898
v 0.88378731 -0.03764832 0.14406998
v 0.84180397 0.03182943 0.14355898
v 0.88502392 -0.10362487 0.14216599
v 0.84909045 -0.03995265 0.25229522
v 0.85785717 -0.11070306 0.24318866
v 0.81982372 -0.05557065 0.30674152
v 0.82667369 -0.12047925 0.30424334
v 0.82667369 -0.12047925 0.30424334
v 0.75422364 -0.13946429 0.35643306
v 0.74223074 -0.06660840 0.36295227
v 0.81982372 -0.05557065 0.30674152
v 0.61944566 -0.15900651 0.37966281
v 0.59239959 -0.06804018 0.39950345
v 0.52323482 -0.16805004 0.38552003
v 0.43116412 -0.17312423 0.37574945
v 0.42765039 -0.07411082 0.39679197
v 0.50873478 -0.07141808 0.40511346
v 0.31311495 -0.17101732 0.34490186
v 0.27053884 -0.06864572 0.39055136
v 0.14493343 -0.16105338 0.30813701
v -0.00768739 -0.15083184 0.27851195
v -0.02405822 -0.04133083 0.34838109
v 0.12307242 -0.05479884 0.36911911
v -0.13805617 -0.03770060 0.32068615
v -0.15345144 -0.13925182 0.26610855
v 0.12154372 0.15243169 0.30826568
v 0.23820660 0.13403870 0.30380993
v 0.26972561 0.03421266 0.36593554
v 0.12371150 0.04909060 0.35639283
v -0.07397477 0.20917731 0.30452444
v 0.01824454 0.18086561 0.30745830
v -0.00865460 0.06060712 0.34872808
v -0.11248520 0.06753993 0.33317430
v 0.40437671 0.10117253 0.29149641
v 0.33615921 0.14396325 0.23947726
v 0.33615921 0.14396325 0.23947726
v 0.40437671 0.10117253 0.29149641
v 0.48881679 0.08445411 0.29771983
v 0.61041610 0.05491666 0.30831808
v 0.55281094 0.06761560 0.30786462
v 0.80751713 -0.00057707 0.27561091
v 0.73410429 0.02976001 0.30341817
v 0.80751713 -0.00057707 0.27561091
v 0.44281373 0.01257296 0.36089562
v 0.52794744 0.00889331 0.37011222
v 0.59963308 0.00311189 0.36122351
v 0.73900157 -0.01910482 0.32984606
v 0.78438418 -0.01239868 0.30178109
v 0.78438418 -0.01239868 0.30178109
v 0.73410429 0.02976001 0.30341817
v 0.80751713 -0.00057707 0.27561091
v 0.61041610 0.05491666 0.30831808
v 0.55281094 0.06761560 0.30786462
v 0.48881679 0.08445411 0.29771983
v 0.29321391 -0.14819627 -0.42354056
v 0.25263859 -0.13970504 -0.41452831
v 0.12546867 -0.12565406 -0.39637405
v -0.04425063 -0.11215215 -0.37180228
v -0.22222088 -0.09461763 -0.35877723
v -0.22089605 -0.20028417 -0.32749205
v -0.04058316 -0.21763821 -0.36163279
v 0.12521848 -0.23132191 -0.38457380
v 0.24882502 -0.24119383 -0.40857083
v 0.30201274 -0.24416457 -0.41780236
v 0.37205783 -0.24666359 -0.42665884
v 0.52299286 -0.23282591 -0.41743436
v 0.58866790 -0.22076568 -0.39611658
v 0.65678644 -0.20693516 -0.36727312
v 0.73740484 -0.19025028 -0.31244795
v 0.73740484 -0.19025028 -0.31244795
v 0.81688795 -0.18201771 -0.20358877
v 0.86619323 -0.17355274 -0.07917914
v 0.88780655 -0.16610739 0.01719321
v 0.88828687 -0.16230455 0.14292527
v 0.86100983 -0.16873400 0.24394329
v 0.82987791 -0.17914318 0.30483348
v 0.82987791 -0.17914318 0.30483348
v 0.75753099 -0.19796242 0.35697509
v 0.62269190 -0.21986245 0.38025617
v 0.52660686 -0.22914697 0.38609930
v 0.43379050 -0.23565138 0.37615290
v 0.31136745 -0.23593392 0.34421623
v 0.14879618 -0.22639634 0.30879781
v -0.00459478 -0.21629202 0.27905410
v -0.15142570 -0.20449010 0.26660069
v 0.34329410 0.16556512 0.25191946
v 0.24110357 0.14900927 0.32390851
v 0.27264145 0.04549773 0.38889016
v 0.40738684 0.12409170 0.30421314
v 0.40738684 0.12409170 0.30421314
v 0.46120433 0.14619239 0.14965528
v 0.39547678 0.16871825 0.13946334
v 0.34329410 0.16556512 0.25191946
v 0.12217337 0.05655792 0.38057905
v 0.12239049 0.16309726 0.33084037
v 0.11738232 -0.05976822 0.39452118
v 0.27260636 -0.07234303 0.41722991
v 0.49481462 0.10653665 0.31111897
v 0.44397801 0.02547649 0.38283409
v 0.41832886 -0.07235342 0.42247048
v 0.49481462 0.10653665 0.31111897
v 0.52727470 0.12722621 0.15606312
v 0.39580778 0.15516441 -0.02709458
v 0.48303502 0.12551441 -0.02466552
v 0.53714507 0.11988303 -0.01567021
v 0.01803040 0.18884560 0.33112875
v -0.01379300 0.06655219 0.37306900
v -0.02288165 -0.04840521 0.37400100
v -0.01128444 -0.15779914 0.30323149
v 0.14051038 -0.16799549 0.33266533
v 0.30230614 -0.17757819 0.36791496
v 0.42603252 -0.17722022 0.40019421
v 0.55491796 0.09071621 0.32018840
v 0.58721165 0.11305407 0.16382384
v 0.52845415 0.02316428 0.39112586
v 0.55491796 0.09071621 0.32018840
v 0.50853580 -0.06841081 0.43126693
v 0.52275748 -0.17049463 0.41055970
v 0.59310384 0.10925756 -0.01283435
v 0.46672112 0.11436600 -0.11967831
v 0.37131168 0.14414182 -0.11865834
v 0.53396329 0.10436696 -0.09781396
v 0.57422385 0.09831984 -0.08570838
v -0.11555060 0.07072123 0.35805630
v -0.07507459 0.21588284 0.32849808
v -0.14280556 -0.04464976 0.34501824
v -0.15675389 -0.14592381 0.29087977
v -0.00802853 -0.21624965 0.30378331
v 0.14376592 -0.22644600 0.33321715
v -0.15352425 -0.20437253 0.29142992
v 0.30556300 -0.23602893 0.36846679
v 0.42928819 -0.23567096 0.40074341
v 0.52601314 -0.22894525 0.41110890
v 0.62384424 0.07573489 0.32065822
v 0.65709429 0.10369208 0.16460018
v 0.60144730 0.01751095 0.38194506
v 0.62384424 0.07573489 0.32065822
v 0.66125426 0.09845592 -0.00956985
v 0.59697017 -0.06371752 0.42504028
v 0.62227007 -0.16102055 0.40450995
v 0.62552561 -0.21947117 0.40505903
v 0.63399392 0.09035405 -0.09483271
v 0.46672112 0.11436600 -0.11967831
v 0.47760059 0.09809973 -0.16140406
v 0.41675277 0.09848158 -0.21317063
v 0.38760051 0.10685738 -0.21896553
v 0.53396329 0.10436696 -0.09781396
v 0.53230938 0.10249091 -0.13023955
v 0.38760051 0.10685738 -0.21896553
v 0.33789931 0.13239744 -0.18734267
v 0.57422385 0.09831984 -0.08570838
v 0.57626271 0.09782770 -0.11026713
v 0.63399392 0.09035405 -0.09483271
v 0.62576362 0.08393249 -0.12438556
v 0.74132727 0.05065738 0.31792752
v 0.77622645 0.08811060 0.16238944
v 0.74725216 -0.00548330 0.34929411
v 0.74132727 0.05065738 0.31792752
v 0.76985728 0.09198839 -0.01054327
v 0.75116374 -0.06113220 0.38718850
v 0.74745401 0.07497108 -0.10206990
v 0.76403910 -0.13874547 0.38004311
v 0.76729465 -0.19719622 0.38059481
v 0.64950808 0.07713098 -0.15311718
v 0.62576362 0.08393249 -0.12438556
v 0.41675277 0.09848158 -0.21317063
v 0.48253357 0.08768280 -0.22637974
v 0.46386903 0.08494840 -0.24777486
v 0.37806509 0.10071728 -0.23983617
v 0.45761982 0.08356484 -0.25930809
v 0.31638542 0.12507455 -0.21389278
v 0.82226102 0.01667146 0.28826235
v 0.85943099 0.05112672 0.14607805
v 0.82226102 0.01667146 0.28826235
v 0.79837106 -0.00011501 0.31872905
v 0.87154040 0.04012824 -0.01600324
v 0.83781886 -0.04900883 0.32458698
v 0.85461631 0.02597842 -0.09426406
v 0.84591655 -0.11945833 0.32113078
v 0.69278151 0.04968886 -0.22311333
v 0.64143594 0.07062240 -0.19494654
v 0.81851107 -0.01230940 -0.20046190
v 0.84917210 -0.17790943 0.32168261
v 0.50272645 0.07602089 -0.25980584
v 0.51210157 0.08372563 -0.23158212
v 0.49805035 0.07161909 -0.27035086
v 0.45027974 0.07892742 -0.27078415
v 0.35755827 0.09471993 -0.26488002
v 0.29920135 0.12266649 -0.23556245
v 0.49289512 0.06676633 -0.28197636
v 0.87122575 -0.03194628 0.26335242
v 0.90849635 -0.03030502 0.14836566
v 0.85943099 0.05112672 0.14607805
v 0.82226102 0.01667146 0.28826235
v 0.79837106 -0.00011501 0.31872905
v 0.83781886 -0.04900883 0.32458698
v 0.91331986 -0.03972884 -0.00617370
v 0.87154040 0.04012824 -0.01600324
v 0.89199708 -0.04800808 -0.09286535
v 0.85461631 0.02597842 -0.09426406
v 0.84591655 -0.11945833 0.32113078
v 0.88105816 -0.10889935 0.25253944
v 0.83680116 -0.07604631 -0.21384850
v 0.81851107 -0.01230940 -0.20046190
v 0.84917210 -0.17790943 0.32168261
v 0.88431370 -0.16735057 0.25308947
v 0.61864616 0.05243722 -0.25558201
v 0.61088568 0.07024508 -0.22448996
v 0.61083364 0.03440698 -0.29820574
v 0.66767881 0.02323423 -0.30037794
v 0.74392082 -0.05392844 -0.34042913
v 0.74177739 -0.10131589 -0.34583514
v 0.74392082 -0.05392844 -0.34042913
v 0.54264407 0.07886582 -0.23425505
v 0.54272035 0.06340717 -0.26869814
v 0.54277740 0.05653679 -0.28606602
v 0.54283159 0.04890905 -0.30518582
v 0.47591851 0.04542802 -0.31083426
v 0.43137432 0.06110081 -0.30140996
v 0.41321386 0.06807349 -0.29882823
v 0.42576288 0.03762111 -0.34259511
v 0.38697767 0.04569492 -0.33807836
v 0.34872220 0.04315019 -0.34812252
v 0.32069793 0.08496260 -0.29157099
v 0.27875852 0.11674756 -0.25579400
v 0.53071730 0.03050520 -0.33053107
v 0.90993970 -0.10243493 0.14565418
v 0.90942882 -0.10629768 0.01377043
v 0.88677834 -0.11384307 -0.08716594
v 0.83558341 -0.12245748 -0.21631994
v 0.91319537 -0.16088627 0.14620290
v 0.75167295 -0.13099347 -0.33123233
v 0.60240460 0.01517474 -0.34559009
v 0.63182937 -0.02924208 -0.36936796
v 0.66767881 0.02323423 -0.30037794
v 0.74392082 -0.05392844 -0.34042913
v 0.65281758 -0.08656530 -0.39783829
v 0.63182937 -0.02924208 -0.36936796
v 0.74177739 -0.10131589 -0.34583514
v 0.65638634 -0.11892632 -0.39392959
v 0.66544252 -0.14802713 -0.38985126
v 0.75167295 -0.13099347 -0.33123233
v 0.56716702 0.00106312 -0.36024912
v 0.42576288 0.03762111 -0.34259511
v 0.45469527 -0.00171473 -0.38786456
v 0.42013711 -0.01074155 -0.38971578
v 0.38697767 0.04569492 -0.33807836
v 0.36158826 -0.02093622 -0.40873412
v 0.34872220 0.04315019 -0.34812252
v 0.32152871 0.03292483 -0.35083771
v 0.30977346 0.05889173 -0.32929290
v 0.32152871 0.03292483 -0.35083771
v 0.34471872 -0.02706511 -0.40948122
v 0.28610934 0.03681862 -0.35407403
v 0.26466767 0.05264026 -0.33534730
v 0.23763783 0.10771418 -0.27291898
v 0.91268437 -0.16474890 0.01431843
v 0.89003401 -0.17229416 -0.08661877
v 0.83883883 -0.18090858 -0.21577385
v 0.75492825 -0.18944457 -0.33068588
v 0.75492825 -0.18944457 -0.33068588
v 0.66869818 -0.20647788 -0.38930481
v 0.56389023 -0.02461480 -0.38704727
v 0.56455270 -0.06250573 -0.41196269
v 0.54704062 -0.04058003 -0.40420269
v 0.56389023 -0.02461480 -0.38704727
v 0.58225624 -0.10627178 -0.42516762
v 0.58513805 -0.13549243 -0.42138198
v 0.59409146 -0.16204923 -0.42005417
v 0.59734701 -0.22049986 -0.41951058
v 0.48327005 -0.02775635 -0.40865152
v 0.45576907 -0.04355268 -0.42261167
v 0.37093031 -0.06543672 -0.44309258
v 0.34363584 -0.07741447 -0.44118000
v 0.25949477 -0.02118784 -0.40169615
v 0.23651663 -0.01753792 -0.40268389
v 0.26466767 0.05264026 -0.33534730
v 0.28610934 0.03681862 -0.35407403
v 0.15194489 0.06573764 -0.33277894
v 0.13789868 -0.00049172 -0.39086968
v 0.15529068 0.11434941 -0.28094791
v 0.23763783 0.10771418 -0.27291898
v 0.50968970 -0.07199735 -0.42848452
v 0.51444159 -0.04254525 -0.41708712
v 0.52854331 -0.11866300 -0.44261238
v 0.53275329 -0.14729615 -0.44205984
v 0.52440900 -0.17434473 -0.44266836
v 0.52766443 -0.23279535 -0.44212465
v 0.34105113 -0.12448059 -0.45469934
v 0.32115594 -0.10426252 -0.45294993
v 0.25165133 -0.06826769 -0.42734984
v 0.22405081 -0.06897612 -0.43302598
v 0.13072392 -0.05349753 -0.42078420
v 0.00543613 0.06978863 -0.31862327
v -0.01534713 0.01205241 -0.37089869
v 0.02743273 0.13006112 -0.26422949
v -0.03123943 -0.04443312 -0.39964857
v 0.34229908 -0.14675340 -0.45348743
v 0.34584337 -0.16995617 -0.45291221
v 0.36799204 -0.18849120 -0.45222909
v 0.37124747 -0.24694183 -0.45168539
v 0.28932979 -0.13639005 -0.45189881
v 0.29014708 -0.11205475 -0.44924033
v 0.28922762 -0.15262529 -0.44785988
v 0.26973540 -0.10009813 -0.44428563
v 0.24729787 -0.12522590 -0.44087777
v 0.12260129 -0.11137795 -0.42673869
v -0.04502125 -0.09923918 -0.40186231
v -0.15053118 0.09730035 -0.31582919
v -0.11064018 0.17447161 -0.25897662
v -0.17862217 0.03557222 -0.36611982
v -0.20203444 -0.02293415 -0.39015755
v -0.22124579 -0.07998355 -0.38878235
v 0.28911482 -0.17055550 -0.44339947
v 0.29504234 -0.18615083 -0.44300377
v 0.29829645 -0.24460157 -0.44245732
v 0.24733869 -0.14470009 -0.43842113
v 0.24738369 -0.16620729 -0.43570822
v 0.12144155 -0.13184609 -0.42021089
v -0.04740317 -0.11960133 -0.39541305
v -0.22480034 -0.10217352 -0.38240829
v 0.24103231 -0.18322282 -0.43362758
v 0.24428642 -0.24167344 -0.43308124
v 0.12016077 -0.15445109 -0.41300188
v 0.11784116 -0.17333108 -0.40971243
v -0.05003372 -0.14208911 -0.38829045
v -0.22872600 -0.12671020 -0.37217947
v 0.12109563 -0.23178171 -0.40916610
v -0.04761456 -0.16091814 -0.38679816
v -0.04436033 -0.21936876 -0.38625171
v -0.22822992 -0.14625171 -0.36458037
v -0.22497581 -0.20331006 -0.35188716
v 0.33615921 0.14396325 0.23947726
v 0.23820660 0.13403870 0.30380993
v 0.24110357 0.14900927 0.32390851
v 0.38693112 0.14507609 0.13756235
v 0.12154372 0.15243169 0.30826568
v 0.12239049 0.16309726 0.33084037
v 0.39580778 0.15516441 -0.02709458
v 0.38789057 0.13169426 -0.02395948
v 0.38693112 0.14507609 0.13756235
v 0.39547678 0.16871825 0.13946334
v 0.01824454 0.18086561 0.30745830
v 0.01803040 0.18884560 0.33112875
v 0.37131168 0.14414182 -0.11865834
v 0.36395072 0.12101031 -0.11276257
v -0.07397477 0.20917731 0.30452444
v -0.07507459 0.21588284 0.32849808
v -0.07507459 0.21588284 0.32849808
v -0.07397477 0.20917731 0.30452444
v -0.11248520 0.06753993 0.33317430
v -0.11555060 0.07072123 0.35805630
v -0.13805617 -0.03770060 0.32068615
v -0.14280556 -0.04464976 0.34501824
v -0.15345144 -0.13925182 0.26610855
v -0.15675389 -0.14592381 0.29087977
v -0.00802853 -0.21624965 0.30378331
v -0.00459478 -0.21629202 0.27905410
v 0.14879618 -0.22639634 0.30879781
v 0.14376592 -0.22644600 0.33321715
v -0.15142570 -0.20449010 0.26660069
v -0.15352425 -0.20437253 0.29142992
v -0.15352425 -0.20437253 0.29142992
v -0.15142570 -0.20449010 0.26660069
v 0.31136745 -0.23593392 0.34421623
v 0.30556300 -0.23602893 0.36846679
v 0.43379050 -0.23565138 0.37615290
v 0.42928819 -0.23567096 0.40074341
v 0.52660686 -0.22914697 0.38609930
v 0.52601314 -0.22894525 0.41110890
v 0.62269190 -0.21986245 0.38025617
v 0.62552561 -0.21947117 0.40505903
v 0.41471630 0.09034463 -0.21129971
v 0.41675277 0.09848158 -0.21317063
v 0.47760059 0.09809973 -0.16140406
v 0.47577575 0.09002867 -0.15914294
v 0.53230938 0.10249091 -0.13023955
v 0.53109986 0.09407094 -0.12912397
v 0.33789931 0.13239744 -0.18734267
v 0.33184765 0.10971461 -0.17881456
v 0.57626271 0.09782770 -0.11026713
v 0.57495233 0.08940881 -0.10948028
v 0.75753099 -0.19796242 0.35697509
v 0.76729465 -0.19719622 0.38059481
v 0.62459863 0.07558497 -0.12294686
v 0.62576362 0.08393249 -0.12438556
v 0.64950808 0.07713098 -0.15311718
v 0.64824890 0.06889018 -0.15118873
v 0.48124204 0.07937897 -0.22469395
v 0.48253357 0.08768280 -0.22637974
v 0.41675277 0.09848158 -0.21317063
v 0.41471630 0.09034463 -0.21129971
v 0.31638542 0.12507455 -0.21389278
v 0.31092437 0.10255907 -0.20468012
v 0.64143594 0.07062240 -0.19494654
v 0.63963819 0.06267941 -0.19230644
v 0.82987791 -0.17914318 0.30483348
v 0.84917210 -0.17790943 0.32168261
v 0.51089778 0.07569180 -0.22888568
v 0.51210157 0.08372563 -0.23158212
v 0.29920135 0.12266649 -0.23556245
v 0.29403812 0.10065258 -0.22485378
v 0.86100983 -0.16873400 0.24394329
v 0.88431370 -0.16735057 0.25308947
v 0.63963819 0.06267941 -0.19230644
v 0.60907767 0.06258988 -0.22112902
v 0.54111621 0.07116109 -0.23087512
v 0.51089778 0.07569180 -0.22888568
v 0.41213695 0.05999550 -0.29381719
v 0.41321386 0.06807349 -0.29882823
v 0.43137432 0.06110081 -0.30140996
v 0.43017757 0.05320330 -0.29612856
v 0.42549956 0.03014496 -0.33651147
v 0.42576288 0.03762111 -0.34259511
v 0.41321386 0.06807349 -0.29882823
v 0.41213695 0.05999550 -0.29381719
v 0.27875852 0.11674756 -0.25579400
v 0.27563559 0.09640726 -0.24152482
v 0.47533255 0.03775086 -0.30513998
v 0.47591851 0.04542802 -0.31083426
v 0.53071730 0.03050520 -0.33053107
v 0.53055257 0.02301460 -0.32457884
v 0.88828687 -0.16230455 0.14292527
v 0.91319537 -0.16088627 0.14620290
v 0.53055257 0.02301460 -0.32457884
v 0.53071730 0.03050520 -0.33053107
v 0.56716702 0.00106312 -0.36024912
v 0.56615541 -0.00562869 -0.35339557
v 0.45514874 -0.00811648 -0.38076333
v 0.45469527 -0.00171473 -0.38786456
v 0.23560923 0.08878704 -0.25680765
v 0.27563559 0.09640726 -0.24152482
v 0.88780655 -0.16610739 0.01719321
v 0.91268437 -0.16474890 0.01431843
v 0.86619323 -0.17355274 -0.07917914
v 0.89003401 -0.17229416 -0.08661877
v 0.81688795 -0.18201771 -0.20358877
v 0.83883883 -0.18090858 -0.21577385
v 0.73740484 -0.19025028 -0.31244795
v 0.75492825 -0.18944457 -0.33068588
v 0.65678644 -0.20693516 -0.36727312
v 0.66869818 -0.20647788 -0.38930481
v 0.56389023 -0.02461480 -0.38704727
v 0.56178022 -0.03014555 -0.37951967
v 0.54704062 -0.04058003 -0.40420269
v 0.54460487 -0.04503996 -0.39606096
v 0.58866790 -0.22076568 -0.39611658
v 0.59734701 -0.22049986 -0.41951058
v 0.48318518 -0.03302402 -0.40056947
v 0.48327005 -0.02775635 -0.40865152
v 0.45469527 -0.00171473 -0.38786456
v 0.45514874 -0.00811648 -0.38076333
v 0.25887097 -0.02630727 -0.39440776
v 0.25949477 -0.02118784 -0.40169615
v 0.28610934 0.03681862 -0.35407403
v 0.28626249 0.03026408 -0.34807967
v 0.15529068 0.11434941 -0.28094791
v 0.15447948 0.09620291 -0.26377960
v 0.54460487 -0.04503996 -0.39606096
v 0.54704062 -0.04058003 -0.40420269
v 0.51444159 -0.04254525 -0.41708712
v 0.51288150 -0.04658203 -0.40851580
v 0.52299286 -0.23282591 -0.41743436
v 0.52766443 -0.23279535 -0.44212465
v 0.02743273 0.13006112 -0.26422949
v 0.15529068 0.11434941 -0.28094791
v 0.37205783 -0.24666359 -0.42665884
v 0.37124747 -0.24694183 -0.45168539
v -0.15053118 0.09730035 -0.31582919
v -0.15312581 0.08207649 -0.29623754
v -0.11368087 0.15975780 -0.23909886
v -0.11064018 0.17447161 -0.25897662
v -0.11064018 0.17447161 -0.25897662
v -0.17862217 0.03557222 -0.36611982
v -0.17987646 0.02235010 -0.34475931
v -0.20203444 -0.02293415 -0.39015755
v -0.20144704 -0.02862819 -0.36535469
v -0.22124579 -0.07998355 -0.38878235
v -0.21919260 -0.07680953 -0.36384139
v 0.30201274 -0.24416457 -0.41780236
v 0.29829645 -0.24460157 -0.44245732
v -0.22480034 -0.10217352 -0.38240829
v -0.22222088 -0.09461763 -0.35877723
v 0.24882502 -0.24119383 -0.40857083
v 0.24428642 -0.24167344 -0.43308124
v -0.22872600 -0.12671020 -0.37217947
v -0.22585707 -0.11960467 -0.34842475
v 0.12521848 -0.23132191 -0.38457380
v 0.12109563 -0.23178171 -0.40916610
v -0.04058316 -0.21763821 -0.36163279
v -0.04436033 -0.21936876 -0.38625171
v -0.22822992 -0.14625171 -0.36458037
v -0.22464529 -0.14175919 -0.34027180
v -0.22089605 -0.20028417 -0.32749205
v -0.22497581 -0.20331006 -0.35188716
v -0.22497581 -0.20331006 -0.35188716
v -0.22089605 -0.20028417 -0.32749205
v 0.27105044 -0.10154137 -0.43561643
v 0.32168603 -0.10576830 -0.44419455
v 0.29151762 -0.11270266 -0.44051204
v 0.25135948 -0.07146296 -0.41897822
v 0.34486709 -0.08115833 -0.43309008
v 0.25887097 -0.02630727 -0.39440776
v 0.34661781 -0.03236394 -0.40263472
v 0.28626249 0.03026408 -0.34807967
v 0.32242323 0.02665008 -0.34460414
v 0.30997578 0.05202446 -0.32371858
v 0.56178022 -0.03014555 -0.37951967
v 0.56615541 -0.00562869 -0.35339557
v 0.53055257 0.02301460 -0.32457884
v 0.62576362 0.08393249 -0.12438556
v 0.62459863 0.07558497 -0.12294686
v 0.47533255 0.03775086 -0.30513998
v 0.42549956 0.03014496 -0.33651147
v 0.43017757 0.05320330 -0.29612856
v 0.41213695 0.05999550 -0.29381719
v 0.62459863 0.07558497 -0.12294686
v 0.64824890 0.06889018 -0.15118873
v 0.57495233 0.08940881 -0.10948028
v 0.53109986 0.09407094 -0.12912397
v 0.48124204 0.07937897 -0.22469395
v 0.47577575 0.09002867 -0.15914294
v 0.41471630 0.09034463 -0.21129971
v 0.25135948 -0.07146296 -0.41897822
v 0.25165133 -0.06826769 -0.42734984
v 0.27105044 -0.10154137 -0.43561643
v 0.26973540 -0.10009813 -0.44428563
v 0.29151762 -0.11270266 -0.44051204
v 0.29014708 -0.11205475 -0.44924033
v 0.26973540 -0.10009813 -0.44428563
v 0.27105044 -0.10154137 -0.43561643
v 0.32168603 -0.10576830 -0.44419455
v 0.32115594 -0.10426252 -0.45294993
v 0.34486709 -0.08115833 -0.43309008
v 0.34363584 -0.07741447 -0.44118000
v 0.32115594 -0.10426252 -0.45294993
v 0.32168603 -0.10576830 -0.44419455
v 0.34661781 -0.03236394 -0.40263472
v 0.34471872 -0.02706511 -0.40948122
v 0.32242323 0.02665008 -0.34460414
v 0.32152871 0.03292483 -0.35083771
v 0.30997578 0.05202446 -0.32371858
v 0.30977346 0.05889173 -0.32929290
v 0.30977346 0.05889173 -0.32929290
v 0.30997578 0.05202446 -0.32371858
v 0.45587758 -0.01840450 -0.36935113
v 0.48304886 -0.04148971 -0.38758095
v 0.56452966 -0.01638283 -0.34238145
vn 0.0037 -0.9914 0.1307
vn 0.0534 -0.9981 0.0294
vn -0.0420 -0.9990 -0.0141
vn -0.1315 -0.9907 0.0336
vn -0.0505 -0.9984 0.0260
vn 0.1375 -0.9783 0.1548
vn -0.1153 -0.9858 0.1217
vn -0.1041 -0.9086 -0.4046
vn -0.0126 -0.9964 0.0837
vn -0.0528 -0.9935 0.1008
vn -0.0874 -0.9926 0.0844
vn -0.0239 -0.9975 0.0668
vn -0.0275 -0.9944 0.1024
vn -0.8657 -0.5004 -0.0087
vn -0.0431 -0.9990 0.0082
vn -0.0511 -0.9986 0.0168
vn -0.0478 -0.9981 -0.0401
vn -0.0410 -0.9992 0.0022
vn -0.0424 -0.9975 -0.0566
vn -0.0637 -0.9969 -0.0458
vn -0.0296 -0.9865 0.1610
vn -0.0522 -0.9855 0.1613
vn -0.0104 -0.9842 0.1767
vn -0.0282 -0.9790 0.2018
vn -0.0649 -0.9832 0.1706
vn -0.0769 -0.9593 0.2717
vn 0.0583 -0.9983 -0.0045
vn 0.0689 -0.9955 0.0656
vn -0.0837 -0.9943 0.0663
vn 0.0157 -0.9989 0.0446
vn -0.0946 -0.9955 -0.0086
vn 0.0350 -0.9988 -0.0340
vn -0.0416 -0.9985 -0.0364
vn -0.0459 -0.9975 0.0546
vn -0.1322 -0.9909 -0.0237
vn -0.1296 -0.9890 -0.0708
vn -0.2027 -0.9627 0.1792
vn -0.1105 -0.9818 0.1544
vn -0.1241 -0.9888 0.0829
vn -0.1465 -0.9840 0.1015
vn -0.1450 -0.9858 0.0850
vn -0.1399 -0.9848 0.1033
vn -0.1485 -0.9846 0.0925
vn -0.1479 -0.9822 0.1159
vn -0.1374 -0.9845 0.1090
vn -0.0892 -0.9825 0.1636
vn -0.1240 -0.9895 0.0743
vn -0.0919 -0.9855 0.1430
vn -0.1435 -0.9876 0.0631
vn -0.1241 -0.9836 0.1306
vn -0.1132 -0.9879 0.1058
vn -0.1188 -0.9929 -0.0093
vn -0.1255 -0.9921 0.0015
vn -0.1272 -0.9918 0.0100
vn -0.0610 -0.9921 0.1098
vn -0.0645 -0.9936 0.0923
vn -0.1195 -0.9927 0.0128
vn -0.1186 -0.9913 -0.0567
vn -0.1263 -0.9903 -0.0572
vn -0.1271 -0.9903 -0.0556
vn -0.0586 -0.9982 0.0130
vn -0.0940 -0.9951 0.0317
vn -0.1070 -0.9930 -0.0506
vn -0.0708 -0.9961 -0.0533
vn -0.0808 -0.9953 -0.0534
vn -0.1636 -0.9837 0.0752
vn -0.1559 -0.9821 0.1058
vn -0.1608 -0.9828 0.0908
vn -0.0980 -0.9942 -0.0445
vn -0.0626 -0.9946 -0.0829
vn -0.0380 -0.9941 -0.1011
vn -0.0466 -0.9897 -0.1355
vn -0.0850 -0.9911 -0.1028
vn -0.0906 -0.9886 -0.1204
vn -0.0719 -0.9812 -0.1789
vn -0.1229 -0.9920 -0.0278
vn -0.1014 -0.9948 -0.0005
vn -0.1059 -0.9942 0.0188
vn -0.0970 -0.9952 0.0142
vn -0.0321 -0.9991 0.0262
vn 0.0205 -0.9998 -0.0062
vn 0.0481 -0.9977 -0.0484
vn 0.1245 -0.9914 -0.0396
vn 0.1563 -0.9877 -0.0088
vn 0.1716 -0.9850 0.0200
vn 0.1707 -0.9846 0.0373
vn 0.1664 -0.9857 0.0276
vn 0.1703 -0.9851 0.0246
vn 0.1654 -0.9862 -0.0069
vn 0.1469 -0.9891 -0.0132
vn 0.1086 -0.9941 -0.0077
vn 0.0963 -0.9950 -0.0270
vn 0.0038 -0.9872 0.1592
vn -0.0506 -0.9847 0.1668
vn -0.0467 -0.9952 0.0860
vn -0.1103 -0.9865 0.1214
vn -0.0982 -0.9935 0.0578
vn -0.1335 -0.9898 0.0507
vn -0.1601 -0.9867 0.0293
vn -0.1025 -0.9946 -0.0173
vn -0.0996 -0.9948 -0.0225
vn -0.1123 -0.9903 0.0823
vn -0.0352 -0.9818 0.1866
vn -0.0336 -0.9656 0.2577
vn -0.0515 -0.9522 0.3011
vn -0.0807 -0.9619 0.2611
vn -0.0641 -0.9821 0.1774
vn -0.0351 -0.9948 0.0957
vn -0.0584 -0.9980 0.0231
vn -0.0972 -0.9952 -0.0052
vn -0.1202 -0.9924 -0.0260
vn -0.1144 -0.9925 -0.0439
vn -0.1009 -0.9940 -0.0421
vn -0.0971 -0.9924 -0.0750
vn -0.0985 -0.9907 -0.0941
vn 0.3099 -0.9163 0.2537
vn 0.1763 -0.8507 0.4952
vn -0.0633 -0.9907 0.1200
vn -0.0642 -0.9924 0.1049
vn -0.0423 -0.9942 0.0990
vn 0.0568 -0.9895 0.1332
vn 0.1335 -0.9853 0.1069
vn 0.1637 -0.9863 0.0179
vn 0.1541 -0.9880 -0.0068
vn 0.1675 -0.9858 0.0116
vn 0.1743 -0.9844 0.0250
vn 0.1673 -0.9856 0.0236
vn 0.1656 -0.9859 0.0257
vn 0.1686 -0.9856 -0.0160
vn 0.1602 -0.9829 -0.0906
vn 0.1562 -0.9844 -0.0805
vn 0.1201 -0.9848 -0.1258
vn 0.1132 -0.9814 -0.1552
vn 0.0468 -0.9968 0.0646
vn 0.0143 -0.9835 -0.1805
vn -0.0136 -0.9675 -0.2526
vn 0.1015 -0.8787 -0.4665
vn -0.2288 -0.9316 0.2825
vn -0.1910 -0.8294 0.5250
vn -0.1318 -0.8581 0.4963
vn -0.0904 -0.8883 0.4503
vn -0.1216 -0.8657 0.4855
vn -0.0798 -0.7389 0.6690
vn -0.1208 -0.6183 0.7766
vn -0.1561 -0.4877 0.8589
vn 0.1232 -0.9108 0.3940
vn 0.3585 -0.9077 -0.2183
vn 0.3328 -0.9179 -0.2160
vn -0.7466 -0.6244 0.2294
vn -0.7624 -0.6416 0.0845
vn -0.7889 -0.6145 -0.0109
vn -0.7694 -0.6316 -0.0955
vn -0.7430 -0.6462 -0.1745
vn -0.1073 -0.9822 0.1542
vn 0.4927 -0.8193 0.2933
vn 0.0035 -0.9623 0.2720
vn 0.0446 -0.9975 0.0549
vn 0.0242 -0.9950 0.0974
vn -0.0138 -0.9836 0.1800
vn -0.0618 -0.9640 0.2586
vn -0.0863 -0.9668 0.2405
vn -0.0380 -0.9902 0.1346
vn -0.0138 -0.8711 0.4909
vn 0.0092 -0.9154 0.4025
vn -0.0022 -0.7482 0.6635
vn -0.0264 -0.7481 0.6631
vn 0.0006 -0.9283 0.3717
vn 0.0023 -0.9350 0.3547
vn 0.0533 -0.9275 0.3699
vn 0.0842 -0.9388 0.3340
vn 0.0661 -0.9741 0.2164
vn 0.0169 -0.9938 0.1097
vn 0.0287 -0.9976 0.0627
vn 0.0383 -0.9983 0.0447
vn 0.0394 -0.9990 0.0222
vn 0.0431 -0.9989 0.0197
vn 0.0512 -0.9971 -0.0560
vn 0.0667 -0.9874 -0.1437
vn 0.0681 -0.9805 -0.1844
vn 0.0534 -0.9660 -0.2531
vn 0.0671 -0.9561 -0.2854
vn 0.0816 -0.9381 -0.3366
vn 0.1142 -0.8244 -0.5543
vn 0.1252 -0.7387 -0.6623
vn 0.1163 -0.7715 -0.6256
vn 0.4217 -0.4082 -0.8097
vn -0.0097 0.8775 0.4795
vn -0.1146 0.6486 0.7524
vn -0.1620 0.6444 0.7473
vn -0.0523 0.8766 0.4784
vn 0.0482 0.8655 0.4986
vn -0.0342 0.6321 0.7742
vn 0.1160 0.8331 0.5409
vn 0.0825 0.5698 0.8177
vn 0.1319 0.8143 0.5653
vn 0.0824 0.5376 0.8392
vn 0.0903 0.8415 0.5327
vn 0.0040 0.5537 0.8327
vn -0.0014 0.9030 0.4297
vn -0.1066 0.6132 0.7827
vn -0.0878 0.9392 0.3320
vn -0.2313 0.6675 0.7078
vn -0.2216 0.9404 0.2581
vn -0.3877 0.6828 0.6193
vn 0.4665 -0.7615 -0.4500
vn 0.6009 -0.6587 -0.4529
vn 0.6260 -0.7739 -0.0966
vn -0.5668 0.8198 0.0823
vn -0.7734 0.6211 0.1266
vn -0.7033 0.6510 0.2854
vn -0.5092 0.8544 0.1030
vn -0.5882 0.8069 0.0542
vn -0.7978 0.6012 0.0448
vn -0.5989 0.8007 -0.0122
vn -0.8074 0.5900 -0.0011
vn -0.5732 0.8147 -0.0875
vn -0.7868 0.6095 -0.0970
vn -0.5477 0.8242 -0.1440
vn -0.7595 0.6232 -0.1863
vn -0.5288 0.8341 -0.1571
vn -0.7433 0.6376 -0.2025
vn 0.7538 -0.6531 0.0732
vn 0.6590 -0.7001 0.2748
vn 0.5212 -0.7763 0.3545
vn 0.3320 -0.7933 0.5104
vn 0.1765 -0.9053 0.3864
vn 0.1224 -0.8523 0.5086
vn 0.0631 -0.7964 0.6014
vn 0.0208 -0.7535 0.6571
vn -0.0106 -0.9324 0.3612
vn -0.0267 -0.9332 0.3584
vn -0.0299 -0.9711 0.2367
vn -0.0254 -0.9627 0.2693
vn -0.0427 -0.9828 0.1797
vn -0.0338 -0.9947 0.0966
vn 0.0875 -0.9929 0.0800
vn 0.1813 -0.9831 0.0274
vn 0.2219 -0.9690 -0.1086
vn 0.3420 -0.9245 -0.1682
vn 0.4495 -0.8885 -0.0927
vn 0.4550 -0.8901 -0.0248
vn 0.4665 -0.8843 0.0204
vn 0.4664 -0.8839 0.0357
vn 0.4668 -0.8836 0.0359
vn 0.4912 -0.8685 0.0666
vn 0.4638 -0.8799 0.1032
vn 0.3925 -0.9036 0.1715
vn 0.3043 -0.9313 0.2004
vn 0.2129 -0.9629 0.1658
vn 0.1533 -0.9871 0.0453
vn 0.0639 -0.9966 -0.0526
vn -0.0167 -0.9979 -0.0618
vn -0.2209 -0.8318 -0.5092
vn -0.1665 0.4303 0.8872
vn -0.2052 0.4399 0.8743
vn -0.0739 0.3783 0.9227
vn 0.0526 0.3001 0.9525
vn 0.0642 0.2608 0.9632
vn -0.0198 0.2757 0.9610
vn -0.1624 0.3142 0.9354
vn -0.3589 0.3706 0.8566
vn -0.5695 0.4275 0.7021
vn -0.0709 -0.9960 0.0549
vn 0.4161 -0.8589 0.2987
vn -0.1156 -0.9931 0.0183
vn -0.1395 -0.9901 -0.0129
vn 0.0268 -0.9972 -0.0699
vn -0.1555 -0.9870 -0.0403
vn -0.0069 -0.9968 -0.0790
vn -0.1520 -0.9876 -0.0402
vn -0.0241 -0.9991 -0.0342
vn -0.1176 -0.9918 -0.0502
vn 0.0201 -0.9996 -0.0219
vn -0.1274 -0.9897 -0.0649
vn 0.0261 -0.9996 -0.0126
vn -0.1219 -0.9905 -0.0634
vn -0.0699 -0.9949 -0.0722
vn -0.0187 -0.9993 -0.0328
vn 0.0214 -0.9989 0.0424
vn 0.0565 -0.9885 0.1400
vn 0.0462 -0.9679 0.2472
vn 0.0114 -0.9411 0.3379
vn -0.0226 -0.9290 0.3694
vn 0.8331 -0.5514 -0.0436
vn 0.1376 -0.9904 0.0094
vn 0.1230 -0.9924 0.0029
vn 0.7932 -0.5930 -0.1388
vn 0.7263 -0.6287 -0.2778
vn -0.8462 0.4940 -0.1997
vn -0.8095 0.5041 -0.3008
vn -0.9403 -0.0748 -0.3321
vn -0.9727 -0.0952 -0.2119
vn -0.8030 -0.5279 -0.2765
vn -0.6294 -0.7652 -0.1352
vn -0.6296 -0.7651 -0.1353
vn -0.8029 -0.5280 -0.2765
vn -0.5534 -0.7415 -0.3795
vn -0.0064 -0.9999 -0.0133
vn -0.4607 -0.7387 -0.4920
vn -0.0468 -0.9988 -0.0153
vn -0.3253 -0.7648 -0.5562
vn -0.0532 -0.9985 -0.0115
vn -0.2082 -0.7922 -0.5736
vn -0.0727 -0.9973 -0.0066
vn -0.1115 -0.8179 -0.5645
vn -0.0341 -0.9994 0.0041
vn -0.0536 -0.8332 -0.5504
vn -0.0067 -0.9999 0.0112
vn 0.0940 -0.8202 -0.5643
vn 0.2313 -0.9728 0.0155
vn 0.1347 -0.7877 -0.6012
vn 0.3004 -0.9537 0.0130
vn -0.3694 -0.6777 -0.6358
vn -0.4093 -0.9122 0.0171
vn -0.4600 -0.6692 -0.5835
vn -0.5027 -0.8643 0.0182
vn -0.1614 -0.8072 -0.5678
vn -0.0564 -0.9983 0.0161
vn -0.0756 -0.8118 -0.5791
vn -0.0033 -0.9999 0.0133
vn 0.0760 -0.7904 -0.6079
vn 0.1062 -0.9943 0.0021
vn 0.2473 -0.7257 -0.6421
vn 0.1787 -0.9839 -0.0084
vn 0.4274 -0.6634 -0.6142
vn 0.1953 -0.9807 -0.0109
vn 0.5970 -0.6419 -0.4812
vn 0.1513 -0.9885 -0.0088
vn 0.1673 -0.9858 0.0163
vn 0.8460 -0.5277 0.0766
vn 0.8109 -0.5534 0.1901
vn 0.2050 -0.9786 0.0147
vn 0.7560 -0.5822 0.2992
vn 0.6902 -0.5835 0.4280
vn 0.2237 -0.9746 0.0138
vn 0.5698 -0.6004 0.5612
vn -0.8776 0.4795 -0.0029
vn -0.8762 0.4820 -0.0029
vn -0.9929 -0.1166 -0.0253
vn -0.9935 -0.1109 -0.0252
vn -0.6421 -0.7660 -0.0308
vn -0.6427 -0.7655 -0.0301
vn -0.6428 -0.7654 -0.0301
vn -0.6422 -0.7659 -0.0308
vn -0.0025 -0.9998 -0.0173
vn 0.0089 -0.9998 -0.0164
vn -0.0246 -0.9996 -0.0132
vn -0.0172 -0.9998 -0.0120
vn -0.0283 -0.9996 -0.0087
vn -0.0202 -0.9998 -0.0079
vn -0.0401 -0.9992 -0.0036
vn -0.0318 -0.9995 -0.0029
vn -0.0098 -0.9999 0.0057
vn -0.0031 -1.0000 0.0063
vn 0.0046 -0.9999 0.0119
vn 0.0078 -0.9999 0.0120
vn 0.2522 -0.9676 0.0151
vn 0.2575 -0.9661 0.0151
vn 0.2973 -0.9547 0.0131
vn 0.2953 -0.9553 0.0132
vn -0.3750 -0.9269 0.0163
vn -0.3626 -0.9318 0.0160
vn -0.4473 -0.8942 0.0172
vn -0.4277 -0.9038 0.0168
vn -0.0475 -0.9988 0.0156
vn -0.0446 -0.9989 0.0158
vn -0.0089 -0.9999 0.0138
vn -0.0115 -0.9998 0.0139
vn 0.0841 -0.9964 0.0034
vn 0.0765 -0.9971 0.0040
vn 0.1609 -0.9869 -0.0073
vn 0.1546 -0.9880 -0.0070
vn 0.2012 -0.9795 -0.0105
vn 0.2050 -0.9787 -0.0104
vn 0.2093 -0.9779 -0.0039
vn 0.2367 -0.9716 -0.0016
vn -0.8676 0.4866 -0.1026
vn -0.9856 -0.1203 -0.1191
vn -0.6355 -0.7676 -0.0826
vn -0.6357 -0.7675 -0.0826
vn -0.0116 -0.9998 -0.0161
vn -0.0331 -0.9994 -0.0140
vn -0.0380 -0.9992 -0.0097
vn -0.0514 -0.9987 -0.0044
vn -0.0179 -0.9998 0.0052
vn 0.0006 -0.9999 0.0117
vn 0.2447 -0.9695 0.0153
vn 0.2991 -0.9541 0.0131
vn -0.3885 -0.9213 0.0166
vn -0.4689 -0.8831 0.0176
vn -0.0511 -0.9986 0.0155
vn -0.0065 -0.9999 0.0135
vn 0.0926 -0.9957 0.0027
vn 0.1678 -0.9858 -0.0078
vn 0.4208 -0.6597 0.6227
vn 0.2679 -0.7224 0.6374
vn 0.1983 -0.9801 -0.0107
vn -0.9709 -0.1115 -0.2117
vn -0.8495 0.4879 -0.2006
vn -0.6286 -0.7660 -0.1342
vn -0.0120 -0.9998 -0.0140
vn -0.6288 -0.7659 -0.1342
vn -0.0408 -0.9991 -0.0151
vn -0.0463 -0.9989 -0.0107
vn -0.0625 -0.9980 -0.0056
vn -0.0261 -0.9996 0.0046
vn -0.0035 -0.9999 0.0113
vn 0.2378 -0.9712 0.0154
vn 0.3001 -0.9538 0.0131
vn -0.3999 -0.9164 0.0169
vn -0.4872 -0.8731 0.0175
vn -0.0538 -0.9984 0.0159
vn -0.0048 -0.9999 0.0133
vn 0.1000 -0.9950 0.0023
vn 0.1738 -0.9848 -0.0080
vn 0.1962 -0.9805 -0.0110
vn 0.1649 -0.9863 -0.0077
vn -0.6274 -0.7518 0.2032
vn -0.8421 -0.5339 0.0762
vn 0.1837 -0.9830 -0.0060
vn 0.1076 -0.7663 0.6334
vn -0.0202 -0.7798 0.6257
vn -0.1252 -0.7686 0.6273
vn -0.1851 -0.7793 0.5986
vn -0.3876 -0.7133 0.5840
vn -0.2880 -0.7200 0.6314
vn 0.2005 -0.7364 0.6461
vn 0.1884 -0.7372 0.6489
vn -0.0149 -0.7813 0.6240
vn -0.1127 -0.7962 0.5945
vn -0.2679 -0.7989 0.5385
vn -0.4189 -0.7869 0.4530
vn -0.5618 -0.7573 0.3330
vn -0.0696 0.3554 -0.9321
vn -0.0347 0.3514 -0.9356
vn -0.0652 -0.2223 -0.9728
vn -0.0895 -0.2191 -0.9716
vn -0.0536 -0.8332 -0.5503
vn -0.1114 -0.8179 -0.5644
vn -0.1499 -0.1866 -0.9709
vn -0.2413 0.4209 -0.8744
vn -0.1264 0.3785 -0.9170
vn -0.2710 -0.1448 -0.9516
vn -0.2083 -0.7923 -0.5734
vn -0.3252 -0.7649 -0.5561
vn -0.4623 -0.0987 -0.8812
vn -0.5638 0.4860 -0.6678
vn -0.3968 0.4574 -0.7958
vn -0.6596 -0.0713 -0.7482
vn -0.4606 -0.7388 -0.4919
vn -0.5532 -0.7416 -0.3794
vn -0.8241 -0.0635 -0.5628
vn -0.6597 -0.0712 -0.7481
vn -0.7084 0.5040 -0.4942
vn -0.2261 -0.1457 0.9632
vn -0.2493 -0.1100 0.9622
vn -0.3875 -0.7133 0.5840
vn -0.1851 -0.7795 0.5985
vn -0.1970 -0.1337 0.9712
vn -0.1892 0.4256 0.8849
vn -0.1251 -0.7687 0.6272
vn -0.0201 -0.7799 0.6256
vn -0.1129 -0.1706 0.9789
vn -0.0690 0.4461 0.8923
vn -0.1387 0.4166 0.8985
vn 0.0121 -0.1383 0.9903
vn 0.1076 -0.7664 0.6333
vn 0.2680 -0.7225 0.6373
vn 0.2003 -0.0806 0.9764
vn 0.2339 0.5872 0.7749
vn 0.0777 0.5158 0.8532
vn 0.3927 0.0031 0.9196
vn 0.4208 -0.6598 0.6225
vn 0.5435 0.7537 0.3695
vn 0.4754 0.7135 0.5147
vn 0.7798 0.1661 0.6037
vn 0.8848 0.1865 0.4271
vn 0.7559 -0.5824 0.2991
vn 0.8108 -0.5536 0.1900
vn 0.9405 0.2469 0.2334
vn 0.8459 -0.5278 0.0767
vn 0.8330 -0.5516 -0.0436
vn 0.9535 0.2941 -0.0661
vn 0.9486 0.3110 0.0589
vn 0.6005 0.7994 0.0192
vn 0.5918 0.7869 0.1748
vn 0.6081 0.7787 -0.1547
vn 0.6057 0.7943 -0.0472
vn 0.9525 0.2311 -0.1983
vn 0.7931 -0.5931 -0.1388
vn 0.7262 -0.6289 -0.2779
vn 0.9024 0.1776 -0.3926
vn 0.3706 0.6556 0.6579
vn 0.6017 0.1105 0.7911
vn 0.6016 0.1104 0.7912
vn 0.3706 0.6557 0.6578
vn -0.1133 -0.1623 0.9802
vn 0.0147 -0.1703 0.9853
vn 0.0346 -0.1945 0.9803
vn -0.0305 -0.2175 0.9756
vn -0.1795 -0.2304 0.9564
vn -0.4033 -0.2253 0.8869
vn -0.6464 -0.1859 0.7400
vn -0.6465 -0.1858 0.7399
vn -0.5696 0.4275 0.7020
vn -0.7366 0.4552 0.5002
vn -0.8360 -0.1406 0.5304
vn -0.8349 0.4641 0.2958
vn -0.9404 -0.1245 0.3165
vn -0.8752 0.4755 0.0894
vn -0.9892 -0.1140 0.0920
vn -0.0389 0.3797 -0.9243
vn -0.0772 -0.1625 -0.9837
vn -0.1307 0.4320 -0.8924
vn -0.1851 -0.1043 -0.9772
vn -0.1716 0.4561 -0.8732
vn -0.2464 -0.1165 -0.9622
vn -0.1615 -0.8073 -0.5677
vn -0.2008 -0.1438 -0.9690
vn -0.1403 0.4614 -0.8760
vn -0.1254 -0.1615 -0.9789
vn -0.0972 0.4656 -0.8796
vn -0.0291 0.4801 -0.8767
vn 0.0091 -0.1303 -0.9914
vn 0.0780 0.5371 -0.8399
vn 0.1938 -0.0242 -0.9807
vn 0.2547 0.6129 -0.7480
vn 0.4292 0.0583 -0.9013
vn 0.4728 0.6946 -0.5423
vn 0.7175 0.1166 -0.6867
vn 0.7176 0.1166 -0.6866
vn 0.4727 0.6945 -0.5423
vn 0.5899 0.7483 -0.3035
vn -0.0148 -0.7814 0.6239
vn 0.1885 -0.7373 0.6487
vn -0.2678 -0.7990 0.5384
vn -0.1126 -0.7963 0.5944
vn -0.5616 -0.7574 0.3330
vn -0.4189 -0.7870 0.4529
vn -0.8422 -0.5338 0.0762
vn -0.6272 -0.7519 0.2031
vn -0.4607 -0.7388 -0.4918
vn 0.0940 -0.8203 -0.5642
vn 0.1348 -0.7877 -0.6011
vn -0.3694 -0.6778 -0.6357
vn -0.0755 -0.8118 -0.5790
vn 0.0760 -0.7904 -0.6078
vn 0.2474 -0.7258 -0.6419
vn 0.4273 -0.6636 -0.6141
vn 0.5969 -0.6421 -0.4811
vn 0.5969 -0.6421 -0.4810
vn 0.5697 -0.6006 0.5610
vn 0.6901 -0.5837 0.4279
vn 0.5697 -0.6005 0.5611
vn -0.2879 -0.7202 0.6312
vn 0.2005 -0.7365 0.6460
vn -0.4188 -0.7870 0.4529
vn -0.0217 -0.2415 0.9702
vn -0.4203 -0.1252 0.8987
vn -0.0024 0.9485 0.3168
vn 0.6504 0.6290 0.4258
vn -0.0024 0.9485 0.3169
vn 0.3435 0.8050 -0.4837
vn 0.5341 0.7100 -0.4590
vn -0.1247 -0.3522 0.9276
vn -0.4397 -0.0614 0.8960
vn -0.4138 -0.4875 0.7689
vn -0.0355 -0.3184 0.9473
vn -0.4007 -0.0705 0.9135
vn -0.0653 -0.2938 0.9536
vn -0.4191 -0.2868 -0.8615
vn 0.2033 -0.5583 -0.8044
vn -0.1661 -0.9802 -0.1081
vn -0.6665 -0.7286 -0.1582
vn -0.3505 -0.7984 0.4896
vn -0.5259 -0.7051 0.4757
vn -0.0216 -0.2414 0.9702
vn 0.1400 -0.3853 0.9121
vn -0.5572 -0.6624 0.5007
vn -0.9184 -0.3949 0.0266
vn -0.7618 -0.6004 -0.2433
vn -0.1535 -0.4370 -0.8863
vn -0.9568 -0.2041 -0.2071
vn -0.8506 -0.4764 -0.2225
vn -0.9603 -0.1897 -0.2043
vn 0.2058 -0.5989 0.7739
vn 0.0782 -0.4561 0.8865
vn 0.0336 -0.4793 0.8770
vn -0.0240 -0.5527 0.8330
vn 0.0501 -0.4916 0.8694
vn 0.1758 -0.1246 0.9765
vn -0.7989 0.2218 -0.5591
vn -0.6821 -0.0016 -0.7312
vn -0.8480 -0.5274 -0.0530
vn -0.9279 -0.3698 0.0474
vn -0.5573 -0.6624 0.5007
vn -0.5684 -0.6480 0.5070
vn 0.2239 -0.5807 0.7828
vn 0.2661 -0.7910 0.5509
vn -0.5565 -0.6437 0.5254
vn -0.5682 -0.6480 0.5071
vn 0.0648 0.5687 0.8200
vn 0.4073 0.9022 0.1420
vn 0.2627 0.9550 0.1374
vn -0.1704 0.6618 0.7301
vn 0.0609 0.9978 -0.0263
vn -0.4750 0.7369 0.4811
vn -0.1838 0.8982 -0.3993
vn -0.7880 0.6141 -0.0444
vn -0.2362 0.7365 -0.6338
vn -0.8356 0.3951 -0.3817
vn -0.7988 0.2219 -0.5592
vn -0.1678 0.6231 -0.7639
vn -0.5934 -0.0427 0.8037
vn -0.6678 -0.1384 0.7314
vn -0.4679 0.4957 0.7317
vn -0.5401 0.0281 0.8411
vn 0.9139 -0.3375 -0.2254
vn 0.7926 0.3301 -0.5126
vn 0.8326 0.5121 -0.2108
vn 0.9701 -0.1214 0.2104
vn 0.6664 0.7450 0.0301
vn 0.6486 0.2566 0.7166
vn 0.0647 0.5686 0.8201
vn -0.3328 -0.1821 0.9253
vn 0.1109 -0.4898 0.8647
vn 0.6486 0.2566 0.7165
vn 0.1640 0.8597 -0.4838
vn -0.7160 0.5939 -0.3669
vn -0.3443 0.3052 -0.8879
vn 0.3158 0.7825 -0.5366
vn -0.2436 -0.7817 0.5742
vn -0.2440 0.0470 0.9686
vn -0.3796 0.1605 0.9111
vn -0.3515 -0.2429 0.9041
vn -0.4115 0.1253 0.9028
vn -0.5104 -0.1606 0.8448
vn -0.3313 0.1542 0.9308
vn -0.8553 -0.2779 0.4373
vn -0.4601 -0.3468 0.8173
vn -0.9176 0.2052 0.3405
vn -0.9263 0.2077 0.3143
vn -0.9382 0.0709 0.3388
vn -0.9941 0.0951 0.0520
vn -0.9978 0.0661 -0.0008
vn -0.4402 -0.8920 0.1028
vn -0.3672 -0.9058 -0.2114
vn -0.4904 0.8636 0.1174
vn 0.1713 0.8430 -0.5098
vn -0.6429 0.7654 -0.0281
vn 0.1825 0.8471 -0.4991
vn 0.8325 0.5123 -0.2108
vn 0.7926 0.3302 -0.5126
vn -0.4923 -0.6909 0.5294
vn -0.5122 -0.1177 0.8507
vn -0.5269 -0.6912 0.4945
vn -0.7217 -0.0789 0.6877
vn -0.5489 -0.6731 0.4957
vn -0.5489 -0.6730 0.4957
vn -0.7217 -0.0787 0.6877
vn -0.9111 -0.1372 0.3886
vn -0.5506 -0.6479 0.5264
vn -0.9540 -0.2502 0.1650
vn -0.5566 -0.6436 0.5253
vn -0.8479 -0.5275 -0.0531
vn 0.2748 -0.9590 0.0694
vn -0.1721 -0.8444 0.5072
vn 0.4079 -0.8730 0.2676
vn -0.1550 -0.8483 0.5063
vn 0.4411 -0.7332 0.5176
vn -0.1417 -0.8579 0.4939
vn -0.3114 -0.7883 0.5307
vn -0.4923 -0.6910 0.5293
vn -0.3910 -0.8724 -0.2933
vn -0.6787 -0.7216 -0.1367
vn -0.8357 0.3950 -0.3816
vn -0.9699 -0.1240 0.2093
vn 0.8377 0.4003 0.3716
vn 0.1399 -0.3853 0.9121
vn -0.8929 -0.0763 0.4437
vn -0.7881 0.6140 -0.0443
vn 0.6892 -0.5108 -0.5139
vn 0.3403 -0.9403 -0.0106
vn -0.1431 -0.8022 -0.5797
vn 0.7079 0.1459 -0.6911
vn -0.0096 -0.2683 -0.9633
vn 0.0124 0.7979 0.6027
vn -0.4751 0.7367 0.4812
vn 0.9139 -0.3377 -0.2255
vn 0.3815 -0.9030 0.1979
vn 0.7687 0.3287 -0.5487
vn -0.5123 -0.1176 0.8507
vn -0.1704 0.6617 0.7301
vn -0.5995 0.8003 0.0146
vn -0.4624 -0.0001 0.8867
vn 0.4410 -0.7332 0.5177
vn 0.4079 -0.8729 0.2676
vn 0.4326 -0.7534 0.4952
vn 0.8491 0.4541 -0.2698
vn -0.3247 -0.1142 0.9389
vn 0.1108 -0.4898 0.8647
vn 0.5382 0.6074 0.5844
vn 0.3575 -0.1218 0.9260
vn 0.9048 0.1501 0.3984
vn 0.6486 0.2565 0.7166
vn 0.6663 0.7450 0.0301
vn -0.4203 -0.1250 0.8987
vn 0.1909 -0.9259 0.3259
vn -0.5505 -0.6480 0.5264
vn -0.6593 -0.1952 0.7261
vn -0.0266 -0.9994 -0.0230
vn -0.5488 -0.6732 0.4956
vn -0.7406 -0.3386 0.5804
vn -0.2309 -0.9406 -0.2488
vn -0.5269 -0.6914 0.4944
vn -0.8270 -0.5046 0.2478
vn -0.3115 -0.7882 0.5308
vn 0.6344 0.2471 -0.7325
vn -0.1295 -0.5336 0.8358
vn 0.4892 0.6799 -0.5463
vn 0.5719 0.6187 -0.5386
vn 0.5638 0.6272 -0.5373
vn 0.5553 0.6588 -0.5075
vn 0.5255 0.6769 -0.5155
vn -0.2950 -0.3712 0.8805
vn -0.3126 -0.4401 0.8418
vn -0.2342 0.3472 -0.9081
vn -0.1188 0.2373 -0.9641
vn -0.2559 0.2275 -0.9396
vn -0.2371 0.2962 -0.9252
vn -0.2098 0.0178 -0.9776
vn -0.1963 0.0934 -0.9761
vn -0.1241 -0.0987 -0.9874
vn -0.1549 -0.0968 -0.9832
vn -0.3052 -0.3439 -0.8880
vn 0.0220 -0.3116 -0.9499
vn 0.2390 -0.2229 -0.9451
vn 0.0310 -0.3267 -0.9446
vn -0.0232 -0.0551 -0.9982
vn -0.1408 -0.1282 -0.9817
vn -0.0261 0.2585 -0.9657
vn -0.0542 0.2590 -0.9643
vn 0.0860 0.2876 -0.9539
vn -0.1948 0.2635 -0.9448
vn -0.3669 0.2405 -0.8986
vn -0.2002 0.0917 -0.9755
vn -0.4141 0.1332 -0.9004
vn -0.2764 0.2568 -0.9261
vn -0.3039 0.3849 -0.8715
vn -0.3285 0.3083 -0.8928
vn -0.4406 0.3172 -0.8398
vn -0.4614 0.2307 -0.8567
vn -0.3669 0.3345 -0.8680
vn -0.5205 0.3030 -0.7983
vn -0.4426 0.2027 -0.8735
vn -0.5360 0.2305 -0.8122
vn -0.5692 0.3214 -0.7568
vn -0.5105 0.1179 -0.8518
vn -0.6695 0.2166 -0.7105
vn -0.4637 -0.0329 -0.8854
vn -0.5841 0.0936 -0.8062
vn -0.5994 -0.1691 -0.7824
vn -0.4302 0.0185 -0.9025
vn -0.3326 -0.7789 -0.5317
vn -0.1475 -0.7520 -0.6424
vn -0.4998 0.0144 -0.8660
vn -0.3181 0.0093 -0.9480
vn -0.2261 -0.0964 -0.9693
vn -0.2558 0.3938 -0.8829
vn -0.6247 0.3239 -0.7105
vn -0.4483 0.2895 -0.8457
vn -0.4747 0.4212 -0.7728
vn -0.9425 0.3113 -0.1216
vn -0.7958 0.2552 -0.5491
vn -0.8286 0.0961 -0.5515
vn -0.8355 0.4203 -0.3539
vn -0.8778 0.4752 -0.0601
vn -0.9195 0.3086 -0.2434
vn -0.9791 -0.1202 0.1640
vn -0.8080 0.5732 0.1365
vn -0.5130 0.1346 -0.8478
vn -0.3720 0.4572 -0.8079
vn -0.2909 0.3709 -0.8819
vn -0.4578 0.3186 -0.8300
vn -0.5344 0.3119 -0.7856
vn -0.5460 0.2889 -0.7864
vn -0.3166 0.5246 -0.7903
vn -0.5706 0.2673 -0.7765
vn -0.6638 0.2355 -0.7099
vn -0.7264 0.2692 -0.6324
vn -0.8982 -0.0668 -0.4344
vn -0.7302 0.1749 -0.6605
vn -0.7369 0.1739 -0.6532
vn -0.0763 -0.8841 -0.4610
vn -0.0330 -0.9289 -0.3689
vn -0.0969 -0.6845 -0.7225
vn -0.9880 -0.1085 -0.1102
vn -0.5108 -0.0948 -0.8545
vn -0.8724 0.2654 -0.4106
vn -0.9044 0.0792 -0.4193
vn -0.9085 0.0493 -0.4151
vn -0.9081 0.0455 -0.4163
vn -0.3807 -0.1230 -0.9165
vn -0.9268 -0.1485 -0.3450
vn -0.2569 0.0517 -0.9650
vn -0.3727 -0.9096 -0.1834
vn -0.9077 -0.2392 -0.3447
vn -0.9899 0.0351 -0.1370
vn -0.9862 -0.1426 -0.0842
vn -0.4031 -0.9098 -0.0986
vn -0.7766 0.5540 -0.2999
vn -0.9716 -0.0952 -0.2166
vn -0.8193 0.1743 -0.5463
vn -0.9277 0.3663 -0.0723
vn -0.3372 0.5315 -0.7770
vn -0.2833 0.2859 -0.9154
vn -0.4197 0.2876 -0.8609
vn -0.2288 0.4348 -0.8710
vn -0.7297 0.6364 -0.2502
vn -0.6630 0.2855 -0.6920
vn -0.3072 0.4291 -0.8494
vn -0.3953 0.2113 -0.8939
vn -0.3141 0.3257 -0.8918
vn -0.2469 0.4878 -0.8373
vn -0.2690 0.3830 -0.8837
vn -0.1004 0.5338 -0.8397
vn 0.0630 0.4067 -0.9114
vn 0.2216 0.5667 -0.7936
vn -0.9844 -0.1733 -0.0303
vn -0.9401 0.3389 -0.0366
vn -0.8663 0.4969 0.0509
vn -0.9402 0.3367 0.0520
vn -0.9945 0.0877 0.0572
vn -0.9928 -0.0617 0.1023
vn -0.4815 -0.8764 0.0138
vn 0.5836 -0.3568 -0.7295
vn 0.5561 -0.8282 -0.0698
vn 0.6056 -0.1672 -0.7780
vn 0.6195 0.0997 -0.7786
vn 0.5834 0.1791 -0.7922
vn 0.2366 0.3503 -0.9063
vn -0.9219 0.3794 0.0778
vn -0.8958 0.2392 0.3745
vn -0.6546 0.1295 0.7448
vn -0.8891 0.4004 0.2215
vn -0.9154 0.3548 -0.1903
vn -0.8974 0.1036 -0.4289
vn -0.5627 0.1960 0.8031
vn -0.3188 0.3414 0.8842
vn -0.4799 0.0392 0.8765
vn -0.5889 0.2888 0.7548
vn -0.4959 0.1878 0.8478
vn -0.3895 0.2043 0.8981
vn -0.4856 0.2690 0.8318
vn -0.4829 0.1587 0.8612
vn -0.5758 0.1856 0.7962
vn -0.6612 0.1206 0.7405
vn -0.6154 0.2080 0.7603
vn -0.5956 0.0770 0.7996
vn -0.4579 0.1342 0.8788
vn -0.7727 0.1856 0.6070
vn -0.6948 0.1743 0.6977
vn -0.7693 0.2350 0.5941
vn -0.3432 0.1770 0.9224
vn -0.3471 0.1000 0.9325
vn -0.2213 0.1235 0.9673
vn -0.4108 0.1472 0.8997
vn -0.3981 0.0614 0.9153
vn -0.4046 0.1308 0.9051
vn -0.4602 -0.0709 0.8850
vn -0.5996 0.0573 0.7983
vn -0.6003 -0.1938 0.7760
vn -0.5123 -0.0860 0.8545
vn -0.4139 -0.4325 0.8010
vn -0.2386 -0.2479 0.9389
vn -0.1628 -0.4152 0.8950
vn -0.2062 -0.2696 0.9406
vn -0.2190 -0.2396 0.9459
vn -0.0222 -0.3613 0.9322
vn -0.2272 -0.1525 0.9618
vn -0.0819 -0.1862 0.9791
vn -0.1383 0.0028 0.9904
vn -0.2880 0.0338 0.9570
vn -0.1215 0.0347 0.9920
vn -0.3200 0.0255 0.9471
vn -0.1130 0.1432 0.9832
vn -0.3416 0.1800 0.9224
vn -0.1253 -0.0451 0.9911
vn -0.2384 0.0425 0.9702
vn -0.1062 -0.2234 0.9689
vn -0.1210 -0.3313 0.9357
vn -0.0098 0.0626 0.9980
vn -0.1938 -0.2742 0.9419
vn -0.0863 -0.1320 0.9875
vn -0.0786 0.1727 0.9818
vn -0.1192 -0.4624 0.8786
vn 0.0161 -0.2991 0.9541
vn -0.0498 -0.2247 0.9732
vn -0.0458 -0.2778 0.9595
vn -0.9427 0.2752 0.1888
vn -0.9411 -0.0966 0.3241
vn -0.9314 -0.2437 0.2703
vn -0.9197 0.3927 0.0009
vn -0.5669 0.3154 0.7610
vn -0.5763 -0.1699 0.7994
vn -0.5767 0.2027 0.7914
vn -0.5136 -0.0976 0.8525
vn -0.2759 0.3476 0.8961
vn -0.3747 -0.1982 0.9057
vn -0.2569 -0.2106 0.9432
vn -0.2149 0.3117 0.9256
vn -0.3999 0.3203 0.8588
vn -0.3794 -0.2752 0.8833
vn -0.1994 0.3534 0.9140
vn -0.1263 0.3600 0.9243
vn -0.2480 0.1066 0.9629
vn -0.2064 0.3490 0.9141
vn -0.0044 0.2868 0.9580
vn 0.0170 0.4956 0.8684
vn -0.0612 -0.4344 0.8986
vn -0.0686 -0.0776 0.9946
vn -0.0942 -0.9730 0.2106
vn -0.0397 -0.9774 0.2076
vn 0.0136 -0.9874 0.1577
vn -0.0107 -0.9051 0.4250
vn -0.0038 -0.9859 0.1675
vn -0.0393 -0.8381 0.5442
vn 0.0502 0.4710 0.8807
vn 0.6679 -0.0466 0.7428
vn 0.7130 0.2208 0.6654
vn -0.0271 0.2549 0.9666
vn 0.1496 0.3561 0.9224
vn -0.0414 0.4824 0.8750
vn 0.1143 0.4725 0.8739
vn -0.0141 0.2983 0.9544
vn -0.5451 0.8307 -0.1134
vn -0.9296 0.0707 0.3618
vn -0.9102 -0.1026 0.4012
vn -0.4580 -0.8652 0.2041
vn -0.8956 -0.1527 0.4178
vn -0.1638 0.0762 0.9835
vn -0.9543 0.0789 0.2883
vn -0.3856 0.0225 0.9224
vn -0.4424 -0.0999 0.8912
vn -0.1343 -0.8196 0.5570
vn -0.9867 -0.0608 0.1504
vn 0.0087 0.8502 -0.5263
vn -0.2213 0.9752 0.0034
vn -0.1206 0.4718 -0.8734
vn -0.3732 0.4416 -0.8159
vn -0.4062 0.4043 -0.8195
vn -0.8178 -0.3419 -0.4630
vn -0.3384 0.0394 -0.9402
vn -0.7206 0.3602 -0.5924
vn -0.9495 -0.0496 -0.3098
vn -0.9981 -0.0580 -0.0209
vn -0.9530 0.1108 0.2821
vn -0.5418 -0.5619 0.6251
vn -0.6245 -0.1474 0.7670
vn -0.4437 -0.4124 0.7956
vn -0.2445 -0.4330 0.8676
vn -0.1739 -0.3359 0.9257
vn -0.0734 -0.5093 0.8574
vn 0.0657 0.4417 0.8947
vn -0.4253 0.8950 -0.1349
vn -0.4271 0.8279 0.3636
vn 0.3435 0.5029 -0.7932
vn 0.0203 -0.2705 -0.9625
vn -0.0391 -0.1990 -0.9792
vn -0.1037 0.9023 -0.4185
vn 0.7520 0.2459 -0.6116
vn -0.0990 0.1443 -0.9846
vn 0.6846 0.0058 -0.7289
vn 0.1610 0.5937 -0.7884
vn 0.6759 0.1707 -0.7169
vn 0.2643 0.5774 -0.7725
vn -0.4874 0.8616 0.1418
vn 0.0910 0.7294 0.6780
vn -0.4797 0.8532 -0.2049
vn 0.0905 0.5282 0.8443
vn 0.1213 0.5436 0.8306
vn -0.1207 0.9926 0.0096
vn 0.7433 -0.2788 0.6081
vn 0.7251 -0.3719 0.5796
vn 0.5088 -0.8320 0.2212
vn 0.4421 0.6428 0.6256
vn 0.4406 0.6254 0.6440
vn 0.2918 0.5206 0.8024
vn 0.2668 0.7514 0.6035
vn 0.1050 0.4489 0.8874
vn 0.1906 0.6668 0.7205
vn -0.3277 0.1786 0.9278
vn 0.0692 0.5380 0.8401
vn 0.1153 0.5670 0.8156
vn -0.2337 0.3175 0.9190
vn -0.7732 -0.6132 0.1615
vn 0.0078 0.9352 -0.3539
vn -0.0201 0.9649 -0.2618
vn -0.0959 0.4339 -0.8958
vn -0.2484 0.3821 -0.8901
vn -0.3549 0.3948 -0.8475
vn -0.0568 0.9315 -0.3593
vn -0.1981 0.9656 -0.1684
vn 0.1444 0.5464 -0.8250
vn -0.2728 0.3514 -0.8956
vn -0.1534 0.3630 -0.9191
vn 0.0463 0.3987 -0.9159
vn -0.3172 0.3743 -0.8714
vn -0.3742 0.3928 -0.8401
vn -0.3887 0.4116 -0.8243
vn -0.0297 0.9283 -0.3707
vn 0.3175 0.6044 -0.7306
vn -0.2393 0.9513 -0.1941
vn 0.2678 0.5576 -0.7857
vn 0.1687 0.4809 -0.8604
vn 0.3280 0.5883 -0.7391
vn -0.3039 0.3365 -0.8913
vn -0.3321 0.3461 -0.8775
vn -0.1927 0.3459 -0.9183
vn -0.0572 0.3324 -0.9414
vn 0.0405 0.3103 -0.9498
vn -0.3970 0.3700 -0.8400
vn -0.5539 0.4205 -0.7186
vn -0.5444 0.4302 -0.7201
vn -0.5580 0.4118 -0.7204
vn -0.0661 0.9280 -0.3668
vn -0.2393 0.9514 -0.1940
vn -0.0418 0.9958 0.0816
vn 0.4590 0.8831 -0.0976
vn 0.3174 0.6045 -0.7306
vn 0.6444 0.7572 0.1070
vn 0.7502 0.2942 -0.5921
vn 0.7744 0.1566 -0.6130
vn 0.7490 0.0905 -0.6563
vn 0.6763 0.0220 -0.7363
vn 0.9554 0.2945 -0.0226
vn -0.4646 -0.0996 -0.8799
vn -0.3038 0.3365 -0.8913
vn -0.2639 0.2645 -0.9276
vn -0.8508 0.1683 -0.4978
vn 0.0989 -0.3263 -0.9401
vn -0.4246 0.2964 -0.8555
vn -0.2351 0.2542 -0.9381
vn -0.2640 0.2644 -0.9276
vn -0.4567 0.3232 -0.8288
vn -0.7188 0.2219 -0.6588
vn 0.0462 -0.0712 -0.9964
vn 0.5795 0.2286 -0.7822
vn -0.5762 -0.2727 -0.7705
vn -0.6353 -0.0603 -0.7699
vn -0.0295 0.1091 -0.9936
vn -0.5850 0.2298 -0.7778
vn 0.6014 -0.1006 -0.7926
vn -0.5850 -0.3610 -0.7262
vn -0.7491 0.4113 -0.5193
vn -0.7324 0.4143 -0.5403
vn -0.5445 0.4302 -0.7200
vn -0.5540 0.4205 -0.7185
vn -0.5581 0.4118 -0.7203
vn -0.7501 0.4140 -0.5158
vn -0.1978 0.9305 -0.3083
vn -0.5850 -0.3610 -0.7263
vn -0.5388 -0.3395 -0.7710
vn -0.2353 0.1174 -0.9648
vn -0.8493 0.2055 -0.4862
vn -0.2014 0.0601 -0.9777
vn -0.4892 0.3011 -0.8185
vn 0.1021 -0.3191 -0.9422
vn -0.5372 0.3189 -0.7809
vn 0.5224 0.2556 -0.8135
vn -0.7115 0.6734 -0.2009
vn -0.1377 -0.1695 -0.9759
vn -0.3986 0.4813 -0.7807
vn 0.5689 -0.3243 -0.7557
vn -0.9079 0.3311 -0.2571
vn -0.8854 0.3638 -0.2892
vn -0.9209 0.2964 -0.2532
vn -0.3219 0.9169 -0.2359
vn -0.3919 -0.2200 -0.8933
vn -0.1988 -0.0878 -0.9761
vn -0.7718 0.3053 -0.5578
vn -0.1987 -0.0879 -0.9761
vn -0.1680 -0.1187 -0.9786
vn 0.3201 0.4585 -0.8290
vn 0.1208 -0.2300 -0.9657
vn -0.5706 0.2782 -0.7727
vn -0.6050 0.2602 -0.7525
vn -0.7090 0.6681 -0.2258
vn -0.1964 -0.1622 -0.9670
vn -0.0716 0.6073 -0.7912
vn -0.1356 -0.8926 -0.4299
vn -0.1360 -0.8749 -0.4648
vn 0.3763 -0.8322 -0.4072
vn -0.9610 0.2586 0.0975
vn -0.9497 0.3056 0.0692
vn -0.9738 0.2057 0.0970
vn -0.4044 0.9142 0.0277
vn -0.9577 0.1525 -0.2441
vn -0.4403 0.3986 -0.8045
vn -0.9865 0.1376 0.0891
vn -0.4967 0.4681 -0.7308
vn -0.1653 -0.7371 -0.6552
vn -0.1654 -0.7371 -0.6552
vn -0.1013 -0.8641 -0.4930
vn 0.1855 -0.0285 -0.9822
vn -0.6395 0.2000 -0.7423
vn -0.7110 0.1790 -0.6801
vn -0.7110 0.1789 -0.6801
vn -0.6978 0.6786 -0.2292
vn -0.6050 0.2601 -0.7526
vn -0.8643 0.2061 0.4588
vn -0.8870 0.2370 0.3963
vn -0.8485 0.1977 0.4909
vn -0.3974 0.8569 0.3283
vn -0.8553 0.1632 0.4917
vn -0.5674 0.7168 -0.4053
vn -0.8388 0.1388 -0.5265
vn -0.9095 0.0542 -0.4122
vn -0.9784 0.0784 -0.1913
vn -0.9938 0.0583 0.0942
vn -0.9189 0.0333 0.3930
vn -0.3717 -0.7229 -0.5824
vn -0.2130 0.5163 -0.8295
vn 0.1488 0.2642 -0.9529
vn -0.6675 0.0948 -0.7386
vn -0.6396 0.2000 -0.7422
vn -0.6676 0.0949 -0.7385
vn -0.7134 0.1307 0.6885
vn -0.7466 0.1300 0.6524
vn -0.6962 0.2227 0.6824
vn -0.3635 0.7872 0.4982
vn -0.1706 0.4136 0.8943
vn -0.3413 -0.1543 0.9272
vn -0.5143 -0.4142 0.7510
vn -0.6835 0.2307 0.6925
vn -0.3053 0.8010 0.5151
vn -0.7476 0.0485 0.6624
vn -0.7841 -0.0178 -0.6203
vn -0.7482 -0.1764 -0.6396
vn -0.9166 -0.1731 -0.3603
vn -0.9809 -0.1259 -0.1483
vn -0.9892 -0.0922 0.1139
vn -0.9086 -0.1035 0.4045
vn -0.7315 -0.1386 0.6676
vn -0.0232 0.4630 -0.8861
vn -0.5989 -0.0999 -0.7945
vn -0.7481 -0.1764 -0.6397
vn -0.3731 -0.8626 -0.3417
vn -0.7840 -0.0178 -0.6205
vn -0.5909 0.0582 0.8047
vn -0.7465 0.1299 0.6526
vn -0.7133 0.1307 0.6886
vn -0.5838 0.0983 0.8059
vn -0.6961 0.2227 0.6826
vn -0.5655 0.1913 0.8022
vn -0.2878 0.7132 0.6391
vn -0.3634 0.7872 0.4982
vn -0.5253 -0.4887 0.6966
vn -0.6263 0.2049 0.7522
vn -0.5974 0.7583 0.2611
vn -0.3053 0.8010 0.5150
vn -0.6834 0.2308 0.6926
vn -0.7474 0.0485 0.6626
vn -0.5866 0.0590 0.8077
vn -0.7314 -0.1386 0.6678
vn -0.5760 -0.1751 0.7985
vn -0.4348 -0.8786 -0.1976
vn -0.4899 -0.8683 -0.0775
vn -0.5466 -0.8352 0.0605
vn -0.5261 -0.8144 0.2450
vn -0.4188 -0.8143 0.4020
vn -0.4188 -0.8143 0.4019
vn -0.2752 -0.8380 0.4712
vn -0.4591 0.1443 0.8766
vn -0.4301 0.0694 0.9001
vn -0.1481 0.6798 0.7183
vn -0.4942 0.1655 0.8535
vn -0.7292 0.0821 0.6793
vn -0.5764 0.1750 0.7982
vn -0.7428 0.6357 0.2098
vn -0.4881 0.1450 0.8607
vn 0.1639 -0.2313 0.9590
vn 0.1452 -0.4119 0.8996
vn 0.0443 0.1159 0.9923
vn -0.4105 -0.3420 0.8453
vn -0.1396 0.3579 0.9233
vn -0.1410 -0.9094 0.3913
vn -0.3340 0.1992 0.9213
vn -0.2736 0.0939 0.9573
vn -0.4177 0.1730 0.8920
vn -0.0026 0.6726 0.7400
vn -0.4821 0.1755 0.8584
vn -0.4163 0.1456 0.8975
vn -0.4337 -0.2232 0.8730
vn -0.3678 0.3403 0.8654
vn -0.1770 -0.4138 0.8930
vn -0.0601 -0.9462 0.3180
vn -0.3185 0.2349 0.9183
vn -0.2657 0.1290 0.9554
vn -0.3656 0.1825 0.9127
vn 0.0149 0.7140 0.7000
vn -0.2268 0.1227 0.9662
vn -0.8307 -0.0585 0.5536
vn -0.1200 0.0209 0.9926
vn -0.0476 -0.3606 0.9315
vn -0.6496 0.1177 0.7511
vn -0.0199 -0.9544 0.2979
vn -0.2783 0.2018 0.9391
vn -0.2393 0.1920 0.9518
vn -0.0684 0.8285 0.5557
vn 0.6718 0.0344 0.7399
vn 0.4114 -0.3766 0.8300
vn -0.2359 -0.6079 0.7582
vn -0.1000 0.1135 0.9885
vn -0.0577 0.1614 0.9852
vn -0.0658 -0.1718 0.9829
vn -0.7829 -0.0095 0.6221
vn 0.6293 0.1492 0.7628
vn 0.2736 0.3619 0.8912
vn -0.0608 -0.4038 0.9128
vn -0.3917 0.4015 0.8278
vn -0.0027 -0.9733 0.2297
vn -0.0590 0.3084 0.9494
vn -0.1259 0.9435 0.3065
vn -0.0693 0.1436 0.9872
vn -0.5378 -0.5213 0.6626
vn 0.0823 0.2240 0.9711
vn 0.0565 0.4532 0.8896
vn -0.1080 -0.3690 0.9231
vn -0.7645 0.0696 0.6409
vn -0.0394 -0.9791 0.1994
vn -0.3054 0.9359 0.1753
vn -0.5941 -0.5280 0.6068
vn -0.0830 0.1061 0.9909
vn 0.0353 0.3032 0.9523
vn 0.0367 0.5835 0.8113
vn 0.0366 0.5836 0.8112
vn -0.4703 0.8646 0.1769
vn -0.3053 0.9360 0.1752
vn 0.0563 0.4534 0.8895
vn -0.0806 -0.0285 0.9963
vn -0.7466 -0.3374 0.5734
vn -0.0415 -0.0630 0.9972
vn -0.0810 -0.4128 0.9072
vn -0.0826 -0.9714 0.2224
vn -0.0159 0.3057 0.9520
vn -0.0106 0.3777 0.9259
vn -0.4772 0.8746 0.0859
vn 0.0171 0.7635 0.6456
vn 0.2448 0.6225 0.7433
vn 0.0172 0.7634 0.6457
vn 0.1933 0.6340 0.7488
vn -0.0188 0.2575 0.9661
vn 0.6374 -0.3933 0.6626
vn 0.6533 -0.2421 0.7174
vn 0.6650 -0.0352 0.7460
vn 0.5097 -0.8288 0.2307
vn -0.0258 0.3420 0.9394
vn -0.0071 0.7944 0.6073
vn -0.4481 0.8923 -0.0551
vn 0.3137 0.5392 0.7816
vn -0.0072 0.7945 0.6072
vn 0.2200 0.6723 0.7069
vn 0.2804 0.6875 0.6698
vn 0.3286 0.6068 0.7238
vn 0.7747 0.1396 0.6167
vn 0.0898 0.7815 0.6174
vn -0.1138 0.9907 -0.0744
vn 0.3113 0.5501 0.7749
vn 0.3086 0.4995 0.8095
vn 0.8980 0.1415 0.4167
vn 0.9594 0.0480 0.2780
vn 0.8807 0.4600 0.1132
vn 0.4741 0.8805 0.0029
vn 0.3114 0.5500 0.7749
vn 0.4742 0.8804 0.0028
vn 0.0077 0.9352 -0.3541
vn 0.3402 0.4998 0.7965
vn 0.0982 0.3004 0.9487
vn -0.0200 0.9649 -0.2620
vn -0.0569 0.9314 -0.3594
vn 0.4388 0.5742 0.6912
vn -0.3583 0.1320 0.9242
vn -0.1981 0.9656 -0.1686
vn -0.0298 0.9282 -0.3708
vn 0.4995 0.5439 0.6743
vn -0.6010 0.1313 0.7884
vn -0.0663 0.9279 -0.3669
vn 0.6318 0.5314 0.5643
vn -0.3473 0.5134 0.7847
vn -0.4746 -0.5252 -0.7063
vn 0.0043 -0.3413 -0.9400
vn 0.0263 0.2372 -0.9711
vn -0.9411 0.2776 0.1932
vn 0.6906 0.2763 -0.6684
vn -0.1646 -0.7318 0.6613
vn 0.0567 0.7225 -0.6890
vn -0.6518 0.0711 0.7550
vn -0.4846 0.7234 -0.4918
vn -0.7295 -0.1677 0.6631
vn -0.6003 0.6294 -0.4935
vn 0.6295 -0.2240 0.7441
vn -0.7816 0.2531 0.5701
vn -0.7755 0.3463 -0.5279
vn -0.6418 -0.3772 -0.6677
vn -0.8507 0.1683 -0.4979
vn -0.9200 0.1391 -0.3663
vn 0.0250 -0.3428 -0.9391
vn -0.6418 -0.3771 -0.6677
vn -0.7659 0.1341 -0.6288
vn -0.0865 0.7357 0.6718
vn -0.7639 0.1487 -0.6279
vn -0.4897 -0.4722 -0.7330
vn 0.1985 -0.3507 -0.9152
vn 0.0463 -0.0713 -0.9964
vn -0.5762 -0.2726 -0.7705
vn -0.5815 -0.2790 -0.7642
vn 0.2191 0.1476 0.9645
vn 0.0679 0.6460 0.7603
vn -0.6962 -0.1165 -0.7083
vn -0.6351 -0.0603 -0.7700
vn -0.5849 0.2298 -0.7779
vn -0.6844 0.1520 -0.7131
vn -0.6442 -0.0276 0.7644
vn -0.7533 0.3355 -0.5657
vn -0.2743 0.9073 -0.3188
vn 0.9500 -0.1074 -0.2931
vn -0.2768 0.8966 -0.3458
vn -0.7726 0.6333 -0.0446
vn -0.1980 0.9304 -0.3083
vn 0.7213 0.5900 0.3628
vn -0.4838 0.8717 0.0774
vn -0.5190 0.8458 -0.1238
vn -0.8492 0.2055 -0.4863
vn -0.8901 0.2349 -0.3906
vn 0.0791 -0.3354 -0.9387
vn -0.7376 -0.2090 -0.6421
vn -0.7399 -0.1532 -0.6550
vn -0.5336 -0.5708 -0.6241
vn -0.0348 -0.1953 -0.9801
vn 0.8618 0.5070 -0.0159
vn 0.0098 -0.2284 -0.9735
vn -0.3986 0.4812 -0.7807
vn -0.5017 0.6174 -0.6059
vn -0.5042 0.3525 0.7883
vn -0.8724 -0.0034 -0.4888
vn -0.3220 0.9169 -0.2359
vn 0.7210 0.6887 0.0764
vn -0.6054 0.0502 -0.7944
vn -0.5769 0.0809 -0.8128
vn -0.3910 0.6703 0.6308
vn -0.9368 0.3287 -0.1201
vn -0.1755 -0.9259 0.3344
vn 0.1516 -0.2405 -0.9587
vn -0.3910 0.6703 0.6307
vn -0.6495 0.1176 0.7512
vn -0.7125 0.2490 0.6560
vn -0.3395 -0.9401 0.0300
vn -0.2818 -0.7743 -0.5667
vn 0.7772 -0.5638 0.2794
vn -0.2308 -0.9017 -0.3657
vn -0.1356 -0.8926 -0.4301
vn -0.0197 -0.5158 0.8565
vn -0.0004 -0.5034 0.8641
vn -0.1360 -0.8748 -0.4649
vn 0.3763 -0.8321 -0.4073
vn 0.6100 -0.5420 0.5781
vn -0.5273 -0.0757 0.8463
vn -0.8188 -0.5489 -0.1682
vn -0.4046 0.9141 0.0278
vn 0.6949 0.7190 -0.0109
vn -0.6593 0.6829 0.3148
vn 0.0189 -0.6550 0.7554
vn 0.0925 -0.9880 -0.1237
vn -0.0981 -0.5382 -0.8371
vn 0.9965 0.0442 -0.0709
vn 0.0863 -0.7650 -0.6382
vn -0.1013 -0.8640 -0.4932
vn 0.1391 -0.4940 0.8583
vn 0.2439 -0.3429 0.9071
vn -0.8649 -0.3093 0.3953
vn 0.3920 -0.8933 -0.2198
vn -0.0174 0.0257 -0.9995
vn 0.0200 -0.4911 -0.8709
vn -0.4195 -0.4787 -0.7713
vn -0.1185 -0.4422 -0.8890
vn -0.0899 -0.9828 -0.1614
vn -0.3976 0.8568 0.3283
vn 0.6649 0.7462 -0.0338
vn 0.3434 -0.9128 0.2211
vn -0.0052 -0.1982 0.9801
vn -0.7756 -0.3211 -0.5434
vn 0.3350 -0.8794 -0.3383
vn -0.5238 -0.6065 0.5981
vn 0.2800 -0.9453 -0.1673
vn 0.4899 -0.3656 0.7914
vn -0.3717 -0.7230 -0.5824
vn 0.3984 0.3289 -0.8562
vn -0.3636 0.7871 0.4983
vn 0.5492 0.8056 -0.2224
vn 0.3753 -0.4961 -0.7830
vn -0.8388 -0.2076 0.5034
vn 0.0799 0.5030 -0.8606
vn -0.1698 -0.4097 -0.8963
vn -0.0331 0.8117 -0.5832
vn -0.0284 0.5765 -0.8166
vn 0.6500 -0.5169 0.5571
vn -0.3732 -0.8625 -0.3418
vn -0.2879 0.7131 0.6392
vn 0.4270 0.8567 -0.2893
vn 0.8176 -0.4850 0.3104
vn -0.4350 -0.8785 -0.1977
vn 0.8592 -0.5001 0.1082
vn -0.4900 -0.8682 -0.0776
vn 0.8196 -0.5611 -0.1161
vn -0.5468 -0.8351 0.0606
vn 0.7259 -0.5892 -0.3549
vn -0.5263 -0.8142 0.2450
vn 0.5836 -0.5911 -0.5567
vn -0.4190 -0.8142 0.4020
vn 0.4966 -0.5427 -0.6774
vn -0.2752 -0.8379 0.4713
vn -0.1482 0.6796 0.7184
vn 0.3562 0.8837 -0.3037
vn 0.1846 -0.4361 0.8808
vn 0.2718 -0.2437 0.9310
vn 0.4155 -0.4213 -0.8062
vn -0.1410 -0.9093 0.3914
vn -0.0027 0.6724 0.7401
vn 0.2944 0.8910 -0.3455
vn 0.1854 -0.3277 -0.9264
vn -0.0601 -0.9461 0.3182
vn 0.0149 0.7139 0.7001
vn 0.3016 0.8859 -0.3525
vn 0.0348 -0.3008 -0.9531
vn -0.0199 -0.9543 0.2981
vn -0.0685 0.8284 0.5559
vn 0.1695 0.8035 -0.5706
vn -0.7762 -0.3251 0.5402
vn -0.6425 0.0427 0.7651
vn -0.3995 0.7434 -0.5365
vn -0.5222 0.1008 0.8468
vn -0.1211 0.7656 0.6318
vn -0.5872 0.3371 -0.7359
vn -0.4692 0.4337 0.7692
vn 0.0083 0.8434 0.5372
vn 0.2531 0.3759 0.8914
vn -0.4244 0.6553 0.6249
vn -0.8927 0.1822 0.4121
vn -0.6949 -0.4205 0.5833
vn -0.4840 -0.3429 0.8051
vn -0.0155 -0.8261 -0.5634
vn -0.5296 -0.3362 0.7788
vn -0.9159 0.1590 0.3687
vn 0.2530 0.3758 0.8915
vn 0.2736 0.3618 0.8912
vn -0.3917 0.4014 0.8279
vn -0.4245 0.6552 0.6249
vn -0.0013 -0.2301 -0.9732
vn -0.0027 -0.9732 0.2299
vn -0.1258 0.9434 0.3067
vn -0.0524 0.4502 -0.8914
vn 0.4316 0.5961 0.6771
vn 0.3954 0.5493 0.7362
vn -0.4245 0.6553 0.6249
vn -0.3916 0.4015 0.8279
vn -0.7644 0.0695 0.6410
vn -0.8928 0.1821 0.4120
vn 0.0278 -0.2011 -0.9792
vn -0.0394 -0.9791 0.1996
vn -0.2572 0.1300 -0.9576
vn -0.0833 0.9956 0.0437
vn 0.9926 0.1031 0.0645
vn -0.5397 0.0551 -0.8401
vn -0.7465 -0.3374 0.5735
vn -0.6948 -0.4206 0.5834
vn 0.0481 -0.2274 -0.9726
vn -0.0826 -0.9714 0.2226
vn -0.5940 -0.5280 0.6070
vn -0.5542 -0.5965 0.5806
vn -0.7124 0.2491 0.6561
vn -0.6494 0.1178 0.7513
vn -0.7827 -0.0095 0.6223
vn -0.8446 0.0572 0.5324
vn -0.6241 0.0419 -0.7803
vn -0.8306 -0.0584 0.5538
vn -0.8714 -0.0416 0.4888
vn -0.7289 -0.2240 0.6469
vn -0.6299 0.2840 -0.7229
vn -0.6005 0.4076 -0.6879
vn -0.7374 0.0687 0.6719
vn -0.6560 0.0684 -0.7517
vn -0.7113 0.3296 0.6209
vn 0.6082 -0.2409 -0.7563
vn 0.5096 -0.8289 0.2307
vn -0.6476 -0.7387 0.1871
vn -0.5408 -0.1869 -0.8201
vn -0.4619 -0.6252 0.6292
vn -0.5129 -0.0018 -0.8584
vn -0.4619 -0.6252 0.6291
vn -0.4336 -0.2233 0.8730
vn 0.1452 -0.4120 0.8995
vn -0.7419 -0.0362 -0.6695
vn -0.6014 0.5668 0.5631
vn 0.5924 0.1475 0.7920
vn -0.5543 -0.5965 0.5804
vn -0.0786 0.0784 -0.9938
vn -0.7717 0.3052 -0.5580
vn -0.7934 0.4177 -0.4428
vn -0.9742 0.1421 -0.1756
vn 0.1978 0.7697 0.6070
vn -0.6949 0.6304 -0.3460
vn 0.0683 0.7861 -0.6144
vn -0.1830 -0.4938 0.8501
vn -0.0186 0.4057 0.9138
vn 0.2067 0.0633 -0.9764
vn -0.4678 0.4509 0.7602
vn 0.2498 -0.9678 0.0298
vn 0.1961 0.0638 -0.9785
vn 0.4354 -0.2610 0.8616
vn -0.4450 -0.4678 0.7637
vn -0.2912 -0.8257 -0.4831
vn -0.4162 -0.4044 0.8144
vn -0.2266 -0.3299 0.9164
vn -0.2651 -0.2986 0.9168
vn 0.7906 0.6054 0.0918
vn -0.6238 -0.6263 0.4675
vn -0.2246 0.1334 0.9653
vn 0.2054 0.9153 0.3464
vn -0.0007 0.4054 0.9141
vn 0.5774 0.5183 0.6308
vn -0.4168 -0.2875 0.8623
vn 0.6836 0.1159 0.7206
vn -0.3760 -0.6530 0.6574
vn 0.7268 -0.1583 0.6683
vn 0.3693 -0.8121 0.4517
vn -0.5142 0.6378 -0.5734
vn -0.7934 0.4177 -0.4427
vn -0.8902 0.2349 -0.3904
vn -0.9201 0.1391 -0.3662
vn -0.9245 -0.1548 0.3484
vn -0.7293 0.0822 0.6792
vn -0.5254 -0.4885 0.6967
vn -0.4917 -0.5690 0.6591
vn -0.5143 -0.4140 0.7510
vn -0.4553 -0.5275 0.7173
vn -0.3414 -0.1542 0.9272
vn -0.2657 -0.2170 0.9393
vn 0.6051 -0.0124 0.7960
vn -0.5539 -0.5573 0.6185
vn 0.2159 -0.8565 0.4688
vn -0.7278 0.6805 -0.0847
vn -0.6856 0.7221 -0.0918
vn -0.2668 -0.2198 -0.9384
vn -0.4740 -0.3849 -0.7920
vn -0.7163 0.6813 -0.1505
vn -0.7277 0.6806 -0.0848
vn -0.4740 -0.3849 -0.7919
vn -0.5667 -0.3911 -0.7252
vn -0.9540 0.0080 -0.2996
vn -0.2826 -0.8262 0.4873
vn 0.5447 -0.5817 0.6041
vn -0.7125 0.2491 0.6559
vn 0.2720 -0.2438 0.9309
vn 0.2191 0.1477 0.9645
vn -0.7125 0.2492 0.6560
vn -0.8446 0.0572 0.5323
vn -0.8715 -0.0417 0.4886
vn 0.6626 -0.5524 -0.5058
vn 0.2432 0.6400 -0.7288
vn 0.3727 -0.6878 -0.6230
vn 0.0928 0.4142 -0.9055
vn -0.1655 -0.3480 -0.9228
vn -0.8304 0.2521 0.4969
vn 0.3908 -0.3408 0.8551
vn -0.7271 0.1318 0.6737
vn -0.0543 -0.9138 0.4025
vn -0.5161 0.7297 0.4486
vn 0.6155 -0.0981 0.7820
vn -0.5491 0.7279 0.4107
vn 0.6212 -0.0493 0.7821
vn -0.3992 0.6335 0.6628
vn 0.6141 -0.1626 0.7723
vn -0.4279 0.6932 0.5801
vn 0.3538 0.9057 0.2335
vn 0.6142 0.7202 0.3225
vn 0.1701 0.0192 0.9852
vn 0.9385 0.0473 0.3420
vn -0.4624 0.8864 0.0210
vn -0.0958 0.1769 0.9796
vn -0.4267 0.9026 -0.0567
vn 0.9752 0.0679 -0.2107
vn 0.2612 0.0521 -0.9639
vn -0.0729 0.3354 -0.9392
vn -0.6368 0.3387 0.6927
vn 0.5433 -0.4917 0.6805
vn 0.3586 -0.8088 0.4662
vn -0.8332 0.0132 0.5528
vn -0.4542 0.6492 0.6102
vn 0.6848 -0.2059 0.6990
vn -0.3677 0.7836 0.5007
vn 0.7364 -0.0825 0.6714
vn -0.6308 0.2688 0.7279
vn 0.3073 -0.4143 0.8567
vn -0.3571 -0.9329 0.0475
vn -0.0159 -0.9758 -0.2180
vn 0.3045 -0.8939 0.3289
vn -0.2409 -0.5842 0.7750
vn 0.3975 -0.7709 0.4978
vn -0.2814 -0.5662 0.7747
vn 0.4163 0.7709 -0.4820
vn -0.0110 0.1232 -0.9923
vn -0.5397 0.8182 -0.1979
vn 0.3708 0.7889 -0.4900
vn 0.2829 -0.8353 0.4715
vn -0.4131 -0.6291 0.6585
vn 0.5349 0.8426 -0.0629
vn -0.5234 0.8433 -0.1218
vn -0.3312 0.9426 -0.0430
vn 0.4555 0.8474 -0.2727
vn 0.3807 0.8915 0.2456
vn -0.5780 0.8150 0.0411
vn -0.5708 0.8162 0.0898
vn 0.4436 0.8885 0.1176
vn 0.4489 0.8886 0.0945
vn 0.1928 0.4179 0.8878
vn 0.0281 0.4617 0.8866
vn 0.5899 0.8021 0.0934
vn -0.7087 0.6673 0.2290
vn 0.0394 0.4637 0.8851
vn 0.0583 0.4168 0.9072
vn -0.1928 -0.6058 0.7720
vn -0.5020 -0.7294 0.4646
vn 0.2089 0.0152 0.9778
vn -0.9787 0.0401 0.2015
vn -0.5016 -0.6569 0.5629
vn -0.4631 -0.8572 -0.2254
vn -0.8902 0.2974 -0.3451
vn -0.4752 -0.6729 -0.5669
vn -0.9063 -0.0202 -0.4222
vn -0.5928 -0.7333 -0.3329
vn -0.9649 -0.1294 -0.2287
vn -0.5294 -0.8195 0.2193
vn -0.9644 -0.2641 0.0090
vn -0.9316 -0.2734 0.2396
vn -0.5639 -0.8246 -0.0447
vn -0.3888 -0.7720 0.5028
vn -0.8628 -0.2164 0.4569
vn -0.4568 -0.8737 -0.1674
vn -0.4340 -0.7658 0.4746
vn -0.2431 -0.5644 0.7889
vn -0.0997 0.1382 0.9854
vn -0.6772 -0.0126 0.7357
vn -0.3237 -0.5551 0.7662
vn -0.2086 -0.5027 0.8389
vn -0.6677 0.1232 0.7341
vn -0.4920 -0.8504 0.1864
vn -0.8874 -0.3343 0.3174
vn 0.5474 0.6991 -0.4600
vn 0.4909 0.7557 -0.4336
vn -0.2906 -0.6639 0.6891
vn -0.7684 -0.1803 0.6140
vn -0.7188 -0.0692 0.6917
vn -0.2245 -0.5780 0.7845
vn -0.7098 -0.0385 0.7034
vn -0.2176 -0.5716 0.7911
vn -0.8193 -0.5249 0.2305
vn -0.3394 -0.9351 0.1016
vn 0.6096 0.7463 -0.2671
vn 0.6191 0.7799 -0.0914
vn 0.5657 0.8205 0.0821
vn 0.5138 0.8221 0.2451
vn 0.5224 0.8486 0.0837
vn 0.1310 0.3728 0.9186
vn 0.1455 0.4601 0.8758
vn 0.2953 0.6546 0.6959
vn -0.5167 -0.7723 0.3696
vn -0.3936 -0.8003 -0.4522
vn -0.4455 -0.8701 -0.2108
vn -0.4783 -0.7297 -0.4886
vn -0.5937 -0.7507 -0.2896
vn -0.5638 -0.8249 -0.0409
vn -0.5315 -0.8225 0.2025
vn -0.4551 -0.7802 0.4292
vn -0.3868 -0.7552 0.5292
vn -0.2532 -0.5967 0.7615
vn -0.3662 -0.6760 0.6394
vn -0.2070 -0.4986 0.8418
vn -0.4903 -0.8512 0.1873
vn 0.9804 -0.0121 -0.1965
vn 0.0650 0.1549 -0.9858
vn 0.9936 0.0556 -0.0986
vn 0.9998 0.0176 -0.0064
vn 0.9885 0.1200 0.0919
vn 0.9707 0.1561 0.1826
vn -0.1291 0.5108 0.8500
vn 0.7951 -0.0801 0.6011
vn 0.1328 0.9760 0.1726
vn -0.6490 -0.3861 0.6555
vn 0.4230 -0.9060 -0.0171
vn 0.0853 0.1862 0.9788
vn 0.5351 -0.8429 0.0562
vn 0.2614 -0.9279 -0.2657
vn 0.0767 -0.9652 -0.2501
vn 0.1062 -0.9930 -0.0518
vn 0.1606 -0.9776 0.1359
vn 0.1723 -0.9257 0.3368
vn -0.3327 -0.9313 -0.1484
vn 0.3379 -0.7657 0.5473
vn -0.1386 -0.1290 0.9819
vn 0.4467 -0.7449 0.4956
vn 0.0039 -0.9999 0.0152
vn 0.2927 0.6634 -0.6887
vn -0.4795 0.8012 -0.3581
vn -0.4497 0.8574 -0.2501
vn 0.3993 0.7700 -0.4977
vn -0.2148 -0.5930 0.7760
vn 0.0945 0.0735 0.9928
vn -0.7080 -0.0941 0.6999
vn -0.2077 -0.5197 0.8287
vn 0.4132 0.6288 -0.6587
vn 0.5424 0.7008 -0.4633
vn -0.2643 -0.5859 0.7661
vn -0.3495 -0.5249 0.7761
vn -0.4135 0.8976 -0.1526
vn 0.4748 0.8279 -0.2986
vn 0.6067 0.7478 -0.2696
vn -0.2262 -0.5527 0.8021
vn -0.7287 -0.0055 0.6848
vn -0.2332 -0.5964 0.7680
vn 0.3514 -0.7763 0.5233
vn -0.0721 -0.0597 0.9956
vn 0.9641 0.0753 -0.2546
vn 0.9048 0.0619 -0.4213
vn 0.9882 0.1003 -0.1155
vn -0.2907 -0.1056 0.9510
vn -0.3941 0.9176 -0.0519
vn 0.5017 0.8598 -0.0953
vn 0.6111 0.7857 -0.0963
vn 0.9912 0.1320 -0.0131
vn 0.0578 0.0700 0.9959
vn -0.1799 0.3280 0.9274
vn -0.0071 0.0661 0.9978
vn -0.3414 0.1420 0.9291
vn -0.4418 0.8959 0.0464
vn 0.4560 0.8834 0.1080
vn 0.5698 0.8172 0.0861
vn 0.9767 0.1852 0.1081
vn -0.4835 0.8682 0.1118
vn 0.3973 0.8790 0.2638
vn 0.5089 0.8257 0.2434
vn 0.9518 0.2275 0.2057
vn -0.5298 0.8114 0.2469
vn 0.2910 0.7829 0.5499
vn 0.3762 0.7457 0.5499
vn 0.8954 0.1994 0.3981
vn 0.2909 0.7828 0.5500
vn -0.5298 0.8114 0.2470
vn -0.6303 0.6338 0.4482
vn 0.0367 0.4355 0.8994
vn 0.3761 0.7456 0.5501
vn 0.1109 0.4057 0.9072
vn 0.7413 -0.0561 0.6688
vn -0.8211 0.2657 0.5052
vn -0.3023 -0.1854 0.9350
vn -0.2661 -0.2333 0.9353
vn 0.4887 -0.5739 0.6572
vn -0.9627 -0.1212 0.2417
vn -0.4921 -0.7245 0.4827
vn -0.4897 -0.7589 0.4292
vn 0.2850 -0.9053 0.3149
vn -0.4920 -0.7246 0.4825
vn -0.9598 -0.1544 -0.2345
vn -0.4988 -0.8358 -0.2294
vn -0.4896 -0.7590 0.4291
vn -0.4921 -0.8445 -0.2113
vn 0.2697 -0.9609 -0.0629
vn 0.2851 -0.9052 0.3150
vn -0.9109 -0.0456 -0.4102
vn -0.4846 -0.6762 -0.5550
vn -0.4904 -0.7277 -0.4796
vn 0.2386 -0.9288 -0.2837
vn -0.9731 -0.0953 -0.2098
vn -0.5712 -0.7432 -0.3484
vn -0.5672 -0.7634 -0.3090
vn 0.1886 -0.9533 -0.2357
vn -0.9845 -0.1750 0.0157
vn -0.5703 -0.8200 -0.0487
vn -0.5693 -0.8213 -0.0372
vn 0.1893 -0.9806 -0.0516
vn -0.9552 -0.1811 0.2343
vn -0.5225 -0.8254 0.2137
vn -0.5233 -0.8291 0.1969
vn 0.2296 -0.9633 0.1390
vn -0.8893 -0.1303 0.4383
vn -0.4507 -0.7634 0.4627
vn -0.4597 -0.7770 0.4300
vn 0.2942 -0.9014 0.3177
vn -0.8118 -0.0393 0.5826
vn -0.3600 -0.6662 0.6531
vn -0.3734 -0.7004 0.6083
vn 0.3410 -0.8579 0.3842
vn -0.3599 -0.6661 0.6533
vn -0.7132 0.0601 0.6984
vn -0.2517 -0.5539 0.7937
vn -0.2649 -0.5882 0.7641
vn 0.4376 -0.7592 0.4818
vn -0.6603 0.1057 0.7436
vn -0.2077 -0.5035 0.8386
vn -0.2054 -0.4994 0.8416
vn 0.4299 -0.7424 0.5139
vn -0.8868 -0.3361 0.3171
vn -0.4910 -0.8506 0.1883
vn -0.4907 -0.8509 0.1877
vn 0.0036 -0.9998 0.0171
vn -0.4794 0.8012 -0.3582
vn -0.7684 -0.1804 0.6140
vn -0.8369 -0.3013 0.4570
vn -0.4496 0.8575 -0.2502
vn -0.4672 0.7835 -0.4096
vn -0.7188 -0.0693 0.6918
vn -0.7683 -0.1804 0.6141
vn -0.4793 0.8012 -0.3582
vn -0.8887 -0.3602 0.2838
vn -0.4133 0.8977 -0.1527
vn -0.4546 0.7876 -0.4159
vn -0.7097 -0.0386 0.7035
vn -0.4672 0.7836 -0.4096
vn -0.2719 0.8591 -0.4337
vn -0.8798 -0.0735 -0.4695
vn -0.9228 -0.0790 0.3770
vn -0.8620 -0.0456 -0.5049
vn -0.1899 0.9176 -0.3492
vn -0.9710 -0.0591 0.2317
vn -0.1196 0.9640 -0.2375
vn -0.9888 -0.1071 0.1039
vn -0.2610 0.8602 0.4381
vn -0.9609 -0.2315 -0.1522
vn -0.2475 0.8303 0.4993
vn -0.8793 -0.0348 -0.4751
vn -0.9190 -0.3843 0.0880
vn -0.3939 0.9177 -0.0519
vn -0.1293 0.9808 -0.1463
vn -0.9910 -0.1308 0.0274
vn -0.5530 0.1210 0.8243
vn 0.1004 0.0681 0.9926
vn -0.5913 0.2268 -0.7739
vn -0.8193 -0.5249 0.2306
vn -0.4546 0.7876 -0.4160
vn 0.0288 0.0251 0.9993
vn -0.1886 0.4773 0.8583
vn 0.2328 0.5548 0.7988
vn -0.8935 -0.4341 -0.1147
vn -0.4416 0.8960 0.0463
vn -0.5959 0.4586 0.6592
vn -0.6100 0.4557 0.6483
vn -0.4416 0.8960 0.0464
vn -0.8570 -0.4480 -0.2547
vn -0.4833 0.8683 0.1118
vn -0.2313 0.9685 0.0923
vn -0.4678 0.4475 -0.7622
vn -0.9505 -0.2504 -0.1839
vn -0.4742 0.4564 -0.7529
vn -0.7961 -0.3335 -0.5050
vn -0.5296 0.8114 0.2471
vn -0.3435 0.8541 0.3906
vn -0.8597 -0.2368 -0.4526
vn -0.6147 0.0158 -0.7886
vn -0.6302 0.6338 0.4484
vn -0.5845 0.5577 0.5893
vn -0.7371 0.1532 -0.6582
vn -0.4079 0.4817 -0.7756
vn -0.8210 0.2656 0.5053
vn -0.7797 0.2690 0.5654
vn -0.6590 0.5332 -0.5305
vn -0.2885 0.8223 -0.4905
vn -0.9627 -0.1214 0.2418
vn -0.9460 -0.1576 0.2833
vn -0.2014 0.8594 -0.4699
vn -0.2866 0.9557 0.0670
vn -0.9597 -0.1546 -0.2346
vn -0.9479 -0.2304 -0.2200
vn -0.2491 0.9665 0.0610
vn -0.2372 0.8708 0.4306
vn -0.9108 -0.0458 -0.4103
vn -0.9513 -0.1037 -0.2902
vn -0.2621 0.9357 0.2360
vn -0.1773 0.9360 0.3040
vn -0.9731 -0.0955 -0.2098
vn -0.9788 -0.1476 -0.1417
vn -0.1808 0.9611 0.2090
vn -0.1807 0.9792 0.0920
vn -0.9844 -0.1751 0.0157
vn -0.9836 -0.1793 0.0179
vn -0.1898 0.9809 0.0423
vn -0.2146 0.9738 -0.0755
vn -0.9551 -0.1813 0.2342
vn -0.9644 -0.2406 0.1096
vn -0.2073 0.9700 -0.1269
vn -0.2595 0.9379 -0.2303
vn -0.8893 -0.1305 0.4384
vn -0.9546 -0.1990 0.2218
vn -0.3080 0.9076 -0.2852
vn -0.3151 0.8753 -0.3669
vn -0.8117 -0.0395 0.5827
vn -0.9109 -0.1136 0.3967
vn -0.3866 0.8596 -0.3341
vn -0.3674 0.8185 -0.4417
vn -0.7132 0.0599 0.6984
vn -0.8010 -0.1521 0.5790
vn -0.3814 0.7790 -0.4976
vn -0.7132 0.0600 0.6984
vn -0.3638 0.8205 -0.4409
vn -0.6602 0.1055 0.7436
vn -0.7758 0.1360 0.6161
vn -0.5303 0.7406 -0.4127
vn -0.6602 0.1056 0.7437
vn -0.3638 0.8206 -0.4408
vn -0.6026 0.3243 -0.7292
vn -0.8868 -0.3361 0.3172
vn -0.8868 -0.3362 0.3171
vn -0.6025 0.3242 -0.7293
vn -0.1755 -0.1153 -0.9777
vn -0.4910 -0.8505 0.1885
vn -0.1751 -0.1147 -0.9778
vn -0.4907 -0.8508 0.1878
vn 0.2421 -0.4458 -0.8618
vn 0.0037 -0.9998 0.0172
vn -0.9475 -0.0946 0.3055
vn -0.7156 0.4407 -0.5419
vn -0.5111 0.7208 0.4683
vn -0.5022 0.7210 0.4775
vn 0.3654 -0.2937 0.8833
vn 0.6017 -0.0860 0.7941
vn -0.5003 0.6843 0.5306
vn 0.6506 -0.1111 0.7513
vn -0.7370 0.1302 0.6632
vn -0.0622 -0.6717 0.7382
vn 0.6413 -0.2059 0.7391
vn -0.4470 0.6868 0.5731
vn -0.3253 0.8491 0.4162
vn 0.7610 -0.0588 0.6460
vn 0.7610 -0.0588 0.6461
vn 0.9361 0.1740 0.3058
vn -0.2661 0.9518 0.1525
vn -0.3254 0.8491 0.4162
vn 0.9593 0.2130 -0.1853
vn -0.2775 0.9507 -0.1383
vn 0.8332 -0.0132 -0.5529
vn -0.3586 0.8087 -0.4663
vn 0.0215 0.4797 0.8772
vn 0.4491 -0.4293 0.7836
vn 0.3672 0.2149 0.9050
vn -0.5726 0.2682 0.7748
vn 0.6463 -0.1442 0.7493
vn -0.3805 0.6197 0.6864
vn 0.7422 -0.0803 0.6653
vn -0.4026 0.7819 0.4761
vn 0.3058 -0.4324 0.8483
vn -0.7345 0.2037 0.6473
vn -0.5110 0.7207 0.4684
vn -0.5498 0.1491 -0.8219
vn -0.4614 0.2423 -0.8534
vn -0.5021 0.7209 0.4777
vn 0.3654 -0.2936 0.8834
vn 0.4065 -0.7813 -0.4737
vn 0.5624 -0.6607 -0.4972
vn 0.6015 -0.0860 0.7942
vn -0.5001 0.6843 0.5307
vn -0.6129 0.1602 -0.7738
vn 0.5376 -0.6356 -0.5541
vn 0.6505 -0.1110 0.7514
vn -0.7183 -0.3173 -0.6192
vn -0.7370 0.1303 0.6632
vn -0.7370 0.1301 0.6633
vn -0.7181 -0.3175 -0.6193
vn -0.0537 -0.9866 -0.1542
vn -0.0622 -0.6716 0.7383
vn 0.4066 -0.7812 -0.4737
vn 0.3654 -0.2935 0.8834
vn 0.4525 -0.6801 -0.5767
vn 0.6412 -0.2058 0.7392
vn -0.4469 0.6868 0.5732
vn -0.6355 0.2121 -0.7424
vn -0.3252 0.8491 0.4163
vn -0.7602 0.0598 -0.6469
vn 0.3264 -0.8482 -0.4170
vn 0.7610 -0.0586 0.6461
vn 0.2656 -0.9520 -0.1520
vn 0.9360 0.1742 0.3058
vn -0.2659 0.9518 0.1526
vn -0.9362 -0.1744 -0.3052
vn 0.2773 -0.9508 0.1383
vn 0.9593 0.2132 -0.1854
vn -0.2773 0.9508 -0.1382
vn -0.9593 -0.2132 0.1854
vn 0.3585 -0.8087 0.4663
vn 0.8331 -0.0131 -0.5530
vn -0.3584 0.8088 -0.4663
vn -0.8331 0.0131 0.5530
vn 0.5431 -0.4917 0.6806
vn 0.6367 -0.3387 -0.6928
vn -0.5431 0.4917 -0.6806
vn -0.6367 0.3387 0.6928
vn 0.6847 -0.2057 0.6992
vn 0.4540 -0.6493 -0.6102
vn -0.6848 0.2057 -0.6991
vn -0.4541 0.6491 0.6103
vn 0.7364 -0.0824 0.6715
vn 0.3813 -0.7682 -0.5143
vn -0.7223 0.0983 -0.6846
vn -0.3676 0.7836 0.5008
vn 0.3072 -0.4143 0.8567
vn 0.0361 -0.9933 -0.1094
vn 0.0361 -0.9934 -0.1093
vn -0.9117 -0.3255 -0.2506
vn -0.9118 -0.3254 -0.2505
vn -0.6307 0.2688 0.7280
vn 0.1375 0.9747 -0.1764
vn 0.3131 0.8680 -0.3855
vn 0.2729 0.9369 -0.2183
vn 0.2481 0.9360 -0.2497
vn 0.2321 0.9208 -0.3136
vn 0.1782 0.8807 -0.4389
vn 0.2191 0.8976 -0.3825
vn 0.1545 0.9492 -0.2741
vn 0.0911 0.9620 -0.2575
vn 0.2095 0.9551 -0.2095
vn 0.1172 0.9785 -0.1697
vn 0.1820 0.9064 -0.3811
vn 0.3042 0.9235 -0.2339
vn 0.2491 0.9258 -0.2843
vn 0.1169 0.9630 -0.2427
vn 0.2393 0.9453 -0.2218
vn 0.1267 0.8460 -0.5179
vn 0.0472 0.8574 -0.5126
vn 0.2200 0.8332 -0.5073
vn 0.0606 0.8477 -0.5270
vn 0.0498 0.4959 -0.8670
vn 0.0907 0.3715 -0.9240
vn 0.0431 0.5025 -0.8635
vn 0.0397 0.4644 -0.8847
vn 0.3150 0.4231 -0.8495
vn 0.3017 0.5807 -0.7562
vn 0.2390 0.6156 -0.7510
vn 0.3449 0.4869 -0.8025
vn 0.1101 0.7006 -0.7050
vn 0.1677 0.7226 -0.6706
vn 0.3417 0.6674 -0.6617
vn 0.1371 0.7912 -0.5959
vn 0.0973 0.8549 -0.5097
vn 0.1373 0.7960 -0.5896
vn 0.0918 0.8438 -0.5288
vn 0.1477 0.8718 -0.4671
vn 0.0762 0.6423 -0.7627
vn -0.3204 0.5113 -0.7975
vn -0.0084 0.6409 -0.7675
vn 0.0467 0.7615 -0.6465
vn 0.1761 0.8513 -0.4943
vn 0.0683 0.9002 -0.4301
vn -0.1353 0.8554 -0.5000
vn -0.0070 0.7886 -0.6149
vn 0.0097 0.5561 -0.8311
vn 0.0590 0.8411 -0.5377
vn -0.1221 0.5944 -0.7948
vn 0.0593 0.6274 -0.7764
vn -0.0007 0.6251 -0.7805
vn -0.0067 0.6375 -0.7704
vn 0.0210 0.2677 -0.9633
vn -0.0492 0.5647 -0.8238
vn -0.1767 0.0089 -0.9842
vn -0.1429 0.1115 -0.9834
vn -0.1274 -0.0714 -0.9893
vn -0.1322 0.2984 -0.9452
vn -0.0272 0.2735 -0.9615
vn 0.1179 0.0975 -0.9882
vn 0.0077 0.3452 -0.9385
vn 0.0674 0.2941 -0.9534
vn 0.0590 0.5964 -0.8005
vn 0.0511 0.5690 -0.8208
vn -0.0349 0.6033 -0.7967
vn -0.0181 0.7126 -0.7013
vn 0.0833 0.7846 -0.6144
vn 0.1128 0.7607 -0.6393
vn 0.1925 0.9642 -0.1825
vn 0.1405 0.9725 -0.1856
vn 0.1485 0.9786 -0.1425
vn 0.1349 0.9851 -0.1065
vn 0.1560 0.9783 -0.1362
vn 0.1477 0.9789 -0.1414
vn 0.1232 0.9412 -0.3146
vn 0.0841 0.9019 -0.4238
vn 0.2464 0.9014 -0.3560
vn 0.2067 0.8638 -0.4596
vn 0.1786 0.9169 -0.3569
vn 0.2888 0.8792 -0.3789
vn 0.1542 0.9153 -0.3721
vn 0.4714 0.8746 -0.1130
vn 0.1765 0.3664 -0.9135
vn 0.3437 0.1856 -0.9205
vn 0.3800 0.5360 -0.7538
vn 0.2071 0.1504 -0.9667
vn 0.3434 0.1589 -0.9257
vn 0.4492 -0.0338 -0.8928
vn 0.2275 -0.0471 -0.9726
vn 0.3924 -0.1167 -0.9124
vn 0.4976 0.0523 -0.8658
vn 0.2262 -0.0317 -0.9736
vn 0.0105 -0.0178 -0.9998
vn -0.1050 -0.1497 -0.9831
vn 0.8880 0.1084 -0.4468
vn 0.8746 0.0037 -0.4849
vn 0.8820 0.0948 -0.4616
vn 0.8651 0.1595 -0.4756
vn 0.3464 -0.0132 -0.9380
vn 0.3713 0.0508 -0.9271
vn -0.0686 0.2599 -0.9632
vn -0.7639 0.1209 -0.6339
vn -0.7233 0.4320 -0.5388
vn -0.1161 -0.1116 -0.9869
vn -0.0266 0.5867 -0.8094
vn -0.1036 0.3207 -0.9415
vn -0.0208 0.5714 -0.8204
vn -0.2165 -0.0847 -0.9726
vn -0.1525 -0.0652 -0.9861
vn -0.1679 -0.0420 -0.9849
vn -0.2031 -0.1731 -0.9637
vn -0.1450 -0.2183 -0.9651
vn -0.1822 -0.0789 -0.9801
vn -0.1135 -0.0434 -0.9926
vn -0.5596 0.6745 -0.4816
vn -0.3433 -0.0155 -0.9391
vn 0.0100 0.6770 -0.7359
vn -0.6668 0.5955 -0.4480
vn -0.1532 -0.0866 -0.9844
vn 0.0164 0.6981 -0.7158
vn 0.7316 0.5695 -0.3748
vn 0.1882 0.3019 -0.9346
vn -0.2828 0.9522 0.1157
vn -0.5356 0.3572 -0.7652
vn -0.3384 0.9309 0.1375
vn -0.3452 0.9331 0.1010
vn -0.4396 0.8937 0.0898
vn -0.4536 0.8900 0.0471
vn -0.4826 0.8756 -0.0197
vn 0.2329 0.9628 -0.1371
vn 0.1705 0.9747 -0.1442
vn 0.1130 0.9892 -0.0929
vn 0.1792 0.9781 -0.1062
vn 0.2714 0.9577 -0.0956
vn 0.1045 0.9865 -0.1258
vn 0.0751 0.9600 -0.2699
vn 0.9774 0.1877 -0.0969
vn 0.9460 0.1267 -0.2983
vn 0.9918 0.0976 -0.0824
vn 0.9285 0.1689 -0.3307
vn 0.9548 -0.0189 -0.2968
vn 0.9955 -0.0075 -0.0948
vn 0.8941 0.1001 -0.4365
vn 0.9693 -0.1661 -0.1813
vn 0.1559 -0.0299 -0.9873
vn -0.0188 0.0263 -0.9995
vn -0.1693 -0.2018 -0.9647
vn -0.0969 -0.0793 -0.9921
vn -0.7904 -0.1457 -0.5950
vn -0.7785 -0.1527 -0.6088
vn -0.5435 0.8256 -0.1516
vn 0.2926 0.9511 0.0991
vn 0.2107 0.9749 0.0718
vn 0.1819 0.9803 0.0775
vn 0.1412 0.9852 0.0969
vn 0.3207 0.9334 0.1610
vn 0.0761 0.9928 0.0929
vn 0.9501 0.2614 0.1701
vn 0.9622 0.2150 0.1673
vn 0.9894 0.0353 0.1409
vn 0.8807 0.2655 0.3924
vn 0.9316 0.0787 0.3548
vn 0.8969 0.3639 0.2513
vn 0.9689 0.0697 0.2376
vn 0.3790 0.0129 0.9253
vn 0.3513 0.2949 0.8886
vn 0.4061 0.0122 0.9137
vn 0.3786 0.1651 0.9107
vn 0.1311 -0.0610 0.9895
vn 0.1794 0.1582 0.9710
vn -0.0122 -0.0982 0.9951
vn -0.1184 0.1184 0.9859
vn -0.1403 -0.1306 0.9814
vn -0.0361 0.0716 0.9968
vn -0.0892 -0.1144 0.9894
vn -0.2476 -0.2755 0.9289
vn -0.2071 -0.2665 0.9413
vn -0.1521 -0.2654 0.9521
vn -0.1649 -0.2728 0.9478
vn -0.1605 -0.2207 0.9620
vn -0.8909 0.0496 0.4514
vn -0.6793 -0.1555 0.7172
vn 0.1712 0.9390 0.2983
vn 0.1393 0.3515 0.9258
vn -0.0265 0.9989 0.0384
vn -0.0373 0.2694 0.9623
vn -0.4266 0.8439 0.3255
vn -0.0754 0.1643 0.9835
vn 0.2048 0.8963 0.3934
vn -0.8652 0.2799 0.4159
vn -0.0599 0.4821 0.8741
vn 0.7770 0.6130 -0.1431
vn -0.0465 0.3990 0.9158
vn 0.4225 0.9063 -0.0140
vn 0.2365 0.9550 -0.1791
vn 0.1994 0.9718 -0.1259
vn 0.2125 0.9674 -0.1378
vn 0.2157 0.9684 0.1249
vn 0.2735 0.9576 -0.0911
vn 0.8726 0.1396 0.4681
vn -0.0153 0.5166 0.8561
vn 0.0345 0.5621 0.8264
vn 0.2928 0.5278 0.7973
vn 0.1775 0.5478 0.8175
vn 0.3867 0.5377 0.7492
vn 0.7636 0.3761 0.5249
vn 0.2397 0.1759 0.9548
vn 0.2824 0.6223 0.7301
vn 0.1125 0.4872 0.8660
vn 0.0100 0.4800 0.8772
vn -0.0180 0.4004 0.9162
vn -0.1204 -0.2324 -0.9651
vn -0.1226 -0.1094 -0.9864
vn -0.2123 -0.2906 -0.9330
vn -0.1190 -0.2868 -0.9506
vn -0.7873 -0.0812 -0.6112
vn -0.6842 -0.6449 -0.3406
vn -0.1678 -0.6966 -0.6976
vn -0.1729 -0.7002 -0.6926
vn -0.1722 -0.7241 -0.6678
vn -0.1348 -0.7301 -0.6699
vn -0.0005 -0.7615 -0.6482
vn 0.2221 -0.7612 -0.6093
vn 0.3651 -0.7087 -0.6037
vn 0.4395 -0.7306 -0.5226
vn 0.9598 0.2075 -0.1890
vn 0.1181 0.1512 -0.9814
vn 0.6054 -0.7453 -0.2793
vn 0.6851 -0.7110 -0.1583
vn 0.6833 -0.7293 -0.0367
vn 0.6629 -0.7450 0.0739
vn 0.6712 -0.7216 0.1697
vn 0.2255 0.1846 0.9566
vn 0.9564 0.2388 0.1679
vn 0.3826 -0.7868 0.4843
vn 0.1729 -0.7152 0.6771
vn 0.0472 -0.7419 0.6688
vn -0.0934 -0.7459 0.6595
vn -0.1851 -0.6997 0.6900
vn -0.1852 -0.7017 0.6880
vn -0.1496 -0.6777 0.7200
vn -0.6449 -0.5616 0.5183
vn -0.2812 0.9595 -0.0179
vn -0.0607 0.9830 0.1734
vn 0.0522 0.4720 0.8800
vn 0.2185 0.8419 0.4934
vn 0.2186 0.8419 0.4933
vn 0.2755 0.9587 0.0710
vn -0.3884 0.9165 -0.0955
vn -0.0291 0.2798 0.9596
vn 0.1419 0.9334 0.3295
vn -0.1462 -0.2053 0.9677
vn -0.1022 -0.0942 0.9903
vn 0.1369 0.8607 0.4903
vn 0.0049 0.5199 0.8542
vn -0.0761 0.0401 0.9963
vn 0.1369 0.8608 0.4902
vn 0.2127 0.9744 0.0722
vn -0.4343 0.9004 -0.0271
vn 0.2529 0.9601 -0.1195
vn 0.1960 0.9744 -0.1099
vn 0.1790 0.8769 0.4460
vn -0.0782 0.1744 0.9816
vn -0.1652 -0.2571 0.9521
vn -0.1604 -0.2681 0.9499
vn -0.2007 -0.2662 0.9428
vn -0.2012 -0.2149 0.9557
vn -0.1459 -0.1401 0.9793
vn 0.1386 0.8701 0.4729
vn 0.1858 0.9792 0.0818
vn 0.0357 0.5627 0.8259
vn 0.1385 0.8701 0.4731
vn -0.0036 0.1132 0.9936
vn -0.0143 -0.0964 0.9952
vn 0.1728 0.9800 -0.0985
vn 0.2368 0.9431 -0.2333
vn -0.4224 0.9059 0.0319
vn 0.1615 0.9747 -0.1544
vn 0.1599 0.9780 -0.1336
vn -0.7631 0.2584 0.5924
vn -0.4273 0.8423 0.3286
vn -0.8211 -0.0286 0.5700
vn -0.7995 -0.1239 0.5877
vn -0.1483 -0.7047 0.6939
vn -0.1848 -0.7069 0.6827
vn -0.6489 -0.5806 0.4918
vn -0.1830 -0.7089 0.6811
vn -0.1019 -0.7085 0.6983
vn 0.0415 -0.7006 0.7124
vn 0.1826 0.8447 0.5031
vn 0.1457 0.9841 0.1015
vn 0.1706 0.5560 0.8135
vn 0.1826 0.8446 0.5033
vn 0.1174 0.9892 -0.0873
vn 0.1610 0.1642 0.9732
vn 0.1303 -0.0661 0.9893
vn 0.1695 -0.6929 0.7009
vn 0.1247 0.9784 -0.1648
vn -0.3038 -0.8927 0.3328
vn -0.6407 -0.7489 0.1693
vn 0.2415 -0.9066 -0.3460
vn -0.3352 -0.9179 0.2126
vn -0.1223 -0.9922 0.0220
vn 0.2911 -0.6913 -0.6613
vn 0.2217 0.9332 -0.2827
vn -0.4046 0.9121 0.0655
vn -0.0531 -0.7179 -0.6941
vn -0.1490 -0.9880 -0.0399
vn 0.6106 -0.7742 0.1666
vn -0.0142 -0.9718 0.2354
vn 0.3379 0.7680 0.5440
vn 0.2939 0.9460 0.1365
vn 0.3355 0.5291 0.7794
vn 0.3379 0.7679 0.5442
vn 0.2660 0.9574 -0.1120
vn 0.3878 0.2399 0.8900
vn 0.2529 0.9322 -0.2588
vn 0.3946 -0.0063 0.9188
vn 0.3896 -0.6875 0.6128
vn -0.5260 0.7799 -0.3392
vn -0.2827 0.6643 -0.6919
vn 0.6022 0.7935 -0.0882
vn 0.2447 0.8104 0.5323
vn 0.1505 0.9560 -0.2517
vn 0.1767 0.9203 -0.3489
vn 0.1409 0.9245 -0.3543
vn -0.3710 0.9218 0.1120
vn 0.6069 0.6157 0.5026
vn 0.6665 0.7277 0.1621
vn 0.6069 0.6156 0.5027
vn 0.5180 0.4997 0.6942
vn 0.6874 0.7134 -0.1362
vn 0.6704 0.2780 0.6879
vn 0.6702 0.6509 -0.3564
vn 0.7505 0.0458 0.6593
vn 0.3078 0.8739 -0.3761
vn -0.4274 0.9010 0.0741
vn 0.6686 0.5628 -0.4860
vn 0.6310 -0.6696 0.3917
vn 0.1537 0.9291 -0.3365
vn 0.2086 0.8691 0.4485
vn 0.1568 0.9085 -0.3874
vn 0.1288 0.8686 -0.4785
vn 0.1479 0.8714 -0.4678
vn -0.3471 0.9330 0.0954
vn 0.1047 0.8545 -0.5088
vn 0.8535 0.2933 0.4306
vn 0.9467 0.2782 0.1626
vn 0.6666 0.7276 0.1621
vn 0.6070 0.6155 0.5026
vn 0.5181 0.4996 0.6942
vn 0.6706 0.2780 0.6878
vn 0.9711 0.2080 -0.1170
vn 0.6875 0.7133 -0.1361
vn 0.9277 0.1617 -0.3363
vn 0.6704 0.6508 -0.3565
vn 0.7506 0.0458 0.6592
vn 0.9257 0.0545 0.3742
vn 0.8560 0.1314 -0.5000
vn 0.6687 0.5626 -0.4860
vn 0.6309 -0.6697 0.3918
vn 0.7201 -0.6625 0.2064
vn 0.2037 0.8969 -0.3925
vn -0.1064 0.9523 0.2860
vn 0.2349 0.8660 -0.4415
vn 0.3303 0.7680 -0.5487
vn 0.5697 0.4291 -0.7009
vn 0.6836 0.0366 -0.7290
vn 0.5697 0.4290 -0.7010
vn 0.1439 0.9154 0.3760
vn 0.1860 0.8994 -0.3956
vn 0.1931 0.8987 -0.3937
vn 0.1060 0.8518 -0.5131
vn -0.2209 0.1915 -0.9563
vn -0.1376 0.2292 -0.9636
vn 0.3964 0.5671 -0.7220
vn 0.6824 0.6870 -0.2499
vn 0.0747 0.7755 -0.6269
vn 0.0106 0.7456 -0.6664
vn 0.0654 0.8058 -0.5885
vn -0.2929 0.9549 0.0495
vn -0.4005 0.2187 -0.8898
vn 0.9893 0.0359 0.1416
vn 0.9941 -0.0043 -0.1085
vn 0.9537 -0.0183 -0.3002
vn 0.8734 0.0057 -0.4869
vn 0.7394 -0.6677 0.0867
vn 0.6903 -0.0078 -0.7235
vn 0.1909 0.7709 -0.6077
vn 0.2693 0.5984 -0.7546
vn 0.3303 0.7679 -0.5489
vn 0.5696 0.4290 -0.7011
vn 0.3847 0.2638 -0.8845
vn 0.2694 0.5984 -0.7546
vn 0.6835 0.0366 -0.7291
vn 0.4504 -0.0286 -0.8924
vn 0.4665 -0.0067 -0.8845
vn 0.6902 -0.0078 -0.7235
vn -0.5522 0.4242 -0.7177
vn 0.6823 0.6870 -0.2498
vn 0.5584 0.7812 -0.2792
vn 0.0195 0.6796 -0.7333
vn 0.0747 0.7754 -0.6270
vn -0.0648 0.6509 -0.7564
vn 0.0107 0.7455 -0.6664
vn -0.7451 0.2950 -0.5981
vn -0.0815 0.4276 -0.9003
vn -0.7451 0.2950 -0.5982
vn -0.8179 0.2809 -0.5022
vn 0.6211 0.2988 -0.7246
vn 0.0348 0.7340 -0.6782
vn -0.0890 0.9946 0.0540
vn 0.7420 -0.6686 -0.0487
vn 0.7212 -0.6704 -0.1744
vn 0.6636 -0.6769 -0.3184
vn 0.5611 -0.6825 -0.4683
vn 0.4487 -0.6864 -0.5724
vn -0.4674 0.7167 -0.5175
vn 0.2451 0.4356 -0.8661
vn -0.1672 0.8987 -0.4054
vn 0.3070 0.1823 -0.9341
vn 0.3565 -0.0209 -0.9340
vn 0.3502 0.0104 -0.9366
vn 0.3642 -0.6889 -0.6267
vn 0.4468 0.8464 -0.2896
vn 0.0467 0.5063 -0.8611
vn -0.0267 0.4425 -0.8964
vn -0.7332 0.4761 -0.4855
vn 0.7223 0.2483 -0.6454
vn 0.0403 0.5816 -0.8125
vn 0.6211 0.2988 -0.7245
vn 0.0156 0.6990 -0.7149
vn -0.0266 0.5858 -0.8100
vn 0.0845 0.9962 0.0198
vn -0.0889 0.9946 0.0540
vn 0.1420 0.3270 -0.9343
vn 0.2179 0.9161 -0.3366
vn 0.1716 0.1325 -0.9762
vn 0.2014 -0.0086 -0.9795
vn 0.1923 0.0024 -0.9813
vn 0.2216 -0.7038 -0.6749
vn -0.0011 0.1265 -0.9920
vn -0.4150 0.7011 -0.5799
vn 0.6815 0.3680 -0.6326
vn -0.0164 0.3345 -0.9423
vn -0.0870 0.3041 -0.9487
vn 0.0322 0.6509 -0.7585
vn -0.0072 0.5549 -0.8319
vn 0.1945 0.9781 -0.0746
vn -0.0657 0.2606 -0.9632
vn -0.0171 -0.0204 -0.9996
vn -0.0387 -0.0697 -0.9968
vn -0.0378 -0.0391 -0.9985
vn -0.0022 -0.7172 -0.6969
vn -0.1605 -0.0411 -0.9862
vn -0.0100 0.7405 -0.6720
vn -0.1697 -0.1540 -0.9734
vn 0.3963 0.6199 -0.6773
vn -0.1664 0.0089 -0.9860
vn -0.1384 -0.0754 -0.9875
vn -0.1150 -0.1112 -0.9871
vn -0.5840 0.6712 -0.4565
vn -0.2992 0.9540 -0.0194
vn -0.6254 0.5963 -0.5032
vn -0.6851 0.3938 -0.6129
vn -0.7477 0.0937 -0.6574
vn -0.1687 -0.1317 -0.9768
vn -0.1557 -0.0641 -0.9857
vn -0.1342 -0.7183 -0.6827
vn -0.2041 -0.1928 -0.9598
vn -0.1926 -0.1396 -0.9713
vn -0.1607 -0.2495 -0.9549
vn -0.1314 -0.2947 -0.9465
vn -0.7703 -0.0899 -0.6314
vn -0.1838 -0.0528 -0.9815
vn -0.1724 -0.7186 -0.6737
vn -0.1689 -0.1812 -0.9688
vn -0.1676 -0.0655 -0.9837
vn -0.1347 -0.2458 -0.9599
vn -0.7825 -0.1367 -0.6075
vn -0.1690 -0.7225 -0.6704
vn -0.1437 -0.1256 -0.9816
vn -0.1573 -0.7527 -0.6393
vn -0.8007 -0.1326 -0.5842
vn -0.6732 -0.6268 -0.3923
vn -0.6829 -0.2014 -0.7022
vn -0.2256 0.1189 -0.9669
vn -0.0605 0.9830 0.1736
vn -0.8895 -0.4074 -0.2069
vn 0.0895 0.3159 -0.9446
vn 0.1420 0.9334 0.3296
vn 0.8396 0.5163 -0.1690
vn 0.7072 -0.0579 0.7047
vn 0.3563 -0.9327 0.0557
vn 0.5937 -0.2961 0.7483
vn 0.1869 0.4156 -0.8901
vn 0.1790 0.8769 0.4462
vn 0.8064 0.4589 -0.3729
vn 0.3714 -0.9285 0.0017
vn -0.3636 0.5078 -0.7809
vn -0.4273 0.8423 0.3285
vn -0.4273 0.8424 0.3285
vn -0.3636 0.5078 -0.7810
vn -0.6044 0.0855 -0.7921
vn -0.7630 0.2585 0.5925
vn -0.5685 0.3482 -0.7454
vn -0.8210 -0.0287 0.5701
vn -0.6224 0.2355 -0.7464
vn -0.7994 -0.1239 0.5878
vn -0.1483 -0.7045 0.6940
vn 0.0462 -0.7068 -0.7059
vn 0.1006 -0.7046 -0.7025
vn -0.1849 -0.7068 0.6829
vn -0.5430 -0.5738 -0.6131
vn -0.6489 -0.5805 0.4918
vn -0.5431 -0.5737 -0.6131
vn 0.1464 -0.7046 -0.6943
vn -0.1830 -0.7088 0.6813
vn 0.1523 -0.7065 -0.6912
vn -0.1020 -0.7084 0.6984
vn 0.0747 -0.7111 -0.6991
vn 0.0414 -0.7004 0.7125
vn 0.0084 -0.7108 -0.7033
vn 0.1694 -0.6927 0.7010
vn 0.5880 0.6299 0.5074
vn -0.2541 0.9342 0.2503
vn -0.8824 -0.2853 -0.3742
vn -0.1860 0.9619 0.2003
vn -0.2670 0.8450 0.4633
vn -0.2452 0.8223 0.5135
vn 0.7095 0.4341 -0.5551
vn 0.3611 -0.9324 -0.0164
vn 0.1947 0.9156 0.3517
vn 0.1600 0.8952 0.4159
vn -0.1450 -0.7215 -0.6770
vn 0.3896 -0.6874 0.6129
vn 0.9829 0.0765 -0.1677
vn 0.3771 0.9262 0.0019
vn 0.0287 -0.0659 0.9974
vn 0.7645 0.6420 0.0583
vn 0.2008 0.8116 0.5487
vn 0.2448 0.8105 0.5321
vn 0.7615 0.6439 0.0743
vn 0.6904 0.3766 -0.6177
vn 0.3326 -0.9365 -0.1112
vn 0.4186 -0.4738 -0.7748
vn 0.9669 0.1281 0.2209
vn -0.4175 -0.7418 -0.5248
vn 0.6310 -0.6695 0.3918
vn 0.1753 0.8440 0.5069
vn 0.6777 0.3563 -0.6432
vn 0.2606 -0.9577 -0.1219
vn -0.5907 -0.7456 -0.3084
vn 0.7202 -0.6624 0.2064
vn -0.6467 0.7051 0.2910
vn -0.1350 0.9048 0.4039
vn 0.1274 0.8714 0.4738
vn 0.1753 0.8440 0.5070
vn 0.8819 0.4219 -0.2103
vn 0.4114 0.8963 0.1655
vn -0.8590 0.1156 0.4988
vn 0.3571 0.9266 0.1179
vn 0.6192 0.7428 -0.2547
vn 0.6822 0.6871 -0.2499
vn 0.6183 0.2850 -0.7325
vn -0.1125 -0.5476 -0.8291
vn -0.0497 -0.3993 -0.9154
vn 0.2733 0.9614 0.0316
vn 0.9292 0.0912 0.3581
vn 0.3282 0.9402 0.0906
vn -0.4184 0.6252 0.6589
vn -0.6543 -0.7501 -0.0967
vn 0.7395 -0.6675 0.0867
vn 0.9807 0.0026 -0.1956
vn 0.3721 0.7774 -0.5071
vn 0.0298 0.5421 0.8398
vn 0.3420 0.7491 -0.5674
vn 0.6109 0.7768 -0.1527
vn 0.5583 0.7812 -0.2793
vn -0.2051 -0.0914 0.9745
vn -0.4713 -0.1981 0.8594
vn -0.6566 -0.7457 0.1129
vn 0.7422 -0.6684 -0.0488
vn -0.6251 -0.7409 0.2457
vn 0.7213 -0.6703 -0.1744
vn -0.5668 -0.7388 0.3647
vn 0.6637 -0.6768 -0.3184
vn -0.4110 -0.7315 0.5441
vn 0.5612 -0.6824 -0.4684
vn -0.2226 -0.7098 0.6683
vn 0.4487 -0.6862 -0.5725
vn 0.6955 0.3808 -0.6093
vn 0.7164 0.2950 -0.6323
vn -0.0509 -0.9268 -0.3722
vn 0.9779 -0.1785 -0.1093
vn -0.1273 -0.7042 0.6985
vn 0.3642 -0.6888 -0.6268
vn -0.5897 -0.7993 0.1153
vn -0.9941 -0.0220 0.1060
vn -0.4068 0.0678 -0.9110
vn -0.2282 -0.9661 0.1203
vn 0.6904 0.2753 -0.6690
vn 0.7222 0.2484 -0.6455
vn 0.6209 0.2990 -0.7246
vn 0.6485 0.2362 -0.7237
vn 0.0845 0.9962 0.0196
vn 0.0394 -0.0262 0.9989
vn -0.8279 -0.5605 0.0180
vn 0.0604 0.0089 -0.9981
vn 0.7462 -0.6437 0.1699
vn 0.0696 -0.9929 0.0969
vn -0.0404 -0.7035 0.7095
vn 0.2217 -0.7037 -0.6750
vn -0.0772 -0.0359 -0.9964
vn 0.5779 -0.6020 -0.5510
vn 0.0434 -0.6983 0.7145
vn -0.0022 -0.7170 -0.6970
vn -0.5839 0.6712 -0.4566
vn -0.7314 -0.1910 0.6546
vn -0.4272 0.2826 0.8589
vn -0.2991 0.9540 -0.0194
vn -0.5993 0.0356 -0.7997
vn -0.6253 0.5964 -0.5033
vn -0.7062 -0.1396 0.6941
vn -0.6850 0.3938 -0.6130
vn -0.6547 0.0829 0.7513
vn -0.7476 0.0935 -0.6575
vn -0.6232 0.2694 0.7342
vn 0.0765 -0.6946 0.7153
vn -0.1342 -0.7181 -0.6828
vn -0.7701 -0.0900 -0.6315
vn -0.6203 0.3375 0.7081
vn 0.0850 -0.6922 0.7167
vn -0.1724 -0.7185 -0.6738
vn -0.7824 -0.1368 -0.6076
vn -0.6175 0.2648 0.7407
vn 0.0654 -0.6871 0.7236
vn -0.1690 -0.7224 -0.6706
vn 0.0565 -0.6540 0.7544
vn -0.1573 -0.7526 -0.6394
vn -0.8006 -0.1326 -0.5843
vn -0.5995 0.1204 0.7913
vn -0.5039 -0.5040 0.7015
vn -0.6732 -0.6268 -0.3924
vn -0.6731 -0.6269 -0.3923
vn -0.5037 -0.5041 0.7016
vn 0.4792 0.1436 0.8659
vn 0.2077 0.7787 0.5920
vn -0.1069 0.0980 0.9894
vn 0.7399 -0.1953 0.6438
vn -0.5638 -0.1552 0.8112
vn 0.7030 -0.5556 0.4440
vn -0.6828 -0.5016 0.5313
vn 0.5070 -0.7722 0.3830
vn -0.8548 -0.4987 0.1433
vn -0.1831 -0.9788 0.0912
vn -0.6985 -0.2555 0.6684
vn -0.7216 -0.6184 0.3113
vn -0.4856 -0.8737 -0.0272
vn 0.8194 -0.3001 0.4884
vn -0.4474 0.4541 0.7705
vn -0.3744 -0.8834 -0.2819
vn 0.2438 -0.7204 0.6493
vn -0.3616 -0.8797 -0.3087
vn 0.2646 -0.9632 0.0482
vn -0.2739 0.6659 -0.6939
vn -0.7667 0.5664 -0.3022
vn 0.1583 0.5944 -0.7884
vn 0.3861 0.5392 -0.7484
vn 0.2009 0.8114 0.5488
vn 0.4809 0.5172 -0.7080
vn 0.7616 0.6437 0.0743
vn 0.6241 0.4768 -0.6190
vn 0.6814 0.3680 -0.6326
vn 0.3914 0.6851 -0.6143
vn 0.3961 0.6198 -0.6774
vn -0.2094 -0.7436 -0.6350
vn -0.9048 -0.3188 0.2824
vn -0.2119 -0.3168 -0.9245
vn 0.1750 -0.9289 -0.3263
vn -0.5057 -0.8143 -0.2849
vn 0.8687 -0.4945 0.0282
vn 0.2949 0.3728 -0.8798
vn -0.0329 -0.9886 -0.1471
vn 0.3334 0.4312 -0.8384
vn 0.9899 0.0665 -0.1255
vn 0.2734 0.6371 -0.7206
vn 0.3967 0.5922 -0.7013
vn 0.5259 0.6953 -0.4899
vn 0.6354 0.6159 -0.4657
vn 0.4654 0.0516 -0.8836
vn -0.1239 0.4498 0.8845
vn -0.0815 0.4277 -0.9002
vn 0.0063 0.0225 -0.9997
vn 0.2123 0.8029 -0.5570
vn 0.1080 0.7993 -0.5912
vn 0.1456 0.7332 -0.6642
vt 0.113404 0.092057
vt 0.101364 0.090158
vt 0.106584 0.089831
vt 0.114568 0.126249
vt 0.120785 0.098666
vt 0.117732 0.095077
vt 0.123934 0.109089
vt 0.122450 0.102545
vt 0.103591 0.211063
vt 0.107107 0.190845
vt 0.105341 0.211174
vt 0.100024 0.210549
vt 0.984941 0.845659
vt 0.984941 0.841349
vt 0.985012 0.843291
vt 0.109686 0.210664
vt 0.095746 0.208820
vt 0.092822 0.192040
vt 0.088257 0.202335
vt 0.091571 0.206075
vt 0.085531 0.197621
vt 0.083690 0.192718
vt 0.116923 0.208201
vt 0.120406 0.189595
vt 0.122234 0.204540
vt 0.125828 0.200176
vt 0.129040 0.188816
vt 0.128105 0.195178
vt 0.081131 0.095835
vt 0.094507 0.091001
vt 0.097727 0.130579
vt 0.088076 0.092563
vt 0.079738 0.134975
vt 0.072601 0.102749
vt 0.066462 0.121335
vt 0.068087 0.112022
vt 0.066684 0.130749
vt 0.068179 0.137634
vt 0.125506 0.123550
vt 0.125504 0.117413
vt 0.098467 0.139688
vt 0.114198 0.136124
vt 0.099556 0.148240
vt 0.114197 0.144792
vt 0.100449 0.154520
vt 0.114627 0.151794
vt 0.128598 0.179826
vt 0.119693 0.180999
vt 0.126896 0.169915
vt 0.118032 0.171840
vt 0.125943 0.164722
vt 0.117030 0.166547
vt 0.103254 0.169443
vt 0.081658 0.143211
vt 0.083920 0.151637
vt 0.085331 0.157221
vt 0.105947 0.182862
vt 0.104316 0.174855
vt 0.088565 0.172351
vt 0.070850 0.145325
vt 0.073870 0.153691
vt 0.075607 0.158804
vt 0.091213 0.184659
vt 0.089681 0.177892
vt 0.079115 0.174069
vt 0.081755 0.185737
vt 0.080275 0.179749
vt 0.123794 0.150073
vt 0.124418 0.133939
vt 0.123690 0.142657
vt 0.085671 0.230343
vt 0.080302 0.221827
vt 0.077014 0.213515
vt 0.074082 0.205359
vt 0.071397 0.196716
vt 0.068471 0.189358
vt 0.066633 0.182804
vt 0.065425 0.164283
vt 0.063090 0.157037
vt 0.055496 0.145444
vt 0.051592 0.134589
vt 0.049515 0.125114
vt 0.049115 0.111568
vt 0.050914 0.095754
vt 0.057256 0.082382
vt 0.070103 0.072538
vt 0.079735 0.068205
vt 0.088841 0.066030
vt 0.098758 0.064853
vt 0.106662 0.064293
vt 0.111792 0.065354
vt 0.116649 0.067302
vt 0.123001 0.071644
vt 0.127317 0.076777
vt 0.129796 0.082006
vt 0.132384 0.094270
vt 0.133888 0.106480
vt 0.133727 0.114135
vt 0.131810 0.129797
vt 0.130772 0.142200
vt 0.127609 0.150731
vt 0.130554 0.170172
vt 0.131555 0.175326
vt 0.133454 0.188441
vt 0.134705 0.198943
vt 0.135114 0.211401
vt 0.133757 0.219152
vt 0.129493 0.226958
vt 0.121827 0.234184
vt 0.115055 0.237031
vt 0.110953 0.238290
vt 0.107734 0.210913
vt 0.108417 0.238655
vt 0.105420 0.238964
vt 0.103207 0.238790
vt 0.101328 0.238596
vt 0.098659 0.238019
vt 0.091024 0.234093
vt 0.084536 0.269307
vt 0.077480 0.264202
vt 0.039221 0.158243
vt 0.032310 0.139292
vt 0.026610 0.123846
vt 0.022629 0.109954
vt 0.022007 0.090238
vt 0.025215 0.071410
vt 0.034942 0.052765
vt 0.054067 0.038661
vt 0.067606 0.032785
vt 0.080601 0.029720
vt 0.094969 0.028057
vt 0.106776 0.027156
vt 0.114218 0.031046
vt 0.121065 0.033625
vt 0.130532 0.039599
vt 0.136566 0.046831
vt 0.140316 0.053853
vt 0.140970 0.081293
vt 0.140953 0.101751
vt 0.141041 0.110234
vt 0.138837 0.127715
vt 0.137692 0.141389
vt 0.137448 0.151056
vt 0.141484 0.177294
vt 0.142562 0.182325
vt 0.144760 0.199901
vt 0.146847 0.212426
vt 0.144224 0.234037
vt 0.143749 0.245589
vt 0.138690 0.258218
vt 0.128171 0.270438
vt 0.119460 0.274289
vt 0.112714 0.276589
vt 0.109373 0.277097
vt 0.105511 0.277512
vt 0.102745 0.277294
vt 0.100382 0.277038
vt 0.096887 0.276199
vt 0.070721 0.245319
vt 0.066823 0.232636
vt 0.062663 0.220496
vt 0.059069 0.209836
vt 0.056061 0.199458
vt 0.054767 0.192841
vt 0.041499 0.163135
vt 0.038105 0.162812
vt 0.035774 0.157939
vt 0.048777 0.211025
vt 0.047485 0.203523
vt 0.028487 0.137968
vt 0.022494 0.121774
vt 0.019432 0.107939
vt 0.018786 0.087500
vt 0.022200 0.068554
vt 0.031598 0.048327
vt 0.051664 0.033585
vt 0.065788 0.027477
vt 0.079366 0.024279
vt 0.094401 0.022543
vt 0.106793 0.021591
vt 0.114774 0.023189
vt 0.122076 0.025912
vt 0.131811 0.032465
vt 0.138239 0.040178
vt 0.142078 0.047665
vt 0.145176 0.061889
vt 0.106996 0.771520
vt 0.106996 0.807724
vt 0.103278 0.789885
vt 0.146537 0.080593
vt 0.146118 0.090812
vt 0.813320 0.641194
vt 0.809568 0.673847
vt 0.808363 0.651900
vt 0.813320 0.656951
vt 0.350341 0.323298
vt 0.356547 0.330396
vt 0.357520 0.348461
vt 0.351483 0.336603
vt 0.349489 0.313776
vt 0.356115 0.318752
vt 0.347807 0.287039
vt 0.355806 0.279802
vt 0.347371 0.281842
vt 0.355512 0.274737
vt 0.344769 0.263915
vt 0.356395 0.250461
vt 0.343593 0.251090
vt 0.356366 0.231306
vt 0.342201 0.230259
vt 0.356306 0.218805
vt 0.341693 0.218958
vt 0.355232 0.209299
vt 0.577852 0.766025
vt 0.589586 0.758193
vt 0.589586 0.768429
vt 0.575758 0.756859
vt 0.580530 0.780196
vt 0.588530 0.782140
vt 0.770906 0.665010
vt 0.778386 0.660173
vt 0.778242 0.673215
vt 0.769972 0.674430
vt 0.770352 0.657860
vt 0.778205 0.657070
vt 0.770242 0.654507
vt 0.777969 0.653023
vt 0.770212 0.650684
vt 0.777645 0.647473
vt 0.770128 0.648091
vt 0.777319 0.644062
vt 0.769972 0.645892
vt 0.777044 0.641194
vt 0.022454 0.882360
vt 0.015089 0.881307
vt 0.014988 0.878010
vt 0.022646 0.885352
vt 0.022646 0.873038
vt 0.015186 0.869777
vt 0.081839 0.274097
vt 0.072628 0.268089
vt 0.065705 0.260069
vt 0.101621 0.837701
vt 0.106996 0.856988
vt 0.101621 0.860621
vt 0.059803 0.249600
vt 0.056287 0.239978
vt 0.051960 0.224020
vt 0.045132 0.206215
vt 0.046489 0.214108
vt 0.035280 0.163390
vt 0.032830 0.158260
vt 0.025174 0.137244
vt 0.018878 0.120202
vt 0.015662 0.105652
vt 0.014988 0.084194
vt 0.018582 0.064304
vt 0.028467 0.043063
vt 0.049564 0.027578
vt 0.064414 0.021168
vt 0.078688 0.017809
vt 0.094493 0.015987
vt 0.107520 0.014988
vt 0.115909 0.016657
vt 0.123584 0.019508
vt 0.133816 0.026375
vt 0.140570 0.034468
vt 0.144604 0.042325
vt 0.147856 0.057260
vt 0.149282 0.076903
vt 0.148840 0.087652
vt 0.145385 0.113438
vt 0.142837 0.115331
vt 0.358962 0.331003
vt 0.359805 0.349996
vt 0.358623 0.318763
vt 0.358673 0.277819
vt 0.358412 0.272492
vt 0.359573 0.246983
vt 0.359729 0.226850
vt 0.359791 0.213715
vt 0.921827 0.286763
vt 0.921847 0.298811
vt 0.918052 0.301548
vt 0.918052 0.290081
vt 0.146571 0.255947
vt 0.141440 0.271217
vt 0.139113 0.265323
vt 0.149282 0.261359
vt 0.129178 0.279734
vt 0.127450 0.273417
vt 0.116243 0.284318
vt 0.115146 0.277776
vt 0.112964 0.284706
vt 0.112027 0.278144
vt 0.108689 0.285211
vt 0.107959 0.278623
vt 0.102824 0.285903
vt 0.102381 0.279280
vt 0.098969 0.285469
vt 0.098713 0.278866
vt 0.095728 0.285104
vt 0.095630 0.278519
vt 0.091894 0.284672
vt 0.091982 0.278107
vt 0.081232 0.280458
vt 0.071551 0.274138
vt 0.064275 0.265703
vt 0.058072 0.254690
vt 0.054379 0.244571
vt 0.049833 0.227780
vt 0.244029 0.016804
vt 0.241239 0.027631
vt 0.229184 0.027369
vt 0.230051 0.021147
vt 0.214923 0.027059
vt 0.714930 0.027664
vt 0.714630 0.024094
vt 0.725888 0.024968
vt 0.726129 0.028525
vt 0.733127 0.025677
vt 0.733308 0.029216
vt 0.254819 0.287292
vt 0.251115 0.287086
vt 0.240822 0.283724
vt 0.248328 0.283560
vt 0.232011 0.277041
vt 0.242765 0.276922
vt 0.224791 0.269184
vt 0.237950 0.269132
vt 0.220512 0.258431
vt 0.235296 0.258189
vt 0.217478 0.249024
vt 0.233309 0.247907
vt 0.213082 0.226954
vt 0.229467 0.226181
vt 0.209788 0.209031
vt 0.226347 0.207068
vt 0.207857 0.205183
vt 0.224615 0.202939
vt 0.197215 0.165001
vt 0.215379 0.162592
vt 0.143632 0.334081
vt 0.143632 0.315880
vt 0.147765 0.317238
vt 0.147553 0.335133
vt 0.215426 0.159580
vt 0.197582 0.162048
vt 0.189589 0.139720
vt 0.209436 0.137105
vt 0.184127 0.121069
vt 0.205538 0.116611
vt 0.181191 0.105669
vt 0.203077 0.101677
vt 0.179259 0.084859
vt 0.201510 0.080982
vt 0.183043 0.064177
vt 0.204177 0.061210
vt 0.193882 0.043673
vt 0.212642 0.042720
vt 0.255580 0.027943
vt 0.259688 0.014988
vt 0.272566 0.015816
vt 0.274913 0.028364
vt 0.281259 0.018090
vt 0.289268 0.021271
vt 0.289010 0.028671
vt 0.299819 0.028906
vt 0.715931 0.044368
vt 0.715742 0.040111
vt 0.726767 0.040620
vt 0.726907 0.044638
vt 0.733863 0.041011
vt 0.734024 0.044835
vt 0.270849 0.287014
vt 0.266980 0.287292
vt 0.272395 0.283036
vt 0.279814 0.282874
vt 0.277248 0.276539
vt 0.287878 0.276421
vt 0.280145 0.268968
vt 0.293152 0.268918
vt 0.282702 0.257412
vt 0.297314 0.257172
vt 0.284070 0.244324
vt 0.299717 0.243220
vt 0.282002 0.223703
vt 0.298197 0.222939
vt 0.279446 0.200772
vt 0.295813 0.198832
vt 0.278349 0.195742
vt 0.294912 0.193524
vt 0.273619 0.154866
vt 0.291571 0.152485
vt 0.272644 0.151667
vt 0.290282 0.149228
vt 0.273076 0.128721
vt 0.292693 0.126136
vt 0.274193 0.102317
vt 0.295356 0.097911
vt 0.273253 0.088876
vt 0.294885 0.084931
vt 0.272858 0.068551
vt 0.294851 0.064719
vt 0.271946 0.051695
vt 0.292835 0.048763
vt 0.272796 0.039663
vt 0.291338 0.038721
vt 0.715484 0.034273
vt 0.726575 0.035109
vt 0.733642 0.035767
vt 0.261674 0.287673
vt 0.262220 0.283257
vt 0.262669 0.276701
vt 0.262306 0.269038
vt 0.262660 0.257740
vt 0.262609 0.245839
vt 0.259792 0.224750
vt 0.256997 0.203434
vt 0.255632 0.198785
vt 0.248996 0.158132
vt 0.143632 0.392440
vt 0.143632 0.367767
vt 0.147160 0.368254
vt 0.248454 0.155012
vt 0.246171 0.132266
vt 0.245168 0.108360
vt 0.243584 0.094288
vt 0.242694 0.073806
vt 0.305557 0.037999
vt 0.308854 0.046514
vt 0.243295 0.055718
vt 0.726333 0.031532
vt 0.715183 0.030682
vt 0.733461 0.032208
vt 0.254672 0.283422
vt 0.257949 0.287466
vt 0.251855 0.276821
vt 0.249074 0.269089
vt 0.247793 0.257984
vt 0.246690 0.246962
vt 0.243316 0.225528
vt 0.240345 0.205408
vt 0.238780 0.201042
vt 0.230732 0.160555
vt 0.147373 0.350260
vt 0.143632 0.349465
vt 0.226213 0.134895
vt 0.230510 0.157494
vt 0.223637 0.112843
vt 0.221577 0.098303
vt 0.220319 0.077705
vt 0.222042 0.058701
vt 0.228499 0.041914
vt 0.285503 0.282750
vt 0.273815 0.286800
vt 0.247364 0.040956
vt 0.311716 0.061780
vt 0.311474 0.081905
vt 0.311585 0.094533
vt 0.307736 0.124154
vt 0.303807 0.147357
vt 0.305338 0.150659
vt 0.307614 0.191823
vt 0.308365 0.197344
vt 0.310615 0.222353
vt 0.311716 0.242373
vt 0.308520 0.256988
vt 0.303126 0.268879
vt 0.296029 0.276330
vt 0.524622 0.559564
vt 0.525616 0.545560
vt 0.537609 0.541822
vt 0.537009 0.558321
vt 0.544372 0.557701
vt 0.543763 0.580051
vt 0.536018 0.578795
vt 0.522931 0.587684
vt 0.523351 0.576910
vt 0.535342 0.589205
vt 0.542865 0.589940
vt 0.541572 0.601494
vt 0.534087 0.601188
vt 0.521747 0.610544
vt 0.522296 0.600147
vt 0.533514 0.611196
vt 0.024386 0.839800
vt 0.015276 0.839190
vt 0.014988 0.831739
vt 0.024135 0.832299
vt 0.713007 0.014988
vt 0.724445 0.015683
vt 0.366348 0.325890
vt 0.366754 0.347106
vt 0.370525 0.323023
vt 0.371314 0.345353
vt 0.367055 0.374256
vt 0.359798 0.374653
vt 0.371854 0.374021
vt 0.371314 0.386480
vt 0.366907 0.385897
vt 0.356264 0.404442
vt 0.359834 0.385134
vt 0.363539 0.405419
vt 0.368141 0.406078
vt 0.364656 0.421378
vt 0.360100 0.420660
vt 0.350619 0.427853
vt 0.353015 0.419514
vt 0.357374 0.429253
vt 0.361700 0.430122
vt 0.298030 0.324067
vt 0.300030 0.317798
vt 0.306818 0.317650
vt 0.305058 0.323867
vt 0.309903 0.324338
vt 0.308769 0.331891
vt 0.303818 0.331590
vt 0.308369 0.343857
vt 0.308749 0.359282
vt 0.303689 0.359335
vt 0.303408 0.343797
vt 0.296099 0.343988
vt 0.296378 0.331405
vt 0.296114 0.374018
vt 0.295996 0.359459
vt 0.303787 0.373989
vt 0.309111 0.373912
vt 0.309861 0.390121
vt 0.304800 0.390209
vt 0.838649 0.079152
vt 0.838649 0.071976
vt 0.847974 0.073242
vt 0.848381 0.079762
vt 0.353892 0.438555
vt 0.347568 0.436916
vt 0.363895 0.319005
vt 0.366854 0.278254
vt 0.368629 0.272929
vt 0.370113 0.247720
vt 0.370738 0.227679
vt 0.370870 0.213873
vt 0.358761 0.203720
vt 0.369898 0.203166
vt 0.724528 0.083071
vt 0.713007 0.085757
vt 0.714889 0.075504
vt 0.725883 0.073286
vt 0.715705 0.061339
vt 0.726530 0.060547
vt 0.716075 0.047633
vt 0.727014 0.047719
vt 0.015148 0.820129
vt 0.024386 0.820516
vt 0.526016 0.537670
vt 0.536476 0.536202
vt 0.528152 0.494022
vt 0.533818 0.493922
vt 0.528816 0.488363
vt 0.537123 0.490117
vt 0.544491 0.467476
vt 0.542243 0.491191
vt 0.539223 0.466813
vt 0.530893 0.465986
vt 0.540753 0.447897
vt 0.532585 0.447811
vt 0.532889 0.433028
vt 0.540595 0.432518
vt 0.529145 0.412617
vt 0.536776 0.412132
vt 0.525384 0.395121
vt 0.532940 0.394021
vt 0.521747 0.378475
vt 0.407671 0.811439
vt 0.407671 0.790776
vt 0.413403 0.794886
vt 0.306683 0.415311
vt 0.299629 0.415240
vt 0.297361 0.390144
vt 0.376791 0.248226
vt 0.375374 0.273219
vt 0.377694 0.214417
vt 0.377694 0.228319
vt 0.733034 0.071905
vt 0.731647 0.080623
vt 0.734147 0.047767
vt 0.733633 0.060094
vt 0.731717 0.016511
vt 0.541020 0.611201
vt 0.544752 0.539635
vt 0.542934 0.535387
vt 0.537390 0.493908
vt 0.545781 0.448043
vt 0.545344 0.432492
vt 0.541668 0.412121
vt 0.537838 0.393638
vt 0.417151 0.797520
vt 0.411738 0.814078
vt 0.311263 0.415313
vt 0.848476 0.084033
vt 0.838827 0.083772
vt 0.311263 0.317715
vt 0.357980 0.439792
vt 0.367149 0.319226
vt 0.372028 0.278536
vt 0.376783 0.203511
vt 0.850389 0.379473
vt 0.850110 0.407812
vt 0.848031 0.407463
vt 0.848313 0.379590
vt 0.104321 0.710057
vt 0.104582 0.736358
vt 0.103278 0.736477
vt 0.103278 0.709769
vt 0.442896 0.870486
vt 0.440236 0.847516
vt 0.441350 0.847088
vt 0.817236 0.543441
vt 0.818036 0.543167
vt 0.816621 0.572128
vt 0.817817 0.572657
vt 0.819275 0.542876
vt 0.855312 0.204836
vt 0.855729 0.233680
vt 0.854915 0.233379
vt 0.854512 0.204875
vt 0.670490 0.764469
vt 0.669305 0.740209
vt 0.670674 0.740128
vt 0.671469 0.763978
vt 0.672223 0.763281
vt 0.672733 0.763862
vt 0.672065 0.764698
vt 0.767029 0.437029
vt 0.768012 0.435140
vt 0.768124 0.437190
vt 0.767029 0.435001
vt 0.953801 0.294442
vt 0.954017 0.295903
vt 0.953399 0.295056
vt 0.954465 0.295154
vt 0.816621 0.541288
vt 0.817738 0.541688
vt 0.816966 0.542189
vt 0.810942 0.435958
vt 0.811933 0.436368
vt 0.811569 0.437151
vt 0.817338 0.540724
vt 0.818958 0.541307
vt 0.818517 0.540350
vt 0.305389 0.949954
vt 0.304950 0.950977
vt 0.303783 0.950650
vt 0.304262 0.949626
vt 0.913109 0.689867
vt 0.912236 0.690227
vt 0.912312 0.689142
vt 0.913109 0.688899
vt 0.673311 0.764355
vt 0.674665 0.764259
vt 0.674284 0.765140
vt 0.672761 0.765155
vt 0.117096 0.715002
vt 0.116222 0.715470
vt 0.115171 0.712381
vt 0.115951 0.711807
vt 0.113214 0.708945
vt 0.113885 0.708255
vt 0.108816 0.706452
vt 0.109275 0.705670
vt 0.303783 0.981068
vt 0.304597 0.980954
vt 0.304576 0.984391
vt 0.303783 0.984708
vt 0.974092 0.508721
vt 0.974102 0.506957
vt 0.975297 0.506762
vt 0.975297 0.508433
vt 0.770984 0.981295
vt 0.772133 0.977645
vt 0.772222 0.980875
vt 0.770882 0.977848
vt 0.772222 0.974090
vt 0.770982 0.974074
vt 0.965415 0.124961
vt 0.964151 0.124841
vt 0.964298 0.119630
vt 0.965579 0.119446
vt 0.964151 0.116144
vt 0.965402 0.115734
vt 0.843932 0.784682
vt 0.845116 0.784883
vt 0.845121 0.811252
vt 0.843932 0.811373
vt 0.111556 0.740681
vt 0.111195 0.739671
vt 0.113408 0.738893
vt 0.114422 0.739498
vt 0.815508 0.751527
vt 0.815793 0.725941
vt 0.816446 0.751266
vt 0.814909 0.725916
vt 0.815902 0.723947
vt 0.815155 0.723448
vt 0.816451 0.721183
vt 0.815601 0.720422
vt 0.954611 0.286763
vt 0.954294 0.290628
vt 0.953793 0.287584
vt 0.955270 0.290620
vt 0.954084 0.292871
vt 0.954859 0.293386
vt 0.884823 0.982191
vt 0.885757 0.980926
vt 0.885757 0.981984
vt 0.884984 0.981115
vt 0.106027 0.737478
vt 0.105199 0.738473
vt 0.108254 0.739141
vt 0.107729 0.740375
vt 0.112469 0.741543
vt 0.107631 0.741477
vt 0.845915 0.784930
vt 0.845645 0.781800
vt 0.982244 0.069892
vt 0.983243 0.072140
vt 0.982482 0.072477
vt 0.982952 0.075976
vt 0.982244 0.075987
vt 0.303783 0.940330
vt 0.304323 0.939419
vt 0.305202 0.944138
vt 0.136973 0.974160
vt 0.138050 0.978772
vt 0.137328 0.978257
vt 0.136973 0.981400
vt 0.304552 0.944174
vt 0.304715 0.947560
vt 0.304190 0.947024
vt 0.303806 0.948875
vt 0.671182 0.765333
vt 0.671488 0.736436
vt 0.672293 0.737274
vt 0.674127 0.733693
vt 0.674525 0.734773
vt 0.678644 0.732602
vt 0.678171 0.733673
vt 0.682181 0.733815
vt 0.681202 0.734725
vt 0.682181 0.756311
vt 0.680903 0.756675
vt 0.679885 0.735399
vt 0.305843 0.947815
vt 0.952129 0.292776
vt 0.951824 0.294402
vt 0.854895 0.203337
vt 0.855729 0.203166
vt 0.848031 0.378562
vt 0.850115 0.378475
vt 0.952335 0.290513
vt 0.306340 0.944210
vt 0.670714 0.736059
vt 0.668369 0.739754
vt 0.955528 0.339747
vt 0.953178 0.341498
vt 0.953341 0.339784
vt 0.955277 0.341520
vt 0.951824 0.287550
vt 0.305447 0.939176
vt 0.473039 0.980835
vt 0.473955 0.980713
vt 0.473944 0.984311
vt 0.473039 0.984624
vt 0.955756 0.337080
vt 0.953566 0.337145
vt 0.885706 0.253205
vt 0.886845 0.253290
vt 0.886895 0.256736
vt 0.885706 0.256685
vt 0.818476 0.720955
vt 0.817957 0.723799
vt 0.966490 0.119744
vt 0.966339 0.124969
vt 0.955675 0.333828
vt 0.953482 0.333905
vt 0.817825 0.725852
vt 0.844478 0.781568
vt 0.806062 0.082422
vt 0.807096 0.083021
vt 0.806062 0.085386
vt 0.955298 0.331525
vt 0.953178 0.331654
vt 0.818476 0.751591
vt 0.116851 0.740217
vt 0.115956 0.739985
vt 0.873660 0.041679
vt 0.872812 0.015242
vt 0.873660 0.014988
vt 0.671706 0.739751
vt 0.676470 0.763438
vt 0.676563 0.764450
vt 0.672940 0.737989
vt 0.678959 0.761509
vt 0.679810 0.761926
vt 0.674902 0.735854
vt 0.680283 0.758591
vt 0.681394 0.758785
vt 0.677613 0.734706
vt 0.846046 0.810990
vt 0.272712 0.872492
vt 0.273711 0.893567
vt 0.272712 0.894100
vt 0.104631 0.739369
vt 0.442896 0.844680
vt 0.442331 0.844054
vt 0.114722 0.715352
vt 0.106152 0.707717
vt 0.105793 0.706707
vt 0.108588 0.707802
vt 0.112136 0.709752
vt 0.113876 0.712875
vt 0.810843 0.434499
vt 0.811933 0.434696
vt 0.058573 0.482579
vt 0.044818 0.487009
vt 0.045639 0.481874
vt 0.052369 0.486724
vt 0.034829 0.483350
vt 0.036584 0.489291
vt 0.031941 0.492188
vt 0.027936 0.487309
vt 0.030482 0.497341
vt 0.025273 0.495718
vt 0.031237 0.501042
vt 0.027174 0.503403
vt 0.058889 0.959519
vt 0.058889 0.968843
vt 0.056785 0.962743
vt 0.034979 0.503358
vt 0.034832 0.508903
vt 0.037803 0.503548
vt 0.051375 0.497685
vt 0.040551 0.507521
vt 0.046618 0.496656
vt 0.044519 0.472276
vt 0.033874 0.477084
vt 0.034091 0.472222
vt 0.046214 0.478276
vt 0.059965 0.475728
vt 0.050198 0.471841
vt 0.051522 0.464263
vt 0.044644 0.465915
vt 0.042391 0.463508
vt 0.047603 0.460419
vt 0.039240 0.460456
vt 0.036428 0.452207
vt 0.042544 0.455612
vt 0.032611 0.458058
vt 0.029040 0.458233
vt 0.029968 0.451159
vt 0.026590 0.460098
vt 0.021725 0.456316
vt 0.024801 0.463140
vt 0.015205 0.462659
vt 0.015618 0.468228
vt 0.024849 0.466126
vt 0.029350 0.470984
vt 0.027771 0.475956
vt 0.063865 0.468627
vt 0.062292 0.455263
vt 0.066534 0.457413
vt 0.061347 0.463791
vt 0.053252 0.628531
vt 0.064626 0.627501
vt 0.064216 0.631611
vt 0.057834 0.623808
vt 0.049260 0.614862
vt 0.057175 0.615033
vt 0.062901 0.609115
vt 0.061112 0.604928
vt 0.064499 0.446221
vt 0.060305 0.446329
vt 0.061246 0.472670
vt 0.054463 0.462769
vt 0.052942 0.456825
vt 0.049826 0.458422
vt 0.047748 0.450181
vt 0.044981 0.453682
vt 0.147670 0.838634
vt 0.141766 0.839723
vt 0.143760 0.836486
vt 0.145233 0.843969
vt 0.040124 0.450394
vt 0.137534 0.847178
vt 0.136973 0.843059
vt 0.016474 0.485176
vt 0.017018 0.494149
vt 0.016661 0.503727
vt 0.014988 0.449723
vt 0.018890 0.448534
vt 0.147670 0.853858
vt 0.963154 0.158177
vt 0.964677 0.162095
vt 0.963154 0.168465
vt 0.073302 0.638656
vt 0.060310 0.638696
vt 0.069802 0.645347
vt 0.023881 0.446189
vt 0.057492 0.650860
vt 0.069029 0.653530
vt 0.055853 0.655018
vt 0.069578 0.649889
vt 0.052033 0.637500
vt 0.048923 0.651487
vt 0.047101 0.655277
vt 0.057393 0.596754
vt 0.044401 0.586034
vt 0.056412 0.586238
vt 0.045938 0.598041
vt 0.070930 0.469826
vt 0.079672 0.465345
vt 0.078377 0.475601
vt 0.071578 0.460768
vt 0.303783 0.862314
vt 0.303783 0.850654
vt 0.311693 0.857425
vt 0.067419 0.595807
vt 0.069450 0.479255
vt 0.078431 0.480491
vt 0.078149 0.483773
vt 0.070276 0.475838
vt 0.070118 0.484551
vt 0.078421 0.488276
vt 0.069445 0.499192
vt 0.078927 0.501329
vt 0.039138 0.585297
vt 0.038963 0.597187
vt 0.039407 0.613429
vt 0.040809 0.626976
vt 0.040787 0.634831
vt 0.039898 0.648938
vt 0.039289 0.655467
vt 0.024433 0.531295
vt 0.014988 0.529014
vt 0.031448 0.532910
vt 0.038739 0.534539
vt 0.058044 0.539551
vt 0.061115 0.514484
vt 0.019304 0.614490
vt 0.024725 0.625554
vt 0.020492 0.622009
vt 0.024759 0.611609
vt 0.014988 0.609683
vt 0.018270 0.604176
vt 0.223044 0.329368
vt 0.216461 0.324481
vt 0.222438 0.323890
vt 0.239832 0.794506
vt 0.240061 0.788733
vt 0.247651 0.790180
vt 0.223875 0.336483
vt 0.222118 0.344314
vt 0.219588 0.340046
vt 0.228330 0.339340
vt 0.234745 0.332597
vt 0.231313 0.330877
vt 0.674081 0.795310
vt 0.675582 0.807335
vt 0.670898 0.797394
vt 0.677899 0.802799
vt 0.885076 0.739626
vt 0.880904 0.733582
vt 0.884699 0.735509
vt 0.060887 0.923573
vt 0.056785 0.919451
vt 0.060887 0.916173
vt 0.016338 0.625180
vt 0.016057 0.629305
vt 0.225351 0.347426
vt 0.232473 0.347725
vt 0.225359 0.353189
vt 0.231215 0.343992
vt 0.240108 0.338891
vt 0.237191 0.337347
vt 0.249527 0.332958
vt 0.246466 0.329466
vt 0.668369 0.809361
vt 0.957732 0.245343
vt 0.957732 0.254091
vt 0.954803 0.251954
vt 0.256493 0.330058
vt 0.256894 0.333530
vt 0.262495 0.334749
vt 0.259927 0.336805
vt 0.263122 0.343739
vt 0.260341 0.342478
vt 0.257202 0.346772
vt 0.260856 0.360283
vt 0.250094 0.348575
vt 0.249962 0.357195
vt 0.239553 0.354617
vt 0.241313 0.349596
vt 0.238776 0.362156
vt 0.235369 0.363003
vt 0.225670 0.364804
vt 0.234817 0.365010
vt 0.238956 0.370192
vt 0.230496 0.372476
vt 0.247256 0.379822
vt 0.255186 0.387821
vt 0.239261 0.392692
vt 0.252594 0.380568
vt 0.241915 0.374731
vt 0.233444 0.377532
vt 0.260766 0.377985
vt 0.256341 0.376780
vt 0.248674 0.364437
vt 0.256464 0.371277
vt 0.027336 0.595838
vt 0.017884 0.586076
vt 0.027315 0.585294
vt 0.018899 0.595337
vt 0.240810 0.780022
vt 0.247282 0.772079
vt 0.248289 0.781340
vt 0.240453 0.771279
vt 0.213675 0.347905
vt 0.205303 0.356642
vt 0.204705 0.353269
vt 0.215256 0.351115
vt 0.211148 0.343824
vt 0.203542 0.347881
vt 0.215986 0.355445
vt 0.206778 0.367780
vt 0.206796 0.359797
vt 0.214623 0.365267
vt 0.213960 0.372790
vt 0.205895 0.374428
vt 0.258109 0.399493
vt 0.243199 0.403383
vt 0.265349 0.399848
vt 0.264283 0.387266
vt 0.264483 0.376977
vt 0.265087 0.360117
vt 0.264991 0.344424
vt 0.265125 0.334305
vt 0.212068 0.412150
vt 0.233090 0.414182
vt 0.217569 0.418721
vt 0.229738 0.407110
vt 0.217290 0.380692
vt 0.205575 0.400650
vt 0.198306 0.385455
vt 0.224574 0.395694
vt 0.479975 0.898440
vt 0.479975 0.910963
vt 0.473039 0.901104
vt 0.068433 0.601366
vt 0.024551 0.635647
vt 0.023475 0.647187
vt 0.022741 0.654449
vt 0.015483 0.646477
vt 0.014988 0.652878
vt 0.015474 0.636265
vt 0.677899 0.816631
vt 0.057268 0.929542
vt 0.247840 0.317650
vt 0.258384 0.319434
vt 0.266019 0.331956
vt 0.265158 0.320986
vt 0.978938 0.680031
vt 0.978938 0.687772
vt 0.976802 0.685090
vt 0.082097 0.483126
vt 0.084316 0.497121
vt 0.082951 0.479521
vt 0.083348 0.476218
vt 0.083629 0.471767
vt 0.085859 0.462360
vt 0.312056 0.850565
vt 0.305033 0.843563
vt 0.055031 0.579834
vt 0.043689 0.578747
vt 0.040065 0.577584
vt 0.027196 0.579013
vt 0.016831 0.579722
vt 0.929584 0.171507
vt 0.929584 0.158177
vt 0.933177 0.163201
vt 0.194972 0.334468
vt 0.201457 0.339176
vt 0.887335 0.910190
vt 0.884823 0.899417
vt 0.888630 0.903819
vt 0.197701 0.341892
vt 0.885031 0.896005
vt 0.888497 0.901100
vt 0.888630 0.897636
vt 0.885722 0.892784
vt 0.202327 0.362986
vt 0.201828 0.354317
vt 0.201273 0.375548
vt 0.194230 0.383622
vt 0.088318 0.515161
vt 0.101946 0.524984
vt 0.100063 0.530311
vt 0.092608 0.509868
vt 0.843296 0.663189
vt 0.843296 0.641194
vt 0.850650 0.654079
vt 0.078030 0.547082
vt 0.081068 0.525822
vt 0.097348 0.534860
vt 0.773635 0.310550
vt 0.785143 0.290548
vt 0.786730 0.311991
vt 0.773635 0.286763
vt 0.368419 0.854970
vt 0.362670 0.836706
vt 0.368995 0.836706
vt 0.363518 0.858537
vt 0.789587 0.210654
vt 0.778488 0.229897
vt 0.778488 0.203166
vt 0.362670 0.783131
vt 0.372474 0.804822
vt 0.362670 0.806730
vt 0.071222 0.519974
vt 0.776771 0.886521
vt 0.776771 0.897073
vt 0.770882 0.894015
vt 0.186797 0.392734
vt 0.193017 0.394926
vt 0.186547 0.403422
vt 0.411502 0.945786
vt 0.411502 0.954684
vt 0.407671 0.951921
vt 0.775270 0.902277
vt 0.245795 0.410291
vt 0.260005 0.407682
vt 0.266019 0.407752
vt 0.195423 0.408127
vt 0.308166 0.901212
vt 0.303783 0.899263
vt 0.305560 0.892291
vt 0.950990 0.849746
vt 0.954965 0.841349
vt 0.954965 0.849985
vt 0.195998 0.420438
vt 0.203548 0.415690
vt 0.204520 0.421986
vt 0.191424 0.409469
vt 0.303783 0.909200
vt 0.189131 0.425628
vt 0.198598 0.423949
vt 0.190247 0.421865
vt 0.186488 0.413512
vt 0.179673 0.415786
vt 0.209423 0.335177
vt 0.972293 0.023775
vt 0.972293 0.014988
vt 0.974686 0.019403
vt 0.179795 0.406961
vt 0.184087 0.408933
vt 0.246235 0.765723
vt 0.239832 0.765541
vt 0.217615 0.331528
vt 0.235972 0.324790
vt 0.070501 0.621159
vt 0.068477 0.624319
vt 0.924278 0.203166
vt 0.924278 0.215366
vt 0.919018 0.211998
vt 0.480711 0.551069
vt 0.480604 0.555571
vt 0.471160 0.556192
vt 0.469934 0.550274
vt 0.469490 0.546114
vt 0.480898 0.546825
vt 0.483048 0.569880
vt 0.478579 0.574949
vt 0.462787 0.548914
vt 0.463104 0.555581
vt 0.462963 0.570889
vt 0.463463 0.545206
vt 0.464600 0.540238
vt 0.468765 0.540608
vt 0.481134 0.542204
vt 0.725731 0.400977
vt 0.715067 0.381095
vt 0.722084 0.378475
vt 0.729552 0.395838
vt 0.739996 0.669237
vt 0.731220 0.658424
vt 0.738018 0.641194
vt 0.471459 0.594591
vt 0.481555 0.600340
vt 0.720882 0.412650
vt 0.456689 0.547754
vt 0.458319 0.544430
vt 0.456229 0.555059
vt 0.449535 0.571523
vt 0.438845 0.582402
vt 0.461053 0.588857
vt 0.461045 0.539922
vt 0.465975 0.527791
vt 0.468841 0.528259
vt 0.463436 0.527375
vt 0.483048 0.531809
vt 0.477356 0.868463
vt 0.473039 0.852714
vt 0.477356 0.846652
vt 0.821785 0.286763
vt 0.821785 0.314252
vt 0.816706 0.290665
vt 0.735393 0.426888
vt 0.737052 0.422284
vt 0.476454 0.618796
vt 0.739977 0.697223
vt 0.731220 0.691075
vt 0.467664 0.617220
vt 0.459037 0.613994
vt 0.438368 0.609080
vt 0.728347 0.437579
vt 0.715067 0.431274
vt 0.179259 0.714348
vt 0.181344 0.704327
vt 0.186555 0.717286
vt 0.181346 0.720016
vt 0.447110 0.544148
vt 0.440955 0.537907
vt 0.447882 0.535549
vt 0.442661 0.554867
vt 0.443082 0.550905
vt 0.451090 0.533967
vt 0.457850 0.534736
vt 0.449911 0.559872
vt 0.441910 0.560417
vt 0.444282 0.570273
vt 0.435362 0.578305
vt 0.430594 0.584410
vt 0.430284 0.579225
vt 0.429003 0.606917
vt 0.459019 0.525402
vt 0.764124 0.036494
vt 0.764491 0.032231
vt 0.775751 0.029629
vt 0.775928 0.032528
vt 0.776085 0.035096
vt 0.764124 0.040195
vt 0.764980 0.015205
vt 0.776068 0.014988
vt 0.775138 0.039840
vt 0.765675 0.044248
vt 0.188537 0.730430
vt 0.183210 0.731008
vt 0.430531 0.556667
vt 0.429789 0.550836
vt 0.444006 0.531692
vt 0.438519 0.535507
vt 0.446261 0.529440
vt 0.432490 0.562921
vt 0.449016 0.527790
vt 0.420211 0.579578
vt 0.425790 0.576115
vt 0.420287 0.605185
vt 0.614678 0.570295
vt 0.613993 0.560349
vt 0.626267 0.559008
vt 0.627302 0.563248
vt 0.628496 0.566968
vt 0.618186 0.577979
vt 0.610112 0.541297
vt 0.622788 0.541998
vt 0.630642 0.571216
vt 0.626530 0.577587
vt 0.188491 0.737762
vt 0.183186 0.737037
vt 0.422552 0.549660
vt 0.422764 0.561922
vt 0.427455 0.566097
vt 0.435041 0.532082
vt 0.438491 0.526469
vt 0.440734 0.524311
vt 0.442954 0.521076
vt 0.419998 0.570950
vt 0.425220 0.572422
vt 0.411435 0.579294
vt 0.411053 0.569803
vt 0.410600 0.603320
vt 0.603799 0.569845
vt 0.603894 0.560741
vt 0.603994 0.577900
vt 0.604284 0.540350
vt 0.619515 0.593075
vt 0.624583 0.587888
vt 0.605180 0.591155
vt 0.179259 0.743369
vt 0.183327 0.752316
vt 0.408968 0.542313
vt 0.410562 0.559785
vt 0.427877 0.529662
vt 0.431684 0.522848
vt 0.435380 0.520686
vt 0.024049 0.771919
vt 0.020635 0.768275
vt 0.023271 0.764375
vt 0.026808 0.766072
vt 0.588382 0.568874
vt 0.589665 0.560205
vt 0.587245 0.576553
vt 0.591370 0.542009
vt 0.586588 0.587672
vt 0.632453 0.591897
vt 0.632074 0.595703
vt 0.627791 0.603190
vt 0.618232 0.601665
vt 0.605199 0.599420
vt 0.586472 0.600233
vt 0.408499 0.535317
vt 0.418336 0.535538
vt 0.418435 0.539674
vt 0.424042 0.529857
vt 0.424594 0.521803
vt 0.026753 0.775240
vt 0.026808 0.782406
vt 0.015348 0.776025
vt 0.014988 0.772217
vt 0.579025 0.563796
vt 0.579516 0.560053
vt 0.578842 0.567259
vt 0.577737 0.543495
vt 0.581543 0.585740
vt 0.582313 0.578889
vt 0.575758 0.572470
vt 0.577033 0.592730
vt 0.018081 0.961339
vt 0.018081 0.969411
vt 0.014988 0.966019
vt 0.576107 0.600617
vt 0.638392 0.610213
vt 0.022679 0.790153
vt 0.638156 0.615246
vt 0.624363 0.616654
vt 0.614882 0.617142
vt 0.604304 0.614348
vt 0.585975 0.612562
vt 0.576264 0.610905
vt 0.420844 0.531676
vt 0.415669 0.527973
vt 0.412158 0.519168
vt 0.407671 0.520747
vt 0.417573 0.516534
vt 0.057146 0.780012
vt 0.065830 0.780970
vt 0.065254 0.784700
vt 0.056789 0.782869
vt 0.064993 0.788158
vt 0.056785 0.786964
vt 0.056785 0.764575
vt 0.064427 0.764375
vt 0.061791 0.793299
vt 0.327042 0.483750
vt 0.331120 0.475783
vt 0.331853 0.482118
vt 0.918052 0.342492
vt 0.922209 0.340113
vt 0.923201 0.344369
vt 0.930731 0.121035
vt 0.929584 0.115734
vt 0.934175 0.115734
vt 0.633818 0.909068
vt 0.625876 0.909068
vt 0.630150 0.897078
vt 0.933399 0.128201
vt 0.356494 0.482341
vt 0.358212 0.469769
vt 0.368769 0.471708
vt 0.367938 0.483433
vt 0.637553 0.619480
vt 0.622823 0.621437
vt 0.612785 0.621650
vt 0.603516 0.621455
vt 0.585158 0.620133
vt 0.575758 0.618359
vt 0.376609 0.473660
vt 0.377472 0.485638
vt 0.323106 0.484616
vt 0.324294 0.494771
vt 0.322385 0.495183
vt 0.320224 0.484783
vt 0.308012 0.494781
vt 0.305184 0.486322
vt 0.328914 0.492953
vt 0.333038 0.489435
vt 0.918962 0.331525
vt 0.923201 0.331634
vt 0.346695 0.490457
vt 0.344545 0.485478
vt 0.350391 0.477735
vt 0.520332 0.891073
vt 0.528577 0.902104
vt 0.520332 0.903597
vt 0.359985 0.486273
vt 0.349796 0.492688
vt 0.626263 0.939045
vt 0.629363 0.950011
vt 0.625876 0.950011
vt 0.368260 0.486756
vt 0.375140 0.488975
vt 0.372119 0.491057
vt 0.377543 0.488869
vt 0.327132 0.499316
vt 0.322691 0.500989
vt 0.330922 0.497889
vt 0.309929 0.502094
vt 0.337716 0.492508
vt 0.340756 0.483453
vt 0.340392 0.497586
vt 0.341982 0.501908
vt 0.372682 0.498207
vt 0.375733 0.499572
vt 0.377694 0.500317
vt 0.329061 0.502828
vt 0.322823 0.504643
vt 0.334383 0.501279
vt 0.310462 0.505027
vt 0.334210 0.507826
vt 0.351271 0.504662
vt 0.349237 0.510072
vt 0.372853 0.517144
vt 0.369201 0.502986
vt 0.377453 0.516793
vt 0.328834 0.508047
vt 0.322533 0.508306
vt 0.310724 0.508721
vt 0.348409 0.518191
vt 0.344772 0.518562
vt 0.344216 0.520331
vt 0.334882 0.520451
vt 0.328064 0.519749
vt 0.360850 0.513150
vt 0.361173 0.504389
vt 0.359383 0.520824
vt 0.367691 0.527827
vt 0.372748 0.533788
vt 0.367345 0.532743
vt 0.376917 0.533887
vt 0.319528 0.517904
vt 0.309360 0.518029
vt 0.339062 0.527832
vt 0.348255 0.525625
vt 0.326411 0.528470
vt 0.312859 0.529541
vt 0.366765 0.543814
vt 0.363259 0.536034
vt 0.376649 0.543912
vt 0.306797 0.530591
vt 0.351786 0.530253
vt 0.342716 0.534284
vt 0.324810 0.536894
vt 0.303783 0.540783
vt 0.849252 0.551859
vt 0.851874 0.550162
vt 0.853309 0.561682
vt 0.849252 0.566308
vt 0.348416 0.548657
vt 0.357664 0.535408
vt 0.352529 0.559432
vt 0.369482 0.556090
vt 0.377286 0.556252
vt 0.331884 0.551777
vt 0.312315 0.556050
vt 0.852490 0.540350
vt 0.884404 0.297023
vt 0.884708 0.286763
vt 0.888075 0.293190
vt 0.259477 0.714712
vt 0.261320 0.699905
vt 0.270202 0.696348
vt 0.270202 0.713737
vt 0.337086 0.562908
vt 0.371223 0.563959
vt 0.355166 0.566339
vt 0.340420 0.570043
vt 0.377694 0.564163
vt 0.318792 0.567598
vt 0.921800 0.907653
vt 0.918606 0.900602
vt 0.921800 0.892784
vt 0.888075 0.307026
vt 0.251587 0.716749
vt 0.252459 0.703454
vt 0.270202 0.727131
vt 0.258058 0.726117
vt 0.250915 0.726989
vt 0.322944 0.575000
vt 0.250311 0.824483
vt 0.250311 0.830118
vt 0.244488 0.833473
vt 0.243154 0.828379
vt 0.247231 0.707214
vt 0.245704 0.716658
vt 0.246063 0.725791
vt 0.270202 0.735565
vt 0.257164 0.733298
vt 0.770882 0.932253
vt 0.775557 0.937611
vt 0.770882 0.944097
vt 0.250491 0.733437
vt 0.242654 0.729246
vt 0.249650 0.842515
vt 0.942316 0.014988
vt 0.942316 0.026914
vt 0.937655 0.018560
vt 0.239832 0.716567
vt 0.626624 0.283536
vt 0.628069 0.278503
vt 0.631815 0.278423
vt 0.631169 0.283144
vt 0.622566 0.282080
vt 0.624885 0.277302
vt 0.645456 0.276291
vt 0.645460 0.279430
vt 0.618231 0.279813
vt 0.620714 0.275164
vt 0.141173 0.806509
vt 0.136973 0.805366
vt 0.137152 0.789076
vt 0.141173 0.789979
vt 0.608231 0.274790
vt 0.611578 0.270517
vt 0.138135 0.771520
vt 0.141173 0.772736
vt 0.239016 0.973962
vt 0.241722 0.967017
vt 0.241587 0.973021
vt 0.239016 0.966136
vt 0.101102 0.532327
vt 0.098285 0.536663
vt 0.148322 0.723094
vt 0.147073 0.738591
vt 0.147179 0.722448
vt 0.148498 0.736182
vt 0.272946 0.924077
vt 0.272946 0.936915
vt 0.272712 0.926930
vt 0.131923 0.446189
vt 0.137588 0.456931
vt 0.132153 0.459065
vt 0.140532 0.481771
vt 0.146362 0.481045
vt 0.087960 0.547608
vt 0.949491 0.720422
vt 0.951260 0.733103
vt 0.949491 0.733514
vt 0.147238 0.705670
vt 0.147073 0.708038
vt 0.880366 0.378625
vt 0.882043 0.378475
vt 0.883062 0.384445
vt 0.881353 0.384533
vt 0.577737 0.965835
vt 0.576115 0.966136
vt 0.575758 0.959282
vt 0.577375 0.959142
vt 0.884373 0.548576
vt 0.884979 0.540350
vt 0.886089 0.548498
vt 0.883286 0.540568
vt 0.958810 0.604039
vt 0.957245 0.603698
vt 0.957245 0.593798
vt 0.958821 0.594214
vt 0.950634 0.070566
vt 0.952267 0.069892
vt 0.952007 0.074959
vt 0.950361 0.075247
vt 0.913286 0.649363
vt 0.914989 0.649225
vt 0.914827 0.654165
vt 0.913172 0.653688
vt 0.141790 0.489806
vt 0.147662 0.491267
vt 0.909002 0.478808
vt 0.908455 0.488944
vt 0.907878 0.478716
vt 0.909598 0.488830
vt 0.598315 0.265182
vt 0.602749 0.261807
vt 0.909598 0.467980
vt 0.908522 0.467556
vt 0.882717 0.395578
vt 0.881015 0.395445
vt 0.577384 0.968437
vt 0.575758 0.968763
vt 0.884469 0.557356
vt 0.886163 0.557652
vt 0.272946 0.967230
vt 0.271851 0.975827
vt 0.271851 0.966891
vt 0.272933 0.976125
vt 0.913772 0.658922
vt 0.912236 0.658229
vt 0.139484 0.496629
vt 0.144512 0.499607
vt 0.589136 0.252029
vt 0.594579 0.249971
vt 0.809930 0.905305
vt 0.813053 0.896993
vt 0.811590 0.904434
vt 0.978543 0.386815
vt 0.978543 0.378475
vt 0.979589 0.378647
vt 0.952267 0.082407
vt 0.950629 0.082187
vt 0.883286 0.561675
vt 0.884943 0.562106
vt 0.844210 0.348499
vt 0.842534 0.348438
vt 0.844210 0.345046
vt 0.944965 0.689949
vt 0.944965 0.685906
vt 0.946384 0.686795
vt 0.882253 0.436952
vt 0.880369 0.436794
vt 0.880366 0.431549
vt 0.882253 0.431848
vt 0.955880 0.203499
vt 0.954655 0.206900
vt 0.954255 0.203166
vt 0.956358 0.207237
vt 0.039697 0.416065
vt 0.040192 0.409086
vt 0.049823 0.409796
vt 0.049226 0.416213
vt 0.015683 0.414842
vt 0.014988 0.409194
vt 0.131923 0.504672
vt 0.136861 0.507788
vt 0.587933 0.246048
vt 0.593841 0.246158
vt 0.441897 0.957925
vt 0.443004 0.947490
vt 0.443004 0.958146
vt 0.813053 0.914823
vt 0.775374 0.342027
vt 0.773635 0.347738
vt 0.773635 0.341968
vt 0.775343 0.347500
vt 0.059256 0.415924
vt 0.058886 0.410243
vt 0.075795 0.408835
vt 0.076738 0.414460
vt 0.954255 0.212960
vt 0.955967 0.212998
vt 0.953653 0.900144
vt 0.952058 0.899992
vt 0.951776 0.892784
vt 0.953388 0.893072
vt 0.821011 0.209744
vt 0.819564 0.213572
vt 0.819848 0.209547
vt 0.820755 0.213580
vt 0.588878 0.233599
vt 0.594333 0.233711
vt 0.820715 0.220984
vt 0.823473 0.229899
vt 0.819572 0.221257
vt 0.824535 0.229359
vt 0.812528 0.344478
vt 0.810843 0.348499
vt 0.810843 0.344248
vt 0.812557 0.348389
vt 0.081292 0.407593
vt 0.083634 0.412890
vt 0.953368 0.903888
vt 0.951776 0.903817
vt 0.593850 0.220634
vt 0.598854 0.223842
vt 0.981004 0.540350
vt 0.978958 0.547286
vt 0.978958 0.540399
vt 0.980422 0.547370
vt 0.979822 0.788722
vt 0.978170 0.789163
vt 0.977691 0.784617
vt 0.979409 0.784438
vt 0.093597 0.400029
vt 0.097515 0.404329
vt 0.978108 0.781741
vt 0.979822 0.781568
vt 0.600550 0.213517
vt 0.604355 0.217794
vt 0.103455 0.386724
vt 0.108475 0.389467
vt 0.106191 0.377944
vt 0.111720 0.379377
vt 0.107805 0.370131
vt 0.113655 0.370060
vt 0.104640 0.353663
vt 0.110178 0.351768
vt 0.100349 0.345935
vt 0.105029 0.342413
vt 0.089944 0.336403
vt 0.093693 0.332053
vt 0.609073 0.207292
vt 0.611904 0.212278
vt 0.102807 0.891045
vt 0.104283 0.890598
vt 0.103009 0.902134
vt 0.101621 0.902314
vt 0.087625 0.335076
vt 0.090561 0.330399
vt 0.616476 0.204442
vt 0.618282 0.209897
vt 0.077754 0.330417
vt 0.079406 0.325492
vt 0.619438 0.204019
vt 0.621130 0.209552
vt 0.062233 0.327279
vt 0.063108 0.322205
vt 0.623074 0.203166
vt 0.624754 0.208833
vt 0.887449 0.841471
vt 0.885042 0.844929
vt 0.885767 0.841349
vt 0.886753 0.845011
vt 0.730528 0.938801
vt 0.731211 0.936959
vt 0.732254 0.938775
vt 0.729480 0.936919
vt 0.786645 0.563197
vt 0.782588 0.566285
vt 0.777383 0.565482
vt 0.774306 0.560854
vt 0.886543 0.855211
vt 0.885780 0.862807
vt 0.884823 0.855454
vt 0.887449 0.862360
vt 0.101621 0.979615
vt 0.103189 0.979843
vt 0.103210 0.984636
vt 0.101621 0.984584
vt 0.045419 0.325819
vt 0.046059 0.320991
vt 0.632017 0.204190
vt 0.633389 0.209654
vt 0.729955 0.944745
vt 0.731681 0.944728
vt 0.017226 0.931264
vt 0.015519 0.931362
vt 0.014988 0.926277
vt 0.016659 0.926226
vt 0.035187 0.324535
vt 0.036087 0.319843
vt 0.643910 0.204877
vt 0.645460 0.209628
vt 0.729480 0.949907
vt 0.731180 0.949933
vt 0.810843 0.396231
vt 0.815785 0.396259
vt 0.818054 0.404522
vt 0.242735 0.923020
vt 0.242735 0.936159
vt 0.239016 0.934172
vt 0.015003 0.920466
vt 0.016689 0.920518
vt 0.022781 0.322191
vt 0.023934 0.317428
vt 0.015558 0.915328
vt 0.017226 0.915578
vt 0.842835 0.041370
vt 0.841031 0.041999
vt 0.838649 0.033388
vt 0.840525 0.033048
vt 0.812216 0.386794
vt 0.815115 0.386508
vt 0.838840 0.023480
vt 0.840661 0.023466
vt 0.587202 0.720837
vt 0.582952 0.703447
vt 0.591875 0.717345
vt 0.577288 0.705214
vt 0.581493 0.690319
vt 0.575758 0.690136
vt 0.014988 0.320709
vt 0.016144 0.315880
vt 0.592227 0.726882
vt 0.596522 0.722963
vt 0.841124 0.014988
vt 0.842835 0.015082
vt 0.814380 0.378475
vt 0.818054 0.378526
vt 0.954136 0.937629
vt 0.956064 0.937647
vt 0.956064 0.948114
vt 0.954153 0.947898
vt 0.582659 0.674129
vt 0.577058 0.671975
vt 0.786645 0.552481
vt 0.774502 0.553172
vt 0.240999 0.834549
vt 0.239832 0.828471
vt 0.882033 0.401573
vt 0.880366 0.401103
vt 0.588489 0.660301
vt 0.586687 0.658305
vt 0.596522 0.653590
vt 0.593628 0.651627
vt 0.884823 0.949808
vt 0.888129 0.940791
vt 0.888129 0.950949
vt 0.885823 0.940167
vt 0.246743 0.841475
vt 0.188113 0.427501
vt 0.179259 0.417998
vt 0.912236 0.641404
vt 0.913939 0.641194
vt 0.897329 0.172473
vt 0.898964 0.167192
vt 0.898964 0.172584
vt 0.897388 0.167317
vt 0.239832 0.892837
vt 0.242248 0.888085
vt 0.241399 0.893044
vt 0.240606 0.887908
vt 0.242735 0.879649
vt 0.241081 0.879542
vt 0.241471 0.872492
vt 0.239832 0.872566
vt 0.769484 0.403648
vt 0.777648 0.403262
vt 0.774451 0.405024
vt 0.780866 0.397856
vt 0.767028 0.400085
vt 0.780007 0.392085
vt 0.767028 0.388942
vt 0.775906 0.384100
vt 0.771086 0.378475
vt 0.523549 0.762950
vt 0.521206 0.760359
vt 0.520332 0.756701
vt 0.531242 0.763776
vt 0.527525 0.764548
vt 0.521421 0.749371
vt 0.535048 0.757661
vt 0.524061 0.745441
vt 0.535048 0.751967
vt 0.525985 0.742658
vt 0.532959 0.741233
vt 0.530935 0.735655
vt 0.824535 0.203409
vt 0.823422 0.203166
vt 0.179259 0.844343
vt 0.180885 0.844135
vt 0.181924 0.852839
vt 0.180314 0.852976
vt 0.182356 0.860815
vt 0.180759 0.860624
vt 0.180917 0.869286
vt 0.179259 0.868108
vt 0.781653 0.542734
vt 0.775822 0.547630
vt 0.575758 0.886059
vt 0.582886 0.876874
vt 0.580850 0.885197
vt 0.575758 0.870202
vt 0.630183 0.866474
vt 0.625876 0.867101
vt 0.625876 0.851472
vt 0.634032 0.851208
vt 0.671826 0.501377
vt 0.674792 0.509789
vt 0.660136 0.509789
vt 0.661839 0.499758
vt 0.666296 0.491670
vt 0.104283 0.910455
vt 0.102951 0.910288
vt 0.777186 0.541121
vt 0.778946 0.540350
vt 0.917426 0.841349
vt 0.920819 0.845479
vt 0.921013 0.852158
vt 0.917426 0.856608
vt 0.490355 0.754158
vt 0.489409 0.762092
vt 0.474151 0.761999
vt 0.473039 0.754200
vt 0.484652 0.743896
vt 0.473039 0.744650
vt 0.475999 0.735655
vt 0.625876 0.816638
vt 0.636727 0.819915
vt 0.631138 0.821232
vt 0.625876 0.808320
vt 0.637845 0.815711
vt 0.629204 0.803848
vt 0.637181 0.807420
vt 0.843932 0.939569
vt 0.849438 0.936250
vt 0.849438 0.946053
vt 0.880904 0.720422
vt 0.885929 0.724483
vt 0.675436 0.244024
vt 0.708415 0.263625
vt 0.680517 0.253984
vt 0.706583 0.249747
vt 0.676155 0.232616
vt 0.706410 0.237809
vt 0.680605 0.211880
vt 0.707417 0.219961
vt 0.681181 0.206384
vt 0.708415 0.212484
vt 0.681172 0.203166
vt 0.708363 0.209793
vt 0.579655 0.812117
vt 0.579655 0.840112
vt 0.577956 0.813287
vt 0.865503 0.115734
vt 0.867352 0.143660
vt 0.865503 0.144494
vt 0.576910 0.813399
vt 0.578610 0.840225
vt 0.575758 0.813180
vt 0.577457 0.840006
vt 0.655808 0.140659
vt 0.653590 0.168631
vt 0.651692 0.168882
vt 0.653909 0.140910
vt 0.657673 0.140665
vt 0.655455 0.168637
vt 0.662766 0.139817
vt 0.660548 0.167789
vt 0.679414 0.137844
vt 0.679414 0.166804
vt 0.876645 0.486089
vt 0.871850 0.478890
vt 0.871850 0.467556
vt 0.877901 0.475734
vt 0.026109 0.720779
vt 0.014988 0.718254
vt 0.014988 0.694183
vt 0.025112 0.696049
vt 0.312941 0.667321
vt 0.303783 0.679761
vt 0.307197 0.666967
vt 0.309903 0.680508
vt 0.062936 0.886196
vt 0.056785 0.879648
vt 0.062936 0.868209
vt 0.016366 0.685444
vt 0.026333 0.685764
vt 0.313891 0.647672
vt 0.308034 0.659049
vt 0.308777 0.648445
vt 0.313666 0.658913
vt 0.310391 0.616984
vt 0.307521 0.632224
vt 0.305600 0.617676
vt 0.312562 0.631493
vt 0.308423 0.607992
vt 0.303783 0.609358
vt 0.775069 0.787191
vt 0.771393 0.782148
vt 0.775362 0.782038
vt 0.770882 0.786918
vt 0.780053 0.787698
vt 0.780283 0.781568
vt 0.442884 0.904908
vt 0.441945 0.900463
vt 0.442896 0.900473
vt 0.441897 0.906598
vt 0.266007 0.600991
vt 0.271351 0.597214
vt 0.271241 0.600965
vt 0.267556 0.596519
vt 0.671585 0.941973
vt 0.671585 0.952404
vt 0.668369 0.947019
vt 0.262307 0.608826
vt 0.183950 0.899262
vt 0.183950 0.913808
vt 0.179259 0.903092
vt 0.889042 0.223229
vt 0.885706 0.207669
vt 0.889042 0.203166
vt 0.257673 0.646468
vt 0.261100 0.631788
vt 0.262333 0.645859
vt 0.256498 0.633225
vt 0.265166 0.665620
vt 0.266346 0.656937
vt 0.271351 0.666371
vt 0.260981 0.656798
vt 0.436466 0.661327
vt 0.443063 0.655100
vt 0.442300 0.664756
vt 0.436867 0.652011
vt 0.434330 0.672305
vt 0.441700 0.675254
vt 0.435715 0.702564
vt 0.443063 0.705509
vt 0.261535 0.621712
vt 0.256749 0.623736
vt 0.324288 0.666650
vt 0.321833 0.680440
vt 0.038760 0.687300
vt 0.044704 0.688970
vt 0.044781 0.700043
vt 0.038277 0.698387
vt 0.048242 0.725076
vt 0.040899 0.723537
vt 0.048554 0.734399
vt 0.927268 0.593798
vt 0.927268 0.608487
vt 0.923998 0.603335
vt 0.324256 0.657934
vt 0.324001 0.646242
vt 0.322377 0.630766
vt 0.320224 0.617085
vt 0.318539 0.606440
vt 0.774781 0.798197
vt 0.771128 0.797744
vt 0.780378 0.797649
vt 0.442896 0.917513
vt 0.256803 0.594730
vt 0.257356 0.593298
vt 0.265543 0.595433
vt 0.256511 0.600792
vt 0.367491 0.888514
vt 0.367491 0.905518
vt 0.362670 0.900469
vt 0.251053 0.613098
vt 0.736263 0.845880
vt 0.736263 0.864704
vt 0.729480 0.856389
vt 0.246872 0.627968
vt 0.246581 0.636310
vt 0.247673 0.647780
vt 0.249426 0.656520
vt 0.252307 0.663936
vt 0.763719 0.484901
vt 0.774098 0.489403
vt 0.765928 0.498343
vt 0.774064 0.476435
vt 0.418468 0.665908
vt 0.423464 0.653933
vt 0.419841 0.696124
vt 0.332694 0.666055
vt 0.331010 0.680079
vt 0.332532 0.657212
vt 0.331977 0.645110
vt 0.330403 0.630101
vt 0.328131 0.616936
vt 0.325969 0.604977
vt 0.774621 0.806316
vt 0.770882 0.805559
vt 0.779936 0.806312
vt 0.981237 0.720422
vt 0.981846 0.728814
vt 0.981237 0.729097
vt 0.250497 0.593773
vt 0.250150 0.600619
vt 0.243398 0.615955
vt 0.240398 0.630891
vt 0.239832 0.638412
vt 0.240934 0.648623
vt 0.241528 0.656337
vt 0.243511 0.662726
vt 0.762123 0.475453
vt 0.774098 0.467556
vt 0.407671 0.661561
vt 0.414263 0.648772
vt 0.409037 0.691759
vt 0.042688 0.731926
vt 0.030136 0.728183
vt 0.185924 0.674350
vt 0.179259 0.673603
vt 0.182874 0.659936
vt 0.189368 0.660245
vt 0.699385 0.307275
vt 0.706607 0.297831
vt 0.706063 0.309258
vt 0.700219 0.295730
vt 0.198461 0.674300
vt 0.201136 0.659503
vt 0.686133 0.304353
vt 0.687242 0.293602
vt 0.183967 0.650982
vt 0.190403 0.650847
vt 0.201521 0.649784
vt 0.701062 0.332573
vt 0.708558 0.334472
vt 0.686426 0.329205
vt 0.737395 0.894681
vt 0.737395 0.906943
vt 0.729480 0.895528
vt 0.676094 0.302089
vt 0.209822 0.658863
vt 0.207641 0.673779
vt 0.209856 0.649028
vt 0.675436 0.326235
vt 0.184885 0.639351
vt 0.190691 0.638602
vt 0.201344 0.637230
vt 0.209276 0.636198
vt 0.702618 0.340956
vt 0.708558 0.343783
vt 0.690200 0.336558
vt 0.881873 0.789889
vt 0.876022 0.792668
vt 0.876022 0.781568
vt 0.880507 0.800014
vt 0.183385 0.622209
vt 0.189200 0.621462
vt 0.199533 0.620943
vt 0.207489 0.620399
vt 0.181255 0.607029
vt 0.186876 0.606391
vt 0.197166 0.606532
vt 0.204953 0.606534
vt 0.179259 0.597521
vt 0.184559 0.596126
vt 0.194663 0.594725
vt 0.202393 0.593298
vt 0.407671 0.741327
vt 0.408197 0.735903
vt 0.414466 0.735753
vt 0.414208 0.741301
vt 0.408110 0.752093
vt 0.414197 0.752387
vt 0.414272 0.760799
vt 0.408037 0.760210
vt 0.422286 0.735486
vt 0.422384 0.740962
vt 0.423026 0.752248
vt 0.422740 0.760799
vt 0.426001 0.736122
vt 0.426028 0.741450
vt 0.847306 0.893812
vt 0.847306 0.906274
vt 0.843932 0.897057
vt 0.816178 0.602633
vt 0.819275 0.609813
vt 0.816178 0.611184
vt 0.844060 0.887177
vt 0.694522 0.542370
vt 0.699042 0.542928
vt 0.699142 0.550502
vt 0.694550 0.550426
vt 0.684781 0.541169
vt 0.684655 0.550261
vt 0.677916 0.550149
vt 0.678147 0.540350
vt 0.923546 0.945604
vt 0.918607 0.947066
vt 0.918607 0.939875
vt 0.924160 0.937629
vt 0.690136 0.559506
vt 0.678943 0.563582
vt 0.671320 0.566358
vt 0.407671 0.904346
vt 0.411837 0.900712
vt 0.411837 0.915810
vt 0.922145 0.255091
vt 0.919018 0.245343
vt 0.924826 0.245343
vt 0.685336 0.573648
vt 0.675506 0.577844
vt 0.668811 0.580701
vt 0.689899 0.571701
vt 0.689566 0.580145
vt 0.684980 0.581604
vt 0.675099 0.584748
vt 0.668369 0.586889
vt 0.690745 0.593000
vt 0.686121 0.593683
vt 0.676159 0.595154
vt 0.669374 0.596156
vt 0.694503 0.602803
vt 0.689153 0.602799
vt 0.677626 0.602789
vt 0.669776 0.602782
vt 0.699142 0.611218
vt 0.693138 0.610594
vt 0.680202 0.609250
vt 0.671392 0.608334
vt 0.575758 0.916036
vt 0.580064 0.921208
vt 0.575758 0.929166
vt 0.919515 0.720422
vt 0.919515 0.736194
vt 0.915906 0.730984
vt 0.674393 0.865974
vt 0.668369 0.852782
vt 0.674393 0.846608
vt 0.637845 0.752957
vt 0.629968 0.773871
vt 0.627904 0.760370
vt 0.626499 0.751176
vt 0.637845 0.744099
vt 0.501552 0.661513
vt 0.507588 0.665030
vt 0.506803 0.675351
vt 0.499498 0.672239
vt 0.488547 0.653934
vt 0.483758 0.665535
vt 0.473039 0.660969
vt 0.479689 0.648772
vt 0.507588 0.705678
vt 0.500284 0.702567
vt 0.484544 0.695862
vt 0.473825 0.691296
vt 0.742503 0.255356
vt 0.738392 0.253246
vt 0.743259 0.239313
vt 0.747729 0.240456
vt 0.672977 0.911996
vt 0.668387 0.911707
vt 0.668369 0.896289
vt 0.672977 0.895951
vt 0.743928 0.231156
vt 0.748511 0.231214
vt 0.308375 0.813587
vt 0.303801 0.813234
vt 0.303783 0.780997
vt 0.308375 0.781252
vt 0.371604 0.658632
vt 0.362670 0.672209
vt 0.367492 0.657345
vt 0.366655 0.674322
vt 0.374062 0.642396
vt 0.369920 0.642083
vt 0.373517 0.632397
vt 0.369471 0.633094
vt 0.183769 0.782303
vt 0.179259 0.814139
vt 0.179259 0.782293
vt 0.183825 0.814158
vt 0.743778 0.220424
vt 0.748262 0.219447
vt 0.371190 0.619841
vt 0.367243 0.621251
vt 0.707282 0.346846
vt 0.701512 0.344157
vt 0.141578 0.944178
vt 0.136973 0.944183
vt 0.136973 0.932467
vt 0.141561 0.932491
vt 0.689108 0.339949
vt 0.105956 0.941867
vt 0.101621 0.948648
vt 0.101621 0.940432
vt 0.106085 0.949638
vt 0.681661 0.333198
vt 0.680417 0.336688
vt 0.738392 0.205000
vt 0.742658 0.203166
vt 0.366458 0.604977
vt 0.362670 0.607121
vt 0.660136 0.431296
vt 0.664740 0.430690
vt 0.667867 0.445525
vt 0.663369 0.446741
vt 0.610691 0.028561
vt 0.613206 0.043049
vt 0.607060 0.031192
vt 0.617066 0.041036
vt 0.670503 0.454052
vt 0.666459 0.456488
vt 0.602908 0.017056
vt 0.600020 0.020766
vt 0.673831 0.456908
vt 0.671775 0.461070
vt 0.596219 0.014988
vt 0.595927 0.019715
vt 0.678245 0.457275
vt 0.679034 0.461693
vt 0.588536 0.017195
vt 0.591168 0.021158
vt 0.679275 0.456329
vt 0.683201 0.458410
vt 0.586385 0.022099
vt 0.590864 0.022042
vt 0.680692 0.452705
vt 0.685091 0.451003
vt 0.588731 0.031472
vt 0.592344 0.028626
vt 0.675574 0.447118
vt 0.678989 0.444188
vt 0.601254 0.043398
vt 0.604142 0.039951
vt 0.665892 0.432639
vt 0.669763 0.430534
vt 0.611048 0.054863
vt 0.614286 0.051906
vt 0.663780 0.422586
vt 0.668087 0.422127
vt 0.614311 0.060200
vt 0.618263 0.058404
vt 0.664209 0.408482
vt 0.668503 0.409245
vt 0.616438 0.069285
vt 0.620693 0.068392
vt 0.667721 0.397133
vt 0.671627 0.399148
vt 0.617314 0.075925
vt 0.621715 0.076149
vt 0.673402 0.387401
vt 0.676703 0.390406
vt 0.615857 0.082350
vt 0.620155 0.083514
vt 0.682397 0.378475
vt 0.685091 0.382123
vt 0.612943 0.096556
vt 0.616953 0.098742
vt 0.939575 0.467556
vt 0.944107 0.467686
vt 0.944116 0.479535
vt 0.939575 0.479213
vt 0.602210 0.110383
vt 0.605861 0.113101
vt 0.804075 0.467556
vt 0.808583 0.468184
vt 0.808580 0.501790
vt 0.804075 0.501234
vt 0.813955 0.814346
vt 0.810357 0.812761
vt 0.810355 0.806044
vt 0.813955 0.807598
vt 0.810355 0.791472
vt 0.813955 0.793058
vt 0.810359 0.781568
vt 0.813955 0.783156
vt 0.586385 0.140113
vt 0.590104 0.142718
vt 0.699407 0.676634
vt 0.699497 0.688757
vt 0.668369 0.682931
vt 0.669169 0.671341
vt 0.700324 0.658763
vt 0.673539 0.650594
vt 0.701243 0.702626
vt 0.673377 0.692892
vt 0.673965 0.645074
vt 0.701180 0.651263
vt 0.701243 0.647910
vt 0.674074 0.641194
vt 0.854428 0.314096
vt 0.851762 0.314823
vt 0.851762 0.286763
vt 0.410259 0.870736
vt 0.407671 0.845330
vt 0.410259 0.844054
vt 0.835526 0.116061
vt 0.835526 0.142941
vt 0.833292 0.143040
vt 0.833292 0.116161
vt 0.830980 0.142613
vt 0.830980 0.115734
vt 0.590151 0.316301
vt 0.590929 0.344105
vt 0.587933 0.344273
vt 0.593147 0.316134
vt 0.593826 0.344194
vt 0.596044 0.316222
vt 0.599314 0.343420
vt 0.601531 0.315448
vt 0.618198 0.342472
vt 0.618198 0.313512
vt 0.366547 0.732768
vt 0.368572 0.732781
vt 0.370919 0.742400
vt 0.368925 0.742564
vt 0.307528 0.751020
vt 0.305577 0.750627
vt 0.309255 0.742239
vt 0.311262 0.742472
vt 0.365724 0.716924
vt 0.367774 0.716867
vt 0.310779 0.722446
vt 0.312799 0.722769
vt 0.372544 0.752978
vt 0.370542 0.753154
vt 0.808010 0.052281
vt 0.806062 0.052445
vt 0.806724 0.025832
vt 0.808672 0.025668
vt 0.806062 0.015113
vt 0.808008 0.014988
vt 0.310856 0.717482
vt 0.312871 0.717900
vt 0.362670 0.710812
vt 0.364727 0.710680
vt 0.362818 0.707813
vt 0.364863 0.708320
vt 0.311289 0.714994
vt 0.313385 0.714823
vt 0.310479 0.713119
vt 0.312174 0.711994
vt 0.364603 0.705294
vt 0.366104 0.706736
vt 0.309612 0.712542
vt 0.310332 0.710769
vt 0.366612 0.704299
vt 0.367049 0.706268
vt 0.308402 0.712364
vt 0.307860 0.710485
vt 0.369095 0.704409
vt 0.368270 0.706293
vt 0.306581 0.713205
vt 0.304957 0.711925
vt 0.371736 0.706427
vt 0.369933 0.707515
vt 0.305829 0.714636
vt 0.303783 0.714189
vt 0.372544 0.709001
vt 0.370453 0.709152
vt 0.305833 0.718989
vt 0.303783 0.718954
vt 0.371787 0.714171
vt 0.369755 0.713897
vt 0.307115 0.736871
vt 0.305062 0.736873
vt 0.880626 0.641971
vt 0.882259 0.641194
vt 0.882259 0.665114
vt 0.880626 0.665891
vt 0.370455 0.729760
vt 0.368425 0.729451
vt 0.234718 0.523570
vt 0.242499 0.532347
vt 0.234540 0.529545
vt 0.246645 0.513362
vt 0.230950 0.534281
vt 0.233419 0.538699
vt 0.222935 0.542505
vt 0.221543 0.537432
vt 0.217288 0.538112
vt 0.210842 0.542099
vt 0.212990 0.538585
vt 0.216949 0.542387
vt 0.202844 0.538389
vt 0.198742 0.539767
vt 0.210089 0.529178
vt 0.206964 0.523490
vt 0.210094 0.544743
vt 0.215528 0.549746
vt 0.208401 0.549660
vt 0.216516 0.545269
vt 0.621706 0.475023
vt 0.617019 0.480084
vt 0.618785 0.471948
vt 0.620985 0.479388
vt 0.619664 0.486790
vt 0.622122 0.483199
vt 0.624575 0.484752
vt 0.625968 0.493525
vt 0.476910 0.942103
vt 0.473039 0.950736
vt 0.473039 0.940940
vt 0.809930 0.944800
vt 0.813426 0.948011
vt 0.809930 0.954421
vt 0.230615 0.554330
vt 0.224172 0.547256
vt 0.234535 0.551580
vt 0.224243 0.551064
vt 0.205653 0.549811
vt 0.196134 0.546553
vt 0.140778 0.883835
vt 0.140778 0.896968
vt 0.136973 0.893266
vt 0.945963 0.378475
vt 0.948567 0.383694
vt 0.945963 0.391965
vt 0.894021 0.601346
vt 0.888841 0.609577
vt 0.887890 0.605543
vt 0.140059 0.902491
vt 0.209696 0.555570
vt 0.203874 0.555919
vt 0.365156 0.973221
vt 0.365156 0.979782
vt 0.362670 0.976876
vt 0.192726 0.556636
vt 0.192163 0.550921
vt 0.199181 0.558337
vt 0.617183 0.456749
vt 0.626453 0.452820
vt 0.618507 0.458185
vt 0.624397 0.449595
vt 0.612841 0.461660
vt 0.610595 0.458679
vt 0.602156 0.446379
vt 0.605162 0.452378
vt 0.602186 0.453128
vt 0.605845 0.449078
vt 0.606878 0.456266
vt 0.604998 0.459323
vt 0.954136 0.978091
vt 0.955074 0.981326
vt 0.954136 0.984170
vt 0.608885 0.444597
vt 0.608033 0.440911
vt 0.614996 0.443518
vt 0.614741 0.440238
vt 0.774794 0.856544
vt 0.770882 0.847896
vt 0.779072 0.854793
vt 0.623580 0.444428
vt 0.190747 0.560908
vt 0.186712 0.558654
vt 0.230577 0.520273
vt 0.230812 0.515785
vt 0.222881 0.519762
vt 0.221865 0.516294
vt 0.217127 0.523617
vt 0.216518 0.518951
vt 0.769385 0.074669
vt 0.764124 0.084051
vt 0.764124 0.074225
vt 0.772386 0.084439
vt 0.210284 0.543381
vt 0.216661 0.543913
vt 0.223561 0.545072
vt 0.233802 0.544766
vt 0.621544 0.465297
vt 0.887890 0.593798
vt 0.198161 0.542739
vt 0.240076 0.554251
vt 0.241835 0.543445
vt 0.260188 0.525189
vt 0.254542 0.547396
vt 0.626604 0.507730
vt 0.619618 0.498273
vt 0.774306 0.597790
vt 0.785147 0.596261
vt 0.785147 0.609568
vt 0.611633 0.484042
vt 0.614626 0.489732
vt 0.616341 0.499423
vt 0.620990 0.508622
vt 0.617678 0.510374
vt 0.612434 0.501469
vt 0.608307 0.485524
vt 0.601973 0.460702
vt 0.599237 0.461576
vt 0.670657 0.107867
vt 0.672793 0.087847
vt 0.674318 0.105630
vt 0.666595 0.087615
vt 0.611622 0.491204
vt 0.608074 0.493386
vt 0.603207 0.404236
vt 0.593232 0.378475
vt 0.600624 0.379395
vt 0.596416 0.404288
vt 0.613887 0.426081
vt 0.607181 0.427398
vt 0.610624 0.403753
vt 0.596874 0.447738
vt 0.595391 0.455099
vt 0.593959 0.447468
vt 0.597611 0.453928
vt 0.594447 0.429068
vt 0.591251 0.429312
vt 0.628352 0.402626
vt 0.617871 0.380398
vt 0.630159 0.381611
vt 0.619144 0.403214
vt 0.608542 0.380096
vt 0.600199 0.428419
vt 0.779072 0.836293
vt 0.623222 0.424139
vt 0.625092 0.440340
vt 0.768234 0.147109
vt 0.758584 0.136669
vt 0.766876 0.135422
vt 0.758584 0.153136
vt 0.184166 0.546681
vt 0.179259 0.550058
vt 0.186163 0.543752
vt 0.187948 0.540398
vt 0.189969 0.536058
vt 0.192423 0.525659
vt 0.193218 0.512270
vt 0.206541 0.509827
vt 0.214179 0.507137
vt 0.232383 0.503099
vt 0.222325 0.505330
vt 0.247026 0.500269
vt 0.261313 0.498969
vt 0.261245 0.510031
vt 0.661568 0.056931
vt 0.654057 0.070087
vt 0.652354 0.059117
vt 0.662504 0.069320
vt 0.671358 0.068725
vt 0.670436 0.054368
vt 0.659034 0.084951
vt 0.665023 0.106886
vt 0.604238 0.485299
vt 0.597447 0.465136
vt 0.590577 0.404216
vt 0.587594 0.404967
vt 0.586973 0.378498
vt 0.583889 0.379149
vt 0.760088 0.115734
vt 0.630159 0.421463
vt 0.188713 0.489232
vt 0.198525 0.486201
vt 0.208537 0.483619
vt 0.217267 0.481044
vt 0.227389 0.479162
vt 0.243914 0.476566
vt 0.255595 0.477112
vt 0.661191 0.036173
vt 0.651692 0.037352
vt 0.670693 0.036529
vt 0.662453 0.021830
vt 0.672515 0.022996
vt 0.665325 0.014988
vt 0.674599 0.015261
vt 0.516663 0.342333
vt 0.512820 0.328475
vt 0.522556 0.332498
vt 0.507808 0.339304
vt 0.529903 0.313964
vt 0.518342 0.307192
vt 0.534256 0.300617
vt 0.524232 0.284084
vt 0.537627 0.287785
vt 0.521507 0.295442
vt 0.528199 0.261705
vt 0.540393 0.271126
vt 0.543491 0.247147
vt 0.532664 0.219311
vt 0.546209 0.225336
vt 0.530404 0.240480
vt 0.535150 0.203166
vt 0.548850 0.204391
vt 0.500199 0.233930
vt 0.513315 0.258427
vt 0.499094 0.251033
vt 0.515555 0.237332
vt 0.498200 0.204488
vt 0.517881 0.218268
vt 0.499382 0.218419
vt 0.519820 0.203413
vt 0.498343 0.275626
vt 0.480760 0.816676
vt 0.473039 0.806135
vt 0.480760 0.792069
vt 0.179259 0.476214
vt 0.188968 0.467470
vt 0.201108 0.464442
vt 0.218744 0.459918
vt 0.210325 0.461430
vt 0.248804 0.459751
vt 0.236889 0.457478
vt 0.657402 0.019669
vt 0.809930 0.844323
vt 0.813955 0.851414
vt 0.809930 0.867017
vt 0.510912 0.283618
vt 0.508974 0.295746
vt 0.505622 0.326635
vt 0.507403 0.306103
vt 0.502747 0.332943
vt 0.520332 0.946016
vt 0.520332 0.933573
vt 0.524185 0.938712
vt 0.182390 0.954028
vt 0.179259 0.946503
vt 0.182390 0.943785
vt 0.498411 0.324491
vt 0.499876 0.335935
vt 0.498792 0.306179
vt 0.498780 0.297629
vt 0.498200 0.288079
vt 0.600294 0.453359
vt 0.600136 0.447209
vt 0.597866 0.428645
vt 0.594097 0.404032
vt 0.590619 0.378490
vt 0.575758 0.381203
vt 0.579337 0.407689
vt 0.582950 0.431719
vt 0.585688 0.449827
vt 0.587047 0.457544
vt 0.589037 0.467564
vt 0.596040 0.487686
vt 0.599942 0.495731
vt 0.604176 0.503832
vt 0.878452 0.071976
vt 0.886783 0.085200
vt 0.878637 0.082701
vt 0.886783 0.074528
vt 0.683031 0.105578
vt 0.681321 0.087770
vt 0.680032 0.068640
vt 0.679116 0.054307
vt 0.679127 0.036433
vt 0.680857 0.022903
vt 0.683031 0.015191
vt 0.524812 0.344638
vt 0.530678 0.334812
vt 0.538359 0.316344
vt 0.542742 0.303023
vt 0.546333 0.290132
vt 0.549549 0.272933
vt 0.552559 0.249756
vt 0.555315 0.227840
vt 0.557957 0.206737
vt 0.407926 0.271114
vt 0.412975 0.256190
vt 0.428577 0.261816
vt 0.413978 0.280636
vt 0.416764 0.388767
vt 0.427149 0.408912
vt 0.417489 0.411899
vt 0.407671 0.397442
vt 0.428835 0.240010
vt 0.412658 0.238831
vt 0.445816 0.240877
vt 0.445977 0.263306
vt 0.415461 0.293450
vt 0.429063 0.286842
vt 0.444144 0.284290
vt 0.429335 0.385582
vt 0.436822 0.406407
vt 0.422011 0.435675
vt 0.435089 0.433281
vt 0.442570 0.430575
vt 0.410358 0.223417
vt 0.429067 0.220306
vt 0.445670 0.220610
vt 0.459884 0.224239
vt 0.459874 0.246100
vt 0.459750 0.269361
vt 0.458653 0.287009
vt 0.438005 0.382826
vt 0.445442 0.403821
vt 0.428427 0.299008
vt 0.417097 0.302288
vt 0.442545 0.297191
vt 0.456598 0.300802
vt 0.450632 0.428753
vt 0.435503 0.447344
vt 0.421204 0.449475
vt 0.444650 0.442504
vt 0.450152 0.439746
vt 0.429543 0.205661
vt 0.407671 0.209625
vt 0.446189 0.203433
vt 0.459884 0.203166
vt 0.468223 0.225529
vt 0.468213 0.247390
vt 0.468223 0.204452
vt 0.468089 0.270651
vt 0.466992 0.288299
vt 0.464937 0.302092
vt 0.448075 0.381034
vt 0.455439 0.401889
vt 0.428101 0.309668
vt 0.418338 0.312436
vt 0.460380 0.426534
vt 0.440587 0.309915
vt 0.453811 0.315055
vt 0.462150 0.316345
vt 0.458935 0.439481
vt 0.740905 0.750794
vt 0.731220 0.762829
vt 0.734687 0.751787
vt 0.732112 0.767001
vt 0.740001 0.740640
vt 0.735761 0.742702
vt 0.427187 0.463710
vt 0.418638 0.460287
vt 0.735932 0.735734
vt 0.739327 0.734617
vt 0.731220 0.730002
vt 0.734712 0.727199
vt 0.465307 0.378475
vt 0.472551 0.399093
vt 0.428862 0.331209
vt 0.420323 0.329747
vt 0.475681 0.423740
vt 0.437477 0.332336
vt 0.475375 0.437551
vt 0.448292 0.335328
vt 0.456631 0.336618
vt 0.462951 0.447480
vt 0.458731 0.443980
vt 0.431384 0.462185
vt 0.441198 0.462368
vt 0.439222 0.465953
vt 0.426584 0.467011
vt 0.438682 0.467779
vt 0.416553 0.464739
vt 0.478436 0.380861
vt 0.485780 0.399559
vt 0.423573 0.342071
vt 0.426854 0.338684
vt 0.491737 0.422341
vt 0.433442 0.345028
vt 0.491770 0.434084
vt 0.443361 0.347209
vt 0.471598 0.456546
vt 0.463067 0.453716
vt 0.490670 0.450621
vt 0.451700 0.348499
vt 0.445211 0.466692
vt 0.445560 0.462334
vt 0.444972 0.468372
vt 0.438104 0.469668
vt 0.424555 0.471206
vt 0.414777 0.468319
vt 0.444708 0.470224
vt 0.115638 0.585268
vt 0.114420 0.600498
vt 0.103278 0.602123
vt 0.527788 0.846924
vt 0.520332 0.861097
vt 0.520332 0.841008
vt 0.133546 0.537765
vt 0.138261 0.537779
vt 0.138261 0.546925
vt 0.131923 0.547458
vt 0.115040 0.622316
vt 0.104000 0.624802
vt 0.116127 0.635267
vt 0.105914 0.636436
vt 0.128850 0.577959
vt 0.126576 0.586648
vt 0.118796 0.577584
vt 0.120347 0.654116
vt 0.111436 0.652642
vt 0.137250 0.577886
vt 0.134976 0.586575
vt 0.462007 0.463172
vt 0.459556 0.458757
vt 0.462585 0.469658
vt 0.470909 0.468528
vt 0.485165 0.473055
vt 0.124627 0.675693
vt 0.117781 0.674780
vt 0.450029 0.461927
vt 0.451413 0.467001
vt 0.452080 0.469548
vt 0.452816 0.472353
vt 0.443803 0.475053
vt 0.436850 0.474757
vt 0.434025 0.474808
vt 0.437891 0.481045
vt 0.432123 0.481380
vt 0.427152 0.483897
vt 0.420433 0.476134
vt 0.412639 0.471828
vt 0.452397 0.476512
vt 0.124805 0.600965
vt 0.124789 0.619714
vt 0.125724 0.634725
vt 0.127053 0.654583
vt 0.133205 0.600893
vt 0.128850 0.673380
vt 0.463234 0.476850
vt 0.469453 0.479960
vt 0.070395 0.823275
vt 0.070395 0.838232
vt 0.056785 0.831966
vt 0.059059 0.825348
vt 0.548197 0.146919
vt 0.542684 0.137218
vt 0.547105 0.135707
vt 0.554931 0.145390
vt 0.538917 0.139365
vt 0.843932 0.848799
vt 0.852570 0.841349
vt 0.854846 0.845592
vt 0.459202 0.480082
vt 0.556409 0.098480
vt 0.551933 0.105182
vt 0.549429 0.100801
vt 0.740905 0.801310
vt 0.737971 0.808452
vt 0.736144 0.798037
vt 0.729480 0.807491
vt 0.730674 0.796978
vt 0.423811 0.485164
vt 0.420747 0.482111
vt 0.552021 0.084553
vt 0.554430 0.087853
vt 0.545907 0.093670
vt 0.544442 0.091587
vt 0.418843 0.486557
vt 0.414863 0.484299
vt 0.407671 0.475510
vt 0.133190 0.619641
vt 0.134124 0.634652
vt 0.135453 0.654511
vt 0.137250 0.673308
vt 0.854846 0.853993
vt 0.843932 0.857200
vt 0.370120 0.935495
vt 0.367548 0.943244
vt 0.362670 0.935495
vt 0.460299 0.484293
vt 0.554399 0.129964
vt 0.547332 0.123141
vt 0.549783 0.119732
vt 0.552624 0.120981
vt 0.541820 0.127504
vt 0.537816 0.128814
vt 0.534404 0.130939
vt 0.530819 0.141849
vt 0.526306 0.133423
vt 0.549304 0.110643
vt 0.546105 0.107829
vt 0.540001 0.097536
vt 0.740905 0.815903
vt 0.537340 0.094145
vt 0.714951 0.159146
vt 0.713007 0.156393
vt 0.723270 0.151891
vt 0.884404 0.348218
vt 0.884404 0.337002
vt 0.887721 0.339756
vt 0.714648 0.137996
vt 0.550555 0.059541
vt 0.541906 0.076169
vt 0.540767 0.061656
vt 0.721111 0.132587
vt 0.728608 0.141867
vt 0.544040 0.116418
vt 0.548345 0.115700
vt 0.538163 0.121068
vt 0.534290 0.122636
vt 0.530190 0.122456
vt 0.522093 0.124940
vt 0.530639 0.095843
vt 0.532767 0.092345
vt 0.535328 0.080763
vt 0.534242 0.077160
vt 0.542215 0.079428
vt 0.533072 0.063417
vt 0.545875 0.038828
vt 0.537037 0.039546
vt 0.713007 0.115734
vt 0.555112 0.038125
vt 0.528541 0.040196
vt 0.527553 0.096761
vt 0.524419 0.098046
vt 0.522607 0.101723
vt 0.514509 0.104207
vt 0.527113 0.089065
vt 0.530561 0.088244
vt 0.524826 0.089501
vt 0.531508 0.084870
vt 0.527173 0.082565
vt 0.524650 0.064509
vt 0.520347 0.040290
vt 0.544157 0.016327
vt 0.556409 0.017419
vt 0.534496 0.016122
vt 0.525445 0.015668
vt 0.516740 0.014988
vt 0.522301 0.089983
vt 0.520321 0.091334
vt 0.512224 0.093817
vt 0.524437 0.083181
vt 0.521415 0.083862
vt 0.521730 0.064874
vt 0.517398 0.040486
vt 0.513492 0.015090
vt 0.518796 0.083524
vt 0.510698 0.086008
vt 0.518505 0.065278
vt 0.515768 0.065524
vt 0.514141 0.040703
vt 0.509900 0.015108
vt 0.507670 0.068008
vt 0.511581 0.041653
vt 0.503484 0.044136
vt 0.507169 0.015637
vt 0.499263 0.017712
vt 0.913038 0.378475
vt 0.915986 0.379935
vt 0.913038 0.395475
vt 0.537728 0.702669
vt 0.542634 0.688241
vt 0.545781 0.687815
vt 0.916759 0.069892
vt 0.920384 0.070035
vt 0.920254 0.083816
vt 0.916759 0.085200
vt 0.541258 0.671207
vt 0.544657 0.670604
vt 0.738661 0.310406
vt 0.743659 0.287735
vt 0.742161 0.310648
vt 0.740235 0.286763
vt 0.539538 0.655778
vt 0.543033 0.655103
vt 0.738534 0.324228
vt 0.742038 0.324058
vt 0.537728 0.641938
vt 0.541231 0.641178
vt 0.632891 0.651627
vt 0.636169 0.652905
vt 0.629943 0.673608
vt 0.626499 0.672875
vt 0.630094 0.689416
vt 0.626559 0.690169
vt 0.636169 0.705028
vt 0.632553 0.705689
vt 0.444648 0.152469
vt 0.441140 0.151579
vt 0.447817 0.129994
vt 0.451255 0.131109
vt 0.634805 0.714123
vt 0.631293 0.713790
vt 0.440610 0.173189
vt 0.437065 0.172490
vt 0.455459 0.107174
vt 0.458861 0.108398
vt 0.462006 0.090045
vt 0.465477 0.091087
vt 0.464941 0.076806
vt 0.468536 0.077291
vt 0.465666 0.062834
vt 0.469286 0.062821
vt 0.976802 0.650046
vt 0.978042 0.641265
vt 0.978046 0.650055
vt 0.976802 0.641194
vt 0.899608 0.115734
vt 0.897329 0.123466
vt 0.898381 0.115853
vt 0.898573 0.123448
vt 0.739075 0.335122
vt 0.742558 0.334534
vt 0.897558 0.129765
vt 0.898798 0.129734
vt 0.464549 0.042950
vt 0.468110 0.041919
vt 0.627115 0.979988
vt 0.625876 0.983693
vt 0.625876 0.980003
vt 0.627111 0.983660
vt 0.949386 0.432837
vt 0.948146 0.432871
vt 0.948067 0.423146
vt 0.949300 0.423001
vt 0.739762 0.339649
vt 0.743230 0.338944
vt 0.919840 0.977043
vt 0.918607 0.983344
vt 0.918607 0.977096
vt 0.919819 0.983201
vt 0.458268 0.031621
vt 0.461007 0.029106
vt 0.949285 0.437189
vt 0.948067 0.437221
vt 0.739808 0.343266
vt 0.743233 0.342332
vt 0.450035 0.026122
vt 0.451729 0.022905
vt 0.983629 0.892784
vt 0.984862 0.892919
vt 0.984862 0.897846
vt 0.983649 0.897603
vt 0.948962 0.544789
vt 0.947771 0.544858
vt 0.947763 0.540363
vt 0.948982 0.540350
vt 0.917395 0.540509
vt 0.916345 0.543166
vt 0.916140 0.540350
vt 0.917586 0.543300
vt 0.946358 0.648359
vt 0.944965 0.648328
vt 0.945470 0.641194
vt 0.946825 0.641421
vt 0.740417 0.346846
vt 0.743659 0.345318
vt 0.917787 0.550232
vt 0.916140 0.558305
vt 0.916593 0.550023
vt 0.917296 0.558565
vt 0.435942 0.020551
vt 0.436816 0.017010
vt 0.948953 0.554666
vt 0.947763 0.554777
vt 0.844949 0.976638
vt 0.843932 0.982688
vt 0.843932 0.976030
vt 0.844940 0.983133
vt 0.946825 0.655729
vt 0.945453 0.655929
vt 0.904666 0.027078
vt 0.907679 0.026698
vt 0.906821 0.032368
vt 0.903637 0.032890
vt 0.417803 0.018624
vt 0.417790 0.014988
vt 0.403542 0.020225
vt 0.402854 0.016666
vt 0.384798 0.025371
vt 0.383396 0.022009
vt 0.367816 0.035113
vt 0.365470 0.032293
vt 0.358564 0.045915
vt 0.355581 0.043844
vt 0.975466 0.467556
vt 0.974212 0.472950
vt 0.974092 0.467588
vt 0.975515 0.472768
vt 0.974092 0.476786
vt 0.975337 0.476447
vt 0.353266 0.055321
vt 0.350034 0.053695
vt 0.729480 0.983399
vt 0.730868 0.979910
vt 0.730868 0.983573
vt 0.729485 0.979927
vt 0.839834 0.484238
vt 0.838560 0.484244
vt 0.839357 0.472836
vt 0.840620 0.473082
vt 0.903637 0.015201
vt 0.906555 0.014988
vt 0.775535 0.728762
vt 0.771195 0.731826
vt 0.774569 0.728015
vt 0.772265 0.732474
vt 0.349099 0.064488
vt 0.345616 0.063420
vt 0.770882 0.736452
vt 0.771952 0.736878
vt 0.798326 0.133983
vt 0.799227 0.115734
vt 0.801003 0.134367
vt 0.914417 0.781568
vt 0.914417 0.800351
vt 0.911850 0.800041
vt 0.345312 0.086140
vt 0.341693 0.085857
vt 0.737896 0.554203
vt 0.734618 0.555705
vt 0.729119 0.541788
vt 0.732413 0.540350
vt 0.798210 0.153829
vt 0.801003 0.154484
vt 0.742911 0.565318
vt 0.739446 0.566440
vt 0.744329 0.574937
vt 0.740646 0.574850
vt 0.742208 0.583347
vt 0.738823 0.581992
vt 0.345487 0.096364
vt 0.341874 0.096506
vt 0.740523 0.586285
vt 0.737480 0.584358
vt 0.345986 0.104163
vt 0.342380 0.104427
vt 0.738216 0.589426
vt 0.735135 0.587546
vt 0.347523 0.122318
vt 0.343913 0.122521
vt 0.348256 0.146521
vt 0.344641 0.146678
vt 0.736414 0.591822
vt 0.733149 0.590256
vt 0.350387 0.172980
vt 0.346794 0.173189
vt 0.732456 0.599082
vt 0.729119 0.597697
vt 0.534383 0.804910
vt 0.533546 0.808177
vt 0.529857 0.810784
vt 0.533322 0.799994
vt 0.525200 0.811031
vt 0.528190 0.796654
vt 0.520332 0.806752
vt 0.913038 0.437221
vt 0.913126 0.425451
vt 0.917037 0.433822
vt 0.520332 0.794525
vt 0.918091 0.437221
vt 0.521505 0.975993
vt 0.521505 0.983087
vt 0.520332 0.978743
vt 0.782615 0.727829
vt 0.778713 0.727199
vt 0.784933 0.734030
vt 0.773396 0.741612
vt 0.898369 0.137215
vt 0.899608 0.137201
vt 0.784933 0.742478
vt 0.778160 0.747738
vt 0.784012 0.749036
vt 0.783472 0.751591
vt 0.715067 0.495417
vt 0.729047 0.499373
vt 0.724467 0.502266
vt 0.718631 0.500336
vt 0.715067 0.485418
vt 0.732147 0.492299
vt 0.715983 0.481090
vt 0.730229 0.485578
vt 0.717181 0.476914
vt 0.726837 0.477277
vt 0.720500 0.467556
vt 0.840850 0.491699
vt 0.839615 0.492026
vt 0.841874 0.495997
vt 0.840733 0.496595
vt 0.980640 0.427571
vt 0.979623 0.430545
vt 0.979362 0.427549
vt 0.980887 0.430577
vt 0.980887 0.423146
vt 0.979630 0.423000
vt 0.850430 0.744238
vt 0.849781 0.749222
vt 0.849155 0.744514
vt 0.850928 0.748652
vt 0.849730 0.736024
vt 0.848453 0.736035
vt 0.850917 0.725063
vt 0.849641 0.724882
vt 0.850928 0.720745
vt 0.849687 0.720422
vt 0.840631 0.467556
vt 0.841874 0.467872
vt 0.216284 0.561207
vt 0.221306 0.563322
vt 0.947714 0.781568
vt 0.944449 0.792129
vt 0.944393 0.784434
vt 0.947714 0.794511
vt 0.195960 0.559347
vt 0.857914 0.603338
vt 0.849252 0.609577
vt 0.849252 0.596285
s 1
usemtl BakedMaterial
f 1/1/1 3/2/2 2/3/3
f 1/1/1 4/4/4 3/2/2
f 5/5/5 1/1/1 6/6/6
f 5/5/5 4/4/4 1/1/1
f 7/7/7 5/5/5 8/8/8
f 7/7/7 4/4/4 5/5/5
f 9/9/9 11/10/10 10/11/11
f 9/9/9 12/12/12 11/10/10
f 10/13/11 14/14/13 13/15/14
f 10/11/11 11/10/10 14/16/13
f 11/10/10 16/17/15 15/18/16
f 11/10/10 12/12/12 16/17/15
f 17/19/17 16/17/15 18/20/18
f 17/19/17 15/18/16 16/17/15
f 19/21/19 15/18/16 17/19/17
f 19/21/19 20/22/20 15/18/16
f 21/23/21 11/10/10 22/24/22
f 21/23/21 14/16/13 11/10/10
f 22/24/22 23/25/23 21/23/21
f 22/24/22 24/26/24 23/25/23
f 25/27/25 24/26/24 22/24/22
f 25/27/25 26/28/26 24/26/24
f 27/29/27 29/30/28 28/31/29
f 27/29/27 30/32/30 29/30/28
f 31/33/31 27/29/27 28/31/29
f 31/33/31 32/34/32 27/29/27
f 33/35/33 32/34/32 31/33/31
f 33/35/33 34/36/34 32/34/32
f 35/37/35 31/33/31 36/38/36
f 35/37/35 33/35/33 31/33/31
f 4/4/4 29/30/28 3/2/2
f 4/4/4 28/31/29 29/30/28
f 7/7/7 37/39/37 4/4/4
f 7/7/7 38/40/38 37/39/37
f 4/4/4 39/41/39 28/31/29
f 4/4/4 40/42/40 39/41/39
f 40/42/40 41/43/41 39/41/39
f 40/42/40 42/44/42 41/43/41
f 42/44/42 43/45/43 41/43/41
f 42/44/42 44/46/44 43/45/43
f 22/24/22 45/47/45 25/27/25
f 22/24/22 46/48/46 45/47/45
f 46/48/46 47/49/47 45/47/45
f 46/48/46 48/50/48 47/49/47
f 48/50/48 49/51/49 47/49/47
f 48/50/48 50/52/50 49/51/49
f 44/46/44 51/53/51 43/45/43
f 44/46/44 50/52/50 51/53/51
f 28/31/29 52/54/52 31/33/31
f 28/31/29 39/41/39 52/54/52
f 39/41/39 53/55/53 52/54/52
f 39/41/39 41/43/41 53/55/53
f 41/43/41 54/56/54 53/55/53
f 41/43/41 43/45/43 54/56/54
f 46/48/46 11/10/10 55/57/55
f 46/48/46 22/24/22 11/10/10
f 48/50/48 55/57/55 56/58/56
f 48/50/48 46/48/46 55/57/55
f 50/52/50 56/58/56 51/53/51
f 50/52/50 48/50/48 56/58/56
f 43/45/43 57/59/57 54/56/54
f 43/45/43 51/53/51 57/59/57
f 31/33/31 58/60/58 36/38/36
f 31/33/31 52/54/52 58/60/58
f 52/54/52 59/61/59 58/60/58
f 52/54/52 53/55/53 59/61/59
f 53/55/53 60/62/60 59/61/59
f 53/55/53 54/56/54 60/62/60
f 55/57/55 15/18/16 61/63/61
f 55/57/55 11/10/10 15/18/16
f 56/58/56 61/63/61 62/64/62
f 56/58/56 55/57/55 61/63/61
f 51/53/51 62/64/62 57/59/57
f 51/53/51 56/58/56 62/64/62
f 54/56/54 63/65/63 60/62/60
f 54/56/54 57/59/57 63/65/63
f 61/63/61 20/22/20 64/66/64
f 61/63/61 15/18/16 20/22/20
f 62/64/62 64/66/64 65/67/65
f 62/64/62 61/63/61 64/66/64
f 57/59/57 65/67/65 63/65/63
f 57/59/57 62/64/62 65/67/65
f 50/52/50 66/68/66 49/51/49
f 50/52/50 44/46/44 66/68/66
f 40/42/40 37/39/37 67/69/67
f 40/42/40 4/4/4 37/39/37
f 42/44/42 67/69/67 68/70/68
f 42/44/42 40/42/40 67/69/67
f 44/46/44 68/70/68 66/68/66
f 44/46/44 42/44/42 68/70/68
f 69/71/69 17/19/17 18/20/18
f 69/71/69 70/72/70 17/19/17
f 70/72/70 19/21/19 17/19/17
f 70/72/70 71/73/71 19/21/19
f 71/73/71 20/22/20 19/21/19
f 71/73/71 72/74/72 20/22/20
f 72/74/72 64/66/64 20/22/20
f 72/74/72 73/75/73 64/66/64
f 73/75/73 65/67/65 64/66/64
f 73/75/73 74/76/74 65/67/65
f 74/76/74 63/65/63 65/67/65
f 74/76/74 75/77/75 63/65/63
f 75/77/75 60/62/60 63/65/63
f 75/77/75 76/78/76 60/62/60
f 76/78/76 59/61/59 60/62/60
f 76/78/76 77/79/77 59/61/59
f 77/79/77 58/60/58 59/61/59
f 77/79/77 78/80/78 58/60/58
f 78/80/78 36/38/36 58/60/58
f 78/80/78 79/81/79 36/38/36
f 79/81/79 35/37/35 36/38/36
f 79/81/79 80/82/80 35/37/35
f 80/82/80 33/35/33 35/37/35
f 80/82/80 81/83/81 33/35/33
f 81/83/81 34/36/34 33/35/33
f 81/83/81 82/84/82 34/36/34
f 82/84/82 32/34/32 34/36/34
f 82/84/82 83/85/83 32/34/32
f 83/85/83 27/29/27 32/34/32
f 83/85/83 84/86/84 27/29/27
f 84/86/84 30/32/30 27/29/27
f 84/86/84 85/87/85 30/32/30
f 85/87/85 29/30/28 30/32/30
f 85/87/85 86/88/86 29/30/28
f 86/88/86 3/2/2 29/30/28
f 86/88/86 87/89/87 3/2/2
f 87/89/87 2/3/3 3/2/2
f 87/89/87 88/90/88 2/3/3
f 88/90/88 1/1/1 2/3/3
f 88/90/88 89/91/89 1/1/1
f 89/91/89 90/92/90 1/1/1
f 90/92/90 6/6/6 1/1/1
f 90/92/90 91/93/91 6/6/6
f 91/93/91 5/5/5 6/6/6
f 91/93/91 92/94/92 5/5/5
f 92/94/92 8/8/8 5/5/5
f 92/94/92 93/95/93 8/8/8
f 93/95/93 7/7/7 8/8/8
f 93/95/93 94/96/94 7/7/7
f 94/96/94 38/40/38 7/7/7
f 94/96/94 95/97/95 38/40/38
f 95/97/95 37/39/37 38/40/38
f 95/97/95 96/98/96 37/39/37
f 96/98/96 67/69/67 37/39/37
f 96/98/96 97/99/97 67/69/67
f 97/99/97 68/70/68 67/69/67
f 97/99/97 98/100/98 68/70/68
f 98/100/98 66/68/66 68/70/68
f 98/100/98 99/101/99 66/68/66
f 99/101/99 49/51/49 66/68/66
f 99/101/99 100/102/100 49/51/49
f 100/102/100 47/49/47 49/51/49
f 100/102/100 101/103/101 47/49/47
f 101/103/101 45/47/45 47/49/47
f 101/103/101 102/104/102 45/47/45
f 102/104/102 25/27/25 45/47/45
f 102/104/102 103/105/103 25/27/25
f 103/105/103 26/28/26 25/27/25
f 103/105/103 104/106/104 26/28/26
f 104/106/104 24/26/24 26/28/26
f 104/106/104 105/107/105 24/26/24
f 105/107/105 23/25/23 24/26/24
f 105/107/105 106/108/106 23/25/23
f 106/108/106 21/23/21 23/25/23
f 106/108/106 107/109/107 21/23/21
f 107/109/107 14/16/13 21/23/21
f 107/109/107 108/110/108 14/16/13
f 108/110/108 109/111/109 14/16/13
f 109/111/109 13/112/14 14/16/13
f 109/111/109 110/113/110 13/112/14
f 110/113/110 10/11/11 13/112/14
f 110/113/110 111/114/111 10/11/11
f 111/114/111 9/9/9 10/11/11
f 111/114/111 112/115/112 9/9/9
f 112/115/112 12/12/12 9/9/9
f 112/115/112 113/116/113 12/12/12
f 113/116/113 114/117/114 12/12/12
f 114/117/114 16/17/15 12/12/12
f 114/117/114 115/118/115 16/17/15
f 69/71/69 117/119/116 116/120/117
f 69/71/69 115/118/115 117/119/116
f 78/80/78 119/121/118 118/122/119
f 78/80/78 77/79/77 119/121/118
f 79/81/79 118/122/119 120/123/120
f 79/81/79 78/80/78 118/122/119
f 80/82/80 120/123/120 121/124/121
f 80/82/80 79/81/79 120/123/120
f 81/83/81 121/124/121 122/125/122
f 81/83/81 80/82/80 121/124/121
f 82/84/82 122/125/122 123/126/123
f 82/84/82 81/83/81 122/125/122
f 83/85/83 123/126/123 124/127/124
f 83/85/83 82/84/82 123/126/123
f 84/86/84 124/127/124 125/128/125
f 84/86/84 83/85/83 124/127/124
f 85/87/85 125/128/125 126/129/126
f 85/87/85 84/86/84 125/128/125
f 86/88/86 126/129/126 127/130/127
f 86/88/86 85/87/85 126/129/126
f 87/89/87 127/130/127 128/131/128
f 87/89/87 86/88/86 127/130/127
f 88/90/88 128/131/128 129/132/129
f 88/90/88 87/89/87 128/131/128
f 89/91/89 129/132/129 130/133/130
f 89/91/89 88/90/88 129/132/129
f 90/92/90 130/133/130 131/134/131
f 90/92/90 89/91/89 130/133/130
f 91/93/91 131/134/131 132/135/132
f 91/93/91 90/92/90 131/134/131
f 92/94/92 132/135/132 133/136/133
f 92/94/92 91/93/91 132/135/132
f 93/95/93 133/136/133 134/137/134
f 93/95/93 92/94/92 133/136/133
f 94/96/94 134/137/134 135/138/135
f 94/96/94 93/95/93 134/137/134
f 95/97/95 135/138/135 136/139/136
f 95/97/95 94/96/94 135/138/135
f 96/98/96 136/139/136 137/140/137
f 96/98/96 95/97/95 136/139/136
f 97/99/97 137/140/137 138/141/138
f 97/99/97 96/98/96 137/140/137
f 98/100/98 138/141/138 139/142/139
f 98/100/98 97/99/97 138/141/138
f 99/101/99 139/142/139 140/143/140
f 99/101/99 98/100/98 139/142/139
f 100/102/100 140/143/140 141/144/141
f 100/102/100 99/101/99 140/143/140
f 101/103/101 141/144/141 142/145/142
f 101/103/101 100/102/100 141/144/141
f 102/104/102 142/145/142 143/146/143
f 102/104/102 101/103/101 142/145/142
f 103/105/103 143/146/143 144/147/144
f 103/105/103 102/104/102 143/146/143
f 104/106/104 144/147/144 145/148/145
f 104/106/104 103/105/103 144/147/144
f 105/107/105 145/148/145 146/149/146
f 105/107/105 104/106/104 145/148/145
f 106/108/106 146/149/146 147/150/147
f 106/108/106 105/107/105 146/149/146
f 107/109/107 147/150/147 148/151/148
f 107/109/107 106/108/106 147/150/147
f 108/110/108 148/151/148 149/152/149
f 108/110/108 107/109/107 148/151/148
f 109/111/109 149/152/149 150/153/150
f 109/111/109 108/110/108 149/152/149
f 110/113/110 150/153/150 151/154/151
f 110/113/110 109/111/109 150/153/150
f 111/114/111 151/154/151 152/155/152
f 111/114/111 110/113/110 151/154/151
f 112/115/112 152/155/152 153/156/153
f 112/115/112 111/114/111 152/155/152
f 113/116/113 153/156/153 154/157/154
f 113/116/113 112/115/112 153/156/153
f 114/117/114 154/157/154 155/158/155
f 114/117/114 113/116/113 154/157/154
f 115/118/115 155/158/155 117/119/116
f 115/118/115 114/117/114 155/158/155
f 115/118/115 18/20/18 16/17/15
f 115/118/115 69/71/69 18/20/18
f 70/72/70 116/120/117 156/159/156
f 70/72/70 69/71/69 116/120/117
f 71/73/71 156/159/156 157/160/157
f 71/73/71 70/72/70 156/159/156
f 72/74/72 157/160/157 158/161/158
f 72/74/72 71/73/71 157/160/157
f 73/75/73 158/161/158 159/162/159
f 73/75/73 72/74/72 158/161/158
f 74/76/74 159/162/159 160/163/160
f 74/76/74 73/75/73 159/162/159
f 75/77/75 160/163/160 161/164/161
f 75/77/75 74/76/74 160/163/160
f 76/78/76 161/164/161 162/165/162
f 76/78/76 75/77/75 161/164/161
f 119/121/118 164/166/163 163/167/164
f 119/121/118 162/165/162 164/166/163
f 161/164/161 166/168/165 165/169/166
f 161/164/161 160/163/160 166/168/165
f 162/165/162 165/169/166 164/166/163
f 162/165/162 161/164/161 165/169/166
f 77/79/77 162/165/162 119/121/118
f 77/79/77 76/78/76 162/165/162
f 118/122/119 163/167/164 167/170/167
f 118/122/119 119/121/118 163/167/164
f 120/123/120 167/170/167 168/171/168
f 120/123/120 118/122/119 167/170/167
f 121/124/121 168/171/168 169/172/169
f 121/124/121 120/123/120 168/171/168
f 122/125/122 169/172/169 170/173/170
f 122/125/122 121/124/121 169/172/169
f 123/126/123 170/173/170 171/174/171
f 123/126/123 122/125/122 170/173/170
f 124/127/124 171/174/171 172/175/172
f 124/127/124 123/126/123 171/174/171
f 125/128/125 172/175/172 173/176/173
f 125/128/125 124/127/124 172/175/172
f 126/129/126 173/176/173 174/177/174
f 126/129/126 125/128/125 173/176/173
f 127/130/127 174/177/174 175/178/175
f 127/130/127 126/129/126 174/177/174
f 128/131/128 175/178/175 176/179/176
f 128/131/128 127/130/127 175/178/175
f 129/132/129 176/179/176 177/180/177
f 129/132/129 128/131/128 176/179/176
f 130/133/130 177/180/177 178/181/178
f 130/133/130 129/132/129 177/180/177
f 131/134/131 178/181/178 179/182/179
f 131/134/131 130/133/130 178/181/178
f 132/135/132 179/182/179 180/183/180
f 132/135/132 131/134/131 179/182/179
f 133/136/133 180/183/180 181/184/181
f 133/136/133 132/135/132 180/183/180
f 134/137/134 181/184/181 182/185/182
f 134/137/134 133/136/133 181/184/181
f 135/138/135 182/185/182 183/186/183
f 135/138/135 134/137/134 182/185/182
f 136/187/136 183/188/183 184/189/184
f 136/139/136 135/138/135 183/186/183
f 137/140/137 184/190/184 185/191/185
f 137/140/137 136/139/136 184/190/184
f 138/192/138 185/193/185 186/194/186
f 138/192/138 137/195/137 185/193/185
f 187/196/187 188/197/188 189/198/189
f 187/196/187 189/198/189 190/199/190
f 191/200/191 192/201/192 188/197/188
f 191/200/191 188/197/188 187/196/187
f 193/202/193 194/203/194 192/201/192
f 193/202/193 192/201/192 191/200/191
f 195/204/195 196/205/196 194/203/194
f 195/204/195 194/203/194 193/202/193
f 197/206/197 198/207/198 196/205/196
f 197/206/197 196/205/196 195/204/195
f 199/208/199 200/209/200 198/207/198
f 199/208/199 198/207/198 197/206/197
f 201/210/201 202/211/202 200/209/200
f 201/210/201 200/209/200 199/208/199
f 203/212/203 204/213/204 202/211/202
f 203/212/203 202/211/202 201/210/201
f 147/214/147 206/215/205 205/216/206
f 147/214/147 146/217/146 206/215/205
f 148/218/148 205/216/206 207/219/207
f 148/218/148 147/214/147 205/216/206
f 208/220/208 209/221/209 210/222/210
f 208/220/208 210/222/210 211/223/211
f 212/224/212 213/225/213 209/221/209
f 212/224/212 209/221/209 208/220/208
f 214/226/214 215/227/215 213/225/213
f 214/226/214 213/225/213 212/224/212
f 216/228/216 217/229/217 215/227/215
f 216/228/216 215/227/215 214/226/214
f 218/230/218 219/231/219 217/229/217
f 218/230/218 217/229/217 216/228/216
f 220/232/220 221/233/221 219/231/219
f 220/232/220 219/231/219 218/230/218
f 155/234/155 223/235/222 222/236/223
f 155/234/155 154/237/154 223/235/222
f 117/238/116 222/236/223 224/239/224
f 117/238/116 155/234/155 222/236/223
f 116/120/117 224/240/224 225/241/225
f 116/120/117 117/119/116 224/240/224
f 156/159/156 225/241/225 226/242/226
f 156/243/156 116/244/117 225/245/225
f 157/160/157 226/242/226 227/246/227
f 157/160/157 156/159/156 226/242/226
f 158/161/158 227/246/227 228/247/228
f 158/161/158 157/160/157 227/246/227
f 159/162/159 228/247/228 229/248/229
f 159/162/159 158/161/158 228/247/228
f 160/163/160 229/248/229 166/168/165
f 160/163/160 159/162/159 229/248/229
f 230/249/230 166/168/165 231/250/231
f 230/249/230 165/169/166 166/168/165
f 232/251/232 165/169/166 230/249/230
f 232/251/232 164/166/163 165/169/166
f 233/252/233 164/166/163 232/251/232
f 233/252/233 163/167/164 164/166/163
f 163/167/164 234/253/234 167/170/167
f 163/167/164 233/252/233 234/253/234
f 235/254/235 167/170/167 234/253/234
f 235/254/235 168/171/168 167/170/167
f 236/255/236 168/171/168 235/254/235
f 236/255/236 169/172/169 168/171/168
f 237/256/237 169/172/169 236/255/236
f 237/256/237 170/173/170 169/172/169
f 238/257/238 170/173/170 237/256/237
f 238/257/238 171/174/171 170/173/170
f 239/258/239 171/174/171 238/257/238
f 239/258/239 172/175/172 171/174/171
f 240/259/240 172/175/172 239/258/239
f 240/259/240 173/176/173 172/175/172
f 173/176/173 241/260/241 174/177/174
f 173/176/173 240/259/240 241/260/241
f 242/261/242 174/177/174 241/260/241
f 242/261/242 175/178/175 174/177/174
f 175/178/175 243/262/243 176/179/176
f 175/178/175 242/261/242 243/262/243
f 244/263/244 176/179/176 243/262/243
f 244/263/244 177/180/177 176/179/176
f 177/180/177 245/264/245 178/181/178
f 177/180/177 244/263/244 245/264/245
f 246/265/246 178/181/178 245/264/245
f 246/265/246 179/182/179 178/181/178
f 247/266/247 179/182/179 246/265/246
f 247/266/247 180/183/180 179/182/179
f 180/183/180 248/267/248 181/184/181
f 180/183/180 247/266/247 248/267/248
f 249/268/249 181/184/181 248/267/248
f 249/268/249 182/185/182 181/184/181
f 182/185/182 250/269/250 183/186/183
f 182/185/182 249/268/249 250/269/250
f 251/270/251 183/186/183 250/269/250
f 251/270/251 184/190/184 183/186/183
f 184/190/184 252/271/252 185/191/185
f 184/190/184 251/270/251 252/271/252
f 185/191/185 253/272/253 186/273/186
f 185/191/185 252/271/252 253/272/253
f 254/274/254 255/275/255 189/198/189
f 254/274/254 189/198/189 188/197/188
f 256/276/256 254/274/254 188/197/188
f 256/276/256 188/197/188 192/201/192
f 257/277/257 256/276/256 192/201/192
f 257/277/257 192/201/192 194/203/194
f 258/278/258 257/277/257 194/203/194
f 258/278/258 194/203/194 196/205/196
f 196/205/196 198/207/198 259/279/259
f 196/205/196 259/279/259 258/278/258
f 260/280/260 259/279/259 198/207/198
f 260/280/260 198/207/198 200/209/200
f 200/209/200 202/211/202 261/281/261
f 200/209/200 261/281/261 260/280/260
f 262/282/262 261/283/261 202/284/202
f 262/282/262 202/284/202 204/285/204
f 206/286/205 263/287/263 205/288/206
f 206/286/205 264/289/264 263/287/263
f 265/290/265 205/288/206 263/287/263
f 265/290/265 207/291/207 205/288/206
f 207/291/207 267/292/266 266/293/267
f 207/291/207 265/290/265 267/292/266
f 266/293/267 269/294/268 268/295/269
f 266/293/267 267/292/266 269/294/268
f 270/296/270 268/295/269 269/294/268
f 270/296/270 271/297/271 268/295/269
f 272/298/272 271/297/271 270/296/270
f 272/298/272 273/299/273 271/297/271
f 273/299/273 275/300/274 274/301/275
f 273/299/273 272/298/272 275/300/274
f 274/301/275 276/302/276 223/303/222
f 274/301/275 275/300/274 276/302/276
f 277/304/277 223/303/222 276/302/276
f 277/304/277 222/305/223 223/303/222
f 278/306/278 222/305/223 277/304/277
f 278/306/278 224/240/224 222/305/223
f 224/240/224 279/307/279 225/241/225
f 224/240/224 278/306/278 279/307/279
f 280/308/280 225/241/225 279/307/279
f 280/308/280 226/242/226 225/241/225
f 226/242/226 281/309/281 227/246/227
f 226/242/226 280/308/280 281/309/281
f 282/310/282 227/246/227 281/309/281
f 282/310/282 228/247/228 227/246/227
f 228/247/228 283/311/283 229/248/229
f 228/247/228 282/310/282 283/311/283
f 231/250/231 229/248/229 283/311/283
f 231/250/231 166/168/165 229/248/229
f 284/312/284 285/313/285 286/314/286
f 284/312/284 286/314/286 287/315/287
f 288/316/288 287/315/287 286/314/286
f 289/317/289 290/318/290 291/319/291
f 289/317/289 291/319/291 292/320/292
f 292/320/292 291/319/291 293/321/293
f 292/320/292 293/321/293 294/322/294
f 295/323/295 296/324/296 297/325/297
f 295/323/295 297/325/297 298/326/298
f 298/326/298 297/325/297 299/327/299
f 298/326/298 299/327/299 300/328/300
f 300/328/300 299/327/299 301/329/301
f 300/328/300 301/329/301 302/330/302
f 302/330/302 301/329/301 303/331/303
f 302/330/302 303/331/303 304/332/304
f 304/332/304 303/331/303 305/333/305
f 304/332/304 305/333/305 306/334/306
f 306/334/306 305/333/305 307/335/307
f 306/334/306 307/335/307 308/336/308
f 308/336/308 307/335/307 309/337/309
f 308/336/308 309/337/309 310/338/310
f 310/338/310 309/337/309 311/339/311
f 310/338/310 311/339/311 312/340/312
f 312/340/312 311/339/311 313/341/313
f 312/340/312 313/341/313 314/342/314
f 314/343/314 313/344/313 315/345/315
f 314/343/314 315/345/315 316/346/316
f 316/347/316 315/348/315 317/349/317
f 316/347/316 317/349/317 318/350/318
f 318/350/318 317/349/317 319/351/319
f 318/350/318 319/351/319 320/352/320
f 320/352/320 319/351/319 321/353/321
f 320/352/320 321/353/321 322/354/322
f 322/354/322 321/353/321 323/355/323
f 322/354/322 323/355/323 324/356/324
f 324/356/324 323/355/323 325/357/325
f 324/356/324 325/357/325 326/358/326
f 326/358/326 325/357/325 327/359/327
f 326/358/326 327/359/327 328/360/328
f 328/360/328 327/359/327 288/316/288
f 328/360/328 288/316/288 286/314/286
f 329/361/329 285/313/285 284/312/284
f 329/361/329 284/312/284 330/362/330
f 330/362/330 331/363/331 332/364/332
f 330/362/330 332/364/332 329/361/329
f 331/363/331 333/365/333 332/364/332
f 332/364/332 333/365/333 334/366/334
f 332/364/332 334/366/334 335/367/335
f 335/367/335 334/366/334 336/368/336
f 337/369/337 338/370/338 339/371/339
f 337/369/337 339/371/339 340/372/340
f 340/372/340 339/371/339 341/373/341
f 340/372/340 341/373/341 342/374/342
f 343/375/343 344/376/344 345/377/345
f 343/375/343 345/377/345 346/378/346
f 346/378/346 345/377/345 347/379/347
f 346/378/346 347/379/347 348/380/348
f 348/380/348 347/379/347 349/381/349
f 348/380/348 349/381/349 350/382/350
f 350/382/350 349/381/349 351/383/351
f 350/382/350 351/383/351 352/384/352
f 352/384/352 351/383/351 353/385/353
f 352/384/352 353/385/353 354/386/354
f 354/386/354 353/385/353 355/387/355
f 354/386/354 355/387/355 356/388/356
f 356/388/356 355/387/355 357/389/357
f 356/388/356 357/389/357 358/390/358
f 358/390/358 357/389/357 359/391/359
f 358/390/358 359/391/359 360/392/360
f 360/392/360 359/391/359 361/393/361
f 360/392/360 361/393/361 362/394/362
f 362/394/362 361/393/361 363/395/363
f 362/394/362 363/395/363 364/396/364
f 364/396/364 363/395/363 365/397/365
f 364/396/364 365/397/365 366/398/366
f 366/398/366 365/397/365 367/399/367
f 366/398/366 367/399/367 368/400/368
f 368/400/368 367/399/367 369/401/369
f 368/400/368 369/401/369 370/402/370
f 370/402/370 369/401/369 371/403/371
f 370/402/370 371/403/371 372/404/372
f 372/404/372 371/403/371 373/405/373
f 372/404/372 373/405/373 374/406/374
f 374/406/374 373/405/373 375/407/375
f 374/406/374 375/407/375 376/408/376
f 376/408/376 375/407/375 332/364/332
f 376/408/376 332/364/332 335/367/335
f 338/370/338 377/409/377 378/410/378
f 338/370/338 378/410/378 339/371/339
f 339/371/339 378/410/378 379/411/379
f 339/371/339 379/411/379 341/373/341
f 344/376/344 380/412/380 381/413/381
f 344/376/344 381/413/381 345/377/345
f 345/377/345 381/413/381 382/414/382
f 345/377/345 382/414/382 347/379/347
f 347/379/347 382/414/382 383/415/383
f 347/379/347 383/415/383 349/381/349
f 349/381/349 383/415/383 384/416/384
f 349/381/349 384/416/384 351/383/351
f 351/383/351 384/416/384 385/417/385
f 351/383/351 385/417/385 353/385/353
f 353/385/353 385/417/385 386/418/386
f 353/385/353 386/418/386 355/387/355
f 355/387/355 386/418/386 387/419/387
f 355/387/355 387/419/387 357/389/357
f 357/389/357 387/419/387 388/420/388
f 357/389/357 388/420/388 359/391/359
f 359/391/359 388/420/388 389/421/389
f 359/391/359 389/421/389 361/393/361
f 361/422/361 389/423/389 390/424/390
f 361/393/361 390/425/390 363/395/363
f 363/395/363 390/425/390 391/426/391
f 363/395/363 391/426/391 365/397/365
f 365/397/365 391/426/391 392/427/392
f 365/397/365 392/427/392 367/399/367
f 367/399/367 392/427/392 393/428/393
f 367/399/367 393/428/393 369/401/369
f 369/401/369 393/428/393 394/429/394
f 369/401/369 394/429/394 371/403/371
f 335/367/335 336/368/336 395/430/395
f 335/367/335 395/430/395 376/408/376
f 376/408/376 395/430/395 396/431/396
f 376/408/376 396/431/396 374/406/374
f 371/403/371 394/429/394 397/432/397
f 371/403/371 397/432/397 373/405/373
f 292/320/292 398/433/398 399/434/399
f 292/320/292 399/434/399 289/317/289
f 294/322/294 400/435/400 398/433/398
f 294/322/294 398/433/398 292/320/292
f 298/326/298 401/436/401 402/437/402
f 298/326/298 402/437/402 295/323/295
f 300/328/300 403/438/403 401/436/401
f 300/328/300 401/436/401 298/326/298
f 302/330/302 404/439/404 403/438/403
f 302/330/302 403/438/403 300/328/300
f 304/332/304 405/440/405 404/439/404
f 304/332/304 404/439/404 302/330/302
f 306/334/306 406/441/406 405/440/405
f 306/334/306 405/440/405 304/332/304
f 308/336/308 407/442/407 406/441/406
f 308/336/308 406/441/406 306/334/306
f 310/338/310 408/443/408 407/442/407
f 310/338/310 407/442/407 308/336/308
f 312/340/312 409/444/409 408/443/408
f 312/340/312 408/443/408 310/338/310
f 314/342/314 410/445/410 409/444/409
f 314/342/314 409/444/409 312/340/312
f 316/346/316 411/446/411 410/447/410
f 316/346/316 410/447/410 314/343/314
f 318/350/318 412/448/412 411/449/411
f 318/350/318 411/449/411 316/347/316
f 320/352/320 413/450/413 412/448/412
f 320/352/320 412/448/412 318/350/318
f 322/354/322 414/451/414 413/450/413
f 322/354/322 413/450/413 320/352/320
f 324/356/324 415/452/415 414/451/414
f 324/356/324 414/451/414 322/354/322
f 326/358/326 416/453/416 415/452/415
f 326/358/326 415/452/415 324/356/324
f 328/360/328 417/454/417 416/453/416
f 328/360/328 416/453/416 326/358/326
f 286/314/286 285/313/285 417/454/417
f 286/314/286 417/454/417 328/360/328
f 401/436/401 381/413/381 380/412/380
f 401/436/401 380/412/380 402/437/402
f 346/378/346 418/455/418 419/456/419
f 346/378/346 419/456/419 343/375/343
f 375/407/375 420/457/420 329/361/329
f 375/407/375 329/361/329 332/364/332
f 373/405/373 397/432/397 420/457/420
f 373/405/373 420/457/420 375/407/375
f 374/406/374 396/431/396 421/458/421
f 374/406/374 421/458/421 372/404/372
f 372/404/372 421/458/421 422/459/422
f 372/404/372 422/459/422 370/402/370
f 370/402/370 422/459/422 423/460/423
f 370/402/370 423/460/423 368/400/368
f 368/400/368 423/460/423 424/461/424
f 368/400/368 424/461/424 366/398/366
f 366/398/366 424/461/424 425/462/425
f 366/398/366 425/462/425 364/396/364
f 364/396/364 425/462/425 426/463/426
f 364/396/364 426/463/426 362/394/362
f 362/394/362 426/463/426 427/464/427
f 362/394/362 427/464/427 360/392/360
f 360/392/360 427/464/427 428/465/428
f 360/392/360 428/465/428 358/390/358
f 358/390/358 428/465/428 429/466/429
f 358/390/358 429/466/429 356/388/356
f 356/388/356 429/466/429 430/467/430
f 356/388/356 430/467/430 354/386/354
f 354/386/354 430/467/430 431/468/431
f 354/386/354 431/468/431 352/384/352
f 403/438/403 382/414/382 381/413/381
f 403/438/403 381/413/381 401/436/401
f 404/439/404 383/415/383 382/414/382
f 404/439/404 382/414/382 403/438/403
f 352/384/352 431/468/431 432/469/432
f 352/384/352 432/469/432 350/382/350
f 285/313/285 329/361/329 420/457/420
f 285/313/285 420/457/420 417/454/417
f 417/454/417 420/457/420 397/432/397
f 417/454/417 397/432/397 416/453/416
f 416/453/416 397/432/397 394/429/394
f 416/453/416 394/429/394 415/452/415
f 415/452/415 394/429/394 393/428/393
f 415/452/415 393/428/393 414/451/414
f 414/451/414 393/428/393 392/427/392
f 414/451/414 392/427/392 413/450/413
f 413/450/413 392/427/392 391/426/391
f 413/450/413 391/426/391 412/448/412
f 412/448/412 391/426/391 390/425/390
f 412/448/412 390/425/390 411/449/411
f 348/380/348 433/470/433 418/455/418
f 348/380/348 418/455/418 346/378/346
f 350/382/350 432/469/432 433/470/433
f 350/382/350 433/470/433 348/380/348
f 405/440/405 384/416/384 383/415/383
f 405/440/405 383/415/383 404/439/404
f 406/441/406 385/417/385 384/416/384
f 406/441/406 384/416/384 405/440/405
f 407/442/407 386/418/386 385/417/385
f 407/442/407 385/417/385 406/441/406
f 408/443/408 387/419/387 386/418/386
f 408/443/408 386/418/386 407/442/407
f 411/446/411 390/424/390 389/423/389
f 411/446/411 389/423/389 410/447/410
f 409/444/409 388/420/388 387/419/387
f 409/444/409 387/419/387 408/443/408
f 410/445/410 389/421/389 388/420/388
f 410/445/410 388/420/388 409/444/409
f 434/471/434 435/472/435 436/473/436
f 434/471/434 436/473/436 437/474/437
f 438/475/438 439/476/439 440/477/440
f 438/475/438 440/477/440 437/474/437
f 441/478/441 442/479/442 440/477/440
f 441/478/441 440/477/440 443/480/443
f 444/481/444 445/482/445 446/483/446
f 444/481/444 446/483/446 443/480/443
f 447/484/447 448/485/448 446/483/446
f 447/484/447 446/483/446 449/486/449
f 450/487/450 451/488/451 452/489/452
f 450/487/450 452/489/452 453/490/453
f 290/318/290 454/491/454 452/492/452
f 290/318/290 452/492/452 291/319/291
f 400/435/400 379/411/379 378/410/378
f 400/435/400 378/410/378 398/433/398
f 255/275/255 254/274/254 455/493/455
f 255/275/255 455/493/455 456/494/456
f 456/494/456 455/493/455 457/495/457
f 456/494/456 457/495/457 458/496/458
f 456/494/456 459/497/459 460/498/460
f 456/494/456 460/498/460 255/275/255
f 461/499/461 462/500/462 463/501/463
f 461/499/461 463/501/463 459/497/459
f 464/502/464 465/503/465 463/501/463
f 464/502/464 463/501/463 466/504/466
f 467/505/467 468/506/468 469/507/469
f 467/505/467 469/507/469 466/504/466
f 470/508/470 471/509/471 469/507/469
f 470/508/470 469/507/469 472/510/472
f 472/510/472 469/507/469 468/506/468
f 472/510/472 468/506/468 473/511/473
f 474/512/474 475/513/475 476/514/476
f 474/512/474 476/514/476 477/515/477
f 478/516/478 479/517/479 480/518/480
f 478/516/478 480/518/480 477/515/477
f 481/519/481 482/520/482 483/521/483
f 481/519/481 483/521/483 484/522/484
f 485/523/485 486/524/486 480/518/480
f 485/523/485 480/518/480 484/522/484
f 487/525/487 488/526/488 483/521/483
f 487/525/487 483/521/483 489/527/489
f 490/528/490 491/529/491 492/530/492
f 490/528/490 492/530/492 489/527/489
f 477/515/477 480/518/480 486/524/486
f 477/515/477 486/524/486 474/512/474
f 476/531/476 475/532/475 493/533/493
f 476/531/476 493/533/493 494/534/494
f 472/510/472 495/535/495 496/536/496
f 472/510/472 496/536/496 470/508/470
f 466/504/466 469/507/469 471/509/471
f 466/504/466 471/509/471 464/502/464
f 459/497/459 463/501/463 465/503/465
f 459/497/459 465/503/465 460/498/460
f 455/493/455 254/274/254 256/276/256
f 455/493/455 256/276/256 497/537/497
f 497/537/497 256/276/256 257/277/257
f 497/537/497 257/277/257 498/538/498
f 498/538/498 257/277/257 258/278/258
f 498/538/498 258/278/258 499/539/499
f 499/539/499 258/278/258 259/279/259
f 499/539/499 259/279/259 500/540/500
f 500/540/500 259/279/259 260/280/260
f 500/540/500 260/280/260 501/541/501
f 501/541/501 260/280/260 261/281/261
f 501/541/501 261/281/261 502/542/502
f 502/542/502 261/281/261 262/543/262
f 502/542/502 262/543/262 503/544/503
f 504/545/504 505/546/505 506/547/506
f 504/545/504 506/547/506 507/548/507
f 507/548/507 506/547/506 508/549/508
f 507/548/507 508/549/508 509/550/509
f 509/550/509 508/549/508 510/551/510
f 509/550/509 510/551/510 511/552/511
f 340/372/340 511/552/511 510/551/510
f 340/372/340 510/551/510 337/369/337
f 398/433/398 378/410/378 377/409/377
f 398/433/398 377/409/377 399/434/399
f 453/490/453 452/489/452 454/553/454
f 453/490/453 454/553/454 512/554/447
f 443/480/443 446/483/446 448/485/448
f 443/480/443 448/485/448 441/478/441
f 437/474/437 440/477/440 442/479/442
f 437/474/437 442/479/442 434/471/434
f 436/473/436 435/472/435 513/555/512
f 436/473/436 513/555/512 514/556/513
f 514/556/513 513/555/512 515/557/514
f 514/556/513 515/557/514 516/558/515
f 516/558/515 515/557/514 517/559/516
f 516/558/515 517/559/516 518/560/517
f 519/561/518 520/562/315 518/560/517
f 519/561/518 518/560/517 521/563/519
f 521/563/519 518/560/517 517/559/516
f 521/563/519 517/559/516 522/564/520
f 523/565/521 524/566/522 525/567/523
f 523/565/521 525/567/523 526/568/524
f 526/568/524 525/567/523 527/569/525
f 526/568/524 527/569/525 528/570/526
f 528/570/526 527/569/525 529/571/527
f 528/570/526 529/571/527 530/572/528
f 530/572/528 529/571/527 531/573/529
f 530/574/528 531/575/529 532/576/530
f 533/577/531 534/578/532 535/579/533
f 533/577/531 535/579/533 492/530/492
f 489/527/489 492/530/492 535/579/533
f 489/527/489 535/579/533 487/525/487
f 484/522/484 480/518/480 479/517/479
f 484/522/484 479/517/479 481/519/481
f 500/540/500 536/580/534 537/581/535
f 500/540/500 537/581/535 499/539/499
f 502/542/502 538/582/536 539/583/537
f 502/542/502 539/583/537 501/541/501
f 507/548/507 540/584/538 541/585/539
f 507/548/507 541/585/539 504/545/504
f 511/552/511 542/586/540 543/587/541
f 511/552/511 543/587/541 509/550/509
f 342/374/342 542/586/540 511/552/511
f 342/374/342 511/552/511 340/372/340
f 509/550/509 543/587/541 540/584/538
f 509/550/509 540/584/538 507/548/507
f 291/319/291 452/492/452 451/588/451
f 291/319/291 451/588/451 293/321/293
f 449/486/449 446/483/446 445/482/445
f 449/486/449 445/482/445 544/589/542
f 443/480/443 440/477/440 439/476/439
f 443/480/443 439/476/439 444/481/444
f 437/474/437 436/473/436 545/590/543
f 437/474/437 545/590/543 438/475/438
f 514/556/513 546/591/544 545/590/543
f 514/556/513 545/590/543 436/473/436
f 516/558/515 547/592/545 546/591/544
f 516/558/515 546/591/544 514/556/513
f 522/564/520 524/566/522 523/565/521
f 522/564/520 523/565/521 521/563/519
f 518/560/517 520/562/315 547/592/545
f 518/560/517 547/592/545 516/558/515
f 521/563/519 523/565/521 548/593/546
f 521/563/519 548/593/546 519/561/518
f 526/568/524 549/594/547 548/593/546
f 526/568/524 548/593/546 523/565/521
f 528/570/526 550/595/548 549/594/547
f 528/570/526 549/594/547 526/568/524
f 530/572/528 551/596/549 550/595/548
f 530/572/528 550/595/548 528/570/526
f 532/576/530 552/597/550 551/598/549
f 532/576/530 551/598/549 530/574/528
f 492/530/492 491/529/491 553/599/551
f 492/530/492 553/599/551 533/577/531
f 489/527/489 483/521/483 482/520/482
f 489/527/489 482/520/482 490/528/490
f 484/522/484 483/521/483 488/526/488
f 484/522/484 488/526/488 485/523/485
f 494/534/494 554/600/552 555/601/553
f 494/534/494 555/601/553 476/531/476
f 477/515/477 476/514/476 555/602/553
f 477/515/477 555/602/553 478/516/478
f 473/511/473 556/603/554 495/535/495
f 473/511/473 495/535/495 472/510/472
f 466/504/466 463/501/463 462/500/462
f 466/504/466 462/500/462 467/505/467
f 458/496/458 461/499/461 459/497/459
f 458/496/458 459/497/459 456/494/456
f 497/537/497 557/604/555 457/495/457
f 497/537/497 457/495/457 455/493/455
f 498/538/498 558/605/556 557/604/555
f 498/538/498 557/604/555 497/537/497
f 499/539/499 537/581/535 558/605/556
f 499/539/499 558/605/556 498/538/498
f 501/541/501 539/583/537 536/580/534
f 501/541/501 536/580/534 500/540/500
f 503/544/503 559/606/557 538/582/536
f 503/544/503 538/582/536 502/542/502
f 560/607/558 561/608/559 562/609/560
f 560/607/558 562/609/560 563/610/561
f 564/611/561 565/612/562 566/613/563
f 564/611/561 566/613/563 567/614/564
f 568/615/565 570/616/566 569/617/567
f 568/618/565 571/619/568 570/620/566
f 571/619/568 572/621/569 570/620/566
f 571/619/568 573/622/570 572/621/569
f 574/623/571 575/624/572 576/625/573
f 574/623/571 576/625/573 577/626/574
f 577/627/574 576/628/573 578/629/575
f 577/627/574 578/629/575 579/630/576
f 580/631/577 581/632/578 582/633/579
f 580/631/577 582/633/579 579/630/576
f 583/634/580 585/635/581 584/636/582
f 583/634/580 586/637/583 585/635/581
f 586/638/583 587/639/584 585/640/581
f 586/638/583 588/641/585 587/639/584
f 589/642/586 591/643/587 590/644/588
f 589/645/586 592/646/589 591/647/587
f 592/648/589 593/649/590 591/643/587
f 592/648/589 594/650/591 593/649/590
f 595/651/592 596/652/593 597/653/594
f 595/651/592 597/653/594 598/654/595
f 598/655/595 597/656/594 599/657/596
f 598/655/595 599/657/596 600/658/597
f 601/659/598 602/660/599 603/661/600
f 601/659/598 603/661/600 604/662/601
f 605/663/602 606/664/603 607/665/604
f 605/663/602 607/665/604 608/666/605
f 608/666/605 607/665/604 609/667/606
f 608/666/605 609/667/606 610/668/607
f 610/668/607 609/667/606 611/669/608
f 610/668/607 611/669/608 612/670/609
f 612/671/609 611/672/608 613/673/610
f 612/671/609 613/673/610 614/674/611
f 615/675/612 614/676/611 613/677/610
f 615/675/612 613/677/610 616/678/613
f 573/622/570 591/643/587 593/649/590
f 573/622/570 571/619/568 591/643/587
f 572/679/569 617/680/614 570/681/566
f 572/679/569 618/682/615 617/680/614
f 618/682/615 619/683/616 617/680/614
f 618/682/615 620/684/617 619/683/616
f 621/685/618 622/686/619 623/687/620
f 621/685/618 623/687/620 624/688/621
f 624/688/621 623/687/620 625/689/622
f 624/688/621 625/689/622 626/690/623
f 627/691/624 628/692/625 629/693/626
f 627/691/624 629/693/626 630/694/627
f 631/695/628 632/696/629 633/697/630
f 631/695/628 633/697/630 634/698/631
f 635/699/632 637/700/633 636/701/634
f 635/699/632 638/702/635 637/700/633
f 638/702/635 639/703/636 637/700/633
f 638/702/635 640/704/637 639/703/636
f 640/704/637 641/705/638 639/703/636
f 640/704/637 642/706/639 641/705/638
f 643/707/640 645/708/641 644/709/642
f 643/707/640 646/710/643 645/708/641
f 646/710/643 647/711/644 645/708/641
f 646/710/643 648/712/645 647/711/644
f 588/641/585 647/711/644 648/712/645
f 588/641/585 586/638/583 647/711/644
f 649/713/646 585/714/581 587/715/584
f 649/713/646 650/716/647 585/714/581
f 566/613/563 565/612/562 651/717/648
f 566/613/563 651/717/648 652/718/649
f 652/718/649 651/717/648 653/719/650
f 652/718/649 653/719/650 654/720/651
f 631/695/628 655/721/652 656/722/653
f 631/695/628 656/722/653 654/720/651
f 657/723/654 628/692/625 658/724/655
f 657/725/654 658/726/655 659/727/656
f 659/727/656 658/726/655 660/728/657
f 659/727/656 660/728/657 661/729/658
f 662/730/659 663/731/660 664/732/661
f 662/733/659 664/734/661 665/735/662
f 665/735/662 664/734/661 666/736/663
f 665/737/662 666/738/663 667/739/664
f 600/740/597 667/739/664 666/738/663
f 600/740/597 666/738/663 598/654/595
f 579/630/576 582/633/579 668/741/665
f 579/630/576 668/741/665 577/627/574
f 578/629/575 576/628/573 669/742/666
f 578/629/575 669/742/666 670/743/667
f 670/743/667 669/742/666 671/744/668
f 670/743/667 671/744/668 672/745/669
f 672/745/669 671/744/668 673/746/670
f 672/745/669 673/746/670 674/747/671
f 674/747/671 673/746/670 675/748/626
f 674/747/671 675/748/626 676/749/672
f 677/750/673 678/751/674 679/752/675
f 677/750/673 679/752/675 676/749/672
f 598/654/595 666/738/663 680/753/676
f 598/654/595 680/753/676 595/651/592
f 586/638/583 681/754/677 647/711/644
f 586/638/583 583/755/580 681/754/677
f 577/626/574 668/756/665 682/757/593
f 577/626/574 682/757/593 574/623/571
f 563/610/561 683/758/678 684/759/679
f 563/610/561 684/759/679 560/607/558
f 681/754/677 645/708/641 647/711/644
f 681/754/677 685/760/680 645/708/641
f 680/753/676 666/738/663 664/732/661
f 680/753/676 664/732/661 686/761/681
f 687/762/682 669/742/666 576/628/573
f 687/762/682 576/628/573 575/763/572
f 688/764/683 690/765/684 689/766/685
f 688/764/683 691/767/686 690/765/684
f 685/760/680 644/709/642 645/708/641
f 685/760/680 692/768/687 644/709/642
f 686/761/681 664/732/661 663/731/660
f 686/761/681 663/731/660 693/769/688
f 694/770/689 671/771/668 669/772/666
f 694/770/689 669/772/666 687/773/682
f 695/774/690 689/766/685 696/775/691
f 695/774/690 688/764/683 689/766/685
f 693/776/688 663/777/660 697/778/692
f 693/776/688 697/778/692 698/779/693
f 699/780/694 639/703/636 641/705/638
f 699/780/694 700/781/695 639/703/636
f 624/688/621 701/782/696 702/783/697
f 624/688/621 702/783/697 621/685/618
f 703/784/698 696/775/691 704/785/699
f 703/784/698 695/774/690 696/775/691
f 700/781/695 637/700/633 639/703/636
f 700/781/695 705/786/700 637/700/633
f 706/787/693 658/724/655 628/692/625
f 706/787/693 628/692/625 627/691/624
f 626/788/623 707/789/701 701/790/696
f 626/690/623 701/782/696 624/688/621
f 708/791/702 704/785/699 709/792/703
f 708/791/702 703/784/698 704/785/699
f 705/786/700 636/701/634 637/700/633
f 705/786/700 710/793/704 636/701/634
f 711/794/705 712/795/706 606/664/603
f 711/796/705 606/797/603 605/798/602
f 604/662/601 582/633/579 581/632/578
f 604/662/601 581/632/578 601/659/598
f 579/630/576 578/629/575 713/799/707
f 579/630/576 713/799/707 580/631/577
f 603/661/600 602/660/599 714/800/708
f 603/661/600 714/800/708 715/801/709
f 670/743/667 716/802/710 713/799/707
f 670/743/667 713/799/707 578/629/575
f 715/801/709 714/800/708 717/803/711
f 715/801/709 717/803/711 718/804/712
f 672/745/669 719/805/713 716/802/710
f 672/745/669 716/802/710 670/743/667
f 718/804/712 717/803/711 720/806/714
f 718/804/712 720/806/714 721/807/715
f 674/747/671 722/808/716 719/805/713
f 674/747/671 719/805/713 672/745/669
f 721/807/715 720/806/714 678/751/674
f 721/807/715 678/751/674 677/750/673
f 676/749/672 679/752/675 722/808/716
f 676/749/672 722/808/716 674/747/671
f 723/809/717 629/693/626 628/692/625
f 723/810/717 628/811/625 657/812/654
f 654/720/651 656/722/653 724/813/718
f 654/720/651 724/813/718 652/718/649
f 654/720/651 653/719/650 632/696/629
f 654/720/651 632/696/629 631/695/628
f 634/698/631 712/795/706 655/721/652
f 634/698/631 655/721/652 631/695/628
f 725/814/719 570/616/566 617/815/614
f 725/814/719 569/617/567 570/616/566
f 571/619/568 590/644/588 591/643/587
f 571/619/568 568/618/565 590/644/588
f 726/816/720 606/664/603 712/795/706
f 726/816/720 712/795/706 634/698/631
f 727/817/721 613/818/610 611/669/608
f 727/817/721 611/669/608 728/819/722
f 728/819/722 611/669/608 609/667/606
f 728/819/722 609/667/606 729/820/723
f 729/820/723 609/667/606 607/665/604
f 729/820/723 607/665/604 730/821/724
f 730/821/724 607/665/604 606/664/603
f 730/821/724 606/664/603 726/816/720
f 592/646/589 732/822/725 731/823/726
f 592/646/589 589/645/586 732/822/725
f 733/824/727 735/825/728 734/826/729
f 733/824/727 736/827/730 735/825/728
f 735/825/728 737/828/731 734/826/729
f 735/825/728 738/829/732 737/828/731
f 739/830/733 737/828/731 738/829/732
f 739/830/733 740/831/734 737/828/731
f 740/831/734 742/832/735 741/833/736
f 740/831/734 739/830/733 742/832/735
f 743/834/737 741/833/736 742/832/735
f 743/834/737 744/835/738 741/833/736
f 745/836/739 744/837/738 743/838/737
f 745/839/739 746/840/740 744/835/738
f 747/841/741 749/842/742 748/843/743
f 747/841/741 750/844/744 749/842/742
f 747/841/741 746/840/740 745/839/739
f 747/841/741 748/843/743 746/840/740
f 736/827/730 749/842/742 750/844/744
f 736/827/730 733/824/727 749/842/742
f 751/845/745 753/846/746 752/847/747
f 751/845/745 754/848/748 753/846/746
f 751/845/745 755/849/749 754/848/748
f 751/845/745 756/850/750 755/849/749
f 757/851/751 756/850/750 758/852/752
f 757/851/751 755/849/749 756/850/750
f 759/853/753 757/851/751 758/852/752
f 759/853/753 760/854/754 757/851/751
f 761/855/755 763/856/756 762/857/757
f 761/855/755 764/858/758 763/856/756
f 763/856/756 766/859/759 765/860/760
f 763/856/756 764/858/758 766/859/759
f 765/860/760 768/861/761 767/862/762
f 765/860/760 766/859/759 768/861/761
f 767/862/762 770/863/763 769/864/764
f 767/862/762 768/861/761 770/863/763
f 771/865/765 770/863/763 772/866/766
f 771/865/765 769/864/764 770/863/763
f 771/865/765 774/867/767 773/868/768
f 771/865/765 772/866/766 774/867/767
f 753/846/746 774/867/767 752/847/747
f 753/846/746 773/868/768 774/867/767
f 775/869/769 777/870/770 776/871/771
f 775/869/769 778/872/772 777/870/770
f 779/873/773 781/874/774 780/875/775
f 779/873/773 782/876/776 781/874/774
f 782/876/776 784/877/777 783/878/778
f 782/876/776 779/873/773 784/877/777
f 784/877/777 785/879/779 783/878/778
f 784/877/777 786/880/780 785/879/779
f 787/881/781 777/870/770 788/882/782
f 787/881/781 776/871/771 777/870/770
f 789/883/783 778/872/772 775/869/769
f 789/883/783 790/884/784 778/872/772
f 790/884/784 791/885/785 778/872/772
f 790/884/784 792/886/786 791/885/785
f 760/854/754 761/855/755 762/857/757
f 760/854/754 759/853/753 761/855/755
f 792/886/786 793/887/787 791/885/785
f 792/886/786 794/888/788 793/887/787
f 795/889/789 797/890/790 796/891/791
f 795/889/789 798/892/792 797/890/790
f 799/893/793 762/857/757 763/856/756
f 799/893/793 794/888/788 762/857/757
f 794/888/788 760/854/754 762/857/757
f 794/888/788 792/886/786 760/854/754
f 792/886/786 757/851/751 760/854/754
f 792/886/786 790/884/784 757/851/751
f 790/884/784 755/849/749 757/851/751
f 790/884/784 789/883/783 755/849/749
f 797/890/790 780/894/775 781/895/774
f 797/890/790 798/892/792 780/894/775
f 734/826/729 753/846/746 754/848/748
f 734/826/729 737/828/731 753/846/746
f 740/831/734 753/846/746 737/828/731
f 740/831/734 773/868/768 753/846/746
f 741/833/736 800/896/794 740/831/734
f 741/833/736 801/897/795 800/896/794
f 801/897/795 744/835/738 802/898/796
f 801/897/795 741/833/736 744/835/738
f 800/896/794 773/868/768 740/831/734
f 800/896/794 771/865/765 773/868/768
f 803/899/797 767/862/762 769/864/764
f 803/899/797 804/900/798 767/862/762
f 798/892/792 805/901/799 780/894/775
f 798/902/792 806/903/800 805/904/799
f 805/905/799 807/906/801 780/875/775
f 805/905/799 808/907/802 807/906/801
f 809/908/803 767/862/762 804/900/798
f 809/908/803 765/860/760 767/862/762
f 810/909/804 812/910/805 811/911/806
f 810/909/804 813/912/807 812/910/805
f 808/907/802 810/909/804 807/906/801
f 808/907/802 813/912/807 810/909/804
f 779/873/773 807/906/801 814/913/808
f 779/873/773 780/875/775 807/906/801
f 815/914/809 807/906/801 810/909/804
f 815/914/809 814/913/808 807/906/801
f 816/915/810 810/909/804 811/911/806
f 816/915/810 815/914/809 810/909/804
f 817/916/811 819/917/812 818/918/813
f 817/916/811 820/919/814 819/917/812
f 821/920/815 823/921/816 822/922/817
f 821/920/815 824/923/818 823/921/816
f 825/924/819 818/925/813 826/926/820
f 825/927/819 817/916/811 818/918/813
f 754/848/748 733/824/727 734/826/729
f 754/848/748 755/849/749 733/824/727
f 827/928/821 829/929/822 828/930/823
f 827/928/821 830/931/824 829/929/822
f 830/931/824 822/922/817 829/929/822
f 830/931/824 821/920/815 822/922/817
f 831/932/825 828/930/823 832/933/826
f 831/932/825 827/928/821 828/930/823
f 833/934/827 832/933/826 834/935/828
f 833/934/827 831/932/825 832/933/826
f 820/919/814 835/936/829 819/917/812
f 820/919/814 836/937/830 835/936/829
f 837/938/831 779/873/773 838/939/832
f 837/938/831 784/877/777 779/873/773
f 814/913/808 838/939/832 779/873/773
f 814/913/808 839/940/833 838/939/832
f 814/913/808 840/941/834 839/940/833
f 814/913/808 815/914/809 840/941/834
f 816/915/810 840/941/834 815/914/809
f 816/915/810 841/942/835 840/941/834
f 842/943/836 802/898/796 744/835/738
f 842/943/836 843/944/837 802/898/796
f 744/835/738 844/945/838 842/943/836
f 744/835/738 746/840/740 844/945/838
f 746/840/740 845/946/839 844/945/838
f 746/840/740 748/843/743 845/946/839
f 748/843/743 846/947/840 845/946/839
f 748/843/743 847/948/841 846/947/840
f 848/949/842 850/950/843 849/951/844
f 848/949/842 851/952/845 850/950/843
f 852/953/846 851/952/845 848/949/842
f 852/953/846 853/954/847 851/952/845
f 854/955/848 856/956/849 855/957/850
f 854/958/848 857/959/851 856/960/849
f 858/961/852 860/962/853 859/963/854
f 858/961/852 861/964/855 860/962/853
f 862/965/856 858/961/852 863/966/857
f 862/965/856 861/964/855 858/961/852
f 863/967/857 864/968/858 862/969/856
f 863/967/857 865/970/859 864/968/858
f 866/971/860 865/972/859 867/973/861
f 866/974/860 864/975/858 865/976/859
f 868/977/862 850/950/843 869/978/863
f 868/977/862 849/951/844 850/950/843
f 870/979/864 872/980/865 871/981/866
f 870/979/864 873/982/867 872/980/865
f 873/982/867 874/983/868 872/980/865
f 873/982/867 875/984/869 874/983/868
f 875/984/869 876/985/870 874/983/868
f 875/984/869 877/986/871 876/985/870
f 877/987/871 862/969/856 864/968/858
f 877/986/871 875/984/869 862/965/856
f 875/984/869 861/964/855 862/965/856
f 875/984/869 873/982/867 861/964/855
f 873/982/867 860/962/853 861/964/855
f 873/982/867 870/979/864 860/962/853
f 876/988/870 879/989/872 878/990/873
f 876/985/870 877/986/871 879/991/872
f 878/992/873 881/993/874 880/994/875
f 878/992/873 879/991/872 881/993/874
f 882/995/876 880/994/875 881/993/874
f 882/995/876 883/996/877 880/994/875
f 882/995/876 884/997/878 883/996/877
f 882/995/876 885/998/879 884/997/878
f 885/998/879 886/999/880 884/997/878
f 885/998/879 887/1000/881 886/999/880
f 886/999/880 889/1001/882 888/1002/883
f 886/999/880 887/1000/881 889/1001/882
f 872/980/865 889/1001/882 871/981/866
f 872/980/865 888/1002/883 889/1001/882
f 871/981/866 891/1003/884 890/1004/885
f 871/981/866 889/1001/882 891/1003/884
f 890/1004/885 892/1005/886 871/981/866
f 890/1004/885 893/1006/887 892/1005/886
f 894/1007/888 892/1005/886 893/1006/887
f 894/1007/888 895/1008/889 892/1005/886
f 896/1009/890 898/1010/891 897/1011/892
f 896/1009/890 899/1012/893 898/1010/891
f 897/1011/892 900/1013/894 896/1009/890
f 897/1011/892 901/1014/895 900/1013/894
f 899/1012/893 902/1015/896 898/1010/891
f 899/1012/893 903/1016/897 902/1015/896
f 904/1017/898 885/998/879 905/1018/899
f 904/1017/898 887/1000/881 885/998/879
f 905/1018/899 902/1015/896 903/1016/897
f 905/1018/899 885/998/879 902/1015/896
f 891/1003/884 887/1000/881 904/1017/898
f 891/1003/884 889/1001/882 887/1000/881
f 851/952/845 838/939/832 850/950/843
f 851/952/845 837/938/831 838/939/832
f 906/1019/900 908/1020/901 907/1021/902
f 906/1019/900 909/1022/903 908/1020/901
f 910/1023/904 912/1024/905 911/1025/906
f 910/1023/904 913/1026/907 912/1024/905
f 836/937/830 907/1021/902 835/936/829
f 836/937/830 906/1019/900 907/1021/902
f 914/1027/908 916/1028/909 915/1029/910
f 914/1027/908 917/1030/911 916/1028/909
f 918/1031/912 915/1029/910 919/1032/913
f 918/1031/912 914/1027/908 915/1029/910
f 920/1033/914 922/1034/915 921/1035/916
f 920/1033/914 923/1036/917 922/1034/915
f 917/1030/911 921/1035/916 916/1028/909
f 917/1030/911 920/1033/914 921/1035/916
f 924/1037/918 922/1034/915 923/1036/917
f 924/1037/918 925/1038/919 922/1034/915
f 926/1039/920 897/1011/892 898/1010/891
f 926/1039/920 927/1040/921 897/1011/892
f 928/1041/922 898/1010/891 929/1042/923
f 928/1041/922 926/1039/920 898/1010/891
f 930/1043/924 898/1010/891 902/1015/896
f 930/1043/924 929/1042/923 898/1010/891
f 930/1043/924 885/998/879 931/1044/925
f 930/1043/924 902/1015/896 885/998/879
f 932/1045/926 885/998/879 882/995/876
f 932/1045/926 931/1044/925 885/998/879
f 882/995/876 933/1046/927 932/1045/926
f 882/995/876 881/993/874 933/1046/927
f 934/1047/928 936/1048/929 935/1049/930
f 934/1047/928 937/1050/931 936/1048/929
f 938/1051/932 940/1052/933 939/1053/934
f 938/1051/932 941/1054/935 940/1052/933
f 927/1040/921 941/1054/935 897/1011/892
f 927/1040/921 937/1050/931 941/1054/935
f 941/1054/935 901/1014/895 897/1011/892
f 941/1054/935 938/1051/932 901/1014/895
f 895/1008/889 923/1036/917 892/1005/886
f 895/1008/889 924/1037/918 923/1036/917
f 923/1036/917 871/981/866 892/1005/886
f 923/1036/917 920/1033/914 871/981/866
f 920/1033/914 870/979/864 871/981/866
f 920/1033/914 917/1030/911 870/979/864
f 917/1030/911 860/962/853 870/979/864
f 917/1030/911 914/1027/908 860/962/853
f 914/1027/908 859/963/854 860/962/853
f 914/1027/908 918/1031/912 859/963/854
f 857/959/851 911/1025/906 856/960/849
f 857/959/851 910/1023/904 911/1025/906
f 909/1022/903 851/952/845 853/954/847
f 909/1022/903 906/1019/900 851/952/845
f 906/1019/900 837/938/831 851/952/845
f 906/1019/900 836/937/830 837/938/831
f 836/937/830 784/877/777 837/938/831
f 836/937/830 820/919/814 784/877/777
f 820/919/814 786/880/780 784/877/777
f 820/919/814 817/916/811 786/880/780
f 817/1055/811 942/1056/936 786/1057/780
f 817/916/811 825/927/819 942/1058/936
f 824/923/818 775/869/769 776/871/771
f 824/923/818 821/920/815 775/869/769
f 821/920/815 789/883/783 775/869/769
f 821/920/815 830/931/824 789/883/783
f 830/931/824 755/849/749 789/883/783
f 830/931/824 827/928/821 755/849/749
f 827/928/821 733/824/727 755/849/749
f 827/928/821 831/932/825 733/824/727
f 831/932/825 749/842/742 733/824/727
f 831/932/825 833/934/827 749/842/742
f 925/1038/919 938/1051/932 939/1053/934
f 925/1038/919 924/1037/918 938/1051/932
f 924/1037/918 901/1014/895 938/1051/932
f 924/1037/918 895/1008/889 901/1014/895
f 895/1008/889 900/1013/894 901/1014/895
f 895/1008/889 894/1007/888 900/1013/894
f 847/948/841 749/842/742 833/934/827
f 847/948/841 748/843/743 749/842/742
f 839/940/833 850/950/843 838/939/832
f 839/940/833 943/1059/937 850/950/843
f 841/942/835 944/1060/938 840/941/834
f 841/942/835 945/1061/939 944/1060/938
f 840/941/834 943/1059/937 839/940/833
f 840/941/834 944/1060/938 943/1059/937
f 945/1061/939 946/1062/940 944/1060/938
f 945/1061/939 947/1063/941 946/1062/940
f 948/1064/942 944/1060/938 946/1062/940
f 948/1064/942 943/1059/937 944/1060/938
f 850/950/843 948/1064/942 869/978/863
f 850/950/843 943/1059/937 948/1064/942
f 864/968/858 949/1065/943 877/987/871
f 864/975/858 866/974/860 949/1066/943
f 879/991/872 949/1067/943 950/1068/944
f 879/991/872 877/986/871 949/1067/943
f 951/1069/945 950/1068/944 952/1070/946
f 951/1069/945 879/991/872 950/1068/944
f 879/1071/872 933/1072/927 881/1073/874
f 879/991/872 951/1069/945 933/1046/927
f 834/935/828 954/1074/947 953/1075/948
f 834/935/828 832/933/826 954/1074/947
f 828/930/823 954/1074/947 832/933/826
f 828/930/823 955/1076/949 954/1074/947
f 955/1076/949 829/929/822 956/1077/950
f 955/1076/949 828/930/823 829/929/822
f 956/1077/950 822/922/817 957/1078/951
f 956/1077/950 829/929/822 822/922/817
f 958/1079/952 822/922/817 823/921/816
f 958/1079/952 957/1078/951 822/922/817
f 818/925/813 959/1080/953 826/926/820
f 818/925/813 960/1081/954 959/1080/953
f 819/917/812 960/1082/954 818/918/813
f 819/917/812 961/1083/955 960/1082/954
f 961/1083/955 835/936/829 962/1084/956
f 961/1083/955 819/917/812 835/936/829
f 962/1084/956 907/1021/902 963/1085/957
f 962/1084/956 835/936/829 907/1021/902
f 963/1085/957 908/1020/901 964/1086/958
f 963/1085/957 907/1021/902 908/1020/901
f 965/1087/959 919/1088/913 966/1089/960
f 965/1090/959 913/1091/907 919/1032/913
f 966/1092/960 915/1093/910 967/1094/961
f 966/1095/960 919/1032/913 915/1029/910
f 916/1096/909 967/1094/961 915/1093/910
f 916/1096/909 968/1097/962 967/1094/961
f 916/1096/909 969/1098/963 968/1097/962
f 916/1096/909 921/1099/916 969/1098/963
f 921/1035/916 970/1100/964 969/1101/963
f 921/1035/916 922/1034/915 970/1100/964
f 971/1102/965 922/1034/915 925/1038/919
f 971/1102/965 970/1100/964 922/1034/915
f 925/1038/919 972/1103/966 971/1102/965
f 925/1038/919 939/1053/934 972/1103/966
f 973/1104/967 975/1105/968 974/1106/969
f 973/1104/967 976/1107/970 975/1105/968
f 977/1108/971 979/1109/972 978/1110/973
f 977/1111/971 980/1112/974 979/1113/972
f 981/1114/975 980/1115/974 977/1116/971
f 981/1114/975 982/1117/976 980/1115/974
f 976/1118/970 834/1119/828 953/1120/948
f 976/1118/970 973/1121/967 834/1119/828
f 974/1106/969 980/1112/974 973/1104/967
f 974/1106/969 979/1113/972 980/1112/974
f 982/1122/976 846/1123/840 847/1124/841
f 982/1125/976 981/1126/975 846/1127/840
f 973/1104/967 982/1128/976 834/935/828
f 973/1104/967 980/1112/974 982/1128/976
f 834/935/828 847/948/841 833/934/827
f 834/935/828 982/1128/976 847/948/841
f 983/1129/977 985/1130/978 984/1131/979
f 983/1132/977 986/1133/980 985/1134/978
f 984/1135/979 988/1136/981 987/1137/982
f 984/1131/979 985/1130/978 988/1138/981
f 937/1050/931 940/1052/933 941/1054/935
f 937/1050/931 934/1047/928 940/1052/933
f 937/1050/931 989/1139/983 936/1048/929
f 937/1050/931 927/1040/921 989/1139/983
f 927/1040/921 990/1140/984 989/1139/983
f 927/1040/921 926/1039/920 990/1140/984
f 926/1039/920 991/1141/985 990/1140/984
f 926/1039/920 928/1041/922 991/1141/985
f 986/1133/980 972/1103/966 939/1053/934
f 986/1133/980 983/1132/977 972/1103/966
f 940/1052/933 986/1133/980 939/1053/934
f 940/1052/933 992/1142/986 986/1133/980
f 992/1142/986 985/1134/978 986/1133/980
f 992/1143/986 993/1144/987 985/1145/978
f 994/1146/988 996/1147/989 995/1148/990
f 994/1149/988 997/1150/991 996/1151/989
f 997/1150/991 935/1049/930 996/1151/989
f 997/1150/991 934/1047/928 935/1049/930
f 993/1152/987 997/1150/991 994/1149/988
f 993/1144/987 992/1143/986 997/1153/991
f 992/1142/986 934/1047/928 997/1150/991
f 992/1142/986 940/1052/933 934/1047/928
f 998/1154/992 994/1149/988 995/1155/990
f 998/1154/992 999/1156/993 994/1149/988
f 999/1156/993 993/1152/987 994/1149/988
f 999/1156/993 1000/1157/994 993/1152/987
f 1000/1157/994 998/1154/992 1001/1158/995
f 1000/1157/994 999/1156/993 998/1154/992
f 913/1091/907 918/1031/912 919/1032/913
f 913/1091/907 910/1159/904 918/1031/912
f 1000/1160/994 987/1161/982 988/1162/981
f 1000/1157/994 1001/1158/995 987/1163/982
f 1000/1157/994 985/1134/978 993/1152/987
f 1000/1157/994 988/1164/981 985/1134/978
f 913/1026/907 1002/1165/996 912/1024/905
f 913/1026/907 965/1166/959 1002/1165/996
f 910/1159/904 859/963/854 918/1031/912
f 910/1159/904 857/1167/851 859/963/854
f 857/1167/851 858/961/852 859/963/854
f 857/1167/851 854/955/848 858/961/852
f 854/955/848 865/1168/859 863/966/857
f 854/955/848 855/957/850 865/1168/859
f 854/955/848 863/966/857 858/961/852
f 777/870/770 778/872/772 791/885/785
f 788/882/782 791/885/785 793/887/787
f 788/882/782 777/870/770 791/885/785
f 783/878/778 796/1169/791 797/1170/790
f 783/878/778 785/879/779 796/1169/791
f 783/1171/778 781/1172/774 782/1173/776
f 783/878/778 797/1170/790 781/874/774
f 772/866/766 770/863/763 768/861/761
f 764/858/758 768/861/761 766/859/759
f 764/858/758 772/866/766 768/861/761
f 761/855/755 772/866/766 764/858/758
f 761/855/755 774/867/767 772/866/766
f 759/853/753 774/867/767 761/855/755
f 759/853/753 752/847/747 774/867/767
f 758/852/752 752/847/747 759/853/753
f 758/852/752 751/845/745 752/847/747
f 1003/1174/997 1004/1175/998 1005/1176/999
f 1003/1174/997 1005/1176/999 1006/1177/1000
f 1006/1177/1000 1007/1178/1001 1008/1179/1002
f 1006/1177/1000 1008/1179/1002 1003/1174/997
f 1005/1176/999 1004/1175/998 1009/1180/1003
f 1005/1176/999 1009/1180/1003 1010/1181/1004
f 1011/1182/1005 1006/1177/1000 1005/1176/999
f 1011/1182/1005 1005/1176/999 1012/1183/1006
f 1012/1183/1006 1005/1176/999 1010/1181/1004
f 1012/1183/1006 1010/1181/1004 1013/1184/1007
f 1014/1185/1008 1007/1178/1001 1006/1177/1000
f 1014/1185/1008 1006/1177/1000 1011/1182/1005
f 1015/1186/1009 1016/1187/1010 1007/1178/1001
f 1015/1186/1009 1007/1178/1001 1014/1185/1008
f 1007/1178/1001 1016/1187/1010 1017/1188/1011
f 1007/1178/1001 1017/1188/1011 1008/1179/1002
f 1018/1189/1012 1010/1190/1004 1009/1191/1003
f 1018/1189/1012 1009/1191/1003 1019/1192/1013
f 1020/1193/1014 1021/1194/1015 1013/1195/1007
f 1020/1196/1014 1013/1184/1007 1010/1181/1004
f 1022/1197/1016 1020/1196/1014 1010/1181/1004
f 1022/1198/1016 1010/1190/1004 1018/1189/1012
f 1011/1182/1005 1023/1199/1017 1024/1200/1018
f 1011/1182/1005 1024/1200/1018 1014/1185/1008
f 1012/1183/1006 1025/1201/1019 1023/1199/1017
f 1012/1183/1006 1023/1199/1017 1011/1182/1005
f 1013/1184/1007 1026/1202/1020 1025/1201/1019
f 1013/1184/1007 1025/1201/1019 1012/1183/1006
f 1027/1203/1021 1026/1202/1020 1013/1184/1007
f 1027/1203/1021 1013/1184/1007 1021/1204/1015
f 1014/1185/1008 1024/1200/1018 1028/1205/1022
f 1014/1185/1008 1028/1205/1022 1015/1186/1009
f 1029/1206/1023 1030/1207/1024 1016/1187/1010
f 1029/1206/1023 1016/1187/1010 1015/1186/1009
f 1015/1186/1009 1028/1205/1022 1031/1208/1025
f 1015/1186/1009 1031/1208/1025 1029/1206/1023
f 1017/1188/1011 1016/1187/1010 1030/1207/1024
f 1017/1188/1011 1030/1207/1024 1032/1209/1026
f 1033/1210/1027 1034/1211/1028 1035/1212/1029
f 1033/1213/1027 1035/1214/1029 1036/1215/1030
f 1037/1216/1031 1022/1198/1016 1018/1189/1012
f 1037/1216/1031 1018/1189/1012 1038/1217/1029
f 1020/1196/1014 1022/1197/1016 1039/1218/1032
f 1020/1193/1014 1039/1219/1032 1040/1220/1033
f 1040/1221/1033 1041/1222/1034 1021/1204/1015
f 1040/1220/1033 1021/1194/1015 1020/1193/1014
f 1021/1204/1015 1041/1222/1034 1042/1223/1035
f 1021/1204/1015 1042/1223/1035 1027/1203/1021
f 1022/1198/1016 1037/1216/1031 1043/1224/1036
f 1022/1198/1016 1043/1224/1036 1039/1225/1032
f 1044/1226/1037 1045/1227/1038 1046/1228/1039
f 1044/1226/1037 1046/1228/1039 1047/1229/1040
f 1023/1199/1017 1048/1230/1037 1049/1231/1041
f 1023/1199/1017 1049/1231/1041 1050/1232/1042
f 1023/1199/1017 1025/1201/1019 1051/1233/1043
f 1023/1199/1017 1051/1233/1043 1052/1234/1044
f 1024/1200/1018 1023/1199/1017 1050/1232/1042
f 1024/1200/1018 1050/1232/1042 1053/1235/1045
f 1053/1235/1045 1054/1236/1046 1028/1205/1022
f 1053/1235/1045 1028/1205/1022 1024/1200/1018
f 1055/1237/1047 1056/1238/1048 1051/1233/1043
f 1055/1237/1047 1051/1233/1043 1025/1201/1019
f 1025/1201/1019 1026/1202/1020 1057/1239/1049
f 1025/1201/1019 1057/1239/1049 1055/1237/1047
f 1057/1239/1049 1026/1202/1020 1027/1203/1021
f 1057/1239/1049 1027/1203/1021 1058/1240/1050
f 1027/1203/1021 1059/1241/1051 1060/1242/1052
f 1027/1203/1021 1060/1242/1052 1058/1240/1050
f 1027/1203/1021 1042/1223/1035 1061/1243/1053
f 1027/1203/1021 1061/1243/1053 1059/1241/1051
f 1054/1236/1046 1062/1244/1054 1031/1208/1025
f 1054/1236/1046 1031/1208/1025 1028/1205/1022
f 1063/1245/1055 1064/1246/1056 1065/1247/1057
f 1063/1245/1055 1065/1247/1057 1066/1248/1058
f 1066/1248/1058 1067/1249/1059 1068/1250/1060
f 1066/1248/1058 1068/1250/1060 1063/1245/1055
f 1069/1251/1061 1070/1252/1026 1065/1247/1057
f 1069/1251/1061 1065/1247/1057 1064/1246/1056
f 1067/1249/1059 1071/1253/1062 1072/1254/1063
f 1067/1249/1059 1072/1254/1063 1068/1250/1060
f 1046/1228/1039 1073/1255/1064 1074/1256/1065
f 1046/1228/1039 1074/1256/1065 1047/1229/1040
f 1075/1257/1066 1076/1258/1064 1052/1234/1044
f 1075/1257/1066 1052/1234/1044 1051/1233/1043
f 1077/1259/1067 1050/1232/1042 1049/1231/1041
f 1077/1259/1067 1049/1231/1041 1078/1260/1068
f 1053/1235/1045 1050/1232/1042 1077/1259/1067
f 1053/1235/1045 1077/1259/1067 1079/1261/1069
f 1080/1262/1070 1075/1257/1066 1051/1233/1043
f 1080/1262/1070 1051/1233/1043 1056/1238/1048
f 1079/1261/1069 1081/1263/1071 1054/1236/1046
f 1079/1261/1069 1054/1236/1046 1053/1235/1045
f 1059/1241/1051 1082/1264/1072 1083/1265/1073
f 1059/1241/1051 1083/1265/1073 1060/1242/1052
f 1059/1241/1051 1061/1243/1053 1084/1266/1074
f 1059/1241/1051 1084/1266/1074 1082/1264/1072
f 1085/1267/1075 1086/1268/1076 1064/1269/1056
f 1085/1267/1075 1064/1269/1056 1063/1270/1055
f 1063/1270/1055 1068/1271/1060 1087/1272/1077
f 1063/1270/1055 1087/1272/1077 1085/1267/1075
f 1088/1273/1078 1069/1274/1061 1064/1269/1056
f 1088/1273/1078 1064/1269/1056 1086/1268/1076
f 1068/1271/1060 1072/1275/1063 1089/1276/1079
f 1068/1271/1060 1089/1276/1079 1087/1272/1077
f 1090/1277/1080 1091/1278/1081 1074/1256/1065
f 1090/1277/1080 1074/1256/1065 1073/1255/1064
f 1092/1279/1082 1076/1258/1064 1075/1257/1066
f 1092/1279/1082 1075/1257/1066 1093/1280/1083
f 1093/1280/1083 1075/1257/1066 1080/1262/1070
f 1093/1280/1083 1080/1262/1070 1094/1281/1084
f 1078/1260/1068 1095/1282/1085 1096/1283/1086
f 1078/1260/1068 1096/1283/1086 1077/1259/1067
f 1079/1261/1069 1077/1259/1067 1096/1283/1086
f 1079/1261/1069 1096/1283/1086 1097/1284/1087
f 1097/1284/1087 1098/1285/1088 1081/1263/1071
f 1097/1284/1087 1081/1263/1071 1079/1261/1069
f 1082/1264/1072 1099/1286/1089 1100/1287/1090
f 1082/1264/1072 1100/1287/1090 1083/1265/1073
f 1099/1286/1089 1082/1264/1072 1101/1288/1091
f 1099/1286/1089 1101/1288/1091 1102/1289/1092
f 1103/1290/1093 1101/1288/1091 1082/1264/1072
f 1103/1290/1093 1082/1264/1072 1084/1266/1074
f 1104/1291/1094 1105/1292/1095 1086/1268/1076
f 1104/1291/1094 1086/1268/1076 1085/1267/1075
f 1085/1267/1075 1087/1272/1077 1106/1293/1096
f 1085/1267/1075 1106/1293/1096 1104/1291/1094
f 1086/1268/1076 1105/1292/1095 1107/1294/1097
f 1086/1268/1076 1107/1294/1097 1088/1273/1078
f 1108/1295/1098 1087/1272/1077 1089/1276/1079
f 1108/1295/1098 1089/1276/1079 1109/1296/1099
f 1087/1272/1077 1108/1295/1098 1110/1297/1100
f 1087/1272/1077 1110/1297/1100 1106/1293/1096
f 1111/1298/1101 1091/1278/1081 1090/1277/1080
f 1111/1298/1101 1090/1277/1080 1112/1299/1102
f 1113/1300/1103 1092/1279/1082 1093/1280/1083
f 1113/1300/1103 1093/1280/1083 1114/1301/1104
f 1094/1281/1084 1100/1287/1090 1099/1286/1089
f 1094/1281/1084 1099/1286/1089 1093/1280/1083
f 1102/1289/1092 1114/1301/1104 1093/1280/1083
f 1102/1289/1092 1093/1280/1083 1099/1286/1089
f 1115/1302/1105 1116/1303/1106 1096/1283/1086
f 1115/1302/1105 1096/1283/1086 1095/1282/1085
f 1097/1284/1087 1096/1283/1086 1116/1303/1106
f 1097/1284/1087 1116/1303/1106 1117/1304/1107
f 1118/1305/1108 1119/1306/1109 1120/1307/1088
f 1118/1305/1108 1120/1307/1088 1121/1308/1110
f 1122/1309/1111 1123/1310/1112 1105/1292/1095
f 1122/1309/1111 1105/1292/1095 1104/1291/1094
f 1104/1291/1094 1106/1293/1096 1124/1311/1113
f 1104/1291/1094 1124/1311/1113 1122/1309/1111
f 1105/1292/1095 1123/1310/1112 1125/1312/1114
f 1105/1292/1095 1125/1312/1114 1107/1294/1097
f 1106/1293/1096 1110/1297/1100 1126/1313/1115
f 1106/1293/1096 1126/1313/1115 1124/1311/1113
f 1109/1296/1099 1127/1314/1116 1128/1315/1117
f 1109/1296/1099 1128/1315/1117 1108/1295/1098
f 1128/1315/1117 1129/1316/1118 1130/1317/1119
f 1128/1315/1117 1130/1317/1119 1108/1295/1098
f 1131/1318/1120 1110/1297/1100 1108/1295/1098
f 1131/1318/1120 1108/1295/1098 1130/1317/1119
f 1132/1319/1121 1126/1313/1115 1110/1297/1100
f 1132/1319/1121 1110/1297/1100 1131/1318/1120
f 1133/1320/1122 1134/1321/1123 1135/1322/1101
f 1133/1320/1122 1135/1322/1101 1113/1300/1102
f 1115/1302/1105 1136/1323/1124 1137/1324/1125
f 1115/1302/1105 1137/1324/1125 1116/1303/1106
f 1138/1325/1126 1139/1326/1127 1128/1327/1117
f 1138/1325/1126 1128/1327/1117 1118/1305/1108
f 1118/1305/1108 1128/1327/1117 1127/1328/1116
f 1118/1305/1108 1127/1328/1116 1119/1306/1109
f 1140/1329/1128 1141/1330/1129 1123/1310/1112
f 1140/1329/1128 1123/1310/1112 1122/1309/1111
f 1122/1309/1111 1124/1311/1113 1142/1331/1130
f 1122/1309/1111 1142/1331/1130 1140/1329/1128
f 1123/1310/1112 1141/1330/1129 1143/1332/1131
f 1123/1310/1112 1143/1332/1131 1125/1312/1114
f 1124/1311/1113 1126/1313/1115 1144/1333/1132
f 1124/1311/1113 1144/1333/1132 1145/1334/1133
f 1142/1331/1130 1124/1311/1113 1145/1334/1133
f 1142/1331/1130 1145/1334/1133 1146/1335/1134
f 1144/1333/1132 1126/1313/1115 1147/1336/1135
f 1144/1337/1132 1147/1338/1135 1148/1339/1136
f 1132/1319/1121 1149/1340/1137 1147/1336/1135
f 1132/1319/1121 1147/1336/1135 1126/1313/1115
f 1150/1341/1138 1129/1316/1118 1128/1315/1117
f 1150/1342/1138 1128/1327/1117 1139/1326/1127
f 1151/1343/1139 1152/1344/1140 1129/1316/1118
f 1151/1343/1139 1129/1316/1118 1150/1341/1138
f 1130/1317/1119 1129/1316/1118 1152/1344/1140
f 1130/1317/1119 1152/1344/1140 1153/1345/1141
f 1153/1345/1141 1154/1346/1142 1131/1318/1120
f 1153/1345/1141 1131/1318/1120 1130/1317/1119
f 1155/1347/1143 1132/1319/1121 1131/1318/1120
f 1155/1347/1143 1131/1318/1120 1154/1346/1142
f 1132/1319/1121 1155/1347/1143 1156/1348/1144
f 1132/1319/1121 1156/1348/1144 1149/1340/1137
f 1157/1349/1145 1134/1321/1123 1133/1320/1122
f 1157/1349/1145 1133/1320/1122 1158/1350/1146
f 1159/1351/1147 1158/1350/1146 1133/1320/1122
f 1159/1351/1147 1133/1320/1122 1160/1352/1148
f 1136/1323/1124 1157/1349/1145 1158/1350/1146
f 1136/1323/1124 1158/1350/1146 1137/1324/1125
f 1137/1324/1125 1158/1350/1146 1159/1351/1147
f 1137/1324/1125 1159/1351/1147 1161/1353/1149
f 1162/1354/1150 1163/1355/1151 1164/1356/1152
f 1162/1354/1150 1164/1356/1152 1165/1357/1153
f 1165/1357/1153 1164/1356/1152 1166/1358/1154
f 1165/1357/1153 1166/1358/1154 1167/1359/1155
f 1168/1360/1156 1169/1361/1157 1163/1355/1151
f 1168/1360/1156 1163/1355/1151 1162/1354/1150
f 1167/1359/1155 1166/1358/1154 1170/1362/1134
f 1167/1363/1155 1170/1364/1134 1171/1365/1158
f 1172/1366/1159 1173/1367/1160 1174/1368/1161
f 1172/1369/1159 1174/1370/1161 1175/1371/1162
f 1175/1372/1162 1176/1373/1163 1177/1374/1164
f 1175/1371/1162 1177/1375/1164 1172/1369/1159
f 1177/1376/1164 1176/1377/1163 1178/1378/1165
f 1177/1376/1164 1178/1378/1165 1179/1379/1166
f 1151/1343/1139 1180/1380/1148 1181/1381/1167
f 1151/1343/1139 1181/1381/1167 1152/1344/1140
f 1153/1345/1141 1152/1344/1140 1181/1381/1167
f 1153/1345/1141 1181/1381/1167 1182/1382/1168
f 1183/1383/1169 1154/1346/1142 1153/1345/1141
f 1183/1383/1169 1153/1345/1141 1182/1382/1168
f 1184/1384/1170 1155/1347/1143 1154/1346/1142
f 1184/1384/1170 1154/1346/1142 1183/1383/1169
f 1185/1385/1171 1156/1348/1144 1155/1347/1143
f 1185/1385/1171 1155/1347/1143 1184/1384/1170
f 1179/1379/1166 1178/1378/1165 1186/1386/1172
f 1179/1379/1166 1186/1386/1172 1187/1387/1173
f 1165/1388/1153 1188/1389/1174 1189/1390/1175
f 1165/1388/1153 1189/1390/1175 1162/1391/1150
f 1162/1391/1150 1189/1390/1175 1190/1392/1176
f 1162/1391/1150 1190/1392/1176 1168/1393/1156
f 1167/1363/1155 1191/1394/1177 1188/1389/1174
f 1167/1363/1155 1188/1389/1174 1165/1388/1153
f 1171/1365/1158 1192/1395/1178 1191/1394/1177
f 1171/1365/1158 1191/1394/1177 1167/1363/1155
f 1173/1367/1160 1172/1366/1159 1193/1396/1179
f 1173/1367/1160 1193/1396/1179 1194/1397/1180
f 1195/1398/1181 1193/1399/1179 1172/1400/1159
f 1195/1401/1181 1172/1402/1159 1177/1403/1164
f 1177/1376/1164 1196/1404/1182 1197/1405/1183
f 1177/1376/1164 1197/1405/1183 1195/1398/1181
f 1177/1406/1164 1179/1407/1166 1198/1408/1184
f 1177/1376/1164 1198/1409/1184 1196/1404/1182
f 1179/1379/1166 1199/1410/1185 1200/1411/1186
f 1179/1379/1166 1200/1411/1186 1198/1409/1184
f 1187/1387/1173 1201/1412/1187 1199/1410/1185
f 1187/1387/1173 1199/1410/1185 1179/1379/1166
f 1202/1413/1188 1203/1414/1189 1189/1390/1175
f 1202/1413/1188 1189/1390/1175 1188/1389/1174
f 1188/1389/1174 1191/1394/1177 1204/1415/1190
f 1188/1389/1174 1204/1415/1190 1202/1413/1188
f 1189/1390/1175 1203/1414/1189 1205/1416/1191
f 1189/1390/1175 1205/1416/1191 1190/1392/1176
f 1206/1417/1192 1204/1415/1190 1191/1394/1177
f 1206/1417/1192 1191/1394/1177 1192/1395/1178
f 1206/1417/1192 1192/1395/1178 1194/1418/1180
f 1206/1417/1192 1194/1418/1180 1193/1399/1179
f 1207/1419/1193 1206/1417/1192 1193/1399/1179
f 1207/1419/1193 1193/1399/1179 1195/1398/1181
f 1195/1398/1181 1197/1405/1183 1208/1420/1194
f 1195/1398/1181 1208/1420/1194 1207/1419/1193
f 1209/1421/1195 1200/1411/1186 1199/1410/1185
f 1209/1421/1195 1199/1410/1185 1210/1422/1196
f 1199/1410/1185 1201/1412/1187 1211/1423/1197
f 1199/1410/1185 1211/1423/1197 1210/1422/1196
f 1212/1424/1198 1213/1425/1199 1203/1414/1189
f 1212/1424/1198 1203/1414/1189 1202/1413/1188
f 1202/1413/1188 1204/1415/1190 1214/1426/1200
f 1202/1413/1188 1214/1426/1200 1212/1424/1198
f 1215/1427/1201 1205/1416/1191 1203/1414/1189
f 1215/1427/1201 1203/1414/1189 1213/1425/1199
f 1214/1426/1200 1204/1415/1190 1206/1417/1192
f 1214/1426/1200 1206/1417/1192 1207/1419/1193
f 1207/1419/1193 1208/1420/1194 1216/1428/1202
f 1207/1419/1193 1216/1428/1202 1214/1426/1200
f 1217/1429/1203 1218/1430/1204 1216/1428/1202
f 1217/1429/1203 1216/1428/1202 1208/1420/1194
f 1219/1431/1205 1220/1432/1206 1209/1421/1195
f 1219/1431/1205 1209/1421/1195 1210/1422/1196
f 1221/1433/1207 1219/1431/1205 1210/1422/1196
f 1221/1433/1207 1210/1422/1196 1211/1423/1197
f 1222/1434/1208 1223/1435/1209 1213/1425/1199
f 1222/1434/1208 1213/1425/1199 1212/1424/1198
f 1212/1424/1198 1214/1426/1200 1216/1428/1202
f 1212/1424/1198 1216/1428/1202 1222/1434/1208
f 1223/1435/1209 1224/1436/1210 1215/1427/1201
f 1223/1435/1209 1215/1427/1201 1213/1425/1199
f 1218/1430/1204 1225/1437/1211 1226/1438/1212
f 1218/1430/1204 1226/1438/1212 1216/1428/1202
f 1227/1439/1213 1228/1440/1214 1216/1428/1202
f 1227/1439/1213 1216/1428/1202 1226/1438/1212
f 1222/1434/1208 1216/1428/1202 1228/1440/1214
f 1222/1434/1208 1228/1440/1214 1229/1441/1215
f 1230/1442/1216 1218/1430/1204 1217/1429/1203
f 1230/1442/1216 1217/1429/1203 1231/1443/1217
f 1218/1430/1204 1230/1442/1216 1232/1444/1218
f 1218/1430/1204 1232/1444/1218 1225/1437/1211
f 1230/1442/1216 1231/1443/1217 1220/1432/1206
f 1230/1442/1216 1220/1432/1206 1219/1431/1205
f 1230/1442/1216 1219/1431/1205 1233/1445/1219
f 1230/1442/1216 1233/1445/1219 1232/1444/1218
f 1219/1431/1205 1234/1446/1220 1235/1447/1221
f 1219/1431/1205 1235/1447/1221 1233/1445/1219
f 1234/1446/1220 1219/1431/1205 1221/1433/1207
f 1234/1446/1220 1221/1433/1207 1236/1448/1222
f 1229/1441/1215 1237/1449/1223 1223/1435/1209
f 1229/1441/1215 1223/1435/1209 1222/1434/1208
f 1237/1449/1223 1238/1450/1224 1224/1436/1210
f 1237/1449/1223 1224/1436/1210 1223/1435/1209
f 1239/1451/1225 1228/1440/1214 1227/1439/1213
f 1239/1451/1225 1227/1439/1213 1240/1452/1226
f 1241/1453/1227 1229/1441/1215 1228/1440/1214
f 1241/1453/1227 1228/1440/1214 1239/1451/1225
f 1242/1454/1228 1237/1449/1223 1229/1441/1215
f 1242/1454/1228 1229/1441/1215 1241/1453/1227
f 1235/1447/1221 1234/1446/1220 1243/1455/1229
f 1235/1447/1221 1243/1455/1229 1244/1456/1230
f 1245/1457/1231 1243/1455/1229 1234/1446/1220
f 1245/1457/1231 1234/1446/1220 1236/1448/1222
f 1238/1450/1224 1237/1449/1223 1242/1454/1228
f 1238/1450/1224 1242/1454/1228 1246/1458/1232
f 1240/1452/1226 1247/1459/1233 1248/1460/1234
f 1240/1452/1226 1248/1460/1234 1239/1451/1225
f 1239/1451/1225 1248/1460/1234 1249/1461/1235
f 1239/1451/1225 1249/1461/1235 1241/1453/1227
f 1241/1453/1227 1249/1461/1235 1250/1462/1236
f 1241/1453/1227 1250/1462/1236 1242/1454/1228
f 1251/1463/1237 1252/1464/1238 1253/1465/1239
f 1251/1463/1237 1253/1465/1239 1254/1466/1240
f 1244/1456/1230 1243/1455/1229 1255/1467/1241
f 1244/1456/1230 1255/1467/1241 1256/1468/1242
f 1257/1469/1243 1255/1467/1241 1243/1455/1229
f 1257/1469/1243 1243/1455/1229 1258/1470/1244
f 1258/1470/1244 1243/1455/1229 1245/1457/1231
f 1258/1470/1244 1245/1457/1231 1259/1471/1245
f 1248/1460/1234 1247/1459/1233 1256/1468/1242
f 1248/1460/1234 1256/1468/1242 1255/1467/1241
f 1249/1461/1235 1248/1460/1234 1255/1467/1241
f 1249/1461/1235 1255/1467/1241 1260/1472/1246
f 1260/1472/1246 1261/1473/1247 1250/1462/1236
f 1260/1472/1246 1250/1462/1236 1249/1461/1235
f 1262/1474/1248 1252/1464/1238 1251/1463/1237
f 1262/1475/1248 1251/1476/1237 1263/1477/1249
f 1264/1478/1250 1265/1479/1251 1266/1480/1236
f 1264/1478/1250 1266/1480/1236 1267/1481/1252
f 1268/1482/1253 1260/1472/1246 1255/1467/1241
f 1268/1482/1253 1255/1467/1241 1257/1469/1243
f 1258/1470/1244 1269/1483/1254 1270/1484/1255
f 1258/1470/1244 1270/1484/1255 1257/1469/1243
f 1257/1469/1243 1270/1484/1255 1271/1485/1256
f 1257/1469/1243 1271/1485/1256 1268/1482/1253
f 1259/1471/1245 1272/1486/1257 1269/1483/1254
f 1259/1471/1245 1269/1483/1254 1258/1470/1244
f 1273/1487/1258 1261/1473/1247 1260/1472/1246
f 1273/1487/1258 1260/1472/1246 1268/1482/1253
f 1263/1488/1249 1274/1489/1259 1275/1490/1260
f 1263/1477/1249 1275/1491/1260 1262/1475/1248
f 1276/1492/1261 1277/1493/1262 1265/1479/1251
f 1276/1492/1261 1265/1479/1251 1264/1478/1250
f 1267/1481/1252 1278/1494/1263 1279/1495/1264
f 1267/1481/1252 1279/1495/1264 1264/1478/1250
f 1264/1478/1250 1279/1495/1264 1280/1496/1265
f 1264/1478/1250 1280/1496/1265 1276/1492/1261
f 1268/1482/1253 1271/1485/1256 1281/1497/1266
f 1268/1482/1253 1281/1497/1266 1273/1487/1258
f 1274/1498/1259 1282/1499/1267 1283/1500/1268
f 1274/1498/1259 1283/1500/1268 1275/1501/1260
f 1284/1502/1267 1277/1493/1262 1276/1492/1261
f 1284/1502/1267 1276/1492/1261 1285/1503/1269
f 1285/1503/1269 1276/1492/1261 1280/1496/1265
f 1285/1503/1269 1280/1496/1265 1286/1504/1270
f 1278/1494/1263 1287/1505/1266 1288/1506/1271
f 1278/1494/1263 1288/1506/1271 1279/1495/1264
f 1279/1507/1264 1288/1508/1271 1289/1509/1272
f 1279/1495/1264 1289/1510/1272 1280/1496/1265
f 1286/1504/1270 1280/1496/1265 1289/1510/1272
f 1286/1504/1270 1289/1510/1272 1290/1511/1273
f 1291/1512/1274 1283/1500/1268 1282/1499/1267
f 1291/1513/1274 1282/1514/1267 1292/1515/1275
f 1286/1504/1270 1290/1511/1273 1293/1516/1276
f 1286/1504/1270 1293/1516/1276 1285/1503/1269
f 1294/1517/1277 1295/1518/1278 1296/1519/1279
f 1294/1517/1277 1296/1519/1279 1297/1520/1280
f 1298/1521/1281 1299/1522/1282 1295/1518/1278
f 1298/1521/1281 1295/1518/1278 1294/1517/1277
f 1297/1520/1280 1296/1519/1279 1300/1523/1283
f 1297/1520/1280 1300/1523/1283 1301/1524/1284
f 1302/1525/1285 1303/1526/1286 1299/1522/1282
f 1302/1525/1285 1299/1522/1282 1298/1521/1281
f 1301/1527/1284 1300/1528/1283 1304/1529/1287
f 1301/1527/1284 1304/1529/1287 1033/1530/1027
f 1305/1531/1288 1306/1532/1289 1303/1526/1286
f 1305/1531/1288 1303/1526/1286 1302/1525/1285
f 1033/1530/1027 1304/1529/1287 1307/1533/1290
f 1033/1530/1027 1307/1533/1290 1034/1534/1028
f 1308/1535/1291 974/1536/969 975/1537/968
f 1308/1535/1291 1309/1538/1292 974/1536/969
f 1309/1539/1292 979/1113/972 974/1106/969
f 1309/1539/1292 1310/1540/1293 979/1113/972
f 1311/1541/1294 1313/1542/1295 1312/1543/1296
f 1311/1541/1294 1314/1544/1297 1313/1542/1295
f 1314/1545/1297 1315/1546/1298 1313/1547/1295
f 1314/1548/1297 1316/1549/1299 1315/1550/1298
f 1316/1549/1299 1317/1551/1300 1315/1550/1298
f 1316/1549/1299 1318/1552/1301 1317/1551/1300
f 1310/1540/1293 978/1553/973 979/1113/972
f 1310/1554/1293 1319/1555/1302 978/1556/973
f 1320/1557/1303 1312/1543/1296 1321/1558/1304
f 1320/1557/1303 1311/1541/1294 1312/1543/1296
f 1322/1559/1305 1323/1560/1037 1324/1561/1306
f 1322/1559/1305 1324/1561/1306 1325/1562/1307
f 1326/1563/1308 1049/1564/1041 1048/1565/1037
f 1326/1563/1308 1048/1565/1037 1327/1566/1309
f 1328/1567/1310 1330/1568/1311 1329/1569/1312
f 1328/1567/1310 1331/1570/1313 1330/1568/1311
f 1332/1571/1314 1333/1572/1315 1334/1573/1316
f 1332/1571/1314 1334/1573/1316 1335/1574/1317
f 1336/1575/1318 1198/1576/1184 1200/1577/1186
f 1336/1575/1318 1200/1577/1186 1337/1578/1319
f 1338/1579/1320 1339/1580/1321 1340/1581/1322
f 1338/1579/1320 1340/1581/1322 1341/1582/1323
f 1318/1552/1301 1342/1583/1324 1317/1551/1300
f 1318/1552/1301 1343/1584/1325 1342/1583/1324
f 1344/1585/1326 1346/1586/1327 1345/1587/1328
f 1344/1585/1326 1347/1588/1329 1346/1586/1327
f 1348/1589/1330 1349/1590/1331 1306/1532/1289
f 1348/1589/1330 1306/1532/1289 1305/1531/1288
f 1350/1591/1332 1345/1587/1328 1351/1592/1333
f 1350/1591/1332 1344/1585/1326 1345/1587/1328
f 1325/1562/1307 1324/1561/1306 1352/1593/1334
f 1325/1562/1307 1352/1593/1334 1353/1594/1335
f 1354/1595/1336 1078/1596/1068 1049/1564/1041
f 1354/1595/1336 1049/1564/1041 1326/1563/1308
f 1355/1597/1337 1329/1569/1312 1356/1598/1338
f 1355/1597/1337 1328/1567/1310 1329/1569/1312
f 1357/1599/1339 1359/1600/1340 1358/1601/1341
f 1357/1599/1339 1360/1602/1342 1359/1600/1340
f 1341/1582/1323 1340/1581/1322 1361/1603/1343
f 1341/1582/1323 1361/1603/1343 1362/1604/1344
f 1343/1584/1325 1363/1605/1345 1342/1583/1324
f 1343/1584/1325 1364/1606/1346 1363/1605/1345
f 1365/1607/1347 1366/1608/1348 1349/1590/1331
f 1365/1607/1347 1349/1590/1331 1348/1589/1330
f 1367/1609/1349 1351/1610/1333 1368/1611/1350
f 1367/1612/1349 1350/1613/1332 1351/1614/1333
f 1337/1578/1319 1200/1577/1186 1209/1615/1195
f 1337/1578/1319 1209/1615/1195 1369/1616/1351
f 1370/1617/1352 1356/1598/1338 1371/1618/1353
f 1370/1617/1352 1355/1597/1337 1356/1598/1338
f 1372/1619/1354 1095/1620/1085 1078/1621/1068
f 1372/1622/1354 1078/1623/1068 1354/1624/1336
f 1373/1625/1355 1374/1626/1195 1375/1627/1356
f 1373/1625/1355 1375/1627/1356 1376/1628/1357
f 1377/1629/1358 1379/1630/1359 1378/1631/1360
f 1377/1629/1358 1380/1632/1361 1379/1630/1359
f 1381/1633/1362 1382/1634/1363 1383/1635/1364
f 1381/1633/1362 1383/1635/1364 1384/1636/1365
f 1385/1637/1366 1386/1638/1367 1382/1634/1363
f 1385/1637/1366 1382/1634/1363 1381/1633/1362
f 1364/1606/1346 1387/1639/1368 1363/1605/1345
f 1364/1606/1346 1388/1640/1369 1387/1639/1368
f 1389/1641/1370 1390/1642/1371 1366/1608/1348
f 1389/1641/1370 1366/1608/1348 1365/1607/1347
f 1391/1643/1372 1368/1644/1350 1392/1645/1373
f 1391/1646/1372 1367/1609/1349 1368/1611/1350
f 1393/1647/1374 1395/1648/1375 1394/1649/1376
f 1393/1647/1374 1396/1650/1377 1395/1648/1375
f 1397/1651/1378 1398/1652/1379 1399/1653/1380
f 1397/1651/1378 1399/1653/1380 1400/1654/1103
f 1380/1632/1361 1401/1655/1381 1379/1630/1359
f 1380/1632/1361 1402/1656/1382 1401/1655/1381
f 1384/1636/1365 1383/1635/1364 1398/1652/1379
f 1384/1636/1365 1398/1652/1379 1397/1651/1378
f 1403/1657/1383 1115/1658/1105 1095/1659/1085
f 1403/1657/1383 1095/1659/1085 1372/1660/1354
f 1404/1661/1384 1406/1662/1385 1405/1663/1386
f 1404/1661/1384 1407/1664/1387 1406/1662/1385
f 1408/1665/1388 1409/1666/1389 1390/1642/1371
f 1408/1665/1388 1390/1642/1371 1389/1641/1370
f 1410/1667/1390 1412/1668/1391 1411/1669/1392
f 1410/1667/1390 1413/1670/1393 1412/1668/1391
f 1396/1671/1377 1414/1672/1394 1395/1673/1375
f 1396/1671/1377 1415/1674/1395 1414/1672/1394
f 1400/1654/1103 1399/1653/1380 1416/1675/1396
f 1400/1654/1103 1416/1675/1396 1417/1676/1397
f 1418/1677/1398 1136/1678/1124 1115/1658/1105
f 1418/1677/1398 1115/1658/1105 1403/1657/1383
f 1407/1664/1387 1411/1669/1392 1406/1662/1385
f 1407/1664/1387 1410/1667/1390 1411/1669/1392
f 1419/1679/1399 1420/1680/1400 1409/1666/1389
f 1419/1679/1399 1409/1666/1389 1408/1665/1388
f 1421/1681/1401 1423/1682/1402 1422/1683/1403
f 1421/1681/1401 1424/1684/1404 1423/1682/1402
f 756/850/750 751/845/745 758/852/752
f 739/830/733 743/834/737 742/832/735
f 739/830/733 745/839/739 743/834/737
f 1425/1685/1405 1134/1686/1123 1157/1687/1145
f 1425/1685/1405 1157/1687/1145 1426/1688/1406
f 1417/1676/1397 1416/1675/1396 1427/1689/1407
f 1417/1676/1397 1427/1689/1407 1428/1690/1408
f 1426/1688/1406 1157/1687/1145 1136/1691/1124
f 1426/1688/1406 1136/1691/1124 1418/1692/1398
f 1429/1693/1409 1430/1694/1410 1420/1680/1400
f 1429/1693/1409 1420/1680/1400 1419/1679/1399
f 738/829/732 745/839/739 739/830/733
f 738/829/732 747/841/741 745/839/739
f 1428/1690/1408 1427/1689/1407 1431/1695/1411
f 1428/1690/1408 1431/1695/1411 1432/1696/1412
f 1432/1696/1412 1431/1695/1411 1433/1697/1413
f 1432/1696/1412 1433/1697/1413 1434/1698/1414
f 1434/1698/1414 1433/1697/1413 1435/1699/1415
f 1434/1698/1414 1435/1699/1415 1436/1700/1416
f 1436/1700/1416 1435/1699/1415 1437/1701/1417
f 1436/1700/1416 1437/1701/1417 1438/1702/1418
f 1438/1702/1418 1437/1701/1417 1439/1703/1419
f 1438/1702/1418 1439/1703/1419 1440/1704/1420
f 1440/1704/1420 1439/1703/1419 1441/1705/1421
f 1440/1704/1420 1441/1705/1421 1442/1706/1422
f 1443/1707/1423 1444/1708/1424 1430/1694/1410
f 1443/1707/1423 1430/1694/1410 1429/1693/1409
f 735/825/728 747/841/741 738/829/732
f 735/825/728 750/844/744 747/841/741
f 735/825/728 736/827/730 750/844/744
f 1445/1709/1425 1197/1710/1183 1196/1711/1182
f 1445/1709/1425 1196/1711/1182 1446/1712/1426
f 1442/1706/1422 1441/1705/1421 1447/1713/1427
f 1442/1706/1422 1447/1713/1427 1448/1714/1428
f 1449/1715/1429 1450/1716/1430 1444/1708/1424
f 1449/1715/1429 1444/1708/1424 1443/1707/1423
f 1448/1714/1428 1447/1713/1427 1451/1717/1431
f 1448/1714/1428 1451/1717/1431 1452/1718/1432
f 1453/1719/1433 1454/1720/1434 1450/1716/1430
f 1453/1719/1433 1450/1716/1430 1449/1715/1429
f 1452/1718/1432 1451/1717/1431 1455/1721/1435
f 1452/1718/1432 1455/1721/1435 1456/1722/1436
f 1457/1723/1437 1458/1724/1438 1454/1720/1434
f 1457/1723/1437 1454/1720/1434 1453/1719/1433
f 1459/1725/1439 1461/1726/1440 1460/1727/1441
f 1459/1725/1439 1462/1728/1442 1461/1726/1440
f 1463/1729/1443 1465/1730/1444 1464/1731/1445
f 1463/1729/1443 1466/1732/1446 1465/1730/1444
f 1467/1733/1447 1468/1734/1448 1469/1735/1449
f 1467/1733/1447 1469/1735/1449 1470/1736/1450
f 1471/1737/1451 1473/1738/1452 1472/1739/1453
f 1471/1737/1451 1474/1740/1454 1473/1738/1452
f 1475/1741/1455 1476/1742/1456 1477/1743/1457
f 1475/1741/1455 1477/1743/1457 1478/1744/1458
f 1456/1722/1436 1455/1721/1435 1479/1745/1459
f 1456/1722/1436 1479/1745/1459 1480/1746/1460
f 1481/1747/1461 1482/1748/1462 1458/1724/1438
f 1481/1747/1461 1458/1724/1438 1457/1723/1437
f 1483/1749/1463 1464/1731/1445 1484/1750/1464
f 1483/1749/1463 1463/1729/1443 1464/1731/1445
f 1485/1751/1465 1486/1752/1466 1487/1753/1467
f 1485/1751/1465 1487/1753/1467 1488/1754/1468
f 1480/1746/1460 1479/1745/1459 1489/1755/1469
f 1480/1746/1460 1489/1755/1469 1490/1756/1470
f 1253/1757/1239 1491/1758/1471 1482/1748/1462
f 1253/1757/1239 1482/1748/1462 1481/1747/1461
f 1492/1759/1472 1484/1750/1464 1493/1760/1473
f 1492/1759/1472 1483/1749/1463 1484/1750/1464
f 1252/1761/1238 1494/1762/1474 1491/1763/1471
f 1252/1764/1238 1491/1765/1471 1253/1766/1239
f 1488/1754/1468 1487/1753/1467 1495/1767/1475
f 1488/1754/1468 1495/1767/1475 1496/1768/1476
f 1490/1756/1470 1489/1755/1469 1497/1769/1477
f 1490/1756/1470 1497/1769/1477 1498/1770/1478
f 1496/1768/1476 1495/1767/1475 1499/1771/1479
f 1496/1768/1476 1499/1771/1479 1500/1772/1480
f 1501/1773/1481 1502/1774/1482 1503/1775/1483
f 1501/1773/1481 1503/1775/1483 1504/1776/1484
f 1262/1777/1248 1505/1778/1485 1494/1762/1474
f 1262/1777/1248 1494/1762/1474 1252/1761/1238
f 1504/1776/1484 1503/1775/1483 1506/1779/1486
f 1504/1776/1484 1506/1779/1486 1507/1780/1487
f 1508/1781/1488 1510/1782/1489 1509/1783/1490
f 1508/1781/1488 1511/1784/1491 1510/1782/1489
f 1511/1784/1491 1512/1785/1492 1510/1782/1489
f 1511/1784/1491 1513/1786/1493 1512/1785/1492
f 1498/1770/1478 1497/1769/1477 1514/1787/1494
f 1498/1770/1478 1514/1787/1494 1515/1788/1495
f 1516/1789/1496 1509/1783/1490 1517/1790/1497
f 1516/1789/1496 1508/1781/1488 1509/1783/1490
f 1507/1780/1487 1506/1779/1486 1518/1791/1194
f 1507/1780/1487 1518/1791/1194 1519/1792/1498
f 1275/1793/1260 1520/1794/1499 1505/1778/1485
f 1275/1793/1260 1505/1778/1485 1262/1777/1248
f 1521/1795/1500 1522/1796/1501 1523/1797/1502
f 1521/1795/1500 1523/1797/1502 1524/1798/1425
f 1513/1786/1493 1525/1799/1503 1512/1785/1492
f 1513/1786/1493 1526/1800/1504 1525/1799/1503
f 1527/1801/1505 1467/1733/1447 1470/1736/1450
f 1527/1801/1505 1470/1736/1450 1528/1802/1506
f 1283/1500/1268 1529/1803/1507 1520/1804/1499
f 1283/1500/1268 1520/1804/1499 1275/1501/1260
f 1353/1594/1335 1352/1593/1334 1530/1805/1508
f 1353/1594/1335 1530/1805/1508 1531/1806/1509
f 1526/1800/1504 1532/1807/1510 1525/1799/1503
f 1526/1800/1504 1533/1808/1511 1532/1807/1510
f 1533/1808/1511 1534/1809/1512 1532/1807/1510
f 1533/1808/1511 1535/1810/1513 1534/1809/1512
f 1536/1811/1514 998/1812/992 995/1813/990
f 1536/1811/1514 1537/1814/1515 998/1812/992
f 1291/1512/1274 1538/1815/1516 1529/1803/1507
f 1291/1512/1274 1529/1803/1507 1283/1500/1268
f 1537/1816/1515 1001/1158/995 998/1154/992
f 1537/1816/1515 1539/1817/1517 1001/1158/995
f 1335/1818/1317 1334/1819/1316 1339/1580/1321
f 1335/1818/1317 1339/1580/1321 1338/1579/1320
f 1424/1820/1404 1540/1821/1518 1423/1822/1402
f 1424/1820/1404 1541/1823/1519 1540/1821/1518
f 1542/1824/1520 1544/1825/1521 1543/1826/1522
f 1542/1824/1520 1545/1827/1523 1544/1825/1521
f 1545/1827/1523 1546/1828/1524 1544/1825/1521
f 1545/1827/1523 1547/1829/1525 1546/1828/1524
f 1547/1829/1525 1548/1830/1526 1546/1828/1524
f 1547/1829/1525 1549/1831/1527 1548/1830/1526
f 1550/1832/1528 1552/1833/1529 1551/1834/1530
f 1550/1832/1528 1553/1835/1531 1552/1833/1529
f 1554/1836/1532 1553/1835/1531 1550/1832/1528
f 1554/1836/1532 1555/1837/1533 1553/1835/1531
f 1556/1838/1534 1555/1837/1533 1554/1836/1532
f 1556/1838/1534 1557/1839/1535 1555/1837/1533
f 1556/1838/1534 1558/1840/1536 1557/1839/1535
f 1426/1841/1406 1418/1842/1398 1403/1843/1383
f 1403/1843/1383 1559/1844/1537 1425/1845/1405
f 1403/1843/1383 1425/1845/1405 1426/1841/1406
f 1372/1846/1354 1560/1847/1538 1559/1844/1537
f 1372/1846/1354 1559/1844/1537 1403/1843/1383
f 1354/1848/1336 1561/1849/1539 1560/1847/1538
f 1354/1848/1336 1560/1847/1538 1372/1846/1354
f 1326/1850/1308 1562/1851/1540 1561/1849/1539
f 1326/1850/1308 1561/1849/1539 1354/1848/1336
f 1327/1852/1309 1562/1851/1540 1326/1850/1308
f 1360/1853/1342 1405/1663/1386 1359/1854/1340
f 1360/1853/1342 1404/1661/1384 1405/1663/1386
f 1563/1855/1541 1564/1856/1542 1565/1857/1543
f 1563/1855/1541 1565/1857/1543 1566/1858/1544
f 1566/1858/1544 1565/1857/1543 1567/1859/1545
f 1566/1858/1544 1567/1859/1545 1568/1860/1546
f 1568/1860/1546 1567/1859/1545 1569/1861/1547
f 1568/1860/1546 1569/1861/1547 1570/1862/1548
f 1571/1863/1549 1527/1801/1505 1528/1802/1506
f 1571/1863/1549 1528/1802/1506 1572/1864/1550
f 1407/1865/1387 1413/1866/1393 1410/1867/1390
f 1407/1865/1387 1573/1868/1551 1413/1866/1393
f 1574/1869/1552 1575/1870/1553 1576/1871/1554
f 1574/1869/1552 1576/1871/1554 1577/1872/1555
f 1578/1873/1556 1579/1874/1557 1580/1875/1558
f 1578/1873/1556 1580/1875/1558 1581/1876/1559
f 1578/1873/1556 1581/1876/1559 1582/1877/1560
f 1446/1712/1426 1196/1711/1182 1198/1878/1184
f 1446/1712/1426 1198/1878/1184 1336/1879/1318
f 1462/1728/1442 1472/1739/1453 1461/1726/1440
f 1462/1728/1442 1471/1737/1451 1472/1739/1453
f 1571/1863/1549 1572/1864/1550 1583/1880/1561
f 1571/1863/1549 1583/1880/1561 1584/1881/1562
f 1336/1882/1318 1337/1883/1319 1369/1884/1351
f 1336/1882/1318 1369/1884/1351 1585/1885/1563
f 1586/1886/1564 1587/1887/1565 1588/1888/1566
f 1586/1886/1564 1588/1888/1566 1589/1889/1567
f 1524/1890/1425 1586/1886/1564 1589/1889/1567
f 1524/1890/1425 1589/1889/1567 1590/1891/1568
f 1521/1892/1500 1524/1890/1425 1590/1891/1568
f 1421/1893/1401 1541/1894/1519 1424/1895/1404
f 1591/1896/1569 1541/1894/1519 1421/1893/1401
f 1591/1896/1569 1592/1897/1570 1541/1894/1519
f 1593/1898/1571 1592/1897/1570 1591/1896/1569
f 1593/1898/1571 1594/1899/1572 1592/1897/1570
f 1593/1900/1571 1595/1901/1573 1594/1902/1572
f 855/1903/850 867/973/861 865/972/859
f 855/1903/850 1596/1904/1574 867/973/861
f 848/949/842 849/951/844 868/977/862
f 872/980/865 874/983/868 888/1002/883
f 888/1002/883 876/985/870 886/999/880
f 888/1002/883 874/983/868 876/985/870
f 876/985/870 884/997/878 886/999/880
f 876/985/870 878/992/873 884/997/878
f 878/992/873 883/996/877 884/997/878
f 878/992/873 880/994/875 883/996/877
f 893/1006/887 891/1003/884 894/1007/888
f 893/1006/887 890/1004/885 891/1003/884
f 891/1003/884 900/1013/894 894/1007/888
f 891/1003/884 904/1017/898 900/1013/894
f 904/1017/898 896/1009/890 900/1013/894
f 904/1017/898 905/1018/899 896/1009/890
f 905/1018/899 899/1012/893 896/1009/890
f 905/1018/899 903/1016/897 899/1012/893
f 1597/1905/1575 1599/1906/1576 1598/1907/1577
f 1597/1905/1575 1600/1908/1578 1599/1906/1576
f 1601/1909/1579 1600/1908/1578 1597/1905/1575
f 1601/1909/1579 1602/1910/1580 1600/1908/1578
f 1603/1911/1581 1602/1910/1580 1601/1909/1579
f 1603/1911/1581 1604/1912/1582 1602/1910/1580
f 1604/1912/1582 1606/1913/1583 1605/1914/1584
f 1604/1912/1582 1603/1911/1581 1606/1913/1583
f 1607/1915/1585 1605/1914/1584 1606/1913/1583
f 1607/1915/1585 1608/1916/1586 1605/1914/1584
f 1609/1917/1587 1611/1918/1588 1610/1919/1589
f 1609/1920/1587 1612/1921/1590 1611/1922/1588
f 1613/1923/1591 1611/1918/1588 1614/1924/1592
f 1613/1923/1591 1610/1919/1589 1611/1918/1588
f 1615/1925/1593 1614/1924/1592 1616/1926/1594
f 1615/1925/1593 1613/1923/1591 1614/1924/1592
f 1617/1927/1595 1618/1928/1596 1619/1929/1597
f 1617/1927/1595 1619/1929/1597 1620/1930/1598
f 1621/1931/1599 1622/1932/1600 1618/1928/1596
f 1621/1931/1599 1618/1928/1596 1617/1927/1595
f 1623/1933/1601 1624/1934/1602 1622/1932/1600
f 1623/1933/1601 1622/1932/1600 1621/1931/1599
f 1625/1935/1603 1626/1936/1604 1624/1934/1602
f 1625/1935/1603 1624/1934/1602 1623/1933/1601
f 1627/1937/1605 1628/1938/1606 1629/1939/1607
f 1627/1937/1605 1629/1939/1607 1630/1940/1608
f 1630/1941/1608 1629/1942/1607 1631/1943/1609
f 1630/1941/1608 1631/1943/1609 1632/1944/1610
f 1633/1945/1611 1635/1946/1612 1634/1947/1613
f 1633/1945/1611 1636/1948/1614 1635/1946/1612
f 1632/1949/1610 1631/1950/1609 1637/1951/1615
f 1632/1944/1610 1637/1952/1615 1638/1953/1616
f 1639/1954/1617 1641/1955/1618 1640/1956/1619
f 1639/1954/1617 1642/1957/1620 1641/1955/1618
f 1643/1958/1621 1645/1959/1622 1644/1960/1623
f 1643/1958/1621 1646/1961/1624 1645/1959/1622
f 1647/1962/1625 1644/1960/1623 1648/1963/1626
f 1647/1962/1625 1643/1958/1621 1644/1960/1623
f 1649/1964/1627 1651/1965/1628 1650/1966/1629
f 1649/1964/1627 1652/1967/1630 1651/1965/1628
f 1653/1968/1631 1650/1966/1629 1654/1969/1632
f 1653/1968/1631 1649/1964/1627 1650/1966/1629
f 1655/1970/1633 1657/1971/1634 1656/1972/1635
f 1655/1970/1633 1658/1973/1636 1657/1971/1634
f 1659/1974/1637 1656/1975/1635 1660/1976/1638
f 1659/1974/1637 1655/1977/1633 1656/1975/1635
f 1661/1978/1639 1660/1979/1638 1662/1980/1640
f 1661/1981/1639 1659/1974/1637 1660/1976/1638
f 1663/1982/1641 1662/1983/1640 1664/1984/1642
f 1663/1985/1641 1661/1986/1639 1662/1987/1640
f 1665/1988/1643 1667/1989/1644 1666/1990/1645
f 1665/1988/1643 1668/1991/1646 1667/1989/1644
f 1669/1992/1647 1671/1993/1648 1670/1994/1649
f 1669/1992/1647 1672/1995/1650 1671/1993/1648
f 1673/1996/1651 1675/1997/1652 1674/1998/1653
f 1673/1996/1651 1676/1999/1654 1675/1997/1652
f 1677/2000/1655 1674/1998/1653 1678/2001/1656
f 1677/2000/1655 1673/1996/1651 1674/1998/1653
f 1679/2002/1657 1678/2001/1656 1680/2003/1658
f 1679/2002/1657 1677/2000/1655 1678/2001/1656
f 1672/1995/1650 1666/1990/1645 1671/1993/1648
f 1672/1995/1650 1665/1988/1643 1666/1990/1645
f 1668/1991/1646 1664/2004/1642 1667/1989/1644
f 1668/1991/1646 1663/2005/1641 1664/2004/1642
f 1646/1961/1624 1640/1956/1619 1645/1959/1622
f 1646/1961/1624 1639/1954/1617 1640/1956/1619
f 1642/1957/1620 1634/1947/1613 1641/1955/1618
f 1642/1957/1620 1633/1945/1611 1634/1947/1613
f 1681/2006/1659 1636/1948/1614 1633/1945/1611
f 1681/2006/1659 1682/2007/1660 1636/1948/1614
f 1683/2008/1661 1684/2009/1662 1685/2010/1663
f 1683/2008/1661 1685/2010/1663 1686/2011/1664
f 1686/2011/1664 1685/2010/1663 1687/2012/1665
f 1686/2011/1664 1687/2012/1665 1688/2013/1666
f 1688/2013/1666 1687/2012/1665 1689/2014/1667
f 1688/2015/1666 1689/2016/1667 1690/2017/1668
f 1691/2018/1669 1633/1945/1611 1642/1957/1620
f 1691/2018/1669 1681/2006/1659 1633/1945/1611
f 1692/2019/1670 1642/1957/1620 1639/1954/1617
f 1692/2019/1670 1691/2018/1669 1642/1957/1620
f 1693/2020/1671 1639/1954/1617 1646/1961/1624
f 1693/2020/1671 1692/2019/1670 1639/1954/1617
f 1694/2021/1672 1646/1961/1624 1643/1958/1621
f 1694/2021/1672 1693/2020/1671 1646/1961/1624
f 1695/2022/1673 1643/1958/1621 1647/1962/1625
f 1695/2022/1673 1694/2021/1672 1643/1958/1621
f 1696/2023/1674 1652/1967/1630 1649/1964/1627
f 1696/2023/1674 1697/2024/1675 1652/1967/1630
f 1698/2025/1676 1649/1964/1627 1653/1968/1631
f 1698/2025/1676 1696/2023/1674 1649/1964/1627
f 1699/2026/1677 1658/1973/1636 1655/1970/1633
f 1699/2027/1677 1700/2028/1678 1658/2029/1636
f 1701/2030/1679 1655/1977/1633 1659/1974/1637
f 1701/2030/1679 1699/2027/1677 1655/1977/1633
f 1702/2031/1680 1659/2032/1637 1661/2033/1639
f 1702/2034/1680 1701/2030/1679 1659/1974/1637
f 1703/2035/1681 1661/2036/1639 1663/2037/1641
f 1703/2038/1681 1702/2034/1680 1661/1981/1639
f 1704/2039/1682 1663/2005/1641 1668/1991/1646
f 1704/2039/1682 1703/2038/1681 1663/2005/1641
f 1705/2040/1683 1668/1991/1646 1665/1988/1643
f 1705/2040/1683 1704/2039/1682 1668/1991/1646
f 1706/2041/1684 1665/1988/1643 1672/1995/1650
f 1706/2041/1684 1705/2040/1683 1665/1988/1643
f 1707/2042/1685 1672/1995/1650 1669/1992/1647
f 1707/2042/1685 1706/2041/1684 1672/1995/1650
f 1708/2043/1686 1676/2044/1654 1673/2045/1651
f 1708/2043/1686 1709/2046/1687 1676/2044/1654
f 1710/2047/1688 1673/1996/1651 1677/2000/1655
f 1710/2047/1688 1708/2048/1686 1673/1996/1651
f 1711/2049/1689 1677/2000/1655 1679/2002/1657
f 1711/2049/1689 1710/2047/1688 1677/2000/1655
f 1638/1953/1616 1683/2008/1661 1686/2011/1664
f 1638/1953/1616 1686/2011/1664 1632/1944/1610
f 1682/2007/1660 1713/2050/1690 1712/2051/1691
f 1682/2007/1660 1681/2006/1659 1713/2050/1690
f 1681/2006/1659 1714/2052/1692 1713/2050/1690
f 1681/2006/1659 1691/2018/1669 1714/2052/1692
f 1691/2018/1669 1715/2053/1693 1714/2052/1692
f 1691/2018/1669 1692/2019/1670 1715/2053/1693
f 1692/2019/1670 1716/2054/1694 1715/2053/1693
f 1692/2019/1670 1693/2020/1671 1716/2054/1694
f 1693/2020/1671 1717/2055/1695 1716/2054/1694
f 1693/2020/1671 1694/2021/1672 1717/2055/1695
f 1694/2021/1672 1718/2056/1696 1717/2055/1695
f 1694/2021/1672 1695/2022/1673 1718/2056/1696
f 1697/2024/1675 1720/2057/1697 1719/2058/1698
f 1697/2024/1675 1696/2023/1674 1720/2057/1697
f 1696/2023/1674 1721/2059/1699 1720/2057/1697
f 1696/2023/1674 1698/2025/1676 1721/2059/1699
f 1700/2060/1678 1723/2061/1700 1722/2062/1701
f 1700/2028/1678 1699/2027/1677 1723/2063/1700
f 1699/2027/1677 1724/2064/1702 1723/2063/1700
f 1699/2027/1677 1701/2030/1679 1724/2064/1702
f 1701/2030/1679 1725/2065/1703 1724/2064/1702
f 1701/2030/1679 1702/2034/1680 1725/2065/1703
f 1702/2034/1680 1726/2066/1704 1725/2065/1703
f 1702/2034/1680 1703/2038/1681 1726/2066/1704
f 1703/2038/1681 1727/2067/1705 1726/2066/1704
f 1703/2038/1681 1704/2039/1682 1727/2067/1705
f 1704/2039/1682 1728/2068/1706 1727/2067/1705
f 1704/2039/1682 1705/2040/1683 1728/2068/1706
f 1705/2040/1683 1729/2069/1707 1728/2068/1706
f 1705/2040/1683 1706/2041/1684 1729/2069/1707
f 1706/2041/1684 1730/2070/1708 1729/2069/1707
f 1706/2041/1684 1707/2042/1685 1730/2070/1708
f 1709/2046/1687 1732/2071/1709 1731/2072/1710
f 1709/2046/1687 1708/2043/1686 1732/2071/1709
f 1708/2048/1686 1733/2073/1711 1732/2074/1709
f 1708/2048/1686 1710/2047/1688 1733/2073/1711
f 1710/2047/1688 1734/2075/1712 1733/2073/1711
f 1710/2047/1688 1711/2049/1689 1734/2075/1712
f 1632/1944/1610 1686/2011/1664 1688/2013/1666
f 1632/1944/1610 1688/2013/1666 1630/1941/1608
f 1630/1941/1608 1688/2013/1666 1690/2076/1668
f 1630/1941/1608 1690/2076/1668 1627/2077/1605
f 1735/2078/1713 1736/2079/1714 1737/2080/1715
f 1735/2078/1713 1737/2080/1715 1738/2081/1716
f 1739/2082/1717 1741/2083/1718 1740/2084/1719
f 1739/2082/1717 1742/2085/1720 1741/2083/1718
f 1743/2086/1721 1735/2078/1713 1738/2081/1716
f 1743/2086/1721 1738/2081/1716 1744/2087/1722
f 1745/2088/1723 1742/2085/1720 1739/2082/1717
f 1745/2088/1723 1746/2089/1724 1742/2085/1720
f 1738/2081/1716 1737/2080/1715 1747/2090/1725
f 1738/2081/1716 1747/2090/1725 1748/2091/1726
f 1744/2087/1722 1738/2081/1716 1748/2091/1726
f 1744/2087/1722 1748/2091/1726 1749/2092/1727
f 1750/2093/1728 1740/2084/1719 1751/2094/1729
f 1750/2093/1728 1739/2082/1717 1740/2084/1719
f 1752/2095/1730 1739/2082/1717 1750/2093/1728
f 1752/2095/1730 1745/2088/1723 1739/2082/1717
f 1746/2096/1724 1754/2097/1731 1753/2098/1732
f 1746/2089/1724 1745/2088/1723 1754/2099/1731
f 1744/2087/1722 1755/2100/1733 1756/2101/1734
f 1744/2087/1722 1756/2101/1734 1743/2086/1721
f 1749/2092/1727 1757/2102/1735 1755/2100/1733
f 1749/2092/1727 1755/2100/1733 1744/2087/1722
f 1745/2088/1723 1758/2103/1736 1754/2099/1731
f 1745/2088/1723 1752/2095/1730 1758/2103/1736
f 1748/2091/1726 1747/2090/1725 1759/2104/1737
f 1748/2091/1726 1759/2104/1737 1760/2105/1738
f 1749/2092/1727 1748/2091/1726 1760/2105/1738
f 1749/2092/1727 1760/2105/1738 1761/2106/1739
f 1761/2106/1739 1762/2107/1740 1757/2102/1735
f 1761/2106/1739 1757/2102/1735 1749/2092/1727
f 1763/2108/1741 1751/2094/1729 1764/2109/1742
f 1763/2108/1741 1750/2093/1728 1751/2094/1729
f 1765/2110/1743 1750/2093/1728 1763/2108/1741
f 1765/2110/1743 1752/2095/1730 1750/2093/1728
f 1752/2111/1730 1766/2112/1744 1758/2113/1736
f 1752/2111/1730 1765/2114/1743 1766/2112/1744
f 1760/2105/1738 1759/2104/1737 1767/2115/1745
f 1760/2105/1738 1767/2115/1745 1768/2116/1746
f 1761/2106/1739 1760/2105/1738 1768/2116/1746
f 1761/2106/1739 1768/2116/1746 1769/2117/1747
f 1769/2117/1747 1770/2118/1748 1762/2107/1740
f 1769/2117/1747 1762/2107/1740 1761/2106/1739
f 1768/2116/1746 1767/2115/1745 1771/2119/1749
f 1768/2116/1746 1771/2119/1749 1772/2120/1750
f 1769/2117/1747 1768/2116/1746 1772/2120/1750
f 1769/2117/1747 1772/2120/1750 1773/2121/1751
f 1773/2121/1751 1774/2122/1752 1770/2118/1748
f 1773/2121/1751 1770/2118/1748 1769/2117/1747
f 1772/2120/1750 1771/2119/1749 1775/2123/1753
f 1772/2120/1750 1775/2123/1753 1776/2124/1754
f 1773/2121/1751 1772/2120/1750 1776/2124/1754
f 1773/2121/1751 1776/2124/1754 1777/2125/1755
f 1777/2125/1755 1778/2126/1756 1774/2122/1752
f 1777/2125/1755 1774/2122/1752 1773/2121/1751
f 1779/2127/1757 1780/2128/1758 1781/2129/1759
f 1779/2127/1757 1781/2129/1759 1782/2130/1760
f 1783/2131/1761 1779/2127/1757 1782/2130/1760
f 1783/2131/1761 1782/2130/1760 1784/2132/1762
f 1784/2132/1762 1785/2133/1763 1786/2134/1756
f 1784/2132/1762 1786/2134/1756 1783/2131/1761
f 1782/2130/1760 1781/2129/1759 1787/2135/1764
f 1782/2130/1760 1787/2135/1764 1788/2136/1765
f 1784/2132/1762 1782/2130/1760 1788/2136/1765
f 1784/2132/1762 1788/2136/1765 1789/2137/1766
f 1789/2137/1766 1790/2138/1767 1785/2133/1763
f 1789/2137/1766 1785/2133/1763 1784/2132/1762
f 1788/2136/1765 1787/2135/1764 1791/2139/1768
f 1788/2136/1765 1791/2139/1768 1792/2140/1769
f 1789/2137/1766 1788/2136/1765 1792/2140/1769
f 1789/2141/1766 1792/2142/1769 1793/2143/1770
f 1793/2144/1770 1794/2145/1771 1790/2146/1767
f 1793/2143/1770 1790/2147/1767 1789/2141/1766
f 1795/2148/1772 1796/2149/1768 1797/2150/1773
f 1795/2148/1772 1797/2150/1773 1798/2151/1774
f 1799/2152/1775 1795/2148/1772 1798/2151/1774
f 1799/2152/1775 1798/2151/1774 1800/2153/1776
f 1800/2153/1776 1801/2154/1777 1802/2155/1778
f 1800/2153/1776 1802/2155/1778 1799/2152/1775
f 1798/2156/1774 1797/2157/1773 1803/2158/1779
f 1798/2156/1774 1803/2158/1779 1804/2159/1780
f 1800/2153/1776 1798/2151/1774 1804/2160/1780
f 1800/2153/1776 1804/2160/1780 1805/2161/1781
f 1805/2161/1781 1806/2162/1782 1801/2154/1777
f 1805/2161/1781 1801/2154/1777 1800/2153/1776
f 1804/2163/1780 1803/2164/1779 1807/2165/1783
f 1804/2166/1780 1807/2167/1783 1808/2168/1784
f 1805/2161/1781 1804/2160/1780 1808/2169/1784
f 1805/2161/1781 1808/2169/1784 1809/2170/1785
f 1809/2170/1785 1810/2171/1786 1806/2162/1782
f 1809/2170/1785 1806/2162/1782 1805/2161/1781
f 1808/2169/1784 1807/2172/1783 1811/2173/1787
f 1808/2169/1784 1811/2173/1787 1812/2174/1788
f 1809/2170/1785 1808/2169/1784 1812/2174/1788
f 1809/2170/1785 1812/2174/1788 1813/2175/1789
f 1813/2175/1789 1814/2176/1790 1810/2171/1786
f 1813/2175/1789 1810/2171/1786 1809/2170/1785
f 1812/2174/1788 1811/2173/1787 1815/2177/1791
f 1812/2174/1788 1815/2177/1791 1816/2178/1792
f 1813/2175/1789 1812/2174/1788 1816/2178/1792
f 1813/2175/1789 1816/2178/1792 1817/2179/1793
f 1817/2179/1793 1818/2180/1794 1814/2176/1790
f 1817/2179/1793 1814/2176/1790 1813/2175/1789
f 1816/2178/1792 1815/2177/1791 1819/2181/1795
f 1816/2178/1792 1819/2181/1795 1820/2182/1796
f 1817/2179/1793 1816/2178/1792 1820/2182/1796
f 1817/2179/1793 1820/2182/1796 1821/2183/1797
f 1821/2183/1797 1822/2184/1798 1818/2180/1794
f 1821/2183/1797 1818/2180/1794 1817/2179/1793
f 1820/2182/1796 1819/2181/1795 1823/2185/1799
f 1820/2182/1796 1823/2185/1799 1824/2186/1800
f 1821/2183/1797 1820/2182/1796 1824/2186/1800
f 1821/2183/1797 1824/2186/1800 1825/2187/1801
f 1825/2187/1801 1826/2188/1802 1822/2184/1798
f 1825/2187/1801 1822/2184/1798 1821/2183/1797
f 1827/2189/1803 1828/2190/1799 1829/2191/1804
f 1827/2192/1803 1829/2193/1804 1830/2194/1805
f 1831/2195/1801 1827/2196/1803 1830/2197/1805
f 1831/2198/1801 1830/2199/1805 1832/2200/1806
f 1832/2200/1806 1833/2201/1807 1834/2202/1802
f 1832/2200/1806 1834/2202/1802 1831/2198/1801
f 1830/2203/1805 1829/2204/1804 1835/2205/1808
f 1830/2203/1805 1835/2205/1808 1836/2206/1809
f 1832/2207/1806 1830/2203/1805 1836/2206/1809
f 1832/2207/1806 1836/2206/1809 1837/2208/1810
f 1837/2208/1810 1838/2209/1811 1833/2210/1807
f 1837/2208/1810 1833/2210/1807 1832/2207/1806
f 1836/2206/1809 1835/2205/1808 1839/2211/1812
f 1836/2206/1809 1839/2211/1812 1840/2212/1813
f 1837/2208/1810 1836/2206/1809 1840/2212/1813
f 1837/2208/1810 1840/2212/1813 1841/2213/1814
f 1841/2213/1814 1842/2214/1815 1838/2209/1811
f 1841/2213/1814 1838/2209/1811 1837/2208/1810
f 1843/2215/1816 1844/2216/1817 1845/2217/1818
f 1843/2215/1816 1845/2217/1818 1846/2218/1819
f 1847/2219/1820 1848/2220/1821 1849/2221/1822
f 1847/2219/1820 1849/2221/1822 1850/2222/1823
f 1846/2218/1819 1845/2217/1818 1851/2223/1824
f 1846/2218/1819 1851/2223/1824 1852/2224/1825
f 1853/2225/1826 1854/2226/1827 1855/2227/1821
f 1853/2225/1826 1855/2227/1821 1856/2228/1828
f 1857/2229/1829 1859/2230/1830 1858/2231/1831
f 1857/2229/1829 1860/2232/1832 1859/2230/1830
f 1861/2233/1833 1858/2231/1831 1862/2234/1834
f 1861/2233/1833 1857/2229/1829 1858/2231/1831
f 1863/2235/1835 1862/2234/1834 1864/2236/1836
f 1863/2235/1835 1861/2233/1833 1862/2234/1834
f 1865/2237/1837 1867/2238/1838 1866/2239/1839
f 1865/2237/1837 1868/2240/1840 1867/2238/1838
f 1852/2224/1825 1851/2223/1824 1869/2241/1841
f 1852/2224/1825 1869/2241/1841 1870/2242/1842
f 1871/2243/1843 1864/2236/1836 1872/2244/1844
f 1871/2243/1843 1863/2235/1835 1864/2236/1836
f 1763/2108/1741 1874/2245/1845 1873/2246/1846
f 1763/2108/1741 1764/2109/1742 1874/2245/1845
f 1875/2247/1847 1876/2248/1848 1877/2249/1827
f 1875/2247/1847 1877/2249/1827 1878/2250/1849
f 1765/2110/1743 1873/2246/1846 1879/2251/1850
f 1765/2110/1743 1763/2108/1741 1873/2246/1846
f 1758/2252/1736 1881/2253/1851 1880/2254/1852
f 1758/2252/1736 1766/2255/1744 1881/2253/1851
f 1766/2256/1744 1879/2251/1850 1881/2257/1851
f 1766/2256/1744 1765/2110/1743 1879/2251/1850
f 1870/2242/1842 1869/2241/1841 1882/2258/1853
f 1870/2242/1842 1882/2258/1853 1883/2259/1854
f 1884/2260/1855 1872/2244/1844 1885/2261/1856
f 1884/2260/1855 1871/2243/1843 1872/2244/1844
f 1886/2262/1857 1887/2263/1853 1888/2264/1858
f 1886/2262/1857 1888/2264/1858 1889/2265/1859
f 1890/2266/1860 1892/2267/1861 1891/2268/1862
f 1890/2266/1860 1893/2269/1863 1892/2267/1861
f 1889/2265/1859 1888/2264/1858 1894/2270/1864
f 1889/2265/1859 1894/2270/1864 1895/2271/1865
f 1896/2272/1866 1891/2268/1862 1897/2273/1867
f 1896/2272/1866 1890/2266/1860 1891/2268/1862
f 1895/2271/1865 1894/2270/1864 1898/2274/1868
f 1895/2271/1865 1898/2274/1868 1899/2275/1869
f 1900/2276/1870 1897/2273/1867 1901/2277/1871
f 1900/2276/1870 1896/2272/1866 1897/2273/1867
f 1899/2275/1869 1898/2274/1868 1902/2278/1872
f 1899/2275/1869 1902/2278/1872 1903/2279/1873
f 1904/2280/1874 1901/2277/1871 1905/2281/1875
f 1904/2280/1874 1900/2276/1870 1901/2277/1871
f 1903/2279/1873 1902/2278/1872 1906/2282/1876
f 1903/2279/1873 1906/2282/1876 1907/2283/1877
f 1908/2284/1878 1905/2281/1875 1909/2285/1879
f 1908/2284/1878 1904/2280/1874 1905/2281/1875
f 1907/2283/1877 1906/2282/1876 1910/2286/1880
f 1907/2283/1877 1910/2286/1880 1911/2287/1881
f 1912/2288/1882 1909/2285/1879 1913/2289/1883
f 1912/2288/1882 1908/2284/1878 1909/2285/1879
f 1911/2287/1881 1910/2286/1880 1914/2290/1884
f 1911/2287/1881 1914/2290/1884 1915/2291/1885
f 1916/2292/1886 1913/2289/1883 1917/2293/1887
f 1916/2292/1886 1912/2288/1882 1913/2289/1883
f 1915/2291/1885 1914/2290/1884 1918/2294/1888
f 1915/2291/1885 1918/2294/1888 1919/2295/1889
f 1920/2296/1890 1917/2293/1887 1921/2297/1891
f 1920/2296/1890 1916/2292/1886 1917/2293/1887
f 1919/2295/1889 1918/2294/1888 1922/2298/1892
f 1919/2295/1889 1922/2298/1892 1923/2299/1893
f 1924/2300/1894 1921/2297/1891 1925/2301/1895
f 1924/2300/1894 1920/2296/1890 1921/2297/1891
f 1923/2299/1893 1922/2298/1892 1926/2302/1896
f 1923/2299/1893 1926/2302/1896 1927/2303/1897
f 1928/2304/1898 1925/2301/1895 1929/2305/1899
f 1928/2304/1898 1924/2300/1894 1925/2301/1895
f 1927/2303/1897 1926/2302/1896 1930/2306/1900
f 1927/2303/1897 1930/2306/1900 1931/2307/1901
f 1932/2308/1902 1929/2305/1899 1933/2309/1903
f 1932/2308/1902 1928/2304/1898 1929/2305/1899
f 1931/2307/1901 1930/2306/1900 1934/2310/1904
f 1931/2307/1901 1934/2310/1904 1935/2311/1905
f 1936/2312/1906 1933/2309/1903 1937/2313/1907
f 1936/2312/1906 1932/2308/1902 1933/2309/1903
f 1935/2311/1905 1934/2310/1904 1938/2314/1908
f 1935/2311/1905 1938/2314/1908 1939/2315/1909
f 1940/2316/1910 1937/2313/1907 1941/2317/1911
f 1940/2316/1910 1936/2312/1906 1937/2313/1907
f 1942/2318/1912 1943/2319/1908 1944/2320/1913
f 1942/2318/1912 1944/2320/1913 1945/2321/1914
f 1946/2322/1915 1941/2317/1911 1947/2323/1916
f 1946/2322/1915 1940/2316/1910 1941/2317/1911
f 1948/2324/1917 1949/2325/1918 1950/2326/1919
f 1948/2324/1917 1950/2326/1919 1951/2327/1920
f 1952/2328/1921 1953/2329/1922 1954/2330/1923
f 1952/2328/1921 1954/2330/1923 1955/2331/1924
f 1955/2331/1924 1954/2330/1923 1956/2332/1925
f 1955/2331/1924 1956/2332/1925 1957/2333/1926
f 1957/2333/1926 1956/2332/1925 1958/2334/1927
f 1957/2333/1926 1958/2334/1927 1959/2335/1928
f 1960/2336/1929 1947/2323/1916 1961/2337/1930
f 1960/2336/1929 1946/2322/1915 1947/2323/1916
f 1962/2338/1931 1963/2339/1932 1964/2340/1933
f 1962/2338/1931 1964/2340/1933 1965/2341/1934
f 1966/2342/1935 1962/2338/1931 1965/2341/1934
f 1966/2342/1935 1965/2341/1934 1967/2343/1936
f 1963/2339/1932 1968/2344/1937 1969/2345/1938
f 1963/2339/1932 1969/2345/1938 1964/2340/1933
f 1967/2343/1936 1970/2346/1939 1971/2347/1940
f 1967/2343/1936 1971/2347/1940 1966/2342/1935
f 1972/2348/1941 1971/2347/1940 1970/2346/1939
f 1972/2348/1941 1970/2346/1939 1973/2349/1942
f 1974/2350/1943 1975/2351/1944 1976/2352/1945
f 1974/2353/1943 1976/2354/1945 1977/2355/1946
f 1976/2356/1945 1975/2357/1944 1978/2358/1947
f 1976/2356/1945 1978/2358/1947 1979/2359/1948
f 1979/2359/1948 1978/2358/1947 1980/2360/1949
f 1979/2359/1948 1980/2360/1949 1981/2361/1950
f 1982/2362/1951 1984/2363/1952 1983/2364/1953
f 1982/2362/1951 1985/2365/1954 1984/2363/1952
f 1985/2365/1954 1986/2366/1955 1984/2363/1952
f 1985/2365/1954 1987/2367/1956 1986/2366/1955
f 1987/2367/1956 1988/2368/1957 1986/2366/1955
f 1987/2367/1956 1989/2369/1958 1988/2368/1957
f 1989/2369/1958 1990/2370/1959 1988/2368/1957
f 1989/2369/1958 1991/2371/1960 1990/2370/1959
f 1992/2372/1961 1993/2373/1962 1994/2374/1963
f 1992/2372/1961 1994/2374/1963 1995/2375/1964
f 1996/2376/1965 1997/2377/1966 1998/2378/1967
f 1996/2376/1965 1998/2378/1967 1999/2379/1968
f 2000/2380/1969 2001/2381/1970 1993/2373/1962
f 2000/2380/1969 1993/2373/1962 1992/2372/1961
f 1999/2379/1968 1998/2378/1967 2002/2382/1971
f 1999/2379/1968 2002/2382/1971 2003/2383/1972
f 1995/2375/1964 1994/2374/1963 2004/2384/1973
f 1995/2375/1964 2004/2384/1973 2005/2385/1974
f 2006/2386/1975 2007/2387/1976 2008/2388/1977
f 2006/2386/1975 2008/2388/1977 2009/2389/1978
f 2009/2389/1978 2008/2388/1977 2010/2390/1979
f 2009/2389/1978 2010/2390/1979 2011/2391/1980
f 2003/2383/1972 2002/2382/1971 2012/2392/1981
f 2003/2383/1972 2012/2392/1981 2013/2393/1982
f 2014/2394/1983 2015/2395/1984 2001/2381/1970
f 2014/2394/1983 2001/2381/1970 2000/2380/1969
f 2016/2396/1985 2017/2397/1986 2015/2395/1984
f 2016/2396/1985 2015/2395/1984 2014/2394/1983
f 2013/2393/1982 2012/2392/1981 2018/2398/1987
f 2013/2393/1982 2018/2398/1987 2019/2399/1988
f 2019/2399/1988 2018/2398/1987 2020/2400/1989
f 2019/2399/1988 2020/2400/1989 2021/2401/1990
f 2022/2402/1991 2023/2403/1992 2017/2397/1986
f 2022/2402/1991 2017/2397/1986 2016/2396/1985
f 2021/2401/1990 2020/2400/1989 2024/2404/1993
f 2021/2401/1990 2024/2404/1993 2025/2405/1994
f 2026/2406/1995 2027/2407/1996 2023/2403/1992
f 2026/2406/1995 2023/2403/1992 2022/2402/1991
f 2025/2405/1994 2024/2404/1993 2028/2408/1997
f 2025/2405/1994 2028/2408/1997 2029/2409/1998
f 2030/2410/1999 2031/2411/2000 2027/2407/1996
f 2030/2410/1999 2027/2407/1996 2026/2406/1995
f 2029/2409/1998 2028/2408/1997 2032/2412/2001
f 2029/2409/1998 2032/2412/2001 2033/2413/2002
f 2034/2414/2003 2035/2415/2004 2031/2411/2000
f 2034/2414/2003 2031/2411/2000 2030/2410/1999
f 2033/2413/2002 2032/2412/2001 2036/2416/2005
f 2033/2413/2002 2036/2416/2005 2037/2417/2006
f 2038/2418/2007 2039/2419/2008 2035/2415/2004
f 2038/2418/2007 2035/2415/2004 2034/2414/2003
f 2037/2417/2006 2036/2416/2005 2040/2420/2009
f 2037/2417/2006 2040/2420/2009 2041/2421/2010
f 2042/2422/2011 2043/2423/2012 2039/2419/2008
f 2042/2422/2011 2039/2419/2008 2038/2418/2007
f 2041/2421/2010 2040/2420/2009 2044/2424/2013
f 2041/2421/2010 2044/2424/2013 2045/2425/2014
f 2046/2426/2015 1626/2427/1604 1625/2428/1603
f 2046/2426/2015 1625/2428/1603 2047/2429/2016
f 2048/2430/2017 2049/2431/2018 2043/2423/2012
f 2048/2430/2017 2043/2423/2012 2042/2422/2011
f 2050/2432/2019 2052/2433/2020 2051/2434/2021
f 2050/2432/2019 2053/2435/2022 2052/2433/2020
f 2054/2436/2023 2052/2433/2020 2055/2437/2024
f 2054/2436/2023 2051/2434/2021 2052/2433/2020
f 2056/2438/2025 2054/2436/2023 2055/2437/2024
f 2056/2438/2025 2057/2439/2026 2054/2436/2023
f 2058/2440/2027 2060/2441/2028 2059/2442/2029
f 2058/2440/2027 2061/2443/2030 2060/2441/2028
f 2060/2441/2028 2062/2444/2031 2059/2442/2029
f 2060/2441/2028 2063/2445/2032 2062/2444/2031
f 2063/2445/2032 2064/2446/2033 2062/2444/2031
f 2063/2445/2032 2065/2447/2034 2064/2446/2033
f 2066/2448/2035 2068/2449/2036 2067/2450/2037
f 2066/2448/2035 2069/2451/2038 2068/2449/2036
f 2070/2452/2039 2072/2453/2040 2071/2454/2041
f 2070/2452/2039 2073/2455/2042 2072/2453/2040
f 2073/2455/2042 2074/2456/2043 2072/2453/2040
f 2073/2455/2042 2075/2457/2044 2074/2456/2043
f 2076/2458/2045 2074/2456/2043 2075/2457/2044
f 2076/2458/2045 2077/2459/2046 2074/2456/2043
f 2078/2460/2047 2080/2461/2048 2079/2462/2049
f 2078/2463/2047 2081/2464/2050 2080/2465/2048
f 2078/2466/2047 2082/2467/2051 2081/2468/2050
f 2078/2466/2047 2083/2469/2052 2082/2467/2051
f 2068/2449/2036 2082/2467/2051 2083/2469/2052
f 2068/2449/2036 2069/2451/2038 2082/2467/2051
f 2084/2470/2053 2066/2448/2035 2067/2450/2037
f 2084/2470/2053 2085/2471/2054 2066/2448/2035
f 2086/2472/2055 2088/2473/2056 2087/2474/2057
f 2086/2475/2055 2089/2476/2058 2088/2477/2056
f 2087/2478/2057 2070/2479/2039 2071/2480/2041
f 2087/2474/2057 2088/2473/2056 2070/2481/2039
f 2085/2471/2054 2091/2482/2059 2090/2483/2060
f 2085/2471/2054 2084/2470/2053 2091/2482/2059
f 2092/2484/2061 2094/2485/2062 2093/2486/2063
f 2092/2487/2061 2095/2488/2064 2094/2489/2062
f 2096/2490/2065 2098/2491/2066 2097/2492/2067
f 2096/2490/2065 2099/2493/2068 2098/2491/2066
f 2100/2494/2069 2096/2490/2065 2097/2492/2067
f 2100/2494/2069 2101/2495/2070 2096/2490/2065
f 2102/2496/2071 2104/2497/2072 2103/2498/2073
f 2102/2496/2071 2105/2499/2074 2104/2497/2072
f 2106/2500/2075 2103/2498/2073 2104/2497/2072
f 2106/2500/2075 2107/2501/2076 2103/2498/2073
f 2106/2500/2075 2100/2494/2069 2107/2501/2076
f 2106/2502/2075 2101/2503/2070 2100/2504/2069
f 2102/2496/2071 2108/2505/2077 2105/2499/2074
f 2102/2496/2071 2109/2506/2078 2108/2505/2077
f 2110/2507/2079 2109/2506/2078 2111/2508/2080
f 2110/2507/2079 2108/2505/2077 2109/2506/2078
f 2112/2509/2081 2111/2510/2080 2113/2511/2082
f 2112/2512/2081 2110/2507/2079 2111/2508/2080
f 2095/2488/2064 2115/2513/2083 2114/2514/2084
f 2095/2488/2064 2092/2487/2061 2115/2513/2083
f 2116/2515/2085 2053/2435/2022 2050/2432/2019
f 2116/2515/2085 2117/2516/2086 2053/2435/2022
f 2118/2517/2087 2117/2516/2086 2116/2515/2085
f 2118/2517/2087 2119/2518/2088 2117/2516/2086
f 2120/2519/2089 2119/2518/2088 2118/2517/2087
f 2120/2519/2089 2121/2520/2090 2119/2518/2088
f 2120/2519/2089 2065/2447/2034 2121/2520/2090
f 2120/2519/2089 2064/2446/2033 2065/2447/2034
f 2086/2521/2055 2097/2522/2067 2098/2523/2066
f 2086/2521/2055 2087/2524/2057 2097/2522/2067
f 2095/2488/2064 2090/2483/2060 2094/2489/2062
f 2095/2488/2064 2085/2471/2054 2090/2483/2060
f 2061/2443/2030 2057/2439/2026 2056/2438/2025
f 2061/2443/2030 2058/2440/2027 2057/2439/2026
f 2122/2525/2091 2069/2451/2038 2066/2448/2035
f 2122/2525/2091 2123/2526/2092 2069/2451/2038
f 2123/2526/2092 2082/2467/2051 2069/2451/2038
f 2123/2526/2092 2124/2527/2093 2082/2467/2051
f 2124/2527/2093 2081/2468/2050 2082/2467/2051
f 2124/2527/2093 2125/2528/2094 2081/2468/2050
f 2087/2529/2057 2100/2494/2069 2097/2492/2067
f 2087/2478/2057 2071/2480/2041 2100/2530/2069
f 2071/2454/2041 2107/2501/2076 2100/2494/2069
f 2071/2454/2041 2072/2453/2040 2107/2501/2076
f 2126/2531/2095 2066/2448/2035 2085/2471/2054
f 2126/2531/2095 2122/2525/2091 2066/2448/2035
f 2125/2528/2094 2080/2532/2048 2081/2468/2050
f 2125/2528/2094 2127/2533/2096 2080/2532/2048
f 2127/2533/2096 2055/2437/2024 2052/2433/2020
f 2127/2533/2096 2125/2528/2094 2055/2437/2024
f 2125/2528/2094 2056/2438/2025 2055/2437/2024
f 2125/2528/2094 2124/2527/2093 2056/2438/2025
f 2124/2527/2093 2061/2443/2030 2056/2438/2025
f 2124/2527/2093 2123/2526/2092 2061/2443/2030
f 2123/2526/2092 2060/2441/2028 2061/2443/2030
f 2123/2526/2092 2122/2525/2091 2060/2441/2028
f 2122/2525/2091 2063/2445/2032 2060/2441/2028
f 2122/2525/2091 2126/2531/2095 2063/2445/2032
f 2128/2534/2097 2127/2533/2096 2052/2433/2020
f 2128/2534/2097 2129/2535/2098 2127/2533/2096
f 2077/2459/2046 2131/2536/2099 2130/2537/2100
f 2077/2538/2046 2132/2539/2101 2131/2540/2099
f 2133/2541/2102 2074/2456/2043 2134/2542/2103
f 2133/2541/2102 2072/2453/2040 2074/2456/2043
f 2077/2459/2046 2134/2542/2103 2074/2456/2043
f 2077/2459/2046 2130/2537/2100 2134/2542/2103
f 2131/2536/2099 2135/2543/2104 2130/2537/2100
f 2131/2536/2099 2136/2544/2105 2135/2543/2104
f 2137/2545/2106 2135/2543/2104 2136/2544/2105
f 2137/2545/2106 2138/2546/2107 2135/2543/2104
f 2139/2547/2108 2140/2548/2109 2133/2541/2102
f 2139/2547/2108 2141/2549/2110 2140/2548/2109
f 2142/2550/2111 2144/2551/2112 2143/2552/2113
f 2142/2550/2111 2145/2553/2114 2144/2551/2112
f 2146/2554/2115 2138/2546/2107 2147/2555/2116
f 2146/2554/2115 2135/2543/2104 2138/2546/2107
f 2107/2501/2076 2133/2541/2102 2140/2548/2109
f 2107/2501/2076 2072/2453/2040 2133/2541/2102
f 2148/2556/2117 2150/2557/2118 2149/2558/2119
f 2148/2556/2117 2151/2559/2120 2150/2557/2118
f 2148/2556/2117 2153/2560/2121 2152/2561/2122
f 2148/2556/2117 2154/2562/2123 2153/2560/2121
f 2155/2563/2124 2157/2564/2125 2156/2565/2126
f 2155/2563/2124 2158/2566/2127 2157/2564/2125
f 2159/2567/2128 2156/2565/2126 2160/2568/2129
f 2159/2567/2128 2155/2563/2124 2156/2565/2126
f 2161/2569/2130 2163/2570/2131 2162/2571/2132
f 2161/2569/2130 2164/2572/2133 2163/2570/2131
f 2164/2572/2133 2165/2573/2134 2163/2570/2131
f 2164/2572/2133 2154/2562/2123 2165/2573/2134
f 2102/2496/2071 2152/2561/2122 2109/2506/2078
f 2102/2496/2071 2166/2574/2135 2152/2561/2122
f 2153/2575/2121 2113/2511/2082 2111/2510/2080
f 2153/2560/2121 2167/2576/2136 2113/2577/2082
f 2111/2508/2080 2152/2561/2122 2153/2560/2121
f 2111/2508/2080 2109/2506/2078 2152/2561/2122
f 2168/2578/2137 2167/2579/2136 2169/2580/2138
f 2168/2578/2137 2113/2581/2082 2167/2579/2136
f 2114/2514/2084 2170/2582/2139 2095/2488/2064
f 2114/2514/2084 2171/2583/2140 2170/2582/2139
f 2172/2584/2141 2095/2488/2064 2170/2582/2139
f 2172/2584/2141 2085/2471/2054 2095/2488/2064
f 2085/2471/2054 2173/2585/2142 2126/2531/2095
f 2085/2471/2054 2172/2584/2141 2173/2585/2142
f 2174/2586/2143 2126/2531/2095 2173/2585/2142
f 2174/2586/2143 2063/2445/2032 2126/2531/2095
f 2174/2586/2143 2065/2447/2034 2063/2445/2032
f 2174/2586/2143 2175/2587/2144 2065/2447/2034
f 2176/2588/2145 2065/2447/2034 2175/2587/2144
f 2176/2588/2145 2177/2589/2146 2065/2447/2034
f 2121/2520/2090 2177/2589/2146 2178/2590/2147
f 2121/2520/2090 2065/2447/2034 2177/2589/2146
f 2119/2518/2088 2179/2591/2148 2117/2516/2086
f 2119/2518/2088 2180/2592/2149 2179/2591/2148
f 2121/2520/2090 2180/2592/2149 2119/2518/2088
f 2121/2520/2090 2178/2590/2147 2180/2592/2149
f 2117/2516/2086 2181/2593/2150 2053/2435/2022
f 2117/2516/2086 2179/2591/2148 2181/2593/2150
f 2053/2435/2022 2183/2594/2151 2182/2595/2152
f 2053/2435/2022 2181/2593/2150 2183/2594/2151
f 2053/2435/2022 2128/2534/2097 2052/2433/2020
f 2053/2435/2022 2182/2595/2152 2128/2534/2097
f 2184/2596/2153 2186/2597/2154 2185/2598/2155
f 2184/2596/2153 2187/2599/2156 2186/2597/2154
f 2145/2553/2114 2188/2600/2157 2144/2551/2112
f 2145/2553/2114 2187/2599/2156 2188/2600/2157
f 2187/2599/2156 2189/2601/2158 2188/2600/2157
f 2187/2599/2156 2184/2596/2153 2189/2601/2158
f 2187/2599/2156 2190/2602/2159 2186/2597/2154
f 2187/2599/2156 2145/2553/2114 2190/2602/2159
f 2145/2553/2114 2191/2603/2160 2190/2602/2159
f 2145/2553/2114 2142/2550/2111 2191/2603/2160
f 2146/2554/2115 2133/2541/2102 2134/2542/2103
f 2146/2554/2115 2139/2547/2108 2133/2541/2102
f 2139/2547/2108 2147/2555/2116 2192/2604/2161
f 2139/2547/2108 2146/2554/2115 2147/2555/2116
f 2141/2549/2110 2192/2604/2161 2193/2605/2162
f 2141/2549/2110 2139/2547/2108 2192/2604/2161
f 2135/2543/2104 2134/2542/2103 2130/2537/2100
f 2135/2543/2104 2146/2554/2115 2134/2542/2103
f 2154/2562/2123 2149/2558/2119 2165/2573/2134
f 2154/2562/2123 2148/2556/2117 2149/2558/2119
f 2151/2559/2120 2152/2561/2122 2166/2574/2135
f 2151/2559/2120 2148/2556/2117 2152/2561/2122
f 2194/2606/2163 2160/2568/2129 2195/2607/2164
f 2194/2606/2163 2159/2567/2128 2160/2568/2129
f 2196/2608/2165 2195/2607/2164 2197/2609/2166
f 2196/2608/2165 2194/2606/2163 2195/2607/2164
f 2154/2562/2123 2167/2576/2136 2153/2560/2121
f 2154/2562/2123 2164/2572/2133 2167/2576/2136
f 2164/2610/2133 2169/2580/2138 2167/2579/2136
f 2164/2572/2133 2161/2569/2130 2169/2611/2138
f 2177/2589/2146 2199/2612/2167 2198/2613/2168
f 2177/2589/2146 2176/2588/2145 2199/2612/2167
f 2177/2589/2146 2200/2614/2169 2178/2590/2147
f 2177/2589/2146 2198/2613/2168 2200/2614/2169
f 2201/2615/2170 2178/2590/2147 2200/2614/2169
f 2201/2615/2170 2180/2592/2149 2178/2590/2147
f 2202/2616/2171 2180/2592/2149 2201/2615/2170
f 2202/2616/2171 2179/2591/2148 2180/2592/2149
f 2202/2616/2171 2181/2593/2150 2179/2591/2148
f 2202/2616/2171 2203/2617/2172 2181/2593/2150
f 2203/2617/2172 2183/2594/2151 2181/2593/2150
f 2203/2617/2172 2204/2618/2173 2183/2594/2151
f 2205/2619/2174 2185/2598/2155 2206/2620/2175
f 2205/2619/2174 2184/2596/2153 2185/2598/2155
f 2207/2621/2176 2184/2596/2153 2205/2619/2174
f 2207/2621/2176 2189/2601/2158 2184/2596/2153
f 2208/2622/2177 2207/2621/2176 2205/2619/2174
f 2208/2622/2177 2209/2623/2178 2207/2621/2176
f 2210/2624/2179 2209/2623/2178 2208/2622/2177
f 2210/2624/2179 2211/2625/2180 2209/2623/2178
f 2212/2626/2181 2214/2627/2182 2213/2628/2183
f 2212/2626/2181 2215/2629/2184 2214/2627/2182
f 2216/2630/2185 2214/2627/2182 2217/2631/2186
f 2216/2630/2185 2213/2628/2183 2214/2627/2182
f 2218/2632/2187 2220/2633/2188 2219/2634/2189
f 2218/2632/2187 2221/2635/2190 2220/2633/2188
f 2219/2634/2189 2223/2636/2191 2222/2637/2192
f 2219/2634/2189 2220/2633/2188 2223/2636/2191
f 2224/2638/2193 2226/2639/2194 2225/2640/2195
f 2224/2638/2193 2227/2641/2196 2226/2639/2194
f 2228/2642/2197 2225/2640/2195 2226/2639/2194
f 2228/2642/2197 2229/2643/2198 2225/2640/2195
f 2230/2644/2199 2232/2645/2200 2231/2646/2201
f 2230/2644/2199 2233/2647/2202 2232/2645/2200
f 2234/2648/2203 2236/2649/2204 2235/2650/2205
f 2234/2648/2203 2237/2651/2206 2236/2649/2204
f 2226/2639/2194 2237/2651/2206 2228/2642/2197
f 2226/2639/2194 2236/2649/2204 2237/2651/2206
f 2227/2641/2196 2236/2649/2204 2226/2639/2194
f 2227/2641/2196 2233/2647/2202 2236/2649/2204
f 2238/2652/2207 2231/2646/2201 2232/2645/2200
f 2238/2653/2207 2239/2654/2208 2231/2655/2201
f 2240/2656/2209 2198/2613/2168 2199/2612/2167
f 2240/2656/2209 2241/2657/2210 2198/2613/2168
f 2241/2657/2210 2200/2614/2169 2198/2613/2168
f 2241/2657/2210 2242/2658/2211 2200/2614/2169
f 2201/2615/2170 2243/2659/2212 2202/2616/2171
f 2201/2615/2170 2244/2660/2213 2243/2659/2212
f 2203/2617/2172 2245/2661/2214 2204/2618/2173
f 2203/2617/2172 2246/2662/2215 2245/2661/2214
f 2202/2616/2171 2246/2662/2215 2203/2617/2172
f 2202/2616/2171 2243/2659/2212 2246/2662/2215
f 2200/2614/2169 2244/2660/2213 2201/2615/2170
f 2200/2614/2169 2242/2658/2211 2244/2660/2213
f 2247/2663/2216 2205/2619/2174 2206/2620/2175
f 2247/2664/2216 2208/2665/2177 2205/2666/2174
f 2223/2636/2191 2248/2667/2217 2232/2645/2200
f 2223/2636/2191 2220/2633/2188 2248/2667/2217
f 2221/2635/2190 2248/2667/2217 2220/2633/2188
f 2221/2635/2190 2249/2668/2218 2248/2667/2217
f 2217/2631/2186 2251/2669/2219 2250/2670/2220
f 2217/2631/2186 2214/2627/2182 2251/2669/2219
f 2252/2671/2221 2214/2627/2182 2215/2629/2184
f 2252/2671/2221 2251/2669/2219 2214/2627/2182
f 2208/2672/2177 2253/2673/2222 2210/2674/2179
f 2208/2675/2177 2247/2676/2216 2253/2677/2222
f 2252/2671/2221 2254/2678/2223 2251/2669/2219
f 2252/2671/2221 2255/2679/2224 2254/2678/2223
f 2250/2670/2220 2254/2678/2223 2256/2680/2225
f 2250/2670/2220 2251/2669/2219 2254/2678/2223
f 2249/2668/2218 2217/2631/2186 2250/2670/2220
f 2249/2668/2218 2221/2635/2190 2217/2631/2186
f 2221/2635/2190 2216/2630/2185 2217/2631/2186
f 2221/2635/2190 2218/2632/2187 2216/2630/2185
f 2257/2681/2226 2250/2670/2220 2256/2680/2225
f 2257/2681/2226 2249/2668/2218 2250/2670/2220
f 2258/2682/2227 2249/2668/2218 2257/2681/2226
f 2258/2682/2227 2248/2667/2217 2249/2668/2218
f 2248/2667/2217 2238/2652/2207 2232/2645/2200
f 2248/2667/2217 2258/2682/2227 2238/2652/2207
f 2259/2683/2228 2102/2496/2071 2103/2498/2073
f 2259/2683/2228 2260/2684/2229 2102/2496/2071
f 2260/2684/2229 2166/2574/2135 2102/2496/2071
f 2260/2684/2229 2261/2685/2230 2166/2574/2135
f 2261/2685/2230 2151/2559/2120 2166/2574/2135
f 2261/2685/2230 2262/2686/2231 2151/2559/2120
f 2262/2686/2231 2150/2557/2118 2151/2559/2120
f 2262/2686/2231 2263/2687/2232 2150/2557/2118
f 2158/2566/2127 2260/2684/2229 2259/2683/2228
f 2158/2566/2127 2155/2563/2124 2260/2684/2229
f 2155/2563/2124 2261/2685/2230 2260/2684/2229
f 2155/2563/2124 2159/2567/2128 2261/2685/2230
f 2159/2567/2128 2262/2686/2231 2261/2685/2230
f 2159/2567/2128 2194/2606/2163 2262/2686/2231
f 2194/2606/2163 2263/2687/2232 2262/2686/2231
f 2194/2606/2163 2196/2608/2165 2263/2687/2232
f 2259/2683/2228 2141/2549/2110 2158/2566/2127
f 2259/2683/2228 2140/2548/2109 2141/2549/2110
f 2103/2498/2073 2140/2548/2109 2259/2683/2228
f 2103/2498/2073 2107/2501/2076 2140/2548/2109
f 2193/2605/2162 2158/2566/2127 2141/2549/2110
f 2193/2605/2162 2157/2564/2125 2158/2566/2127
f 2233/2647/2202 2235/2650/2205 2236/2649/2204
f 2233/2647/2202 2230/2644/2199 2235/2650/2205
f 2233/2647/2202 2223/2636/2191 2232/2645/2200
f 2233/2647/2202 2227/2641/2196 2223/2636/2191
f 2227/2641/2196 2222/2637/2192 2223/2636/2191
f 2227/2641/2196 2224/2638/2193 2222/2637/2192
f 2264/2688/2233 2195/2607/2164 2265/2689/2234
f 2264/2688/2233 2197/2609/2166 2195/2607/2164
f 2160/2568/2129 2265/2689/2234 2195/2607/2164
f 2160/2568/2129 2266/2690/2235 2265/2689/2234
f 2156/2565/2126 2266/2690/2235 2160/2568/2129
f 2156/2565/2126 2267/2691/2236 2266/2690/2235
f 2157/2564/2125 2267/2691/2236 2156/2565/2126
f 2157/2564/2125 2268/2692/2237 2267/2691/2236
f 2268/2692/2237 2193/2605/2162 2269/2693/2238
f 2268/2692/2237 2157/2564/2125 2193/2605/2162
f 2192/2604/2161 2269/2693/2238 2193/2605/2162
f 2192/2604/2161 2270/2694/2239 2269/2693/2238
f 2147/2555/2116 2270/2694/2239 2192/2604/2161
f 2147/2555/2116 2271/2695/2240 2270/2694/2239
f 2138/2546/2107 2271/2695/2240 2147/2555/2116
f 2138/2546/2107 2272/2696/2241 2271/2695/2240
f 2137/2697/2106 2272/2698/2241 2138/2699/2107
f 2137/2697/2106 2273/2700/2242 2272/2698/2241
f 2144/2551/2112 2274/2701/2243 2143/2552/2113
f 2144/2551/2112 2275/2702/2244 2274/2701/2243
f 2275/2702/2244 2188/2600/2157 2276/2703/2245
f 2275/2702/2244 2144/2551/2112 2188/2600/2157
f 2276/2703/2245 2189/2601/2158 2277/2704/2246
f 2276/2703/2245 2188/2600/2157 2189/2601/2158
f 2277/2704/2246 2207/2621/2176 2278/2705/2247
f 2277/2704/2246 2189/2601/2158 2207/2621/2176
f 2278/2705/2247 2209/2623/2178 2279/2706/2248
f 2278/2705/2247 2207/2621/2176 2209/2623/2178
f 2279/2706/2248 2211/2625/2180 2280/2707/2249
f 2279/2706/2248 2209/2623/2178 2211/2625/2180
f 2213/2628/2183 2281/2708/2250 2212/2626/2181
f 2213/2628/2183 2282/2709/2251 2281/2708/2250
f 2282/2709/2251 2216/2630/2185 2283/2710/2252
f 2282/2709/2251 2213/2628/2183 2216/2630/2185
f 2283/2710/2252 2218/2632/2187 2284/2711/2253
f 2283/2710/2252 2216/2630/2185 2218/2632/2187
f 2219/2634/2189 2284/2711/2253 2218/2632/2187
f 2219/2634/2189 2285/2712/2254 2284/2711/2253
f 2285/2712/2254 2222/2637/2192 2286/2713/2255
f 2285/2712/2254 2219/2634/2189 2222/2637/2192
f 2286/2713/2255 2224/2638/2193 2287/2714/2256
f 2286/2713/2255 2222/2637/2192 2224/2638/2193
f 2225/2640/2195 2287/2714/2256 2224/2638/2193
f 2225/2640/2195 2288/2715/2257 2287/2714/2256
f 2288/2715/2257 2229/2643/2198 2289/2716/2258
f 2288/2715/2257 2225/2640/2195 2229/2643/2198
f 2290/2717/2259 2291/2718/2260 2292/2719/2261
f 2290/2717/2259 2292/2719/2261 2293/2720/2262
f 2294/2721/2263 2295/2722/2264 2296/2723/2265
f 2294/2721/2263 2296/2723/2265 2297/2724/2259
f 2298/2725/2266 2292/2719/2261 2291/2718/2260
f 2298/2725/2266 2291/2718/2260 2299/2726/2267
f 2300/2727/2268 2301/2728/2269 2292/2719/2261
f 2300/2727/2268 2292/2719/2261 2298/2725/2266
f 2302/2729/2270 2293/2720/2262 2292/2719/2261
f 2302/2729/2270 2292/2719/2261 2303/2730/2271
f 2304/2731/2272 2303/2730/2271 2292/2719/2261
f 2304/2731/2272 2292/2719/2261 2301/2728/2269
f 2305/2732/2273 2306/2733/2274 2295/2722/2264
f 2305/2732/2273 2295/2722/2264 2294/2721/2263
f 2307/2734/2275 2296/2723/2265 2295/2722/2264
f 2307/2734/2275 2295/2722/2264 2308/2735/2276
f 2295/2722/2264 2306/2733/2274 2309/2736/2277
f 2295/2722/2264 2309/2736/2277 2308/2735/2276
f 2299/2726/2267 2310/2737/2278 2311/2738/2279
f 2299/2726/2267 2311/2738/2279 2298/2725/2266
f 2298/2725/2266 2311/2738/2279 2312/2739/2280
f 2298/2725/2266 2312/2739/2280 2300/2727/2268
f 2300/2727/2268 2312/2739/2280 2313/2740/2281
f 2300/2727/2268 2313/2740/2281 2314/2741/2282
f 2314/2741/2282 2315/2742/2283 2301/2728/2269
f 2314/2741/2282 2301/2728/2269 2300/2727/2268
f 2304/2731/2272 2301/2728/2269 2315/2742/2283
f 2304/2731/2272 2315/2742/2283 2316/2743/2284
f 2305/2732/2273 2317/2744/2285 2318/2745/2286
f 2305/2732/2273 2318/2745/2286 2306/2733/2274
f 2303/2730/2271 2319/2746/2287 2320/2747/2288
f 2303/2730/2271 2320/2747/2288 2302/2729/2270
f 2319/2746/2287 2303/2730/2271 2304/2731/2272
f 2319/2746/2287 2304/2731/2272 2321/2748/2289
f 2321/2748/2289 2304/2731/2272 2316/2743/2284
f 2321/2748/2289 2316/2743/2284 2322/2749/2290
f 2323/2750/2291 2309/2736/2277 2306/2733/2274
f 2323/2750/2291 2306/2733/2274 2318/2745/2286
f 2308/2735/2276 2324/2751/2292 2325/2752/2293
f 2308/2735/2276 2325/2752/2293 2307/2734/2275
f 2324/2751/2292 2308/2735/2276 2309/2736/2277
f 2324/2751/2292 2309/2736/2277 2326/2753/2294
f 2309/2736/2277 2323/2750/2291 2327/2754/2295
f 2309/2736/2277 2327/2754/2295 2326/2753/2294
f 2328/2755/2296 2311/2738/2279 2310/2737/2278
f 2328/2755/2296 2310/2737/2278 2329/2756/2297
f 2311/2738/2279 2328/2755/2296 2330/2757/2298
f 2311/2738/2279 2330/2757/2298 2312/2739/2280
f 2331/2758/2299 2313/2740/2281 2312/2739/2280
f 2331/2758/2299 2312/2739/2280 2330/2757/2298
f 2332/2759/2300 2333/2760/2301 2314/2741/2282
f 2332/2759/2300 2314/2741/2282 2313/2740/2281
f 2313/2740/2281 2331/2758/2299 2334/2761/2302
f 2313/2740/2281 2334/2761/2302 2332/2759/2300
f 2315/2742/2283 2314/2741/2282 2333/2760/2301
f 2315/2742/2283 2333/2760/2301 2335/2762/2303
f 2316/2743/2284 2315/2742/2283 2335/2762/2303
f 2316/2743/2284 2335/2762/2303 2336/2763/2304
f 2336/2763/2304 2337/2764/2305 2322/2749/2290
f 2336/2763/2304 2322/2749/2290 2316/2743/2284
f 2317/2744/2285 2338/2765/2306 2339/2766/2307
f 2317/2744/2285 2339/2766/2307 2318/2745/2286
f 2319/2746/2287 2340/2767/2308 2341/2768/2309
f 2319/2746/2287 2341/2768/2309 2320/2747/2288
f 2342/2769/2310 2323/2750/2291 2318/2745/2286
f 2342/2769/2310 2318/2745/2286 2339/2766/2307
f 2321/2748/2289 2343/2770/2311 2340/2767/2308
f 2321/2748/2289 2340/2767/2308 2319/2746/2287
f 2322/2749/2290 2344/2771/2312 2343/2770/2311
f 2322/2749/2290 2343/2770/2311 2321/2748/2289
f 2344/2771/2312 2322/2749/2290 2337/2764/2305
f 2344/2771/2312 2337/2764/2305 2345/2772/2313
f 2323/2750/2291 2342/2769/2310 2346/2773/2314
f 2323/2750/2291 2346/2773/2314 2327/2754/2295
f 2347/2774/2315 2349/2775/2316 2348/2776/2317
f 2347/2774/2315 2350/2777/2318 2349/2775/2316
f 2348/2776/2317 2351/2778/2319 2347/2774/2315
f 2348/2776/2317 2352/2779/2320 2351/2778/2319
f 2325/2752/2293 2324/2751/2292 2353/2780/2321
f 2325/2752/2293 2353/2780/2321 2354/2781/2322
f 2351/2778/2319 2356/2782/2323 2355/2783/2324
f 2351/2778/2319 2352/2779/2320 2356/2782/2323
f 2355/2783/2324 2358/2784/2325 2357/2785/2326
f 2355/2783/2324 2356/2782/2323 2358/2784/2325
f 2338/2765/2306 2359/2786/2327 2360/2787/2328
f 2338/2765/2306 2360/2787/2328 2339/2766/2307
f 2361/2788/2329 2362/2789/2330 2341/2768/2309
f 2361/2788/2329 2341/2768/2309 2340/2767/2308
f 2360/2787/2328 2363/2790/2331 2342/2769/2310
f 2360/2787/2328 2342/2769/2310 2339/2766/2307
f 2364/2791/2332 2361/2788/2329 2340/2767/2308
f 2364/2791/2332 2340/2767/2308 2343/2770/2311
f 2342/2769/2310 2363/2790/2331 2365/2792/2333
f 2342/2769/2310 2365/2792/2333 2346/2773/2314
f 2366/2793/2334 2364/2791/2332 2343/2770/2311
f 2366/2793/2334 2343/2770/2311 2344/2771/2312
f 2366/2793/2334 2344/2771/2312 2345/2772/2313
f 2366/2793/2334 2345/2772/2313 2367/2794/2335
f 2346/2773/2314 2365/2792/2333 2368/2795/2336
f 2346/2773/2314 2368/2795/2336 2369/2796/2337
f 2353/2780/2321 2370/2797/2338 2371/2798/2339
f 2353/2780/2321 2371/2798/2339 2372/2799/2340
f 2373/2800/2341 2353/2780/2321 2372/2799/2340
f 2373/2800/2341 2372/2799/2340 2374/2801/2342
f 2353/2780/2321 2373/2800/2341 2375/2802/2343
f 2353/2780/2321 2375/2802/2343 2354/2781/2322
f 2359/2786/2327 2376/2803/2344 2377/2804/2345
f 2359/2786/2327 2377/2804/2345 2360/2787/2328
f 2378/2805/2346 2362/2789/2330 2361/2788/2329
f 2378/2805/2346 2361/2788/2329 2379/2806/2347
f 2377/2804/2345 2380/2807/2348 2363/2790/2331
f 2377/2804/2345 2363/2790/2331 2360/2787/2328
f 2361/2788/2329 2364/2791/2332 2381/2808/2349
f 2361/2788/2329 2381/2808/2349 2379/2806/2347
f 2363/2790/2331 2380/2807/2348 2382/2809/2350
f 2363/2790/2331 2382/2809/2350 2365/2792/2333
f 2381/2808/2349 2364/2791/2332 2366/2793/2334
f 2381/2808/2349 2366/2793/2334 2383/2810/2351
f 2365/2792/2333 2384/2811/2352 2385/2812/2353
f 2365/2792/2333 2385/2812/2353 2368/2795/2336
f 2382/2809/2350 2386/2813/2354 2384/2811/2352
f 2382/2809/2350 2384/2811/2352 2365/2792/2333
f 2367/2794/2335 2387/2814/2355 2383/2810/2351
f 2367/2794/2335 2383/2810/2351 2366/2793/2334
f 2388/2815/2356 2372/2799/2340 2371/2798/2339
f 2388/2815/2356 2371/2798/2339 2389/2816/2357
f 2374/2801/2342 2372/2799/2340 2388/2815/2356
f 2374/2801/2342 2388/2815/2356 2390/2817/2358
f 2374/2801/2342 2391/2818/2359 2392/2819/2360
f 2374/2801/2342 2392/2819/2360 2373/2800/2341
f 2393/2820/2361 2375/2802/2343 2373/2800/2341
f 2393/2820/2361 2373/2800/2341 2392/2819/2360
f 2390/2817/2358 2394/2821/2362 2391/2818/2359
f 2390/2817/2358 2391/2818/2359 2374/2801/2342
f 2395/2822/2363 2396/2823/2364 2397/2824/2365
f 2395/2825/2363 2397/2826/2365 2398/2827/2366
f 2398/2828/2366 2399/2829/2367 2400/2830/2368
f 2398/2828/2366 2400/2830/2368 2395/2831/2363
f 2401/2832/2369 2402/2833/2370 2397/2824/2365
f 2401/2832/2369 2397/2824/2365 2396/2823/2364
f 2403/2834/2371 2404/2835/2372 2402/2833/2370
f 2403/2834/2371 2402/2833/2370 2401/2832/2369
f 2405/2836/2373 2406/2837/2374 2395/2822/2363
f 2405/2836/2373 2395/2822/2363 2400/2838/2368
f 2407/2839/2375 2408/2840/2376 2404/2835/2372
f 2407/2839/2375 2404/2835/2372 2403/2834/2371
f 2406/2837/2374 2405/2836/2373 2409/2841/2377
f 2406/2837/2374 2409/2841/2377 2410/2842/2378
f 2385/2812/2353 2384/2811/2352 2411/2843/2379
f 2385/2812/2353 2411/2843/2379 2412/2844/2380
f 2413/2845/2381 2411/2843/2379 2384/2811/2352
f 2413/2845/2381 2384/2811/2352 2414/2846/2382
f 2415/2847/2383 2414/2846/2382 2384/2811/2352
f 2415/2847/2383 2384/2811/2352 2386/2813/2354
f 2416/2848/2384 2417/2849/2385 2408/2840/2376
f 2416/2848/2384 2408/2840/2376 2407/2839/2375
f 2389/2816/2357 2418/2850/2386 2419/2851/2387
f 2389/2816/2357 2419/2851/2387 2388/2815/2356
f 2390/2817/2358 2388/2815/2356 2419/2851/2387
f 2390/2817/2358 2419/2851/2387 2420/2852/2388
f 2420/2852/2388 2421/2853/2389 2394/2821/2362
f 2420/2852/2388 2394/2821/2362 2390/2817/2358
f 2394/2821/2362 2422/2854/2390 2423/2855/2391
f 2394/2821/2362 2423/2855/2391 2391/2818/2359
f 2392/2819/2360 2391/2818/2359 2423/2855/2391
f 2392/2819/2360 2423/2855/2391 2424/2856/2392
f 2424/2856/2392 2425/2857/2393 2426/2858/2394
f 2424/2856/2392 2426/2858/2394 2392/2819/2360
f 2392/2819/2360 2426/2858/2394 2427/2859/2395
f 2392/2819/2360 2427/2859/2395 2428/2860/2396
f 2392/2819/2360 2428/2860/2396 2429/2861/2397
f 2392/2819/2360 2429/2861/2397 2393/2820/2361
f 2394/2821/2362 2421/2853/2389 2430/2862/2398
f 2394/2821/2362 2430/2862/2398 2422/2854/2390
f 2406/2837/2374 2431/2863/2399 2396/2823/2364
f 2406/2837/2374 2396/2823/2364 2395/2822/2363
f 2432/2864/2400 2401/2832/2369 2396/2823/2364
f 2432/2864/2400 2396/2823/2364 2431/2863/2399
f 2401/2832/2369 2432/2864/2400 2433/2865/2401
f 2401/2832/2369 2433/2865/2401 2403/2834/2371
f 2403/2834/2371 2433/2865/2401 2434/2866/2402
f 2403/2834/2371 2434/2866/2402 2407/2839/2375
f 2431/2863/2399 2406/2837/2374 2410/2842/2378
f 2431/2863/2399 2410/2842/2378 2435/2867/2403
f 2407/2839/2375 2434/2866/2402 2436/2868/2404
f 2407/2839/2375 2436/2868/2404 2416/2848/2384
f 2418/2850/2386 2412/2844/2380 2411/2843/2379
f 2418/2850/2386 2411/2843/2379 2419/2851/2387
f 2420/2852/2388 2419/2851/2387 2411/2843/2379
f 2420/2852/2388 2411/2843/2379 2413/2845/2381
f 2413/2845/2381 2437/2869/2405 2421/2853/2389
f 2413/2845/2381 2421/2853/2389 2420/2852/2388
f 2414/2846/2382 2438/2870/2406 2437/2869/2405
f 2414/2846/2382 2437/2869/2405 2413/2845/2381
f 2439/2871/2407 2440/2872/2408 2441/2873/2409
f 2439/2871/2407 2441/2873/2409 2442/2874/2410
f 2443/2875/2411 2444/2876/2412 2441/2877/2409
f 2443/2875/2411 2441/2877/2409 2440/2878/2408
f 2445/2879/2413 2444/2876/2412 2443/2875/2411
f 2445/2880/2413 2443/2881/2411 2446/2882/2414
f 2430/2862/2398 2421/2853/2389 2437/2869/2405
f 2430/2862/2398 2437/2869/2405 2447/2883/2415
f 2448/2884/2416 2449/2885/2417 2450/2886/2418
f 2448/2887/2416 2450/2888/2418 2451/2889/2419
f 2450/2888/2418 2452/2890/2420 2453/2891/2421
f 2450/2888/2418 2453/2891/2421 2451/2889/2419
f 2428/2860/2396 2427/2859/2395 2454/2892/2422
f 2428/2860/2396 2454/2892/2422 2455/2893/2423
f 2456/2894/2424 2453/2895/2421 2452/2896/2420
f 2456/2894/2424 2452/2896/2420 2457/2897/2425
f 2455/2893/2423 2458/2898/2426 2459/2899/2427
f 2455/2893/2423 2459/2899/2427 2428/2860/2396
f 2460/2900/2428 2429/2861/2397 2428/2860/2396
f 2460/2900/2428 2428/2860/2396 2459/2899/2427
f 2432/2864/2400 2431/2863/2399 2435/2867/2403
f 2432/2864/2400 2435/2867/2403 2461/2901/2429
f 2433/2865/2401 2432/2864/2400 2461/2901/2429
f 2433/2865/2401 2461/2901/2429 2462/2902/2430
f 2434/2866/2402 2433/2865/2401 2462/2902/2430
f 2434/2866/2402 2462/2902/2430 2463/2903/2431
f 2463/2903/2431 2464/2904/2432 2436/2868/2404
f 2463/2903/2431 2436/2868/2404 2434/2866/2402
f 2465/2905/2432 2466/2906/2433 2445/2880/2413
f 2465/2905/2432 2445/2880/2413 2446/2882/2414
f 2437/2907/2405 2438/2908/2406 2467/2909/2434
f 2437/2869/2405 2467/2910/2434 2447/2883/2415
f 2442/2911/2410 2468/2912/2435 2469/2913/2436
f 2442/2911/2410 2469/2913/2436 2470/2914/2434
f 2441/2877/2409 2471/2915/2437 2468/2912/2435
f 2441/2877/2409 2468/2912/2435 2442/2911/2410
f 2472/2916/2438 2471/2915/2437 2441/2877/2409
f 2472/2916/2438 2441/2877/2409 2444/2876/2412
f 2444/2876/2412 2445/2879/2413 2473/2917/2439
f 2444/2876/2412 2473/2917/2439 2472/2916/2438
f 2466/2918/2433 2474/2919/2440 2473/2917/2439
f 2466/2918/2433 2473/2917/2439 2445/2879/2413
f 2449/2885/2417 2475/2920/2441 2476/2921/2442
f 2449/2885/2417 2476/2921/2442 2450/2886/2418
f 2476/2921/2442 2477/2922/2443 2452/2896/2420
f 2476/2923/2442 2452/2890/2420 2450/2888/2418
f 2478/2924/2444 2457/2897/2425 2452/2896/2420
f 2478/2924/2444 2452/2896/2420 2477/2922/2443
f 2479/2925/2445 2480/2926/2446 2481/2927/2427
f 2479/2928/2445 2481/2929/2427 2482/2930/2447
f 2483/2931/2448 2481/2927/2427 2480/2926/2446
f 2483/2932/2448 2480/2933/2446 2484/2934/2449
f 2481/2927/2427 2483/2931/2448 2485/2935/2450
f 2481/2927/2427 2485/2935/2450 2486/2936/2451
f 2469/2913/2436 2468/2912/2435 2487/2937/2452
f 2469/2913/2436 2487/2937/2452 2488/2938/2453
f 2487/2937/2452 2468/2912/2435 2471/2915/2437
f 2487/2937/2452 2471/2915/2437 2489/2939/2454
f 2490/2940/2455 2489/2939/2454 2471/2915/2437
f 2490/2940/2455 2471/2915/2437 2472/2916/2438
f 2472/2916/2438 2473/2917/2439 2491/2941/2456
f 2472/2916/2438 2491/2941/2456 2490/2940/2455
f 2474/2919/2440 2492/2942/2457 2491/2941/2456
f 2474/2919/2440 2491/2941/2456 2473/2917/2439
f 2488/2938/2453 2487/2937/2452 2476/2921/2442
f 2488/2938/2453 2476/2921/2442 2475/2920/2441
f 2487/2937/2452 2493/2943/2458 2477/2922/2443
f 2487/2937/2452 2477/2922/2443 2476/2921/2442
f 2478/2924/2444 2477/2922/2443 2493/2943/2458
f 2478/2924/2444 2493/2943/2458 2494/2944/2459
f 2495/2945/2460 2496/2946/2461 2480/2933/2446
f 2495/2945/2460 2480/2933/2446 2479/2947/2445
f 2496/2946/2461 2497/2948/2462 2484/2934/2449
f 2496/2946/2461 2484/2934/2449 2480/2933/2446
f 2498/2949/2463 2483/2932/2448 2484/2934/2449
f 2498/2949/2463 2484/2934/2449 2499/2950/2464
f 2500/2951/2465 2485/2935/2450 2483/2931/2448
f 2500/2952/2465 2483/2932/2448 2498/2949/2463
f 2499/2950/2464 2484/2934/2449 2497/2948/2462
f 2499/2950/2464 2497/2948/2462 2501/2953/2466
f 2487/2937/2452 2489/2939/2454 2502/2954/2467
f 2487/2937/2452 2502/2954/2467 2493/2943/2458
f 2503/2955/2468 2502/2954/2467 2489/2939/2454
f 2503/2955/2468 2489/2939/2454 2490/2940/2455
f 2490/2940/2455 2491/2941/2456 2504/2956/2469
f 2490/2940/2455 2504/2956/2469 2503/2955/2468
f 2492/2942/2457 2505/2957/2470 2504/2956/2469
f 2492/2942/2457 2504/2956/2469 2491/2941/2456
f 2493/2943/2458 2506/2958/2471 2507/2959/2472
f 2493/2943/2458 2507/2959/2472 2494/2944/2459
f 2493/2943/2458 2502/2954/2467 2508/2960/2473
f 2493/2943/2458 2508/2960/2473 2506/2958/2471
f 2496/2946/2461 2495/2945/2460 2509/2961/2474
f 2496/2946/2461 2509/2961/2474 2510/2962/2475
f 2511/2963/2476 2497/2948/2462 2496/2946/2461
f 2511/2963/2476 2496/2946/2461 2510/2962/2475
f 2501/2953/2466 2497/2948/2462 2511/2963/2476
f 2501/2953/2466 2511/2963/2476 2512/2964/2477
f 2498/2949/2463 2513/2965/2478 2514/2966/2479
f 2498/2949/2463 2514/2966/2479 2500/2952/2465
f 2499/2950/2464 2515/2967/2480 2513/2965/2478
f 2499/2950/2464 2513/2965/2478 2498/2949/2463
f 2501/2953/2466 2516/2968/2481 2515/2967/2480
f 2501/2953/2466 2515/2967/2480 2499/2950/2464
f 2512/2964/2477 2517/2969/2482 2516/2968/2481
f 2512/2964/2477 2516/2968/2481 2501/2953/2466
f 2502/2954/2467 2503/2955/2468 2518/2970/2483
f 2502/2954/2467 2518/2970/2483 2508/2960/2473
f 2519/2971/2484 2518/2970/2483 2503/2955/2468
f 2519/2971/2484 2503/2955/2468 2504/2956/2469
f 2519/2971/2484 2504/2956/2469 2505/2957/2470
f 2519/2971/2484 2505/2957/2470 2520/2972/2485
f 2509/2961/2474 2507/2959/2472 2506/2958/2471
f 2509/2961/2474 2506/2958/2471 2510/2962/2475
f 2521/2973/2486 2510/2962/2475 2506/2958/2471
f 2521/2973/2486 2506/2958/2471 2508/2960/2473
f 2522/2974/2487 2521/2973/2486 2508/2960/2473
f 2522/2974/2487 2508/2960/2473 2518/2970/2483
f 2523/2975/2488 2511/2963/2476 2510/2962/2475
f 2523/2975/2488 2510/2962/2475 2521/2973/2486
f 2524/2976/2489 2512/2964/2477 2511/2963/2476
f 2524/2976/2489 2511/2963/2476 2523/2975/2488
f 2525/2977/2490 2517/2969/2482 2512/2964/2477
f 2525/2977/2490 2512/2964/2477 2524/2976/2489
f 2518/2970/2483 2519/2971/2484 2526/2978/2491
f 2518/2970/2483 2526/2978/2491 2522/2974/2487
f 2520/2972/2485 2527/2979/2492 2526/2978/2491
f 2520/2972/2485 2526/2978/2491 2519/2971/2484
f 2528/2980/2493 2523/2975/2488 2521/2973/2486
f 2528/2980/2493 2521/2973/2486 2522/2974/2487
f 2522/2974/2487 2526/2978/2491 2529/2981/2494
f 2522/2974/2487 2529/2981/2494 2528/2980/2493
f 2530/2982/2495 2524/2976/2489 2523/2975/2488
f 2530/2982/2495 2523/2975/2488 2528/2980/2493
f 2531/2983/2496 2525/2977/2490 2524/2976/2489
f 2531/2983/2496 2524/2976/2489 2530/2982/2495
f 2527/2979/2492 2532/2984/2497 2529/2981/2494
f 2527/2979/2492 2529/2981/2494 2526/2978/2491
f 2528/2980/2493 2529/2981/2494 2533/2985/2498
f 2528/2980/2493 2533/2985/2498 2530/2982/2495
f 2532/2984/2497 2534/2986/2499 2533/2985/2498
f 2532/2984/2497 2533/2985/2498 2529/2981/2494
f 2530/2982/2495 2533/2985/2498 2535/2987/2500
f 2530/2982/2495 2535/2987/2500 2531/2983/2496
f 2535/2987/2500 2533/2985/2498 2534/2986/2499
f 2535/2987/2500 2534/2986/2499 2536/2988/2501
f 2297/2989/2259 2537/2990/2502 2538/2991/2503
f 2297/2992/2259 2538/2993/2503 2539/2994/2504
f 2296/2995/2265 2540/2996/2505 2537/2997/2502
f 2296/2995/2265 2537/2997/2502 2297/2998/2259
f 2539/2994/2504 2538/2993/2503 2541/2999/2506
f 2539/2994/2504 2541/2999/2506 2542/3000/2507
f 2543/3001/2508 2545/3002/2509 2544/3003/2510
f 2543/3001/2508 2546/3004/2511 2545/3002/2509
f 2542/3000/2507 2541/2999/2506 2547/3005/2512
f 2542/3000/2507 2547/3005/2512 2548/3006/2513
f 2549/3007/2514 2544/3003/2510 2550/3008/2515
f 2549/3007/2514 2543/3001/2508 2544/3003/2510
f 2548/3006/2513 2547/3005/2512 2551/3009/2516
f 2548/3006/2513 2551/3009/2516 2552/3010/2517
f 2553/3011/2518 2554/3012/2519 2555/3013/2520
f 2553/3011/2518 2555/3013/2520 2556/3014/2521
f 2556/3014/2521 2555/3013/2520 2557/3015/2522
f 2556/3014/2521 2557/3015/2522 2558/3016/2523
f 2558/3016/2523 2557/3015/2522 2559/3017/2524
f 2558/3016/2523 2559/3017/2524 2560/3018/2525
f 2561/3019/2526 2562/3020/2527 2563/3021/2528
f 2561/3019/2526 2563/3021/2528 2564/3022/2529
f 2560/3018/2525 2559/3017/2524 2565/3023/2530
f 2560/3018/2525 2565/3023/2530 2566/3024/2302
f 2567/3025/2531 2568/3026/2532 2562/3020/2527
f 2567/3025/2531 2562/3020/2527 2561/3019/2526
f 2564/3022/2529 2563/3021/2528 2569/3027/2533
f 2564/3022/2529 2569/3027/2533 2570/3028/2534
f 2570/3028/2534 2569/3027/2533 2571/3029/2535
f 2570/3028/2534 2571/3029/2535 2572/3030/2536
f 2572/3030/2536 2571/3029/2535 2573/3031/2537
f 2572/3030/2536 2573/3031/2537 2574/3032/2538
f 2574/3032/2538 2573/3031/2537 2575/3033/2539
f 2574/3032/2538 2575/3033/2539 2576/3034/2540
f 2577/3035/2541 2579/3036/2542 2578/3037/2543
f 2577/3035/2541 2580/3038/2544 2579/3036/2542
f 2580/3039/2544 2581/3040/2545 2579/3041/2542
f 2580/3039/2544 2582/3042/2546 2581/3040/2545
f 2583/3043/2547 2550/3008/2515 2584/3044/2548
f 2583/3043/2547 2549/3007/2514 2550/3008/2515
f 2582/3042/2546 2585/3045/2549 2581/3040/2545
f 2582/3042/2546 2586/3046/2550 2585/3045/2549
f 2576/3034/2540 2575/3033/2539 2587/3047/2551
f 2576/3034/2540 2587/3047/2551 2588/3048/2552
f 2589/3049/2553 2591/3050/2554 2590/3051/2555
f 2589/3049/2553 2592/3052/2556 2591/3050/2554
f 2593/3053/2557 2594/3054/2558 2595/3055/2338
f 2593/3053/2557 2595/3055/2338 2596/3056/2559
f 2597/3057/2560 2584/3044/2548 2598/3058/2561
f 2597/3057/2560 2583/3043/2547 2584/3044/2548
f 2592/3059/2556 2599/3060/2562 2591/3061/2554
f 2592/3059/2556 2600/3062/2563 2599/3060/2562
f 2588/3048/2552 2587/3047/2551 2601/3063/2564
f 2588/3048/2552 2601/3063/2564 2602/3064/2565
f 2603/3065/2566 2604/3066/2357 2594/3054/2558
f 2603/3065/2566 2594/3054/2558 2593/3053/2557
f 2605/3067/2567 2598/3058/2561 2606/3068/2568
f 2605/3067/2567 2597/3057/2560 2598/3058/2561
f 2602/3064/2565 2601/3063/2564 2607/3069/2569
f 2602/3064/2565 2607/3069/2569 2608/3070/2570
f 2609/3071/2571 2385/3072/2353 2412/3073/2380
f 2609/3071/2571 2412/3073/2380 2610/3074/2572
f 2611/3075/2573 2418/3076/2386 2389/3077/2357
f 2611/3075/2573 2389/3077/2357 2612/3078/2574
f 2613/3079/2575 2615/3080/2576 2614/3081/2577
f 2613/3079/2575 2616/3082/2578 2615/3080/2576
f 2617/3083/2579 2618/3084/2580 2619/3085/2392
f 2617/3083/2579 2619/3085/2392 2620/3086/2581
f 2621/3087/2582 2606/3068/2568 2622/3088/2583
f 2621/3087/2582 2605/3067/2567 2606/3068/2568
f 2623/3089/2584 2625/3090/2585 2624/3091/2586
f 2623/3089/2584 2626/3092/2587 2625/3090/2585
f 2608/3070/2570 2607/3069/2569 2627/3093/2588
f 2608/3070/2570 2627/3093/2588 2628/3094/2589
f 2610/3095/2572 2412/3096/2380 2418/3076/2386
f 2610/3095/2572 2418/3076/2386 2611/3075/2573
f 2629/3097/2590 2631/3098/2591 2630/3099/2592
f 2629/3097/2590 2632/3100/2593 2631/3098/2591
f 2633/3101/2594 2634/3102/2595 2618/3084/2580
f 2633/3101/2594 2618/3084/2580 2617/3083/2579
f 2460/3103/2428 2635/3104/2596 2636/3105/2597
f 2460/3103/2428 2636/3105/2597 2429/3106/2397
f 2628/3094/2589 2627/3093/2588 2637/3107/2598
f 2628/3094/2589 2637/3107/2598 2638/3108/2599
f 2638/3108/2599 2637/3107/2598 2639/3109/2600
f 2638/3108/2599 2639/3109/2600 2640/3110/2601
f 2640/3110/2601 2639/3109/2600 2641/3111/2602
f 2640/3110/2601 2641/3111/2602 2642/3112/2603
f 2642/3112/2603 2641/3111/2602 2643/3113/2604
f 2642/3112/2603 2643/3113/2604 2644/3114/2605
f 2644/3114/2605 2643/3113/2604 2645/3115/2606
f 2644/3114/2605 2645/3115/2606 2646/3116/2607
f 2632/3117/2593 2647/3118/2608 2631/3119/2591
f 2632/3117/2593 2648/3120/2609 2647/3118/2608
f 2648/3120/2609 2649/3121/2610 2647/3118/2608
f 2648/3120/2609 2650/3122/2611 2649/3121/2610
f 2646/3116/2607 2645/3115/2606 2651/3123/2612
f 2646/3116/2607 2651/3123/2612 2652/3124/2613
f 2653/3125/2614 2655/3126/2615 2654/3127/2616
f 2653/3125/2614 2656/3128/2617 2655/3126/2615
f 2657/3129/2618 2658/3130/2619 2659/3131/2620
f 2657/3129/2618 2659/3131/2620 2660/3132/2621
f 2661/3133/2622 2662/3134/2623 2635/3104/2596
f 2661/3133/2622 2635/3104/2596 2460/3103/2428
f 2663/3135/2624 2665/3136/2625 2664/3137/2626
f 2663/3135/2624 2666/3138/2627 2665/3136/2625
f 2652/3124/2613 2651/3123/2612 2667/3139/2628
f 2652/3124/2613 2667/3139/2628 2668/3140/2629
f 2666/3138/2627 2654/3141/2616 2665/3136/2625
f 2666/3138/2627 2653/3142/2614 2654/3141/2616
f 2669/3143/2630 2169/3144/2138 2161/3145/2130
f 2669/3146/2630 2670/3147/2631 2169/3148/2138
f 2668/3140/2629 2667/3139/2628 2671/3149/2632
f 2668/3140/2629 2671/3149/2632 2672/3150/2633
f 2673/3151/2634 2674/3152/2635 2675/3153/2636
f 2673/3151/2634 2675/3153/2636 2676/3154/2637
f 2677/3155/2638 2161/3145/2130 2162/3156/2132
f 2677/3155/2638 2669/3143/2630 2161/3145/2130
f 2678/3157/2639 2679/3158/2640 2674/3152/2635
f 2678/3157/2639 2674/3152/2635 2673/3151/2634
f 2680/3159/2641 2681/3160/2642 2679/3158/2640
f 2680/3159/2641 2679/3158/2640 2678/3157/2639
f 2682/3161/2643 2683/3162/2644 2681/3160/2642
f 2682/3161/2643 2681/3160/2642 2680/3159/2641
f 2672/3150/2633 2671/3149/2632 2684/3163/2645
f 2672/3150/2633 2684/3163/2645 2685/3164/2646
f 2686/3165/2647 2687/3166/2648 2683/3162/2644
f 2686/3165/2647 2683/3162/2644 2682/3161/2643
f 2685/3164/2646 2684/3163/2645 2688/3167/2649
f 2685/3164/2646 2688/3167/2649 2689/3168/2650
f 2690/3169/2651 2691/3170/2652 2687/3166/2648
f 2690/3169/2651 2687/3166/2648 2686/3165/2647
f 2689/3168/2650 2688/3167/2649 2692/3171/2653
f 2689/3168/2650 2692/3171/2653 2693/3172/2654
f 2693/3172/2654 2692/3171/2653 2694/3173/2655
f 2693/3172/2654 2694/3173/2655 2695/3174/2656
f 2696/3175/2657 2697/3176/2658 2691/3170/2652
f 2696/3175/2657 2691/3170/2652 2690/3169/2651
f 2695/3174/2656 2694/3173/2655 2698/3177/2659
f 2695/3174/2656 2698/3177/2659 2699/3178/2660
f 2700/3179/2661 2701/3180/2662 2697/3176/2658
f 2700/3179/2661 2697/3176/2658 2696/3175/2657
f 2616/3082/2578 2624/3091/2586 2615/3080/2576
f 2616/3082/2578 2623/3089/2584 2624/3091/2586
f 2702/3181/2663 2704/3182/2664 2703/3183/2665
f 2705/3184/2666 2703/3183/2665 2706/3185/2667
f 2705/3184/2666 2702/3181/2663 2703/3183/2665
f 2707/3186/2668 2706/3185/2667 2708/3187/2669
f 2707/3186/2668 2705/3184/2666 2706/3185/2667
f 2709/3188/2670 2708/3189/2669 2710/3190/2671
f 2709/3191/2670 2707/3186/2668 2708/3187/2669
f 2709/3188/2670 2710/3190/2671 2711/3192/2672
f 2712/3193/2673 2666/3194/2627 2663/3195/2624
f 2713/3196/2674 2666/3138/2627 2712/3197/2673
f 2713/3196/2674 2653/3142/2614 2666/3138/2627
f 2714/3198/2675 2653/3142/2614 2713/3196/2674
f 2714/3198/2675 2656/3199/2617 2653/3142/2614
f 2586/3046/2550 2715/3200/2676 2585/3045/2549
f 2586/3046/2550 2716/3201/2677 2715/3200/2676
f 2717/3202/2678 2656/3199/2617 2714/3198/2675
f 2717/3202/2678 2718/3203/2679 2656/3199/2617
f 2719/3204/2680 2718/3203/2679 2717/3202/2678
f 2718/3203/2679 2719/3204/2680 2720/3205/2681
f 2610/3206/2572 2721/3207/2682 2722/3208/2683
f 2610/3206/2572 2722/3208/2683 2609/3209/2571
f 2611/3210/2573 2723/3211/2684 2721/3207/2682
f 2611/3210/2573 2721/3207/2682 2610/3206/2572
f 2612/3212/2574 2724/3213/2685 2723/3211/2684
f 2612/3212/2574 2723/3211/2684 2611/3210/2573
f 2725/3214/2686 2726/3215/2687 2724/3213/2685
f 2725/3214/2686 2724/3213/2685 2612/3212/2574
f 2727/3216/2688 2726/3215/2687 2725/3214/2686
f 2728/3217/2689 2729/3218/2690 2658/3130/2619
f 2728/3217/2689 2658/3130/2619 2657/3129/2618
f 2730/3219/2691 2731/3220/2692 2729/3218/2690
f 2730/3219/2691 2729/3218/2690 2728/3217/2689
f 2732/3221/2693 2734/3222/2694 2733/3223/2695
f 2732/3221/2693 2735/3224/2696 2734/3222/2694
f 2736/3225/2697 2733/3223/2695 2737/3226/2698
f 2736/3225/2697 2732/3221/2693 2733/3223/2695
f 2738/3227/2699 2740/3228/2700 2739/3229/2701
f 2738/3227/2699 2741/3230/2702 2740/3228/2700
f 2742/3231/2703 2739/3229/2701 2743/3232/2704
f 2742/3231/2703 2738/3227/2699 2739/3229/2701
f 2744/3233/2705 2743/3232/2704 2745/3234/2706
f 2744/3233/2705 2742/3231/2703 2743/3232/2704
f 2746/3235/2707 2745/3234/2706 2747/3236/2708
f 2746/3235/2707 2744/3233/2705 2745/3234/2706
f 2660/3132/2621 2659/3131/2620 2748/3237/2709
f 2660/3132/2621 2748/3237/2709 2749/3238/2710
f 2062/2444/2031 2064/2446/2033 2059/2442/2029
f 2064/2446/2033 2058/2440/2027 2059/2442/2029
f 2064/2446/2033 2120/2519/2089 2058/2440/2027
f 2120/2519/2089 2057/2439/2026 2058/2440/2027
f 2120/2519/2089 2118/2517/2087 2057/2439/2026
f 2118/2517/2087 2054/2436/2023 2057/2439/2026
f 2118/2517/2087 2116/2515/2085 2054/2436/2023
f 2116/2515/2085 2051/2434/2021 2054/2436/2023
f 2116/2515/2085 2050/2432/2019 2051/2434/2021
f 2084/2470/2053 2067/2450/2037 2091/2482/2059
f 2067/2450/2037 2068/2449/2036 2091/2482/2059
f 2091/2482/2059 2083/2469/2052 2750/3239/2711
f 2091/2482/2059 2068/2449/2036 2083/2469/2052
f 2750/3239/2711 2078/2466/2047 2751/3240/2712
f 2750/3239/2711 2083/2469/2052 2078/2466/2047
f 2070/3241/2039 2076/3242/2045 2073/3243/2042
f 2070/3241/2039 2752/3244/2713 2076/3242/2045
f 2073/2455/2042 2076/2458/2045 2075/2457/2044
f 2092/2487/2061 2093/3245/2063 2115/2513/2083
f 2099/2493/2068 2110/2507/2079 2112/2512/2081
f 2099/3246/2068 2096/3247/2065 2110/3248/2079
f 2096/2490/2065 2108/2505/2077 2110/2507/2079
f 2096/2490/2065 2101/2495/2070 2108/2505/2077
f 2101/2495/2070 2105/2499/2074 2108/2505/2077
f 2101/2495/2070 2106/2500/2075 2105/2499/2074
f 2106/2500/2075 2104/2497/2072 2105/2499/2074
