# Blender 4.2.19 LTS
# www.blender.org
mtllib ec730e3a13c846c8a92ba85b49c8f179.mtl
o Cylinder_Label_0
v -0.18941881 -0.40566711 -0.45778178
v -0.18941881 -0.12415898 -0.45778203
v -0.09648058 -0.12415898 -0.48594146
v -0.09648058 -0.40566711 -0.48594120
v -0.18941881 0.14334072 -0.45778203
v -0.09648058 0.14334072 -0.48594146
v 0.00015901 0.14334072 -0.49549143
v 0.00015901 -0.12415898 -0.49549143
v 0.00015901 -0.40566711 -0.49549118
v -0.35013552 -0.40566711 -0.35039443
v -0.35013552 -0.12415898 -0.35039468
v -0.27504786 -0.12415898 -0.41197636
v -0.27504786 -0.40566711 -0.41197636
v -0.35013552 0.14334072 -0.35039468
v -0.27504786 0.14334072 -0.41197636
v -0.45752287 -0.40566711 -0.18967797
v -0.45752287 -0.12415898 -0.18967797
v -0.41171720 -0.12415898 -0.27530702
v -0.41171720 -0.40566711 -0.27530702
v -0.45752287 0.14334072 -0.18967823
v -0.41171720 0.14334072 -0.27530702
v -0.49523227 -0.40566685 -0.00009989
v -0.49523227 -0.12415872 -0.00009989
v -0.48568230 -0.12415872 -0.09673974
v -0.48568230 -0.40566711 -0.09673974
v -0.49523227 0.14334072 -0.00009989
v -0.48568230 0.14334072 -0.09673999
v -0.45752287 -0.40566685 0.18947819
v -0.45752287 -0.12415872 0.18947819
v -0.48568230 -0.12415872 0.09653996
v -0.48568230 -0.40566685 0.09653996
v -0.45752287 0.14334098 0.18947819
v -0.48568230 0.14334098 0.09653996
v -0.35013552 -0.40566685 0.35019490
v -0.35013552 -0.12415872 0.35019465
v -0.41171720 -0.12415872 0.27510724
v -0.41171720 -0.40566685 0.27510724
v -0.35013552 0.14334098 0.35019465
v -0.41171720 0.14334098 0.27510699
v -0.18941881 -0.40566685 0.45758225
v -0.18941881 -0.12415872 0.45758225
v -0.27504786 -0.12415872 0.41177657
v -0.27504786 -0.40566685 0.41177657
v -0.18941881 0.14334098 0.45758199
v -0.27504786 0.14334098 0.41177657
v 0.00015901 -0.40566685 0.49529165
v 0.00015901 -0.12415872 0.49529165
v -0.09648083 -0.12415872 0.48574142
v -0.09648083 -0.40566685 0.48574142
v 0.00015901 0.14334098 0.49529140
v -0.09648083 0.14334098 0.48574142
v 0.18973710 -0.40566685 0.45758199
v 0.18973710 -0.12415872 0.45758199
v 0.09679886 -0.12415872 0.48574142
v 0.09679886 -0.40566685 0.48574142
v 0.18973710 0.14334098 0.45758199
v 0.09679886 0.14334098 0.48574142
v 0.35045355 -0.40566685 0.35019490
v 0.35045355 -0.12415872 0.35019465
v 0.27536589 -0.12415872 0.41177632
v 0.27536589 -0.40566685 0.41177657
v 0.35045355 0.14334098 0.35019465
v 0.27536589 0.14334098 0.41177632
v 0.45784090 -0.40566685 0.18947819
v 0.45784090 -0.12415872 0.18947819
v 0.41203522 -0.12415872 0.27510699
v 0.41203522 -0.40566685 0.27510724
v 0.45784090 0.14334098 0.18947819
v 0.41203522 0.14334098 0.27510699
v 0.49555030 -0.40566685 -0.00009989
v 0.49555030 -0.12415872 -0.00009989
v 0.48600033 -0.12415872 0.09653996
v 0.48600033 -0.40566685 0.09653996
v 0.49555030 0.14334072 -0.00009989
v 0.48600033 0.14334098 0.09653996
v 0.45784090 -0.40566711 -0.18967797
v 0.45784090 -0.12415898 -0.18967797
v 0.48600033 -0.12415872 -0.09673974
v 0.48600033 -0.40566711 -0.09673974
v 0.45784090 0.14334072 -0.18967797
v 0.48600033 0.14334072 -0.09673974
v 0.35045355 -0.40566711 -0.35039443
v 0.35045355 -0.12415898 -0.35039443
v 0.41203522 -0.12415898 -0.27530702
v 0.41203548 -0.40566711 -0.27530677
v 0.35045355 0.14334072 -0.35039468
v 0.41203548 0.14334072 -0.27530702
v 0.18973710 -0.40566711 -0.45778178
v 0.18973710 -0.12415898 -0.45778178
v 0.27536589 -0.12415898 -0.41197636
v 0.27536589 -0.40566711 -0.41197610
v 0.18973710 0.14334072 -0.45778203
v 0.27536589 0.14334072 -0.41197636
v 0.00015901 -0.40566711 -0.49549118
v 0.00015901 -0.12415898 -0.49549143
v 0.09679886 -0.12415898 -0.48594120
v 0.09679886 -0.40566711 -0.48594120
v 0.00015901 0.14334072 -0.49549143
v 0.09679886 0.14334072 -0.48594120
v 0.00015901 0.14334072 -0.49549143
v 0.00015901 0.31713849 -0.49461997
v 0.09662884 0.31713849 -0.48508652
v 0.09679886 0.14334072 -0.48594120
v 0.00015901 0.41282529 -0.48851873
v 0.09543868 0.41282529 -0.47910295
v 0.18706884 0.41282529 -0.45133998
v 0.18940341 0.31713849 -0.45697665
v 0.18973710 0.14334072 -0.45778203
v 0.27488175 0.31713849 -0.41125179
v 0.27536589 0.14334072 -0.41197636
v 0.27149248 0.41282529 -0.40617907
v 0.34552315 0.41282529 -0.34546428
v 0.34983725 0.31713849 -0.34977838
v 0.35045355 0.14334072 -0.35039468
v 0.41131066 0.31713849 -0.27482288
v 0.41203548 0.14334072 -0.27530702
v 0.40623820 0.41282529 -0.27143336
v 0.45139885 0.41282529 -0.18700971
v 0.45703552 0.31713874 -0.18934454
v 0.45784090 0.14334072 -0.18967797
v 0.48514564 0.31713874 -0.09656997
v 0.48600033 0.14334072 -0.09673974
v 0.47916182 0.41282529 -0.09537956
v 0.48857760 0.41282529 -0.00010014
v 0.49467884 0.31713874 -0.00010014
v 0.49555030 0.14334072 -0.00009989
v 0.48514539 0.31713874 0.09636968
v 0.48600033 0.14334098 0.09653996
v 0.47916182 0.41282529 0.09517952
v 0.45139885 0.41282529 0.18680968
v 0.45703577 0.31713874 0.18914450
v 0.45784090 0.14334098 0.18947819
v 0.41131066 0.31713874 0.27462284
v 0.41203522 0.14334098 0.27510699
v 0.40623820 0.41282555 0.27123332
v 0.34552315 0.41282529 0.34526399
v 0.34983725 0.31713874 0.34957835
v 0.35045355 0.14334098 0.35019465
v 0.27488175 0.31713874 0.41105175
v 0.27536589 0.14334098 0.41177632
v 0.27149248 0.41282555 0.40597904
v 0.18706884 0.41282529 0.45113995
v 0.18940366 0.31713874 0.45677661
v 0.18973710 0.14334098 0.45758199
v 0.09662884 0.31713874 0.48488648
v 0.09679886 0.14334098 0.48574142
v 0.09543868 0.41282555 0.47890291
v 0.00015901 0.41282529 0.48831844
v 0.00015901 0.31713874 0.49441994
v 0.00015901 0.14334098 0.49529140
v -0.09631081 0.31713874 0.48488648
v -0.09648083 0.14334098 0.48574142
v -0.09512040 0.41282555 0.47890291
v -0.18675055 0.41282529 0.45113995
v -0.18908538 0.31713874 0.45677687
v -0.18941881 0.14334098 0.45758199
v -0.27456372 0.31713874 0.41105175
v -0.27504786 0.14334098 0.41177657
v -0.27117420 0.41282555 0.40597904
v -0.34520513 0.41282529 0.34526425
v -0.34951922 0.31713874 0.34957835
v -0.35013552 0.14334098 0.35019465
v -0.41099263 0.31713874 0.27462284
v -0.41171720 0.14334098 0.27510699
v -0.40592017 0.41282555 0.27123332
v -0.45108082 0.41282529 0.18680968
v -0.45671749 0.31713874 0.18914450
v -0.45752287 0.14334098 0.18947819
v -0.48482761 0.31713874 0.09636968
v -0.48568230 0.14334098 0.09653996
v -0.47884379 0.41282529 0.09517952
v -0.48825958 0.41282529 -0.00010014
v -0.49436081 0.31713874 -0.00010014
v -0.49523227 0.14334072 -0.00009989
v -0.48482736 0.31713874 -0.09656997
v -0.48568230 0.14334072 -0.09673999
v -0.47884379 0.41282529 -0.09537981
v -0.45108082 0.41282529 -0.18700997
v -0.45671749 0.31713874 -0.18934454
v -0.45752287 0.14334072 -0.18967823
v -0.41099263 0.31713849 -0.27482288
v -0.41171720 0.14334072 -0.27530702
v -0.40591991 0.41282529 -0.27143361
v -0.34520487 0.41282529 -0.34546428
v -0.34951922 0.31713849 -0.34977838
v -0.35013552 0.14334072 -0.35039468
v 0.34552315 0.41282529 -0.34546428
v 0.26303050 0.46618540 -0.39351507
v 0.33475252 0.46618566 -0.33469365
v 0.18706884 0.41282529 -0.45133998
v 0.18123979 0.46618566 -0.43726751
v 0.17245682 0.49849831 -0.41606401
v 0.25028085 0.49849831 -0.37443367
v 0.31852389 0.49849831 -0.31846528
v -0.27456347 0.31713849 -0.41125179
v -0.27504786 0.14334072 -0.41197636
v -0.27117420 0.41282529 -0.40617933
v -0.18675055 0.41282529 -0.45133998
v -0.18908538 0.31713849 -0.45697690
v -0.18941881 0.14334072 -0.45778203
v -0.09631056 0.31713849 -0.48508677
v -0.09648058 0.14334072 -0.48594146
v -0.09512040 0.41282529 -0.47910320
v 0.00015901 0.41282529 -0.48851873
v 0.00015901 0.31713849 -0.49461997
v 0.00015901 0.14334072 -0.49549143
v -0.31820586 0.49849856 0.31826499
v -0.24996256 0.49849856 0.37423363
v -0.23448315 0.52539058 0.35106712
v -0.29850334 0.52539058 0.29856246
v -0.17213879 0.49849856 0.41586397
v -0.16147592 0.52539058 0.39012120
v -0.15010525 0.55438893 0.36267007
v -0.21797674 0.55438893 0.32636355
v -0.27749324 0.55438893 0.27755211
v 0.26303050 0.46618566 0.39331503
v 0.18123979 0.46618591 0.43706748
v 0.33475252 0.46618591 0.33449336
v 0.31852415 0.49849856 0.31826499
v 0.25028085 0.49849856 0.37423363
v 0.17245707 0.49849856 0.41586372
v -0.48825958 0.41282529 -0.00010014
v -0.47884379 0.41282529 0.09517952
v -0.46390545 0.46618566 0.09220807
v -0.47302770 0.46618566 -0.00010014
v -0.45108082 0.41282529 0.18680968
v -0.43700835 0.46618591 0.18098063
v -0.41580485 0.49849831 0.17219791
v -0.44139742 0.49849856 0.08773106
v -0.45007696 0.49849831 -0.00010014
v 0.47916182 0.41282529 0.09517952
v 0.46422373 0.46618566 0.09220807
v 0.43732638 0.46618591 0.18098063
v 0.48857760 0.41282529 -0.00010014
v 0.47334573 0.46618566 -0.00010014
v 0.45039498 0.49849831 -0.00010014
v 0.44171545 0.49849856 0.08773106
v 0.41612288 0.49849831 0.17219791
v -0.34520513 0.41282529 0.34526425
v -0.27117420 0.41282555 0.40597904
v -0.26271247 0.46618566 0.39331503
v -0.33443450 0.46618591 0.33449362
v -0.18675055 0.41282529 0.45113995
v -0.18092150 0.46618591 0.43706748
v -0.27117420 0.41282529 -0.40617933
v -0.26271247 0.46618540 -0.39351532
v -0.18092150 0.46618566 -0.43726777
v -0.34520487 0.41282529 -0.34546428
v -0.33443424 0.46618566 -0.33469365
v -0.31820586 0.49849831 -0.31846528
v -0.24996256 0.49849831 -0.37443392
v -0.17213879 0.49849831 -0.41606426
v 0.40623820 0.41282529 -0.27143336
v 0.39357394 0.46618540 -0.26297163
v 0.43732638 0.46618566 -0.18118092
v 0.37449254 0.49849856 -0.25022172
v 0.41612288 0.49849831 -0.17239795
v 0.00015901 0.41282529 0.48831844
v 0.09543868 0.41282555 0.47890291
v 0.09246723 0.46618566 0.46396457
v 0.00015901 0.46618591 0.47308657
v 0.08799022 0.49849856 0.44145655
v 0.00015901 0.49849856 0.45013608
v 0.09543868 0.41282529 -0.47910295
v 0.09246723 0.46618540 -0.46416486
v 0.00015901 0.46618566 -0.47328686
v 0.00015901 0.49849831 -0.45033637
v 0.08798997 0.49849831 -0.44165658
v -0.45108082 0.41282529 -0.18700997
v -0.46390570 0.46618566 -0.09240836
v -0.43700835 0.46618566 -0.18118092
v -0.44139742 0.49849856 -0.08793110
v -0.41580485 0.49849831 -0.17239820
v 0.40623820 0.41282555 0.27123332
v 0.39357419 0.46618566 0.26277159
v 0.37449254 0.49849856 0.25002169
v -0.40592017 0.41282555 0.27123332
v -0.39325591 0.46618566 0.26277159
v -0.37417451 0.49849856 0.25002169
v -0.09512040 0.41282529 -0.47910320
v -0.09214894 0.46618540 -0.46416486
v 0.00015901 0.46618566 -0.47328686
v -0.08767194 0.49849831 -0.44165684
v 0.00015901 0.49849831 -0.45033637
v 0.47916182 0.41282529 -0.09537956
v 0.46422348 0.46618566 -0.09240836
v 0.44171545 0.49849856 -0.08793110
v -0.09512040 0.41282555 0.47890291
v -0.09214920 0.46618566 0.46396457
v -0.08767194 0.49849856 0.44145655
v -0.40591991 0.41282529 -0.27143361
v -0.39325591 0.46618540 -0.26297163
v -0.37417451 0.49849856 -0.25022198
v -0.15010525 0.55438868 -0.36287036
v -0.21797674 0.55438868 -0.32656384
v -0.20304450 0.58860995 -0.30426777
v -0.13985943 0.58858988 -0.33813527
v -0.27749324 0.55438868 -0.27775240
v -0.25847284 0.58863003 -0.25873199
v -0.24907611 0.62178975 -0.24933552
v -0.19573963 0.62162862 -0.29369664
v -0.13511100 0.62146724 -0.32667083
v 0.35132603 0.52539032 -0.23474256
v 0.39038011 0.52539032 -0.16173508
v 0.29882137 0.52539032 -0.29876250
v 0.27781127 0.55438868 -0.27775240
v 0.32662245 0.55438868 -0.21823615
v 0.36292923 0.55438868 -0.15036441
v -0.35100800 0.52539058 0.23454227
v -0.39006208 0.52539058 0.16153479
v -0.32630442 0.55438893 0.21803586
v -0.36261121 0.55438893 0.15016438
v 0.41438885 0.52539032 -0.08249546
v 0.42253138 0.52539058 -0.00010014
v 0.38524894 0.55438868 -0.07669920
v 0.39281862 0.55438893 -0.00010014
v -0.41407083 0.52539032 0.08229543
v -0.42221335 0.52539058 -0.00010014
v -0.38493091 0.55438868 0.07649916
v -0.39250059 0.55438893 -0.00010014
v 0.41438885 0.52539032 0.08229543
v 0.39038011 0.52539058 0.16153479
v 0.38524894 0.55438868 0.07649916
v 0.36292923 0.55438893 0.15016412
v -0.41407083 0.52539032 -0.08249572
v -0.39006208 0.52539032 -0.16173508
v -0.38493091 0.55438868 -0.07669920
v -0.36261121 0.55438868 -0.15036441
v 0.35132603 0.52539058 0.23454227
v 0.29882137 0.52539058 0.29856221
v 0.32662245 0.55438893 0.21803586
v 0.27781127 0.55438893 0.27755211
v -0.35100800 0.52539032 -0.23474256
v -0.29850334 0.52539032 -0.29876250
v -0.32630442 0.55438868 -0.21823615
v 0.23480143 0.52539058 0.35106712
v 0.16179394 0.52539058 0.39012095
v 0.21829502 0.55438893 0.32636329
v 0.15042328 0.55438893 0.36267007
v -0.23448315 0.52539032 -0.35126741
v -0.16147566 0.52539032 -0.39032124
v 0.08255459 0.52539058 0.41412995
v 0.00015901 0.52539058 0.42227222
v 0.07675832 0.55438893 0.38498978
v 0.00015901 0.55438893 0.39255946
v 0.08255459 0.52539032 -0.41432998
v 0.16179394 0.52539032 -0.39032124
v 0.00015901 0.52539032 -0.42247251
v 0.00015901 0.55438868 -0.39275975
v 0.07675807 0.55438868 -0.38519007
v 0.15042328 0.55438868 -0.36287036
v -0.08223631 0.52539032 -0.41432998
v 0.00015901 0.52539032 -0.42247251
v -0.07644004 0.55438868 -0.38519007
v 0.00015901 0.55438868 -0.39275975
v -0.08223631 0.52539058 0.41412995
v -0.07644004 0.55438893 0.38498978
v 0.23480143 0.52539032 -0.35126716
v 0.21829502 0.55438868 -0.32656358
v 0.32672970 0.62146749 0.13516987
v 0.34628432 0.62162862 0.06898259
v 0.35448987 0.64651543 0.07108310
v 0.33547328 0.64603434 0.13879168
v 0.35263080 0.62178975 -0.00010014
v 0.36008307 0.64699627 -0.00010014
v 0.37461402 0.66465345 -0.00010014
v 0.36963737 0.66386916 0.07456462
v 0.35075649 0.66308512 0.14512216
v 0.07155116 0.58861021 0.35866553
v 0.00015901 0.58863029 0.36566059
v 0.14017771 0.58859013 0.33793473
v 0.13542903 0.62146749 0.32647054
v 0.06924175 0.62162862 0.34602516
v 0.00015901 0.62179000 0.35237164
v 0.07155116 0.58860995 -0.35886581
v 0.14017771 0.58858988 -0.33813502
v 0.00015901 0.58863003 -0.36586088
v 0.00015901 0.62178975 -0.35257193
v 0.06924175 0.62162837 -0.34622545
v 0.13542903 0.62146724 -0.32667083
v -0.07123313 0.58860995 -0.35886581
v 0.00015901 0.58863003 -0.36586088
v -0.06892373 0.62162837 -0.34622545
v 0.00015901 0.62178975 -0.35257193
v -0.07123313 0.58861021 0.35866553
v -0.13985968 0.58859013 0.33793498
v -0.06892373 0.62162862 0.34602516
v -0.13511100 0.62146749 0.32647054
v 0.20336278 0.58860995 -0.30426777
v 0.25879086 0.58863003 -0.25873199
v 0.19605766 0.62162862 -0.29369664
v 0.24939414 0.62178975 -0.24933527
v -0.20304475 0.58861021 0.30406748
v -0.25847284 0.58863029 0.25853170
v -0.19573963 0.62162862 0.29349635
v -0.24907611 0.62178975 0.24913523
v 0.30432664 0.58860995 -0.20330391
v 0.33819389 0.58858988 -0.14011884
v 0.29375551 0.62162862 -0.19599879
v 0.32672970 0.62146724 -0.13537016
v -0.30400835 0.58861021 0.20310362
v -0.33787586 0.58859013 0.13991855
v -0.29343748 0.62162862 0.19579850
v -0.32641167 0.62146749 0.13516987
v 0.35892468 0.58860995 -0.07149229
v 0.36591975 0.58863029 -0.00010014
v 0.34628432 0.62162862 -0.06918288
v -0.35860666 0.58860995 0.07129200
v -0.36560172 0.58863029 -0.00010014
v -0.34596629 0.62162862 0.06898259
v -0.35231278 0.62178975 -0.00010014
v 0.35892468 0.58861021 0.07129200
v 0.33819389 0.58859013 0.13991855
v -0.35860666 0.58861021 -0.07149229
v -0.33787586 0.58858988 -0.14011884
v -0.34596629 0.62162862 -0.06918288
v -0.32641167 0.62146724 -0.13537016
v 0.30432664 0.58861021 0.20310362
v 0.25879086 0.58863029 0.25853170
v 0.29375551 0.62162862 0.19579850
v 0.24939414 0.62178975 0.24913498
v -0.30400835 0.58860995 -0.20330391
v -0.29343748 0.62162862 -0.19599879
v 0.20336278 0.58861021 0.30406748
v 0.19605766 0.62162862 0.29349635
v -0.35417184 0.64651543 -0.07128339
v -0.33515525 0.64603434 -0.13899197
v -0.35976504 0.64699627 -0.00010014
v -0.37429599 0.66465345 -0.00010014
v -0.36931934 0.66386916 -0.07476491
v -0.35043846 0.66308487 -0.14532244
v 0.30104284 0.64651543 0.20011540
v 0.25466382 0.64699653 0.25440466
v 0.31421539 0.66386916 0.20836466
v 0.26493861 0.66465345 0.26467945
v -0.30072481 0.64651518 -0.20031569
v -0.25434579 0.64699627 -0.25460495
v -0.31389736 0.66386916 -0.20856495
v -0.26462058 0.66465319 -0.26488000
v 0.20037456 0.64651543 0.30078394
v 0.13905084 0.64603459 0.33521412
v 0.20862382 0.66386941 0.31395648
v 0.14538131 0.66308512 0.35049733
v -0.20005653 0.64651518 -0.30098423
v -0.13873255 0.64603434 -0.33541466
v -0.20830554 0.66386916 -0.31415677
v -0.14506303 0.66308487 -0.35069787
v 0.07134226 0.64651543 0.35423071
v 0.00015901 0.64699653 0.35982417
v 0.07482378 0.66386941 0.36937821
v 0.00015901 0.66465345 0.37435486
v 0.07134226 0.64651518 -0.35443100
v 0.13905084 0.64603434 -0.33541441
v 0.00015901 0.64699627 -0.36002446
v 0.00015901 0.66465319 -0.37455515
v 0.07482378 0.66386916 -0.36957850
v 0.14538131 0.66308487 -0.35069762
v -0.07102423 0.64651518 -0.35443100
v 0.00015901 0.64699627 -0.36002446
v -0.07450549 0.66386916 -0.36957850
v 0.00015901 0.66465319 -0.37455515
v -0.07102423 0.64651543 0.35423071
v -0.13873255 0.64603459 0.33521437
v -0.07450549 0.66386941 0.36937821
v -0.14506303 0.66308512 0.35049733
v 0.20037456 0.64651518 -0.30098397
v 0.25466382 0.64699627 -0.25460495
v 0.20862382 0.66386916 -0.31415677
v 0.26493861 0.66465319 -0.26487974
v -0.20005653 0.64651543 0.30078394
v -0.25434579 0.64699653 0.25440466
v -0.20830579 0.66386941 0.31395648
v -0.26462058 0.66465345 0.26467945
v 0.30104284 0.64651518 -0.20031569
v 0.33547328 0.64603434 -0.13899197
v 0.31421539 0.66386916 -0.20856495
v 0.35075649 0.66308487 -0.14532244
v -0.30072481 0.64651543 0.20011540
v -0.33515525 0.64603434 0.13879168
v -0.31389736 0.66386916 0.20836466
v -0.35043846 0.66308512 0.14512216
v 0.35448987 0.64651543 -0.07128339
v 0.36963737 0.66386916 -0.07476465
v -0.35417184 0.64651543 0.07108310
v -0.36931934 0.66386916 0.07456462
v 0.00015901 -0.74579994 -0.49549118
v 0.00015901 -0.61631298 -0.49549118
v 0.09679886 -0.61631298 -0.48594095
v 0.09679886 -0.74579994 -0.48594095
v 0.00015901 -0.40566711 -0.49549118
v 0.09679886 -0.40566711 -0.48594120
v 0.18973710 -0.40566711 -0.45778178
v 0.18973710 -0.61631298 -0.45778178
v 0.18973710 -0.74579994 -0.45778178
v 0.27536589 -0.61631298 -0.41197610
v 0.27536589 -0.74579994 -0.41197610
v 0.27536589 -0.40566711 -0.41197610
v 0.35045355 -0.40566711 -0.35039443
v 0.35045355 -0.61631298 -0.35039443
v 0.35045355 -0.74579994 -0.35039443
v 0.41203522 -0.61631298 -0.27530677
v 0.41203548 -0.74579994 -0.27530677
v 0.41203548 -0.40566711 -0.27530677
v 0.45784090 -0.40566711 -0.18967797
v 0.45784090 -0.61631298 -0.18967772
v 0.45784090 -0.74579994 -0.18967772
v 0.48600033 -0.61631298 -0.09673948
v 0.48600033 -0.74579994 -0.09673948
v 0.48600033 -0.40566711 -0.09673974
v 0.49555030 -0.40566685 -0.00009989
v 0.49555030 -0.61631298 -0.00009964
v 0.49555030 -0.74579994 -0.00009964
v 0.48600033 -0.61631298 0.09654021
v 0.48600033 -0.74579994 0.09654021
v 0.48600033 -0.40566685 0.09653996
v 0.45784090 -0.40566685 0.18947819
v 0.45784090 -0.61631298 0.18947819
v 0.45784090 -0.74579969 0.18947845
v 0.41203522 -0.61631272 0.27510724
v 0.41203522 -0.74579969 0.27510724
v 0.41203522 -0.40566685 0.27510724
v 0.35045355 -0.40566685 0.35019490
v 0.35045355 -0.61631272 0.35019465
v 0.35045355 -0.74579969 0.35019490
v 0.27536589 -0.61631272 0.41177657
v 0.27536589 -0.74579969 0.41177657
v 0.27536589 -0.40566685 0.41177657
v 0.18973710 -0.40566685 0.45758199
v 0.18973710 -0.61631272 0.45758225
v 0.18973710 -0.74579969 0.45758225
v 0.09679886 -0.61631272 0.48574168
v 0.09679886 -0.74579969 0.48574168
v 0.09679886 -0.40566685 0.48574142
v 0.00015901 -0.40566685 0.49529165
v 0.00015901 -0.61631272 0.49529165
v 0.00015901 -0.74579969 0.49529165
v -0.09648083 -0.61631272 0.48574142
v -0.09648083 -0.74579969 0.48574168
v -0.09648083 -0.40566685 0.48574142
v -0.18941881 -0.40566685 0.45758225
v -0.18941881 -0.61631272 0.45758225
v -0.18941881 -0.74579969 0.45758225
v -0.27504786 -0.61631272 0.41177657
v -0.27504786 -0.74579969 0.41177657
v -0.27504786 -0.40566685 0.41177657
v -0.35013552 -0.40566685 0.35019490
v -0.35013552 -0.61631272 0.35019490
v -0.35013552 -0.74579969 0.35019490
v -0.41171720 -0.61631272 0.27510724
v -0.41171720 -0.74579969 0.27510724
v -0.41171720 -0.40566685 0.27510724
v -0.45752287 -0.40566685 0.18947819
v -0.45752287 -0.61631298 0.18947845
v -0.45752287 -0.74579969 0.18947845
v -0.48568230 -0.61631298 0.09654021
v -0.48568230 -0.74579994 0.09654021
v -0.48568230 -0.40566685 0.09653996
v -0.49523227 -0.40566685 -0.00009989
v -0.49523227 -0.61631298 -0.00009989
v -0.49523227 -0.74579994 -0.00009964
v -0.48568230 -0.61631298 -0.09673974
v -0.48568230 -0.74579994 -0.09673974
v -0.48568230 -0.40566711 -0.09673974
v -0.45752287 -0.40566711 -0.18967797
v -0.45752287 -0.61631298 -0.18967797
v -0.45752287 -0.74579994 -0.18967797
v -0.41171720 -0.61631298 -0.27530677
v -0.41171720 -0.74579994 -0.27530677
v -0.41171720 -0.40566711 -0.27530702
v -0.35013552 -0.40566711 -0.35039443
v -0.35013552 -0.61631298 -0.35039443
v -0.35013552 -0.74579994 -0.35039443
v -0.27504786 -0.61631298 -0.41197636
v -0.27504786 -0.74579994 -0.41197636
v -0.27504786 -0.40566711 -0.41197636
v -0.18941881 -0.40566711 -0.45778178
v -0.18941881 -0.61631298 -0.45778178
v -0.18941881 -0.74579994 -0.45778178
v -0.09648058 -0.61631298 -0.48594120
v -0.09648058 -0.74579994 -0.48594120
v -0.09648058 -0.40566711 -0.48594120
v 0.00015901 -0.40566711 -0.49549118
v 0.00015901 -0.61631298 -0.49549118
v 0.00015901 -0.74579994 -0.49549118
v -0.15699993 -0.82265746 -0.37951554
v -0.18428154 -0.80595663 -0.44537929
v -0.09314443 -0.80616071 -0.46916871
v -0.07077313 -0.82472594 -0.35670051
v -0.18941881 -0.74579994 -0.45778178
v -0.09648058 -0.74579994 -0.48594120
v 0.00015901 -0.74579994 -0.49549118
v 0.00015901 -0.80595688 -0.48206678
v 0.00015901 -0.82265746 -0.41077629
v -0.29023323 -0.82265746 -0.29049214
v -0.34064298 -0.80595663 -0.34090189
v -0.26554719 -0.80616071 -0.39775724
v -0.20183884 -0.82472569 -0.30241124
v -0.35013552 -0.74579994 -0.35039443
v -0.27504786 -0.74579994 -0.41197636
v -0.37925663 -0.82265746 -0.15725883
v -0.44512038 -0.80595663 -0.18454070
v -0.39749834 -0.80616071 -0.26580610
v -0.30215234 -0.82472569 -0.20209774
v -0.45752287 -0.74579994 -0.18967797
v -0.41171720 -0.74579994 -0.27530677
v -0.41051764 -0.82265746 -0.00009964
v -0.48180787 -0.80595663 -0.00009964
v -0.46891005 -0.80616045 -0.09340333
v -0.35644160 -0.82472569 -0.07103204
v -0.49523227 -0.74579994 -0.00009964
v -0.48568230 -0.74579994 -0.09673974
v -0.37925663 -0.82265746 0.15705956
v -0.44512038 -0.80595663 0.18434118
v -0.46891005 -0.80616045 0.09320406
v -0.35644160 -0.82472569 0.07083251
v -0.45752287 -0.74579969 0.18947845
v -0.48568230 -0.74579994 0.09654021
v -0.29023323 -0.82265746 0.29029261
v -0.34064298 -0.80595638 0.34070261
v -0.39749834 -0.80616045 0.26560657
v -0.30215234 -0.82472569 0.20189847
v -0.35013552 -0.74579969 0.35019490
v -0.41171720 -0.74579969 0.27510724
v -0.15699993 -0.82265721 0.37931601
v -0.18428180 -0.80595638 0.44517976
v -0.26554719 -0.80616045 0.39755797
v -0.20183909 -0.82472543 0.30221197
v -0.18941881 -0.74579969 0.45758225
v 0.00015901 -0.82265721 0.41057701
v 0.00015901 -0.80595638 0.48186750
v -0.09314443 -0.80616045 0.46896943
v -0.07077313 -0.82472543 0.35650098
v 0.15731821 -0.82265721 0.37931601
v 0.18459983 -0.80595638 0.44517976
v 0.09346271 -0.80616045 0.46896943
v 0.07109141 -0.82472569 0.35650098
v 0.18973710 -0.74579969 0.45758225
v 0.29055126 -0.82265746 0.29029261
v 0.34096127 -0.80595638 0.34070236
v 0.26586522 -0.80616045 0.39755772
v 0.20215712 -0.82472569 0.30221172
v 0.35045355 -0.74579969 0.35019490
v 0.37957466 -0.82265746 0.15705956
v 0.44543841 -0.80595663 0.18434118
v 0.39781662 -0.80616045 0.26560657
v 0.30247062 -0.82472569 0.20189847
v 0.45784090 -0.74579969 0.18947845
v 0.41203522 -0.74579969 0.27510724
v 0.41083566 -0.82265746 -0.00009964
v 0.48212590 -0.80595663 -0.00009964
v 0.46922808 -0.80616045 0.09320406
v 0.35675963 -0.82472569 0.07083251
v 0.49555030 -0.74579994 -0.00009964
v 0.48600033 -0.74579994 0.09654021
v 0.37957466 -0.82265746 -0.15725883
v 0.44543841 -0.80595663 -0.18454045
v 0.46922808 -0.80616045 -0.09340333
v 0.35675963 -0.82472569 -0.07103204
v 0.45784090 -0.74579994 -0.18967772
v 0.48600033 -0.74579994 -0.09673948
v 0.29055126 -0.82265746 -0.29049188
v 0.34096127 -0.80595688 -0.34090189
v 0.39781637 -0.80616071 -0.26580584
v 0.30247062 -0.82472594 -0.20209774
v 0.35045355 -0.74579994 -0.35039443
v 0.41203548 -0.74579994 -0.27530677
v 0.15731821 -0.82265746 -0.37951554
v 0.18459983 -0.80595688 -0.44537929
v 0.26586522 -0.80616071 -0.39775724
v 0.20215712 -0.82472594 -0.30241124
v 0.18973710 -0.74579994 -0.45778178
v 0.27536589 -0.74579994 -0.41197610
v 0.00015901 -0.82265746 -0.41077629
v 0.00015901 -0.80595688 -0.48206678
v 0.09346271 -0.80616071 -0.46916871
v 0.07109141 -0.82472594 -0.35670051
v 0.09679886 -0.74579994 -0.48594095
v 0.00015901 -0.82265746 -0.41077629
v 0.07109141 -0.82472594 -0.35670051
v 0.00015901 -0.83079744 -0.00009964
v -0.07077313 -0.82472594 -0.35670051
v 0.15731821 -0.82265746 -0.37951554
v 0.20215712 -0.82472594 -0.30241124
v 0.00015901 -0.83079744 -0.00009964
v 0.07109141 -0.82472594 -0.35670051
v 0.29055126 -0.82265746 -0.29049188
v 0.30247062 -0.82472594 -0.20209774
v 0.00015901 -0.83079744 -0.00009964
v 0.37957466 -0.82265746 -0.15725883
v 0.35675963 -0.82472569 -0.07103204
v 0.00015901 -0.83079744 -0.00009964
v 0.41083566 -0.82265746 -0.00009964
v 0.35675963 -0.82472569 0.07083251
v 0.37957466 -0.82265746 0.15705956
v 0.30247062 -0.82472569 0.20189847
v 0.29055126 -0.82265746 0.29029261
v 0.20215712 -0.82472569 0.30221172
v 0.00015901 -0.83079744 -0.00009964
v 0.15731821 -0.82265721 0.37931601
v 0.07109141 -0.82472569 0.35650098
v 0.20215712 -0.82472569 0.30221172
v 0.00015901 -0.82265721 0.41057701
v -0.07077313 -0.82472543 0.35650098
v 0.07109141 -0.82472569 0.35650098
v -0.15699993 -0.82265721 0.37931601
v -0.20183909 -0.82472543 0.30221197
v -0.07077313 -0.82472543 0.35650098
v -0.29023323 -0.82265746 0.29029261
v -0.30215234 -0.82472569 0.20189847
v -0.20183909 -0.82472543 0.30221197
v -0.37925663 -0.82265746 0.15705956
v -0.35644160 -0.82472569 0.07083251
v -0.30215234 -0.82472569 0.20189847
v -0.41051764 -0.82265746 -0.00009964
v -0.35644160 -0.82472569 -0.07103204
v -0.37925663 -0.82265746 -0.15725883
v -0.30215234 -0.82472569 -0.20209774
v -0.29023323 -0.82265746 -0.29049214
v -0.20183884 -0.82472569 -0.30241124
v -0.30215234 -0.82472569 -0.20209774
v -0.15699993 -0.82265746 -0.37951554
v -0.07077313 -0.82472594 -0.35670051
v -0.20183884 -0.82472569 -0.30241124
v -0.27017516 0.91163279 0.27023403
v -0.21275789 0.91240386 0.32103313
v -0.20542659 0.92554439 0.30993440
v -0.26297424 0.92462235 0.26303311
v -0.14845408 0.91317519 0.35868408
v -0.14435956 0.92616806 0.34879863
v -0.12270139 0.93361423 0.29651126
v -0.15629163 0.93469180 0.23549176
v -0.22457305 0.93274429 0.22463192
v 0.12301942 0.93361397 -0.29671155
v 0.05612029 0.93469154 -0.27731629
v 0.00015901 0.93913119 -0.00010014
v 0.15660991 0.93469154 -0.23569230
v 0.00015901 0.93274404 -0.31791938
v -0.05580226 0.93469154 -0.27731629
v 0.00015901 0.93913119 -0.00010014
v 0.05612029 0.93469154 -0.27731629
v -0.12270139 0.93361397 -0.29671181
v -0.15629163 0.93469154 -0.23569230
v -0.22457280 0.93274429 -0.22483221
v -0.23543289 0.93469154 -0.15655104
v -0.15629163 0.93469154 -0.23569230
v -0.29645239 0.93361397 -0.12296081
v -0.27705713 0.93469154 -0.05606142
v -0.31765996 0.93274404 -0.00010014
v -0.27705713 0.93469180 0.05586113
v -0.27705713 0.93469154 -0.05606142
v -0.29645239 0.93361397 0.12276026
v -0.23543289 0.93469154 0.15635050
v 0.00015901 0.93913119 -0.00010014
v -0.27705713 0.93469180 0.05586113
v -0.22457305 0.93274429 0.22463192
v -0.15629163 0.93469180 0.23549176
v 0.00015901 0.93913119 -0.00010014
v -0.23543289 0.93469154 0.15635050
v -0.12270139 0.93361423 0.29651126
v -0.05580226 0.93469154 0.27711574
v -0.15629163 0.93469180 0.23549176
v 0.00015901 0.93274429 0.31771883
v 0.05612029 0.93469180 0.27711574
v -0.05580226 0.93469154 0.27711574
v 0.12301942 0.93361397 0.29651126
v 0.15660991 0.93469154 0.23549176
v 0.05612029 0.93469180 0.27711574
v 0.22489108 0.93274429 0.22463192
v 0.23575092 0.93469154 0.15635050
v 0.15660991 0.93469154 0.23549176
v 0.29677042 0.93361397 0.12276026
v 0.27737516 0.93469154 0.05586113
v 0.31797799 0.93274429 -0.00010014
v 0.27737516 0.93469154 -0.05606142
v 0.27737516 0.93469154 0.05586113
v 0.29677042 0.93361397 -0.12296081
v 0.23575092 0.93469154 -0.15655104
v 0.27737516 0.93469154 -0.05606142
v 0.22489108 0.93274404 -0.22483221
v 0.35894298 0.91317519 -0.14871349
v 0.32129229 0.91240361 -0.21301730
v 0.31019356 0.92554413 -0.20568601
v 0.34905779 0.92616780 -0.14461872
v 0.27049319 0.91163253 -0.27043432
v 0.26329227 0.92462210 -0.26323365
v 0.22489108 0.93274404 -0.22483221
v 0.23575092 0.93469154 -0.15655104
v 0.29677042 0.93361397 -0.12296081
v -0.35862495 0.91317519 0.14851320
v -0.32097426 0.91240386 0.21281701
v -0.30987527 0.92554439 0.20548546
v -0.34873976 0.92616780 0.14441843
v -0.23543289 0.93469154 0.15635050
v -0.29645239 0.93361397 0.12276026
v 0.38246911 0.91163253 -0.00010014
v 0.37778955 0.91240386 -0.07662067
v 0.36475755 0.92554413 -0.07395673
v 0.37228555 0.92462210 -0.00010014
v 0.27737516 0.93469154 -0.05606142
v 0.31797799 0.93274429 -0.00010014
v -0.38215108 0.91163253 -0.00010014
v -0.37747152 0.91240386 0.07642012
v -0.36443952 0.92554413 0.07375618
v -0.37196752 0.92462210 -0.00010014
v -0.27705713 0.93469180 0.05586113
v -0.31765996 0.93274404 -0.00010014
v 0.35894298 0.91317519 0.14851320
v 0.37778955 0.91240386 0.07642012
v 0.36475755 0.92554413 0.07375618
v 0.34905779 0.92616780 0.14441843
v 0.27737516 0.93469154 0.05586113
v 0.29677042 0.93361397 0.12276026
v -0.35862495 0.91317519 -0.14871349
v -0.37747152 0.91240386 -0.07662067
v -0.36443952 0.92554413 -0.07395673
v -0.34873951 0.92616780 -0.14461897
v -0.27705713 0.93469154 -0.05606142
v -0.29645239 0.93361397 -0.12296081
v 0.27049319 0.91163279 0.27023403
v 0.32129229 0.91240386 0.21281676
v 0.31019356 0.92554439 0.20548546
v 0.26329227 0.92462235 0.26303311
v 0.23575092 0.93469154 0.15635050
v 0.22489108 0.93274429 0.22463192
v -0.27017516 0.91163253 -0.27043457
v -0.32097426 0.91240361 -0.21301730
v -0.30987527 0.92554413 -0.20568601
v -0.26297424 0.92462210 -0.26323365
v -0.23543289 0.93469154 -0.15655104
v -0.22457280 0.93274429 -0.22483221
v 0.14877236 0.91317519 0.35868382
v 0.21307617 0.91240386 0.32103287
v 0.20574462 0.92554439 0.30993414
v 0.14467759 0.92616806 0.34879838
v 0.15660991 0.93469154 0.23549176
v 0.12301942 0.93361397 0.29651126
v -0.14845408 0.91317493 -0.35888437
v -0.21275789 0.91240361 -0.32123367
v -0.20542659 0.92554413 -0.31013469
v -0.14435931 0.92616780 -0.34899892
v -0.15629163 0.93469154 -0.23569230
v -0.12270139 0.93361397 -0.29671181
v 0.00015901 0.91163279 0.38220995
v 0.07667954 0.91240386 0.37753039
v 0.07401534 0.92554439 0.36449813
v 0.00015901 0.92462235 0.37202639
v 0.05612029 0.93469180 0.27711574
v 0.00015901 0.93274429 0.31771883
v 0.14877236 0.91317493 -0.35888437
v 0.07667954 0.91240361 -0.37773068
v 0.07401534 0.92554413 -0.36469868
v 0.14467759 0.92616780 -0.34899892
v 0.00015901 0.91163253 -0.38241049
v 0.00015901 0.92462210 -0.37222694
v 0.00015901 0.93274404 -0.31791938
v 0.05612029 0.93469154 -0.27731629
v 0.12301942 0.93361397 -0.29671155
v 0.00015901 0.91163253 -0.38241049
v -0.07636125 0.91240361 -0.37773094
v -0.07369732 0.92554413 -0.36469868
v 0.00015901 0.92462210 -0.37222694
v -0.05580226 0.93469154 -0.27731629
v 0.00015901 0.93274404 -0.31791938
v -0.07636125 0.91240386 0.37753039
v -0.07369732 0.92554413 0.36449839
v -0.05580226 0.93469154 0.27711574
v 0.21307617 0.91240361 -0.32123342
v 0.20574462 0.92554413 -0.31013469
v 0.15660991 0.93469154 -0.23569230
v 0.27049319 0.85566567 -0.27043432
v 0.21307617 0.85603723 -0.32123342
v 0.21307617 0.89490019 -0.32123342
v 0.27049319 0.89425314 -0.27043432
v 0.14877236 0.85640853 -0.35888437
v 0.14877236 0.89554749 -0.35888437
v 0.14877236 0.91317493 -0.35888437
v 0.21307617 0.91240361 -0.32123342
v 0.27049319 0.91163253 -0.27043432
v -0.14845408 0.85640878 0.35868408
v -0.07636125 0.85603748 0.37753039
v -0.07636125 0.89490044 0.37753039
v -0.14845408 0.89554775 0.35868408
v 0.00015901 0.85566592 0.38221020
v 0.00015901 0.89425339 0.38221020
v -0.07636125 0.91240386 0.37753039
v -0.14845408 0.91317519 0.35868408
v 0.00015901 0.85566567 -0.38241049
v -0.07636125 0.85603723 -0.37773094
v -0.07636125 0.89490019 -0.37773094
v 0.00015901 0.89425314 -0.38241049
v -0.14845408 0.85640853 -0.35888437
v -0.14845408 0.89554749 -0.35888437
v -0.14845408 0.91317493 -0.35888437
v -0.07636125 0.91240361 -0.37773094
v 0.00015901 0.91163253 -0.38241049
v 0.07667928 0.85603723 -0.37773094
v 0.07667928 0.89490044 -0.37773094
v 0.00015901 0.85566567 -0.38241049
v 0.00015901 0.89425314 -0.38241049
v 0.07667954 0.91240361 -0.37773068
v 0.07667954 0.85603748 0.37753039
v 0.07667954 0.89490044 0.37753039
v 0.14877236 0.85640878 0.35868382
v 0.14877236 0.89554775 0.35868382
v 0.14877236 0.91317519 0.35868382
v 0.07667954 0.91240386 0.37753039
v -0.21275789 0.85603723 -0.32123367
v -0.21275789 0.89490044 -0.32123367
v -0.27017516 0.85566567 -0.27043457
v -0.27017516 0.89425314 -0.27043457
v -0.21275789 0.91240361 -0.32123367
v 0.21307617 0.85603748 0.32103313
v 0.21307617 0.89490044 0.32103313
v 0.27049319 0.85566592 0.27023403
v 0.27049319 0.89425339 0.27023403
v 0.27049319 0.91163279 0.27023403
v 0.21307617 0.91240386 0.32103287
v -0.32097426 0.85603723 -0.21301730
v -0.32097426 0.89490019 -0.21301730
v -0.35862495 0.85640878 -0.14871349
v -0.35862521 0.89554749 -0.14871349
v -0.32097426 0.91240361 -0.21301730
v 0.32129229 0.85603748 0.21281701
v 0.32129229 0.89490044 0.21281676
v 0.35894324 0.85640878 0.14851295
v 0.35894324 0.89554749 0.14851320
v 0.35894298 0.91317519 0.14851320
v 0.32129229 0.91240386 0.21281676
v -0.37747152 0.85603723 -0.07662067
v -0.37747152 0.89490044 -0.07662067
v -0.38215133 0.85566567 -0.00010014
v -0.38215133 0.89425339 -0.00010014
v -0.38215108 0.91163253 -0.00010014
v -0.37747152 0.91240386 -0.07662067
v 0.37778955 0.85603723 0.07642012
v 0.37778955 0.89490044 0.07642012
v 0.38246936 0.85566567 -0.00010014
v 0.38246936 0.89425339 -0.00010014
v 0.38246911 0.91163253 -0.00010014
v 0.37778955 0.91240386 0.07642012
v -0.37747152 0.85603723 0.07642012
v -0.37747152 0.89490044 0.07642012
v -0.35862495 0.85640878 0.14851320
v -0.35862521 0.89554749 0.14851320
v -0.35862495 0.91317519 0.14851320
v -0.37747152 0.91240386 0.07642012
v 0.37778955 0.85603723 -0.07662067
v 0.37778955 0.89490044 -0.07662067
v 0.35894324 0.85640878 -0.14871349
v 0.35894324 0.89554749 -0.14871349
v 0.37778955 0.91240386 -0.07662067
v -0.32097426 0.85603748 0.21281701
v -0.32097426 0.89490044 0.21281701
v -0.27017516 0.85566592 0.27023403
v -0.27017516 0.89425339 0.27023403
v -0.32097426 0.91240386 0.21281701
v 0.32129229 0.85603723 -0.21301730
v 0.32129229 0.89490044 -0.21301730
v 0.32129229 0.91240361 -0.21301730
v -0.21275789 0.85603748 0.32103313
v -0.21275789 0.89490044 0.32103313
v -0.21275789 0.91240386 0.32103313
v -0.27017516 0.71654435 0.27023403
v -0.21275789 0.71592221 0.32103313
v -0.21275789 0.78539836 0.32103313
v -0.27017516 0.78552772 0.27023403
v -0.14845408 0.71529981 0.35868408
v -0.14845408 0.78526875 0.35868408
v 0.35894324 0.71529981 -0.14871349
v 0.32129229 0.71592195 -0.21301730
v 0.32129229 0.78539811 -0.21301730
v 0.35894324 0.78526875 -0.14871349
v 0.27049319 0.71654410 -0.27043432
v 0.27049319 0.78552772 -0.27043432
v -0.35862495 0.71529981 0.14851320
v -0.32097426 0.71592195 0.21281701
v -0.32097426 0.78539836 0.21281701
v -0.35862521 0.78526875 0.14851320
v 0.38246936 0.71654435 -0.00010014
v 0.37778955 0.71592195 -0.07662067
v 0.37778955 0.78539836 -0.07662067
v 0.38246936 0.78552772 -0.00010014
v -0.38215133 0.71654435 -0.00010014
v -0.37747152 0.71592195 0.07642012
v -0.37747152 0.78539836 0.07642012
v -0.38215133 0.78552772 -0.00010014
v 0.35894324 0.71529981 0.14851320
v 0.37778955 0.71592195 0.07642012
v 0.37778955 0.78539836 0.07642012
v 0.35894324 0.78526875 0.14851320
v -0.35862495 0.71529981 -0.14871349
v -0.37747152 0.71592195 -0.07662067
v -0.37747152 0.78539836 -0.07662067
v -0.35862521 0.78526875 -0.14871349
v 0.27049319 0.71654435 0.27023403
v 0.32129229 0.71592195 0.21281701
v 0.32129229 0.78539836 0.21281701
v 0.27049319 0.78552772 0.27023403
v -0.27017516 0.71654410 -0.27043432
v -0.32097426 0.71592195 -0.21301730
v -0.32097426 0.78539811 -0.21301730
v -0.27017516 0.78552772 -0.27043432
v 0.14877236 0.71529981 0.35868408
v 0.21307617 0.71592221 0.32103313
v 0.21307617 0.78539836 0.32103313
v 0.14877236 0.78526875 0.35868382
v -0.14845408 0.71529955 -0.35888437
v -0.21275789 0.71592195 -0.32123342
v -0.21275789 0.78539811 -0.32123342
v -0.14845408 0.78526849 -0.35888437
v 0.00015901 0.71654435 0.38221020
v 0.07667954 0.71592221 0.37753039
v 0.07667954 0.78539836 0.37753039
v 0.00015901 0.78552797 0.38221020
v 0.14877236 0.71529955 -0.35888437
v 0.07667928 0.71592195 -0.37773068
v 0.07667928 0.78539811 -0.37773094
v 0.14877236 0.78526849 -0.35888437
v 0.00015901 0.71654410 -0.38241049
v 0.00015901 0.78552772 -0.38241049
v 0.00015901 0.71654410 -0.38241049
v -0.07636125 0.71592195 -0.37773094
v -0.07636125 0.78539811 -0.37773094
v 0.00015901 0.78552772 -0.38241049
v -0.07636125 0.71592221 0.37753039
v -0.07636125 0.78539836 0.37753039
v 0.21307617 0.71592195 -0.32123342
v 0.21307617 0.78539811 -0.32123342
v 0.26493861 0.66465319 -0.26487974
v 0.20862382 0.66386916 -0.31415677
v 0.21251960 0.67992345 -0.32034874
v 0.26979886 0.68077508 -0.26973999
v 0.14538131 0.66308487 -0.35069762
v 0.14834845 0.67907181 -0.35786093
v -0.14506303 0.66308512 0.35049733
v -0.07450549 0.66386941 0.36937821
v -0.07612922 0.67992370 0.37651153
v -0.14803017 0.67907206 0.35766064
v 0.00015901 0.66465345 0.37435486
v 0.00015901 0.68077534 0.38122819
v 0.00015901 0.66465319 -0.37455515
v -0.07450549 0.66386916 -0.36957850
v -0.07612922 0.67992345 -0.37671182
v 0.00015901 0.68077508 -0.38142848
v -0.14506303 0.66308487 -0.35069787
v -0.14803017 0.67907181 -0.35786118
v 0.07482378 0.66386916 -0.36957850
v 0.07644750 0.67992345 -0.37671182
v 0.00015901 0.66465319 -0.37455515
v 0.00015901 0.68077508 -0.38142848
v 0.07482378 0.66386941 0.36937821
v 0.07644750 0.67992370 0.37651153
v 0.14538131 0.66308512 0.35049733
v 0.14834845 0.67907206 0.35766064
v -0.20830554 0.66386916 -0.31415677
v -0.21220131 0.67992345 -0.32034899
v -0.26462058 0.66465319 -0.26488000
v -0.26948084 0.68077508 -0.26973999
v 0.20862382 0.66386941 0.31395648
v 0.21251960 0.67992370 0.32014845
v 0.26493861 0.66465345 0.26467945
v 0.26979886 0.68077534 0.26953971
v -0.31389736 0.66386916 -0.20856495
v -0.32008958 0.67992345 -0.21246073
v -0.35043846 0.66308487 -0.14532244
v -0.35760177 0.67907181 -0.14828958
v 0.31421539 0.66386916 0.20836466
v 0.32040761 0.67992370 0.21226044
v 0.35075649 0.66308512 0.14512216
v 0.35791980 0.67907206 0.14808929
v -0.36931934 0.66386916 -0.07476491
v -0.37645241 0.67992370 -0.07638863
v -0.37429599 0.66465345 -0.00010014
v -0.38116932 0.68077508 -0.00010014
v 0.36963737 0.66386916 0.07456462
v 0.37677043 0.67992370 0.07618834
v 0.37461402 0.66465345 -0.00010014
v 0.38148735 0.68077508 -0.00010014
v -0.36931934 0.66386916 0.07456462
v -0.37645241 0.67992345 0.07618834
v -0.35043846 0.66308512 0.14512216
v -0.35760177 0.67907206 0.14808929
v 0.36963737 0.66386916 -0.07476465
v 0.37677043 0.67992345 -0.07638863
v 0.35075649 0.66308487 -0.14532244
v 0.35791980 0.67907181 -0.14828958
v -0.31389736 0.66386916 0.20836466
v -0.32008958 0.67992370 0.21226044
v -0.26462058 0.66465345 0.26467945
v -0.26948084 0.68077534 0.26953971
v 0.31421539 0.66386916 -0.20856495
v 0.32040761 0.67992370 -0.21246073
v -0.20830579 0.66386941 0.31395648
v -0.21220157 0.67992370 0.32014845
vn -0.3827 -0.0000 -0.9239
vn -0.1951 -0.0000 -0.9808
vn -0.3827 0.0025 -0.9239
vn -0.1951 0.0024 -0.9808
vn -0.0001 0.0025 -1.0000
vn -0.0001 -0.0000 -1.0000
vn -0.7071 -0.0000 -0.7071
vn -0.5556 -0.0000 -0.8315
vn -0.7071 0.0025 -0.7071
vn -0.5556 0.0025 -0.8315
vn -0.9239 -0.0000 -0.3827
vn -0.8315 -0.0000 -0.5556
vn -0.9239 0.0025 -0.3827
vn -0.8315 0.0024 -0.5556
vn -1.0000 -0.0000 -0.0000
vn -0.9808 -0.0000 -0.1951
vn -1.0000 0.0025 -0.0000
vn -0.9808 0.0025 -0.1951
vn -0.9239 -0.0000 0.3827
vn -0.9808 -0.0000 0.1951
vn -0.9239 0.0025 0.3827
vn -0.9808 0.0025 0.1951
vn -0.7071 -0.0000 0.7071
vn -0.8315 -0.0000 0.5556
vn -0.7071 0.0025 0.7071
vn -0.8315 0.0025 0.5556
vn -0.3827 -0.0000 0.9239
vn -0.5556 -0.0000 0.8315
vn -0.3827 0.0025 0.9239
vn -0.5556 0.0024 0.8315
vn -0.0000 -0.0000 1.0000
vn -0.1951 -0.0000 0.9808
vn -0.0000 0.0025 1.0000
vn -0.1951 0.0024 0.9808
vn 0.3827 -0.0000 0.9239
vn 0.1951 -0.0000 0.9808
vn 0.3827 0.0024 0.9239
vn 0.1951 0.0025 0.9808
vn 0.7071 -0.0000 0.7071
vn 0.5556 -0.0000 0.8315
vn 0.7071 0.0025 0.7071
vn 0.5556 0.0025 0.8315
vn 0.9239 -0.0000 0.3827
vn 0.8315 -0.0000 0.5556
vn 0.9239 0.0024 0.3827
vn 0.8315 0.0025 0.5556
vn 1.0000 -0.0000 -0.0000
vn 0.9808 -0.0000 0.1951
vn 1.0000 0.0025 -0.0000
vn 0.9808 0.0024 0.1951
vn 0.9239 -0.0000 -0.3827
vn 0.9808 -0.0000 -0.1951
vn 0.9239 0.0024 -0.3827
vn 0.9808 0.0024 -0.1951
vn 0.7071 -0.0000 -0.7071
vn 0.8315 -0.0000 -0.5556
vn 0.7071 0.0024 -0.7071
vn 0.8315 0.0025 -0.5556
vn 0.3827 -0.0000 -0.9239
vn 0.5556 -0.0000 -0.8315
vn 0.3827 0.0025 -0.9239
vn 0.5556 0.0025 -0.8315
vn 0.0001 -0.0000 -1.0000
vn 0.1951 -0.0000 -0.9808
vn 0.0001 0.0025 -1.0000
vn 0.1951 0.0024 -0.9808
vn -0.1003 -0.1032 0.9896
vn -0.1950 -0.0343 0.9802
vn -0.1932 -0.0336 0.9806
vn -0.1951 -0.0074 0.9808
vn -0.1950 0.0338 0.9802
vn -0.2030 0.0347 0.9786
vn -0.3825 0.0337 0.9234
vn -0.3825 -0.0343 0.9233
vn -0.3827 -0.0072 0.9239
vn -0.5552 -0.0343 0.8310
vn -0.5556 -0.0074 0.8314
vn -0.5552 0.0338 0.8310
vn -0.7067 0.0337 0.7067
vn -0.7067 -0.0343 0.7067
vn -0.7071 -0.0073 0.7071
vn -0.8310 -0.0343 0.5552
vn -0.8314 -0.0073 0.5556
vn -0.8310 0.0338 0.5552
vn -0.9234 0.0337 0.3825
vn -0.9233 -0.0343 0.3825
vn -0.9239 -0.0073 0.3827
vn -0.9802 -0.0343 0.1950
vn -0.9808 -0.0073 0.1951
vn -0.9802 0.0338 0.1950
vn -0.9994 0.0337 -0.0000
vn -0.9994 -0.0343 -0.0000
vn -1.0000 -0.0073 -0.0000
vn -0.9802 -0.0343 -0.1950
vn -0.9808 -0.0073 -0.1951
vn -0.9802 0.0338 -0.1950
vn -0.9234 0.0337 -0.3825
vn -0.9233 -0.0343 -0.3825
vn -0.9239 -0.0073 -0.3827
vn -0.8310 -0.0343 -0.5552
vn -0.8314 -0.0073 -0.5556
vn -0.8310 0.0338 -0.5552
vn -0.6969 -0.1689 -0.6969
vn -0.7067 -0.0343 -0.7067
vn -0.7071 -0.0073 -0.7071
vn -0.5552 -0.0343 -0.8310
vn -0.5556 -0.0074 -0.8314
vn -0.5476 -0.1689 -0.8195
vn -0.3772 -0.1689 -0.9106
vn -0.3825 -0.0343 -0.9233
vn -0.3827 -0.0073 -0.9239
vn -0.1950 -0.0343 -0.9802
vn -0.1951 -0.0073 -0.9808
vn -0.1950 0.0338 -0.9802
vn -0.0000 0.0337 -0.9994
vn -0.0000 -0.0343 -0.9994
vn -0.0000 -0.0073 -1.0000
vn 0.1950 -0.0343 -0.9802
vn 0.1951 -0.0073 -0.9808
vn 0.1950 0.0338 -0.9802
vn 0.3825 0.0337 -0.9234
vn 0.3825 -0.0343 -0.9233
vn 0.3827 -0.0073 -0.9239
vn 0.5552 -0.0343 -0.8310
vn 0.5556 -0.0074 -0.8314
vn 0.5552 0.0338 -0.8310
vn 0.7067 0.0337 -0.7067
vn 0.7067 -0.0343 -0.7067
vn 0.7071 -0.0074 -0.7071
vn 0.8310 -0.0343 -0.5552
vn 0.8314 -0.0073 -0.5556
vn 0.8310 0.0338 -0.5552
vn 0.9234 0.0337 -0.3825
vn 0.9233 -0.0343 -0.3825
vn 0.9239 -0.0073 -0.3827
vn 0.9802 -0.0343 -0.1950
vn 0.9808 -0.0073 -0.1951
vn 0.9802 0.0338 -0.1950
vn 0.9994 0.0337 -0.0000
vn 0.9994 -0.0343 -0.0000
vn 1.0000 -0.0073 -0.0000
vn 0.9802 -0.0343 0.1950
vn 0.9808 -0.0073 0.1951
vn 0.9802 0.0338 0.1950
vn 0.9234 0.0337 0.3825
vn 0.9233 -0.0343 0.3825
vn 0.9239 -0.0073 0.3827
vn 0.8310 -0.0343 0.5552
vn 0.8314 -0.0073 0.5556
vn 0.8310 0.0338 0.5552
vn 0.7067 0.0337 0.7067
vn 0.7067 -0.0343 0.7067
vn 0.7071 -0.0073 0.7071
vn -0.6573 -0.3685 0.6573
vn -0.5019 -0.4289 0.7511
vn -0.5165 -0.3685 0.7730
vn -0.6388 -0.4289 0.6388
vn -0.3457 -0.4289 0.8346
vn -0.3557 -0.3685 0.8589
vn -0.2911 -0.6493 0.7027
vn -0.4226 -0.6492 0.6324
vn -0.5378 -0.6493 0.5378
vn 0.5552 -0.0343 0.8310
vn 0.5556 -0.0073 0.8314
vn 0.5552 0.0338 0.8310
vn 0.3825 0.0337 0.9234
vn 0.3825 -0.0343 0.9233
vn 0.3827 -0.0073 0.9239
vn 0.1950 -0.0343 0.9802
vn 0.1951 -0.0073 0.9808
vn 0.1950 0.0338 0.9802
vn 0.2030 0.0347 0.9786
vn 0.1930 -0.0336 0.9806
vn 0.1003 -0.1032 0.9896
vn 0.5378 -0.6493 -0.5378
vn 0.3869 -0.7177 -0.5790
vn 0.4226 -0.6492 -0.6324
vn 0.4924 -0.7177 -0.4924
vn 0.2665 -0.7177 -0.6434
vn 0.2911 -0.6493 -0.7027
vn 0.2841 -0.6696 -0.6862
vn 0.4126 -0.6698 -0.6173
vn 0.5249 -0.6702 -0.5248
vn -0.5019 -0.4289 -0.7511
vn -0.3457 -0.4289 -0.8346
vn -0.6388 -0.4289 -0.6388
vn -0.5378 -0.6493 -0.5378
vn -0.4226 -0.6492 -0.6324
vn -0.2911 -0.6493 -0.7027
vn 0.9296 -0.3685 -0.0000
vn 0.8860 -0.4289 -0.1762
vn 0.9118 -0.3685 -0.1813
vn 0.9033 -0.4289 -0.0000
vn 0.8346 -0.4289 -0.3457
vn 0.8589 -0.3685 -0.3558
vn 0.7027 -0.6493 -0.2911
vn 0.7460 -0.6492 -0.1484
vn 0.7606 -0.6493 -0.0000
vn -0.8589 -0.3685 -0.3558
vn -0.8860 -0.4289 -0.1762
vn -0.9118 -0.3685 -0.1813
vn -0.8346 -0.4289 -0.3457
vn -0.9033 -0.4289 -0.0000
vn -0.9296 -0.3685 -0.0000
vn -0.7606 -0.6493 -0.0000
vn -0.7460 -0.6492 -0.1484
vn -0.7027 -0.6493 -0.2911
vn 0.6573 -0.3685 -0.6574
vn 0.5019 -0.4289 -0.7511
vn 0.5165 -0.3685 -0.7730
vn 0.6388 -0.4289 -0.6388
vn 0.3457 -0.4289 -0.8346
vn 0.3558 -0.3685 -0.8589
vn 0.3558 -0.3685 0.8589
vn 0.5019 -0.4289 0.7511
vn 0.5165 -0.3685 0.7730
vn 0.3457 -0.4289 0.8346
vn 0.6388 -0.4289 0.6388
vn 0.6574 -0.3685 0.6573
vn 0.5378 -0.6493 0.5378
vn 0.4226 -0.6492 0.6324
vn 0.2911 -0.6493 0.7027
vn -0.8589 -0.3685 0.3558
vn -0.7511 -0.4289 0.5019
vn -0.7730 -0.3685 0.5165
vn -0.8346 -0.4289 0.3457
vn -0.6324 -0.6492 0.4226
vn -0.7027 -0.6493 0.2911
vn -0.0000 -0.3685 -0.9296
vn -0.1762 -0.4289 -0.8860
vn -0.1813 -0.3685 -0.9118
vn -0.0000 -0.4289 -0.9033
vn -0.1484 -0.6492 -0.7460
vn -0.0000 -0.6493 -0.7606
vn -0.1762 -0.4289 0.8860
vn -0.1813 -0.3685 0.9118
vn -0.1661 -0.4229 0.8908
vn -0.1986 -0.3609 0.9112
vn -0.1444 -0.6424 0.7526
vn -0.1484 -0.6492 0.7460
vn 0.8589 -0.3685 0.3558
vn 0.8860 -0.4289 0.1762
vn 0.9118 -0.3685 0.1813
vn 0.8346 -0.4289 0.3457
vn 0.7460 -0.6492 0.1484
vn 0.7027 -0.6493 0.2911
vn -0.7511 -0.4289 -0.5019
vn -0.7730 -0.3685 -0.5165
vn -0.6324 -0.6492 -0.4226
vn 0.7511 -0.4289 -0.5019
vn 0.7730 -0.3685 -0.5165
vn 0.6324 -0.6492 -0.4226
vn 0.1986 -0.3609 0.9112
vn 0.1762 -0.4289 0.8860
vn 0.1813 -0.3685 0.9118
vn 0.1664 -0.4229 0.8908
vn 0.1484 -0.6492 0.7460
vn 0.1443 -0.6424 0.7526
vn -0.8860 -0.4289 0.1762
vn -0.9118 -0.3685 0.1813
vn -0.7460 -0.6492 0.1484
vn 0.1762 -0.4289 -0.8860
vn 0.1813 -0.3685 -0.9118
vn 0.1484 -0.6492 -0.7460
vn 0.7511 -0.4289 0.5019
vn 0.7730 -0.3685 0.5165
vn 0.6324 -0.6492 0.4226
vn 0.2843 -0.6696 0.6861
vn 0.4828 -0.4998 0.7191
vn 0.4125 -0.6699 0.6173
vn 0.3352 -0.4945 0.8019
vn 0.6118 -0.5031 0.6104
vn 0.5248 -0.6702 0.5249
vn 0.7115 -0.0447 0.7013
vn 0.5620 -0.0245 0.8268
vn 0.3959 0.0045 0.9183
vn -0.5790 -0.7177 0.3869
vn -0.6434 -0.7177 0.2665
vn -0.4924 -0.7177 0.4924
vn -0.5249 -0.6702 0.5248
vn -0.6173 -0.6699 0.4125
vn -0.6861 -0.6696 0.2843
vn 0.5790 -0.7177 -0.3869
vn 0.6434 -0.7177 -0.2665
vn 0.6173 -0.6699 -0.4125
vn 0.6861 -0.6696 -0.2843
vn -0.6830 -0.7177 0.1359
vn -0.6964 -0.7177 -0.0000
vn -0.7283 -0.6698 0.1448
vn -0.7422 -0.6702 -0.0001
vn 0.6830 -0.7177 -0.1359
vn 0.6964 -0.7177 -0.0000
vn 0.7283 -0.6698 -0.1448
vn 0.7422 -0.6702 0.0001
vn -0.6830 -0.7177 -0.1359
vn -0.6434 -0.7177 -0.2665
vn -0.7282 -0.6699 -0.1448
vn -0.6862 -0.6696 -0.2841
vn 0.6830 -0.7177 0.1359
vn 0.6434 -0.7177 0.2665
vn 0.7282 -0.6699 0.1448
vn 0.6862 -0.6696 0.2841
vn -0.5790 -0.7177 -0.3869
vn -0.4924 -0.7177 -0.4924
vn -0.6173 -0.6698 -0.4126
vn -0.5248 -0.6702 -0.5249
vn 0.5790 -0.7177 0.3869
vn 0.4924 -0.7177 0.4924
vn 0.6173 -0.6698 0.4126
vn -0.3869 -0.7177 -0.5790
vn -0.2665 -0.7177 -0.6434
vn -0.4125 -0.6699 -0.6173
vn -0.2843 -0.6696 -0.6861
vn 0.3869 -0.7177 0.5790
vn 0.2665 -0.7177 0.6434
vn -0.1359 -0.7177 -0.6830
vn -0.0000 -0.7177 -0.6964
vn -0.1448 -0.6698 -0.7283
vn 0.0001 -0.6702 -0.7422
vn -0.1359 -0.7177 0.6830
vn -0.2665 -0.7177 0.6434
vn -0.1371 -0.7109 0.6898
vn -0.1497 -0.6625 0.7339
vn -0.1448 -0.6699 0.7282
vn -0.2841 -0.6696 0.6862
vn 0.1359 -0.7177 0.6830
vn 0.1371 -0.7109 0.6898
vn 0.1448 -0.6698 0.7283
vn 0.1495 -0.6625 0.7340
vn 0.1359 -0.7177 -0.6830
vn 0.1448 -0.6699 -0.7282
vn -0.3869 -0.7177 0.5790
vn -0.4126 -0.6698 0.6173
vn -0.9256 -0.0113 -0.3783
vn -0.8473 0.5103 -0.1471
vn -0.9820 -0.0245 -0.1873
vn -0.7808 0.5469 -0.3021
vn -0.8792 0.4763 0.0113
vn -0.9987 -0.0487 -0.0140
vn -0.6802 0.7330 -0.0002
vn -0.6278 0.7723 -0.0969
vn -0.5549 0.7996 -0.2294
vn -0.1672 -0.4985 -0.8506
vn 0.0027 -0.5038 -0.8638
vn -0.3314 -0.4952 -0.8031
vn -0.3760 0.0001 -0.9266
vn -0.1875 -0.0202 -0.9821
vn 0.0141 -0.0487 -0.9987
vn -0.1676 -0.4997 0.8498
vn -0.3300 -0.4945 0.8041
vn -0.1785 -0.4933 0.8514
vn -0.2129 -0.0312 0.9766
vn -0.1873 -0.0246 0.9820
vn -0.3694 0.0044 0.9293
vn 0.1677 -0.4986 0.8505
vn 0.1748 -0.4937 0.8519
vn 0.1875 -0.0202 0.9821
vn 0.1948 -0.0323 0.9803
vn 0.1671 -0.4998 -0.8499
vn 0.3300 -0.4945 -0.8041
vn 0.1873 -0.0246 -0.9820
vn 0.3694 0.0044 -0.9293
vn -0.4832 -0.4985 0.7197
vn -0.6128 -0.5038 0.6089
vn -0.5618 -0.0202 0.8270
vn -0.7161 -0.0486 0.6963
vn 0.4834 -0.4985 -0.7196
vn 0.6127 -0.5038 -0.6089
vn 0.5619 -0.0202 -0.8269
vn 0.7161 -0.0486 -0.6963
vn -0.7191 -0.4998 0.4828
vn -0.8019 -0.4945 0.3352
vn -0.8268 -0.0245 0.5620
vn -0.9183 0.0045 0.3959
vn 0.7192 -0.4997 -0.4827
vn 0.8020 -0.4945 -0.3351
vn 0.8268 -0.0245 -0.5619
vn 0.9183 0.0045 -0.3959
vn -0.8505 -0.4986 0.1677
vn -0.8638 -0.5038 -0.0027
vn -0.9821 -0.0202 0.1874
vn 0.8505 -0.4986 -0.1677
vn 0.8638 -0.5038 0.0027
vn 0.9821 -0.0202 -0.1875
vn 0.9987 -0.0487 0.0141
vn -0.8499 -0.4997 -0.1672
vn -0.8041 -0.4945 -0.3300
vn 0.8499 -0.4998 0.1671
vn 0.8041 -0.4945 0.3300
vn 0.9820 -0.0246 0.1874
vn 0.9293 0.0044 0.3694
vn -0.7198 -0.4985 -0.4831
vn -0.6089 -0.5038 -0.6128
vn -0.8270 -0.0202 -0.5618
vn -0.6963 -0.0486 -0.7161
vn 0.7198 -0.4985 0.4831
vn 0.8270 -0.0202 0.5619
vn -0.4830 -0.4998 -0.7190
vn -0.5620 -0.0245 -0.8268
vn 0.8473 0.5103 0.1471
vn 0.7808 0.5469 0.3021
vn 0.8792 0.4763 -0.0113
vn 0.6802 0.7330 0.0002
vn 0.6278 0.7723 0.0969
vn 0.5549 0.7996 0.2294
vn -0.7038 0.5089 -0.4957
vn -0.6089 0.4717 -0.6378
vn -0.5213 0.7633 -0.3816
vn -0.4809 0.7330 -0.4811
vn 0.7038 0.5088 0.4957
vn 0.6089 0.4717 0.6378
vn 0.5213 0.7633 0.3816
vn 0.4809 0.7330 0.4811
vn -0.4951 0.5103 -0.7032
vn -0.3385 0.5469 -0.7657
vn -0.3754 0.7723 -0.5125
vn -0.2302 0.7996 -0.5546
vn 0.4953 0.5099 0.7033
vn 0.3385 0.5469 0.7657
vn 0.3754 0.7723 0.5125
vn 0.2301 0.7996 0.5546
vn -0.1471 0.5094 -0.8479
vn 0.0204 0.4717 -0.8815
vn -0.0987 0.7633 -0.6385
vn 0.0002 0.7330 -0.6802
vn -0.1471 0.5105 0.8472
vn -0.3021 0.5469 0.7808
vn -0.1529 0.4865 0.8602
vn -0.1902 0.6745 0.7133
vn -0.0969 0.7723 0.6278
vn -0.2294 0.7996 0.5549
vn 0.1471 0.5094 0.8479
vn 0.1308 0.4880 0.8630
vn 0.0987 0.7633 0.6385
vn 0.1740 0.6642 0.7270
vn 0.1471 0.5105 -0.8472
vn 0.3021 0.5469 -0.7808
vn 0.0969 0.7723 -0.6278
vn 0.2294 0.7996 -0.5549
vn -0.4955 0.5094 0.7036
vn -0.6378 0.4717 0.6089
vn -0.3817 0.7633 0.5213
vn -0.4811 0.7330 0.4809
vn 0.4957 0.5089 -0.7038
vn 0.6378 0.4717 -0.6089
vn 0.3817 0.7633 -0.5213
vn 0.4811 0.7330 -0.4809
vn -0.7031 0.5105 0.4950
vn -0.7657 0.5469 0.3385
vn -0.5125 0.7723 0.3754
vn -0.5546 0.7996 0.2301
vn 0.7032 0.5102 -0.4952
vn 0.7657 0.5469 -0.3385
vn 0.5125 0.7723 -0.3754
vn 0.5546 0.7996 -0.2302
vn -0.8479 0.5094 0.1471
vn -0.6385 0.7633 0.0987
vn 0.8479 0.5094 -0.1471
vn 0.6385 0.7633 -0.0987
vn -0.0000 -0.1229 -0.9924
vn 0.1936 -0.1225 -0.9734
vn 0.3798 -0.1229 -0.9169
vn 0.5514 -0.1225 -0.8252
vn 0.7017 -0.1229 -0.7017
vn 0.8252 -0.1225 -0.5514
vn 0.9169 -0.1229 -0.3798
vn 0.9734 -0.1225 -0.1936
vn 0.9924 -0.1229 -0.0000
vn 0.9734 -0.1225 0.1936
vn 0.9169 -0.1229 0.3798
vn 0.8252 -0.1225 0.5514
vn 0.7018 -0.1229 0.7017
vn 0.5514 -0.1225 0.8252
vn 0.3798 -0.1229 0.9169
vn 0.1936 -0.1226 0.9734
vn -0.0000 -0.1230 0.9924
vn -0.1936 -0.1226 0.9734
vn -0.3798 -0.1229 0.9169
vn -0.5514 -0.1225 0.8252
vn -0.7017 -0.1229 0.7017
vn -0.8252 -0.1225 0.5514
vn -0.9169 -0.1229 0.3798
vn -0.9734 -0.1225 0.1936
vn -0.9924 -0.1229 -0.0000
vn -0.9734 -0.1225 -0.1936
vn -0.9169 -0.1229 -0.3798
vn -0.8252 -0.1225 -0.5514
vn -0.7017 -0.1229 -0.7017
vn -0.5514 -0.1225 -0.8252
vn -0.3798 -0.1229 -0.9169
vn -0.1936 -0.1225 -0.9734
vn -0.0001 -0.1229 -0.9924
vn -0.0513 -0.9910 -0.1240
vn -0.2707 -0.7068 -0.6536
vn -0.1359 -0.7174 -0.6833
vn -0.0156 -0.9968 -0.0787
vn -0.3798 -0.1231 -0.9168
vn -0.1936 -0.1226 -0.9734
vn -0.0000 -0.1231 -0.9924
vn -0.0001 -0.7068 -0.7074
vn -0.0001 -0.9909 -0.1343
vn -0.0949 -0.9910 -0.0949
vn -0.5002 -0.7068 -0.5002
vn -0.3870 -0.7174 -0.5792
vn -0.0445 -0.9968 -0.0667
vn -0.7017 -0.1231 -0.7017
vn -0.5514 -0.1226 -0.8252
vn -0.1240 -0.9910 -0.0513
vn -0.6536 -0.7068 -0.2707
vn -0.5792 -0.7174 -0.3870
vn -0.0667 -0.9968 -0.0445
vn -0.9169 -0.1231 -0.3798
vn -0.8252 -0.1226 -0.5514
vn -0.1342 -0.9909 -0.0000
vn -0.7074 -0.7068 -0.0000
vn -0.6832 -0.7174 -0.1359
vn -0.0787 -0.9968 -0.0157
vn -0.9924 -0.1231 -0.0000
vn -0.9734 -0.1226 -0.1936
vn -0.1240 -0.9910 0.0513
vn -0.6536 -0.7068 0.2707
vn -0.6833 -0.7174 0.1359
vn -0.0787 -0.9968 0.0156
vn -0.9168 -0.1231 0.3798
vn -0.9734 -0.1226 0.1936
vn -0.0949 -0.9910 0.0949
vn -0.5002 -0.7068 0.5002
vn -0.5792 -0.7174 0.3870
vn -0.0667 -0.9968 0.0445
vn -0.7017 -0.1231 0.7017
vn -0.8252 -0.1226 0.5514
vn -0.0513 -0.9910 0.1240
vn -0.2707 -0.7068 0.6536
vn -0.3870 -0.7174 0.5792
vn -0.0445 -0.9968 0.0667
vn -0.3798 -0.1231 0.9169
vn -0.5514 -0.1226 0.8252
vn -0.0000 -0.9909 0.1342
vn -0.0000 -0.7068 0.7074
vn -0.1359 -0.7174 0.6832
vn -0.0157 -0.9968 0.0787
vn 0.0513 -0.9910 0.1240
vn 0.2707 -0.7068 0.6536
vn 0.1359 -0.7174 0.6833
vn 0.0156 -0.9968 0.0787
vn 0.3798 -0.1231 0.9168
vn 0.0949 -0.9910 0.0949
vn 0.5002 -0.7068 0.5002
vn 0.3870 -0.7174 0.5793
vn 0.0445 -0.9968 0.0667
vn 0.7017 -0.1231 0.7017
vn 0.5514 -0.1226 0.8252
vn 0.1240 -0.9910 0.0513
vn 0.6536 -0.7068 0.2707
vn 0.5792 -0.7174 0.3870
vn 0.0667 -0.9968 0.0445
vn 0.9169 -0.1231 0.3798
vn 0.8252 -0.1226 0.5514
vn 0.1342 -0.9910 -0.0000
vn 0.7074 -0.7068 -0.0000
vn 0.6832 -0.7174 0.1359
vn 0.0787 -0.9968 0.0157
vn 0.9924 -0.1231 -0.0000
vn 0.9734 -0.1226 0.1936
vn 0.1240 -0.9910 -0.0513
vn 0.6536 -0.7068 -0.2707
vn 0.6833 -0.7174 -0.1359
vn 0.0787 -0.9968 -0.0156
vn 0.9168 -0.1231 -0.3798
vn 0.9734 -0.1226 -0.1936
vn 0.0949 -0.9910 -0.0949
vn 0.5002 -0.7068 -0.5002
vn 0.5793 -0.7174 -0.3870
vn 0.0667 -0.9968 -0.0445
vn 0.7017 -0.1231 -0.7017
vn 0.8252 -0.1226 -0.5514
vn 0.0513 -0.9910 -0.1240
vn 0.2707 -0.7068 -0.6536
vn 0.3870 -0.7174 -0.5792
vn 0.0445 -0.9968 -0.0667
vn 0.3798 -0.1231 -0.9169
vn 0.5514 -0.1226 -0.8252
vn -0.0000 -0.9910 -0.1342
vn -0.0000 -0.7068 -0.7074
vn 0.1359 -0.7174 -0.6833
vn 0.0157 -0.9968 -0.0787
vn 0.0001 -0.1231 -0.9924
vn 0.1936 -0.1226 -0.9734
vn -0.0000 -0.9910 -0.1341
vn 0.0156 -0.9968 -0.0786
vn -0.0000 -1.0000 -0.0000
vn -0.0156 -0.9968 -0.0786
vn 0.0513 -0.9910 -0.1239
vn 0.0445 -0.9968 -0.0666
vn 0.0948 -0.9910 -0.0948
vn 0.0666 -0.9968 -0.0445
vn 0.1239 -0.9910 -0.0513
vn 0.0786 -0.9968 -0.0156
vn 0.1341 -0.9910 -0.0000
vn 0.0786 -0.9968 0.0156
vn 0.1239 -0.9910 0.0513
vn 0.0666 -0.9968 0.0445
vn 0.0948 -0.9910 0.0948
vn 0.0445 -0.9968 0.0666
vn 0.0513 -0.9910 0.1239
vn 0.0156 -0.9968 0.0786
vn -0.0000 -0.9910 0.1341
vn -0.0156 -0.9968 0.0786
vn -0.0513 -0.9910 0.1239
vn -0.0445 -0.9968 0.0666
vn -0.0948 -0.9910 0.0948
vn -0.0666 -0.9968 0.0445
vn -0.1239 -0.9910 0.0513
vn -0.0786 -0.9968 0.0156
vn -0.1341 -0.9910 -0.0000
vn -0.0786 -0.9968 -0.0156
vn -0.1239 -0.9910 -0.0513
vn -0.0666 -0.9968 -0.0445
vn -0.0948 -0.9910 -0.0948
vn -0.0445 -0.9968 -0.0666
vn -0.0513 -0.9910 -0.1239
vn -0.6621 0.3509 0.6621
vn -0.5512 0.3523 0.7563
vn -0.2818 0.8832 0.3749
vn -0.3392 0.8774 0.3392
vn -0.3575 0.3569 0.8630
vn -0.1832 0.8780 0.4422
vn -0.0317 0.9966 0.0766
vn -0.0335 0.9985 0.0423
vn -0.0628 0.9960 0.0628
vn 0.0317 0.9966 -0.0766
vn 0.0061 0.9985 -0.0535
vn -0.0000 1.0000 -0.0000
vn 0.0335 0.9985 -0.0422
vn -0.0000 0.9960 -0.0888
vn -0.0061 0.9985 -0.0536
vn 0.0061 0.9985 -0.0536
vn -0.0317 0.9966 -0.0766
vn -0.0335 0.9985 -0.0422
vn -0.0061 0.9985 -0.0535
vn -0.0628 0.9960 -0.0628
vn -0.0422 0.9985 -0.0335
vn -0.0766 0.9966 -0.0317
vn -0.0535 0.9985 -0.0061
vn -0.0888 0.9960 -0.0000
vn -0.0536 0.9985 0.0061
vn -0.0536 0.9985 -0.0061
vn -0.0766 0.9966 0.0317
vn -0.0422 0.9985 0.0335
vn -0.0535 0.9985 0.0061
vn -0.0335 0.9985 0.0422
vn -0.0061 0.9985 0.0535
vn -0.0000 0.9960 0.0888
vn 0.0061 0.9985 0.0536
vn -0.0061 0.9985 0.0536
vn 0.0317 0.9966 0.0766
vn 0.0335 0.9985 0.0422
vn 0.0061 0.9985 0.0535
vn 0.0628 0.9960 0.0628
vn 0.0422 0.9985 0.0335
vn 0.0766 0.9966 0.0317
vn 0.0535 0.9985 0.0061
vn 0.0888 0.9960 -0.0000
vn 0.0536 0.9985 -0.0061
vn 0.0536 0.9985 0.0061
vn 0.0766 0.9966 -0.0317
vn 0.0422 0.9985 -0.0335
vn 0.0535 0.9985 -0.0061
vn 0.0628 0.9960 -0.0628
vn 0.8630 0.3569 -0.3575
vn 0.7563 0.3523 -0.5512
vn 0.3749 0.8832 -0.2818
vn 0.4422 0.8780 -0.1831
vn 0.6621 0.3509 -0.6621
vn 0.3393 0.8774 -0.3393
vn -0.8630 0.3569 0.3575
vn -0.7563 0.3523 0.5512
vn -0.3749 0.8832 0.2818
vn -0.4422 0.8780 0.1831
vn -0.0423 0.9985 0.0335
vn 0.9364 0.3509 -0.0000
vn 0.9246 0.3523 -0.1450
vn 0.4644 0.8832 -0.0658
vn 0.4798 0.8774 -0.0000
vn 0.0889 0.9960 -0.0000
vn -0.9364 0.3509 -0.0000
vn -0.9246 0.3523 0.1450
vn -0.4644 0.8832 0.0658
vn -0.4798 0.8774 -0.0000
vn -0.0889 0.9960 -0.0000
vn 0.8630 0.3569 0.3575
vn 0.9246 0.3523 0.1450
vn 0.4644 0.8832 0.0658
vn 0.4422 0.8780 0.1831
vn -0.8630 0.3569 -0.3575
vn -0.9246 0.3523 -0.1450
vn -0.4644 0.8832 -0.0658
vn -0.4422 0.8780 -0.1831
vn 0.6621 0.3509 0.6621
vn 0.7563 0.3523 0.5512
vn 0.3749 0.8832 0.2818
vn 0.3393 0.8774 0.3393
vn 0.0423 0.9985 0.0335
vn -0.6622 0.3509 -0.6621
vn -0.7563 0.3523 -0.5512
vn -0.3749 0.8832 -0.2818
vn -0.3393 0.8774 -0.3393
vn -0.0423 0.9985 -0.0335
vn 0.3575 0.3569 0.8630
vn 0.5512 0.3523 0.7563
vn 0.2818 0.8832 0.3749
vn 0.1832 0.8780 0.4421
vn 0.0335 0.9985 0.0423
vn -0.3575 0.3569 -0.8630
vn -0.5512 0.3523 -0.7563
vn -0.2818 0.8832 -0.3749
vn -0.1831 0.8780 -0.4422
vn -0.0000 0.3509 0.9364
vn 0.1450 0.3523 0.9246
vn 0.0658 0.8832 0.4644
vn -0.0000 0.8774 0.4798
vn -0.0000 0.9960 0.0889
vn 0.3574 0.3569 -0.8630
vn 0.1450 0.3523 -0.9246
vn 0.0658 0.8832 -0.4644
vn 0.1831 0.8780 -0.4422
vn -0.0000 0.3509 -0.9364
vn -0.0000 0.8774 -0.4798
vn -0.1450 0.3523 -0.9246
vn -0.0658 0.8832 -0.4644
vn -0.0000 0.9960 -0.0889
vn -0.1450 0.3523 0.9246
vn -0.0658 0.8832 0.4644
vn 0.5512 0.3523 -0.7563
vn 0.2818 0.8832 -0.3749
vn 0.0335 0.9985 -0.0423
vn 0.5867 -0.0000 -0.8098
vn 0.3575 0.3568 -0.8631
vn 0.5512 0.3521 -0.7564
vn 0.6622 0.3507 -0.6622
vn -0.1577 -0.0000 0.9875
vn -0.0000 0.3507 0.9365
vn -0.1449 0.3521 0.9247
vn -0.3575 0.3568 0.8631
vn -0.0000 -0.0000 -1.0000
vn -0.1577 -0.0000 -0.9875
vn -0.3575 0.3568 -0.8631
vn -0.1450 0.3521 -0.9246
vn -0.0000 0.3507 -0.9365
vn 0.1577 -0.0000 -0.9875
vn 0.1450 0.3521 -0.9246
vn 0.1577 -0.0000 0.9875
vn 0.3575 0.3568 0.8631
vn 0.1450 0.3521 0.9246
vn -0.5867 -0.0000 -0.8098
vn -0.6622 0.3507 -0.6622
vn -0.5512 0.3521 -0.7564
vn 0.5867 -0.0000 0.8098
vn 0.6622 0.3507 0.6622
vn 0.5513 0.3521 0.7564
vn -0.8098 -0.0000 -0.5867
vn -0.8631 0.3568 -0.3575
vn -0.7564 0.3521 -0.5513
vn 0.8098 -0.0000 0.5867
vn 0.8631 0.3568 0.3575
vn 0.7563 0.3521 0.5513
vn -0.9875 -0.0000 -0.1577
vn -0.9365 0.3507 -0.0000
vn -0.9246 0.3521 -0.1451
vn 0.9875 -0.0000 0.1577
vn 0.9365 0.3507 -0.0000
vn 0.9246 0.3521 0.1451
vn -0.9875 -0.0000 0.1577
vn -0.8631 0.3568 0.3575
vn -0.9246 0.3521 0.1450
vn 0.9875 -0.0000 -0.1577
vn 0.8631 0.3568 -0.3575
vn 0.9246 0.3521 -0.1451
vn -0.8098 -0.0000 0.5867
vn -0.6622 0.3507 0.6622
vn -0.7563 0.3521 0.5513
vn 0.8098 -0.0000 -0.5867
vn 0.7564 0.3521 -0.5513
vn -0.5867 -0.0000 0.8098
vn -0.5513 0.3521 0.7563
vn -0.7069 -0.0143 0.7071
vn -0.5866 -0.0144 0.8097
vn -0.3825 -0.0153 0.9238
vn 0.9237 -0.0153 -0.3827
vn 0.8097 -0.0146 -0.5866
vn 0.7071 -0.0137 -0.7070
vn -0.9237 -0.0153 0.3827
vn -0.8097 -0.0146 0.5866
vn 0.9999 -0.0137 0.0001
vn 0.9874 -0.0144 -0.1578
vn -0.9999 -0.0137 -0.0001
vn -0.9874 -0.0144 0.1578
vn 0.9238 -0.0152 0.3825
vn 0.9874 -0.0146 0.1578
vn -0.9238 -0.0153 -0.3825
vn -0.9874 -0.0146 -0.1578
vn 0.7070 -0.0137 0.7071
vn 0.8097 -0.0144 0.5866
vn -0.7070 -0.0137 -0.7071
vn -0.8097 -0.0144 -0.5866
vn 0.3827 -0.0152 0.9237
vn 0.5866 -0.0146 0.8097
vn -0.3827 -0.0152 -0.9237
vn -0.5866 -0.0146 -0.8097
vn -0.0001 -0.0137 0.9999
vn 0.1578 -0.0144 0.9874
vn 0.3825 -0.0153 -0.9238
vn 0.1578 -0.0146 -0.9874
vn -0.0000 -0.0139 -0.9999
vn -0.0000 -0.0140 -0.9999
vn -0.1578 -0.0144 -0.9874
vn -0.1578 -0.0146 0.9874
vn 0.5866 -0.0144 -0.8097
vn 0.6007 -0.5277 -0.6006
vn 0.4930 -0.5422 -0.6804
vn 0.5722 -0.2231 -0.7892
vn 0.6904 -0.2160 -0.6904
vn 0.3179 -0.5568 -0.7674
vn 0.3723 -0.2309 -0.8989
vn -0.3179 -0.5568 0.7674
vn -0.1324 -0.5422 0.8297
vn -0.1535 -0.2235 0.9625
vn -0.3723 -0.2309 0.8989
vn -0.0000 -0.5277 0.8494
vn -0.0000 -0.2159 0.9764
vn -0.0000 -0.5277 -0.8494
vn -0.1324 -0.5422 -0.8297
vn -0.1535 -0.2226 -0.9627
vn -0.0000 -0.2160 -0.9764
vn -0.3179 -0.5568 -0.7674
vn -0.3723 -0.2309 -0.8989
vn 0.1324 -0.5422 -0.8297
vn 0.1535 -0.2239 -0.9625
vn 0.1324 -0.5422 0.8297
vn 0.1535 -0.2231 0.9626
vn 0.3179 -0.5568 0.7674
vn 0.3723 -0.2309 0.8989
vn -0.4930 -0.5422 -0.6804
vn -0.5720 -0.2239 -0.7891
vn -0.6006 -0.5277 -0.6007
vn -0.6904 -0.2160 -0.6904
vn 0.4930 -0.5422 0.6804
vn 0.5720 -0.2239 0.7891
vn 0.6006 -0.5277 0.6007
vn 0.6904 -0.2159 0.6904
vn -0.6804 -0.5422 -0.4930
vn -0.7892 -0.2233 -0.5721
vn -0.7674 -0.5568 -0.3179
vn -0.8989 -0.2309 -0.3723
vn 0.6804 -0.5422 0.4930
vn 0.7892 -0.2232 0.5722
vn 0.7674 -0.5568 0.3179
vn 0.8989 -0.2309 0.3723
vn -0.8297 -0.5422 -0.1324
vn -0.9626 -0.2234 -0.1535
vn -0.8494 -0.5277 -0.0000
vn -0.9764 -0.2159 -0.0000
vn 0.8297 -0.5422 0.1324
vn 0.9625 -0.2235 0.1535
vn 0.8494 -0.5277 -0.0000
vn 0.9764 -0.2159 -0.0000
vn -0.8297 -0.5422 0.1324
vn -0.9627 -0.2226 0.1535
vn -0.7674 -0.5568 0.3179
vn -0.8989 -0.2309 0.3723
vn 0.8297 -0.5422 -0.1324
vn 0.9627 -0.2226 -0.1535
vn 0.7674 -0.5568 -0.3179
vn 0.8989 -0.2309 -0.3723
vn -0.6804 -0.5422 0.4930
vn -0.7891 -0.2235 0.5721
vn -0.6007 -0.5277 0.6006
vn -0.6904 -0.2160 0.6904
vn 0.6804 -0.5422 -0.4930
vn 0.7892 -0.2232 -0.5722
vn -0.4930 -0.5422 0.6804
vn -0.5722 -0.2230 0.7892
vt 0.532142 0.737794
vt 0.532142 0.670441
vt 0.548567 0.669449
vt 0.548567 0.736803
vt 0.532142 0.606439
vt 0.548567 0.605448
vt 0.567886 0.604668
vt 0.567886 0.668669
vt 0.567886 0.736022
vt 0.441901 0.538451
vt 0.509254 0.538451
vt 0.508474 0.557770
vt 0.441120 0.557770
vt 0.573255 0.538451
vt 0.572475 0.557770
vt 0.571484 0.574195
vt 0.507483 0.574195
vt 0.440129 0.574195
vt 0.442715 0.494148
vt 0.510068 0.494148
vt 0.509792 0.516965
vt 0.442438 0.516965
vt 0.574070 0.494148
vt 0.573793 0.516965
vt 0.442449 0.448030
vt 0.509802 0.448030
vt 0.510071 0.470872
vt 0.442718 0.470872
vt 0.573804 0.448030
vt 0.574073 0.470871
vt 0.386518 0.571437
vt 0.386518 0.504366
vt 0.405999 0.502974
vt 0.405999 0.570046
vt 0.386518 0.440632
vt 0.405999 0.439241
vt 0.509269 0.426507
vt 0.573271 0.426507
vt 0.441916 0.426507
vt 0.342046 0.572857
vt 0.342046 0.505785
vt 0.364919 0.505314
vt 0.364919 0.572385
vt 0.342046 0.442052
vt 0.364919 0.441580
vt 0.295988 0.572309
vt 0.295988 0.505237
vt 0.318771 0.505758
vt 0.318771 0.572830
vt 0.295988 0.441504
vt 0.318771 0.442025
vt 0.406751 0.247958
vt 0.339398 0.247958
vt 0.340178 0.228640
vt 0.407531 0.228640
vt 0.275396 0.247958
vt 0.276176 0.228640
vt 0.274579 0.504239
vt 0.274579 0.440506
vt 0.274579 0.571311
vt 0.405937 0.292262
vt 0.338583 0.292262
vt 0.338860 0.269445
vt 0.406213 0.269445
vt 0.274582 0.292262
vt 0.274858 0.269445
vt 0.406203 0.338380
vt 0.338850 0.338380
vt 0.338580 0.315538
vt 0.405934 0.315538
vt 0.274848 0.338380
vt 0.274579 0.315538
vt 0.407509 0.379292
vt 0.340156 0.379292
vt 0.339382 0.359903
vt 0.406735 0.359903
vt 0.276155 0.379292
vt 0.275381 0.359903
vt 0.409657 0.408769
vt 0.342304 0.408769
vt 0.341143 0.395784
vt 0.408496 0.395784
vt 0.278302 0.408769
vt 0.277142 0.395784
vt 0.017384 0.405912
vt 0.084738 0.405912
vt 0.083750 0.422404
vt 0.016397 0.422404
vt 0.148739 0.405912
vt 0.147752 0.422404
vt 0.146591 0.435388
vt 0.082589 0.435388
vt 0.015236 0.435388
vt 0.018691 0.365001
vt 0.086045 0.365000
vt 0.085512 0.386523
vt 0.018159 0.386523
vt 0.150046 0.365000
vt 0.149513 0.386523
vt 0.018958 0.318882
vt 0.086311 0.318882
vt 0.086314 0.342159
vt 0.018961 0.342159
vt 0.150312 0.318882
vt 0.150315 0.342159
vt 0.018143 0.274579
vt 0.085496 0.274579
vt 0.086034 0.296065
vt 0.018681 0.296065
vt 0.149498 0.274579
vt 0.150036 0.296065
vt 0.350339 0.958130
vt 0.330635 0.915995
vt 0.349928 0.916538
vt 0.331012 0.957586
vt 0.331284 0.893024
vt 0.350339 0.893560
vt 0.642859 0.762554
vt 0.666476 0.740717
vt 0.665516 0.761826
vt 0.643831 0.741182
vt 0.601471 0.762702
vt 0.602445 0.741292
vt 0.644326 0.718439
vt 0.602940 0.718508
vt 0.666965 0.718255
vt 0.666965 0.695307
vt 0.644326 0.695204
vt 0.602940 0.695233
vt 0.643830 0.672372
vt 0.602443 0.672360
vt 0.666475 0.672756
vt 0.665516 0.651463
vt 0.642859 0.650812
vt 0.601471 0.650763
vt 0.565771 0.228980
vt 0.524732 0.248002
vt 0.524180 0.228640
vt 0.566324 0.248376
vt 0.501755 0.248427
vt 0.501209 0.229304
vt 0.502039 0.269652
vt 0.525020 0.269492
vt 0.566613 0.269904
vt 0.525030 0.292295
vt 0.566622 0.292747
vt 0.502048 0.292173
vt 0.501785 0.315121
vt 0.524763 0.315529
vt 0.566355 0.316022
vt 0.524228 0.338301
vt 0.565819 0.338834
vt 0.501257 0.337612
vt 0.500486 0.358789
vt 0.523448 0.359742
vt 0.565037 0.360313
vt 0.522450 0.379017
vt 0.564038 0.379622
vt 0.499500 0.377826
vt 0.498339 0.394007
vt 0.521274 0.395401
vt 0.562860 0.396035
vt 0.018422 0.662473
vt 0.058927 0.645681
vt 0.060011 0.662071
vt 0.017336 0.646054
vt 0.081883 0.644618
vt 0.082953 0.660806
vt 0.081003 0.625576
vt 0.058036 0.626401
vt 0.016444 0.626740
vt 0.057375 0.604955
vt 0.015782 0.605257
vt 0.080350 0.604395
vt 0.079948 0.581901
vt 0.056968 0.582180
vt 0.015373 0.582442
vt 0.056831 0.558945
vt 0.015236 0.559166
vt 0.079812 0.558952
vt 0.079948 0.536431
vt 0.056968 0.536143
vt 0.015373 0.536323
vt 0.057375 0.514655
vt 0.015782 0.514797
vt 0.080350 0.515209
vt 0.081003 0.496089
vt 0.058036 0.495297
vt 0.016444 0.495405
vt 0.058927 0.478828
vt 0.017336 0.478907
vt 0.081883 0.479823
vt 0.082953 0.467016
vt 0.060011 0.465860
vt 0.018422 0.465917
vt 0.679116 0.015804
vt 0.638455 0.028216
vt 0.637531 0.015236
vt 0.680042 0.028807
vt 0.615489 0.028930
vt 0.614576 0.016110
vt 0.616168 0.045205
vt 0.639143 0.044695
vt 0.680731 0.045315
vt 0.639566 0.064061
vt 0.681154 0.064714
vt 0.616585 0.064332
vt 0.616727 0.085558
vt 0.639709 0.085552
vt 0.681298 0.086243
vt 0.215859 0.857633
vt 0.228175 0.880172
vt 0.215858 0.880581
vt 0.228175 0.857940
vt 0.227702 0.901934
vt 0.215370 0.903044
vt 0.234825 0.900275
vt 0.235275 0.879568
vt 0.235276 0.858414
vt 0.639566 0.108354
vt 0.681154 0.109086
vt 0.616585 0.108079
vt 0.616168 0.131024
vt 0.639143 0.131586
vt 0.680731 0.132359
vt 0.638455 0.154354
vt 0.680042 0.155167
vt 0.615489 0.153511
vt 0.614576 0.174682
vt 0.637531 0.175790
vt 0.679116 0.176640
vt 0.645565 0.548212
vt 0.639033 0.526796
vt 0.645865 0.527453
vt 0.638752 0.546270
vt 0.639082 0.506950
vt 0.645918 0.506298
vt 0.631716 0.507646
vt 0.631670 0.526095
vt 0.631409 0.544200
vt 0.486591 0.375356
vt 0.485466 0.391033
vt 0.487546 0.356913
vt 0.479554 0.354217
vt 0.478645 0.371766
vt 0.477575 0.386683
vt 0.662994 0.620290
vt 0.651274 0.604642
vt 0.664173 0.607493
vt 0.650132 0.617041
vt 0.652258 0.588891
vt 0.665189 0.591235
vt 0.644280 0.585391
vt 0.643343 0.600377
vt 0.757425 0.304949
vt 0.749844 0.283897
vt 0.755239 0.282824
vt 0.751924 0.304949
vt 0.489060 0.292375
vt 0.488804 0.314607
vt 0.489050 0.270556
vt 0.480985 0.272049
vt 0.480994 0.292810
vt 0.480751 0.313963
vt 0.666583 0.550903
vt 0.653923 0.528000
vt 0.666908 0.528384
vt 0.653609 0.549817
vt 0.653979 0.505767
vt 0.666965 0.505435
vt 0.242427 0.389481
vt 0.229711 0.366730
vt 0.242700 0.366534
vt 0.229447 0.388962
vt 0.229711 0.344911
vt 0.242700 0.344012
vt 0.221646 0.346400
vt 0.221646 0.367161
vt 0.221394 0.388314
vt 0.214410 0.813789
vt 0.227701 0.836092
vt 0.215369 0.835082
vt 0.226772 0.815463
vt 0.234824 0.837626
vt 0.233940 0.817998
vt 0.666277 0.461753
vt 0.652615 0.444992
vt 0.665557 0.442704
vt 0.653312 0.463447
vt 0.651709 0.429301
vt 0.664623 0.426507
vt 0.643758 0.433540
vt 0.644620 0.448471
vt 0.645283 0.466031
vt 0.226772 0.922384
vt 0.214410 0.924152
vt 0.787898 0.379683
vt 0.806192 0.364012
vt 0.806781 0.377074
vt 0.787898 0.366540
vt 0.807338 0.355656
vt 0.789931 0.358061
vt 0.233940 0.919733
vt 0.241887 0.303664
vt 0.228167 0.290057
vt 0.241105 0.287393
vt 0.228924 0.305821
vt 0.227204 0.277643
vt 0.240112 0.274579
vt 0.755239 0.327075
vt 0.749844 0.326002
vt 0.220176 0.294207
vt 0.220896 0.309206
vt 0.488293 0.336397
vt 0.480264 0.334696
vt 0.653046 0.570374
vt 0.666002 0.572121
vt 0.645030 0.567771
vt 0.241109 0.433148
vt 0.228926 0.410751
vt 0.241889 0.411972
vt 0.228170 0.431267
vt 0.220898 0.409047
vt 0.220179 0.428568
vt 0.488775 0.249993
vt 0.488246 0.231466
vt 0.480220 0.234855
vt 0.480723 0.252483
vt 0.653772 0.483972
vt 0.666752 0.482938
vt 0.645721 0.485560
vt 0.229445 0.324348
vt 0.242425 0.322787
vt 0.221392 0.326835
vt 0.207214 0.386762
vt 0.198854 0.368835
vt 0.207433 0.368314
vt 0.198655 0.386017
vt 0.198848 0.351963
vt 0.207433 0.350208
vt 0.190721 0.352785
vt 0.190767 0.369082
vt 0.190615 0.385623
vt 0.719985 0.050247
vt 0.720400 0.071796
vt 0.713850 0.070493
vt 0.726155 0.052803
vt 0.718449 0.091546
vt 0.711770 0.091546
vt 0.725571 0.091546
vt 0.727385 0.073185
vt 0.732735 0.055528
vt 0.743710 0.263651
vt 0.728178 0.248707
vt 0.733731 0.244997
vt 0.737539 0.266207
vt 0.715593 0.233362
vt 0.720316 0.228640
vt 0.710557 0.238398
vt 0.722257 0.252664
vt 0.730960 0.268932
vt 0.743378 0.015236
vt 0.735516 0.035304
vt 0.729963 0.031593
vt 0.748101 0.019959
vt 0.741437 0.039260
vt 0.753137 0.024995
vt 0.743294 0.285200
vt 0.745246 0.304949
vt 0.736309 0.286589
vt 0.738124 0.304949
vt 0.474154 0.293371
vt 0.473926 0.313215
vt 0.474145 0.273895
vt 0.466775 0.275862
vt 0.466782 0.293968
vt 0.466571 0.312417
vt 0.743710 0.346248
vt 0.743294 0.324699
vt 0.737539 0.343692
vt 0.736309 0.323309
vt 0.730960 0.340966
vt 0.222625 0.764663
vt 0.238156 0.779607
vt 0.232603 0.783317
vt 0.228795 0.762107
vt 0.473469 0.332665
vt 0.466146 0.330498
vt 0.244077 0.775650
vt 0.235375 0.759382
vt 0.720316 0.381259
vt 0.728178 0.361191
vt 0.733731 0.364901
vt 0.715593 0.376536
vt 0.722257 0.357235
vt 0.710557 0.371500
vt 0.214410 0.723365
vt 0.223040 0.743114
vt 0.216490 0.744417
vt 0.221089 0.723365
vt 0.230025 0.741725
vt 0.228211 0.723365
vt 0.214805 0.367719
vt 0.214569 0.387564
vt 0.214805 0.348243
vt 0.222625 0.682066
vt 0.223040 0.703615
vt 0.216490 0.702312
vt 0.228795 0.684622
vt 0.230025 0.705005
vt 0.235375 0.687348
vt 0.719985 0.132844
vt 0.735516 0.147787
vt 0.729963 0.151498
vt 0.726155 0.130288
vt 0.748101 0.163132
vt 0.743378 0.167855
vt 0.753137 0.158096
vt 0.741437 0.143831
vt 0.732735 0.127563
vt 0.851544 0.376811
vt 0.844897 0.356309
vt 0.851544 0.355656
vt 0.844897 0.376154
vt 0.214104 0.407013
vt 0.206781 0.404843
vt 0.837810 0.357004
vt 0.837810 0.375454
vt 0.638897 0.487496
vt 0.232603 0.663413
vt 0.238156 0.667123
vt 0.244077 0.671079
vt 0.631545 0.489560
vt 0.720400 0.111295
vt 0.713850 0.112598
vt 0.727385 0.109906
vt 0.449972 0.311285
vt 0.444285 0.294593
vt 0.450116 0.294744
vt 0.444227 0.311448
vt 0.444142 0.277865
vt 0.450064 0.278447
vt 0.440129 0.276816
vt 0.440359 0.294302
vt 0.754401 0.865681
vt 0.758343 0.866106
vt 0.754206 0.883117
vt 0.631163 0.472528
vt 0.622088 0.461278
vt 0.630585 0.457214
vt 0.622621 0.475558
vt 0.234628 0.723365
vt 0.236332 0.706266
vt 0.613408 0.451423
vt 0.621393 0.449141
vt 0.614038 0.463179
vt 0.614515 0.477045
vt 0.784381 0.097639
vt 0.791143 0.111505
vt 0.783609 0.114609
vt 0.791859 0.095705
vt 0.828879 0.179264
vt 0.843505 0.165625
vt 0.843505 0.174688
vt 0.829869 0.169897
vt 0.842196 0.157488
vt 0.828969 0.161675
vt 0.798716 0.109974
vt 0.799381 0.094804
vt 0.206154 0.421868
vt 0.198247 0.402854
vt 0.197657 0.418715
vt 0.190183 0.401812
vt 0.189573 0.417111
vt 0.622982 0.491426
vt 0.623148 0.508267
vt 0.614904 0.492352
vt 0.615103 0.508545
vt 0.784774 0.061132
vt 0.792227 0.078883
vt 0.784773 0.079581
vt 0.792231 0.061689
vt 0.799759 0.078589
vt 0.799785 0.061960
vt 0.623099 0.525451
vt 0.622851 0.542320
vt 0.615016 0.525087
vt 0.614736 0.541381
vt 0.783609 0.025884
vt 0.791861 0.044791
vt 0.784380 0.043002
vt 0.791139 0.028842
vt 0.799404 0.045600
vt 0.798686 0.030208
vt 0.630288 0.576624
vt 0.622421 0.558223
vt 0.630942 0.561258
vt 0.621817 0.572542
vt 0.614360 0.556799
vt 0.613818 0.570640
vt 0.457983 0.261714
vt 0.466546 0.258799
vt 0.458191 0.277622
vt 0.457580 0.247387
vt 0.466107 0.243425
vt 0.449555 0.249178
vt 0.449903 0.263025
vt 0.730000 0.287837
vt 0.731676 0.304949
vt 0.725031 0.271388
vt 0.621051 0.584705
vt 0.613042 0.582278
vt 0.620163 0.594282
vt 0.612146 0.591456
vt 0.458203 0.294493
vt 0.458012 0.311675
vt 0.730000 0.322061
vt 0.725031 0.338510
vt 0.197660 0.309556
vt 0.188854 0.302678
vt 0.196910 0.299967
vt 0.189617 0.311868
vt 0.198251 0.321729
vt 0.190225 0.323516
vt 0.465526 0.347523
vt 0.457611 0.328513
vt 0.457028 0.344373
vt 0.449546 0.327474
vt 0.448943 0.342773
vt 0.198648 0.336056
vt 0.207212 0.333144
vt 0.206780 0.317770
vt 0.190567 0.337363
vt 0.236332 0.740463
vt 0.464734 0.362827
vt 0.456295 0.358644
vt 0.448272 0.356631
vt 0.455431 0.370771
vt 0.447478 0.368377
vt 0.183763 0.310305
vt 0.184470 0.322013
vt 0.182892 0.301034
vt 0.385652 0.860340
vt 0.382585 0.842877
vt 0.386050 0.843230
vt 0.381955 0.860802
vt 0.388540 0.876948
vt 0.384742 0.878086
vt 0.443705 0.327896
vt 0.442997 0.343552
vt 0.754206 0.848825
vt 0.823071 0.948503
vt 0.826981 0.947420
vt 0.826981 0.964465
vt 0.051896 0.924172
vt 0.051896 0.942215
vt 0.048401 0.940926
vt 0.891836 0.949225
vt 0.895809 0.947420
vt 0.895809 0.963761
vt 0.184730 0.336246
vt 0.184800 0.352201
vt 0.395258 0.892409
vt 0.391917 0.894055
vt 0.404997 0.906482
vt 0.180787 0.351150
vt 0.180795 0.334355
vt 0.442393 0.357939
vt 0.441667 0.370068
vt 0.343692 0.817093
vt 0.341619 0.834702
vt 0.338401 0.833369
vt 0.347366 0.817711
vt 0.345692 0.800355
vt 0.349657 0.800355
vt 0.184936 0.368929
vt 0.184871 0.385784
vt 0.181010 0.368636
vt 0.908808 0.175083
vt 0.904866 0.174658
vt 0.909003 0.157647
vt 0.608177 0.461789
vt 0.608581 0.476184
vt 0.607621 0.449651
vt 0.343692 0.783617
vt 0.347366 0.782998
vt 0.338401 0.767340
vt 0.341619 0.766008
vt 0.804846 0.110845
vt 0.805471 0.095478
vt 0.803892 0.124784
vt 0.797735 0.123643
vt 0.808393 0.127016
vt 0.809345 0.112532
vt 0.809948 0.096663
vt 0.184341 0.402231
vt 0.183627 0.417887
vt 0.909003 0.191939
vt 0.857454 0.948503
vt 0.861364 0.947420
vt 0.861364 0.964465
vt 0.954830 0.532496
vt 0.954830 0.550538
vt 0.951334 0.549250
vt 0.959180 0.950069
vt 0.963153 0.948265
vt 0.963153 0.964605
vt 0.609069 0.491848
vt 0.609362 0.508302
vt 0.604545 0.474524
vt 0.792599 0.965129
vt 0.788874 0.965129
vt 0.791720 0.947420
vt 0.605136 0.490854
vt 0.500128 0.919821
vt 0.496186 0.919396
vt 0.500323 0.902385
vt 0.805908 0.078911
vt 0.805985 0.061797
vt 0.810446 0.079418
vt 0.810571 0.061486
vt 0.609184 0.525156
vt 0.608807 0.541880
vt 0.500323 0.936677
vt 0.605254 0.525392
vt 0.605520 0.507894
vt 0.604780 0.542873
vt 0.805542 0.044919
vt 0.804758 0.029153
vt 0.810062 0.043764
vt 0.809202 0.027315
vt 0.608507 0.557832
vt 0.608042 0.572060
vt 0.604545 0.559667
vt 0.395296 0.810709
vt 0.402057 0.794636
vt 0.404997 0.796924
vt 0.391805 0.808828
vt 0.444066 0.261910
vt 0.797710 0.016427
vt 0.803818 0.015236
vt 0.920862 0.532496
vt 0.920862 0.550265
vt 0.917127 0.548934
vt 0.976904 0.288603
vt 0.972311 0.290562
vt 0.972311 0.276201
vt 0.385451 0.936954
vt 0.385451 0.954997
vt 0.381955 0.953708
vt 0.440129 0.260021
vt 0.607166 0.583756
vt 0.606162 0.593013
vt 0.389115 0.826392
vt 0.385587 0.825194
vt 0.113426 0.467331
vt 0.144401 0.466771
vt 0.145328 0.488245
vt 0.114352 0.488804
vt 0.194792 0.465860
vt 0.195718 0.487334
vt 0.196407 0.510142
vt 0.146017 0.511053
vt 0.115041 0.511613
vt 0.146440 0.534326
vt 0.115464 0.534886
vt 0.196831 0.533415
vt 0.196974 0.556257
vt 0.146584 0.557168
vt 0.115608 0.557728
vt 0.146440 0.578697
vt 0.115464 0.579257
vt 0.196831 0.577786
vt 0.196407 0.597185
vt 0.146017 0.598096
vt 0.115041 0.598656
vt 0.145328 0.614604
vt 0.114352 0.615164
vt 0.195718 0.613693
vt 0.194792 0.626696
vt 0.144401 0.627607
vt 0.113426 0.628167
vt 0.569588 0.196299
vt 0.538609 0.195948
vt 0.537595 0.182952
vt 0.568574 0.183303
vt 0.488213 0.195377
vt 0.487200 0.182381
vt 0.486400 0.165878
vt 0.536795 0.166449
vt 0.567774 0.166800
vt 0.536241 0.147053
vt 0.567220 0.147404
vt 0.485845 0.146482
vt 0.485556 0.124954
vt 0.535952 0.125525
vt 0.566931 0.125876
vt 0.535942 0.102682
vt 0.566921 0.103033
vt 0.485546 0.102111
vt 0.485813 0.078836
vt 0.536208 0.079407
vt 0.567187 0.079758
vt 0.536743 0.056594
vt 0.567722 0.056945
vt 0.486348 0.056024
vt 0.487129 0.034545
vt 0.537524 0.035116
vt 0.568503 0.035466
vt 0.538523 0.015807
vt 0.569502 0.016158
vt 0.488128 0.015236
vt 0.324764 0.735238
vt 0.274579 0.734756
vt 0.275783 0.713357
vt 0.325968 0.713840
vt 0.355614 0.735535
vt 0.356818 0.714137
vt 0.326709 0.691063
vt 0.357558 0.691360
vt 0.276523 0.690580
vt 0.276774 0.667306
vt 0.326960 0.667789
vt 0.357809 0.668086
vt 0.326709 0.644912
vt 0.357558 0.645209
vt 0.276523 0.644429
vt 0.275783 0.622823
vt 0.325968 0.623306
vt 0.356818 0.623603
vt 0.324764 0.603812
vt 0.355614 0.604109
vt 0.274579 0.603329
vt 0.628073 0.229249
vt 0.678468 0.228640
vt 0.679261 0.250155
vt 0.628866 0.250764
vt 0.597094 0.229624
vt 0.597887 0.251139
vt 0.629411 0.273601
vt 0.598433 0.273976
vt 0.679807 0.272991
vt 0.680085 0.296266
vt 0.629690 0.296876
vt 0.598711 0.297251
vt 0.629690 0.319695
vt 0.598711 0.320069
vt 0.680085 0.319085
vt 0.679807 0.340576
vt 0.629412 0.341186
vt 0.598433 0.341561
vt 0.628865 0.360513
vt 0.597887 0.360887
vt 0.679260 0.359903
vt 0.678468 0.376339
vt 0.628073 0.376949
vt 0.597094 0.377323
vt 0.015236 0.893700
vt 0.015236 0.862719
vt 0.031662 0.861728
vt 0.031662 0.892709
vt 0.015236 0.812320
vt 0.031662 0.811329
vt 0.050981 0.810549
vt 0.050981 0.860947
vt 0.050981 0.891928
vt 0.104810 0.224916
vt 0.100494 0.241450
vt 0.079636 0.232810
vt 0.091633 0.208080
vt 0.798407 0.192307
vt 0.783786 0.194077
vt 0.783609 0.177623
vt 0.798352 0.175742
vt 0.783786 0.158289
vt 0.798407 0.157488
vt 0.059939 0.221775
vt 0.070254 0.208152
vt 0.143151 0.227180
vt 0.145491 0.244107
vt 0.122914 0.244107
vt 0.124534 0.216669
vt 0.228959 0.595751
vt 0.243531 0.597187
vt 0.242868 0.616510
vt 0.228221 0.613990
vt 0.241977 0.632940
vt 0.227447 0.630536
vt 0.179440 0.214599
vt 0.188079 0.229342
vt 0.167221 0.237982
vt 0.158218 0.212012
vt 0.229490 0.552644
vt 0.244077 0.552879
vt 0.243939 0.575697
vt 0.229255 0.574587
vt 0.208152 0.189089
vt 0.221775 0.199403
vt 0.205811 0.215368
vt 0.187555 0.194820
vt 0.228959 0.507778
vt 0.243531 0.506763
vt 0.243939 0.529603
vt 0.229255 0.530084
vt 0.224916 0.154533
vt 0.241450 0.158849
vt 0.232810 0.179707
vt 0.208080 0.167710
vt 0.227447 0.467984
vt 0.241977 0.465860
vt 0.242868 0.485244
vt 0.228221 0.487256
vt 0.227180 0.116192
vt 0.244107 0.113852
vt 0.244107 0.136429
vt 0.216669 0.134809
vt 0.904866 0.082438
vt 0.918848 0.082705
vt 0.919345 0.105578
vt 0.905393 0.104444
vt 0.920318 0.127175
vt 0.906295 0.125703
vt 0.214599 0.079903
vt 0.229342 0.071264
vt 0.237982 0.092122
vt 0.212012 0.101125
vt 0.905348 0.037628
vt 0.919344 0.036646
vt 0.918849 0.059430
vt 0.904913 0.059889
vt 0.189089 0.051191
vt 0.199403 0.037567
vt 0.215368 0.053532
vt 0.194820 0.071788
vt 0.583048 0.037155
vt 0.584104 0.018931
vt 0.906332 0.017221
vt 0.920318 0.015236
vt 0.154533 0.034427
vt 0.158849 0.017893
vt 0.179707 0.026533
vt 0.167710 0.051262
vt 0.581768 0.080246
vt 0.582385 0.058311
vt 0.116192 0.032163
vt 0.113852 0.015236
vt 0.136429 0.015236
vt 0.134809 0.042674
vt 0.581519 0.125114
vt 0.581611 0.102807
vt 0.079903 0.044744
vt 0.071264 0.030001
vt 0.092122 0.021361
vt 0.101125 0.047330
vt 0.582339 0.164929
vt 0.581900 0.145646
vt 0.051191 0.070254
vt 0.037567 0.059939
vt 0.053532 0.043975
vt 0.071788 0.064522
vt 0.584104 0.193629
vt 0.583208 0.180306
vt 0.034427 0.104810
vt 0.017893 0.100494
vt 0.026533 0.079636
vt 0.051262 0.091633
vt 0.389853 0.732882
vt 0.404430 0.734654
vt 0.403741 0.751162
vt 0.389088 0.748264
vt 0.402815 0.764164
vt 0.388281 0.761592
vt 0.032163 0.143151
vt 0.015236 0.145491
vt 0.015236 0.122914
vt 0.042674 0.124534
vt 0.390405 0.693063
vt 0.404997 0.693726
vt 0.404854 0.715255
vt 0.390162 0.713596
vt 0.044744 0.179440
vt 0.030001 0.188079
vt 0.021361 0.167221
vt 0.047330 0.158218
vt 0.389853 0.648197
vt 0.404430 0.647610
vt 0.404854 0.670883
vt 0.390162 0.670757
vt 0.043975 0.205811
vt 0.064522 0.187555
vt 0.388281 0.605115
vt 0.402815 0.603329
vt 0.403741 0.624802
vt 0.389088 0.626266
vt 0.127572 0.882200
vt 0.113426 0.866170
vt 0.146776 0.785655
vt 0.146776 0.872804
vt 0.803020 0.811804
vt 0.788874 0.795774
vt 0.822224 0.715259
vt 0.822224 0.802408
vt 0.288725 0.862552
vt 0.274579 0.846523
vt 0.307929 0.766008
vt 0.307929 0.853156
vt 0.870924 0.325184
vt 0.851720 0.315788
vt 0.851720 0.228640
vt 0.885071 0.309155
vt 0.866843 0.684787
vt 0.852696 0.668758
vt 0.886047 0.588243
vt 0.886047 0.675392
vt 0.803628 0.426507
vt 0.822832 0.435903
vt 0.822832 0.523051
vt 0.789482 0.442536
vt 0.615617 0.793174
vt 0.634821 0.802569
vt 0.634821 0.889718
vt 0.601471 0.809203
vt 0.866843 0.715259
vt 0.886047 0.724655
vt 0.886047 0.811804
vt 0.852696 0.731289
vt 0.551346 0.768266
vt 0.565492 0.784295
vt 0.532142 0.864810
vt 0.532142 0.777662
vt 0.867451 0.426507
vt 0.886655 0.435903
vt 0.886655 0.523051
vt 0.853304 0.442536
vt 0.454276 0.775368
vt 0.473480 0.784764
vt 0.473480 0.871913
vt 0.440129 0.791398
vt 0.803020 0.588243
vt 0.822224 0.597639
vt 0.822224 0.684787
vt 0.788874 0.604272
vt 0.132629 0.658639
vt 0.146776 0.674668
vt 0.113426 0.755183
vt 0.113426 0.668034
vt 0.168114 0.673337
vt 0.175049 0.693560
vt 0.802044 0.325184
vt 0.787898 0.309155
vt 0.821248 0.228640
vt 0.821248 0.315789
vt 0.860247 0.111780
vt 0.841043 0.102385
vt 0.841043 0.015236
vt 0.874393 0.095751
vt 0.177248 0.836266
vt 0.177365 0.817897
vt 0.180842 0.818256
vt 0.180608 0.836050
vt 0.177862 0.800287
vt 0.181225 0.801054
vt 0.277460 0.083698
vt 0.282250 0.067022
vt 0.294443 0.072968
vt 0.298104 0.089257
vt 0.274579 0.101257
vt 0.287572 0.102052
vt 0.450916 0.977902
vt 0.440129 0.965158
vt 0.465714 0.902385
vt 0.465714 0.970172
vt 0.708660 0.923498
vt 0.697437 0.911304
vt 0.723734 0.848825
vt 0.723734 0.916612
vt 0.546940 0.970799
vt 0.532142 0.963069
vt 0.532142 0.895283
vt 0.557726 0.958056
vt 0.730296 0.818353
vt 0.719073 0.806159
vt 0.745370 0.743681
vt 0.745370 0.811468
vt 0.702435 0.807543
vt 0.697437 0.791613
vt 0.800096 0.916948
vt 0.788874 0.904754
vt 0.815170 0.842276
vt 0.815170 0.910063
vt 0.927913 0.426507
vt 0.942711 0.434237
vt 0.942711 0.502024
vt 0.917127 0.439250
vt 0.913633 0.842276
vt 0.928707 0.849162
vt 0.928707 0.916948
vt 0.902411 0.854470
vt 0.285365 0.893024
vt 0.300163 0.900754
vt 0.300163 0.968541
vt 0.274579 0.905768
vt 0.856865 0.842276
vt 0.871939 0.849162
vt 0.871939 0.916948
vt 0.845642 0.854470
vt 0.973978 0.842276
vt 0.984764 0.855020
vt 0.959180 0.917793
vt 0.959180 0.850006
vt 0.931593 0.588243
vt 0.942815 0.600437
vt 0.916519 0.662915
vt 0.916519 0.595129
vt 0.965588 0.015236
vt 0.976375 0.027980
vt 0.950790 0.090753
vt 0.950790 0.022966
vt 0.930617 0.303312
vt 0.915543 0.296426
vt 0.915543 0.228640
vt 0.941839 0.291118
vt 0.961577 0.196742
vt 0.950790 0.183998
vt 0.976375 0.121225
vt 0.976375 0.189012
vt 0.931593 0.768060
vt 0.916519 0.761174
vt 0.916519 0.693387
vt 0.942815 0.755866
vt 0.451620 0.076396
vt 0.455074 0.093920
vt 0.451917 0.094367
vt 0.972311 0.245729
vt 0.972311 0.228640
vt 0.974925 0.243552
vt 0.884816 0.391157
vt 0.882016 0.374144
vt 0.884816 0.372936
vt 0.452637 0.112146
vt 0.439645 0.111352
vt 0.430749 0.097369
vt 0.449195 0.077231
vt 0.436368 0.081648
vt 0.178596 0.871254
vt 0.177743 0.854438
vt 0.181207 0.853525
vt 0.181939 0.870066
vt 0.275299 0.119037
vt 0.296467 0.116034
vt 0.278021 0.136172
vt 0.290848 0.131756
vt 0.432239 0.045981
vt 0.443553 0.060461
vt 0.440790 0.062053
vt 0.430411 0.047599
vt 0.422261 0.072719
vt 0.420662 0.056224
vt 0.294977 0.167423
vt 0.283663 0.152943
vt 0.286426 0.151351
vt 0.604430 0.938081
vt 0.601471 0.953778
vt 0.601471 0.937344
vt 0.179552 0.885815
vt 0.304955 0.140685
vt 0.296805 0.165805
vt 0.306554 0.157180
vt 0.404413 0.023039
vt 0.419246 0.032988
vt 0.417330 0.035536
vt 0.403288 0.025344
vt 0.404485 0.052627
vt 0.397342 0.037537
vt 0.322804 0.190365
vt 0.307970 0.180416
vt 0.309887 0.177868
vt 0.113426 0.930444
vt 0.113426 0.912672
vt 0.116306 0.929735
vt 0.604199 0.920190
vt 0.322731 0.160777
vt 0.323928 0.188060
vt 0.329875 0.175867
vt 0.369202 0.015236
vt 0.387440 0.017475
vt 0.386612 0.020554
vt 0.637861 0.938081
vt 0.634902 0.953778
vt 0.634902 0.937344
vt 0.381053 0.041198
vt 0.369053 0.017672
vt 0.368258 0.030665
vt 0.358014 0.198168
vt 0.339776 0.195928
vt 0.340604 0.192849
vt 0.015236 0.942141
vt 0.015301 0.924172
vt 0.017928 0.940420
vt 0.115660 0.947664
vt 0.346164 0.172206
vt 0.358164 0.195731
vt 0.358958 0.182738
vt 0.333303 0.018690
vt 0.350826 0.015236
vt 0.351273 0.018393
vt 0.754206 0.931361
vt 0.754206 0.913590
vt 0.757087 0.930653
vt 0.637630 0.920190
vt 0.354276 0.039561
vt 0.334138 0.021115
vt 0.338554 0.033941
vt 0.393914 0.194713
vt 0.376390 0.198168
vt 0.375943 0.195011
vt 0.393079 0.192288
vt 0.017928 0.957536
vt 0.372941 0.173843
vt 0.388662 0.179462
vt 0.302887 0.038070
vt 0.317367 0.026757
vt 0.318959 0.029520
vt 0.697437 0.971938
vt 0.697437 0.953970
vt 0.700123 0.970208
vt 0.756440 0.948581
vt 0.329625 0.048049
vt 0.304505 0.039899
vt 0.313130 0.049648
vt 0.447271 0.147506
vt 0.437322 0.162340
vt 0.434774 0.160423
vt 0.177248 0.932760
vt 0.179565 0.916287
vt 0.180206 0.932981
vt 0.217342 0.954624
vt 0.217342 0.971323
vt 0.214410 0.970053
vt 0.422711 0.173505
vt 0.414086 0.163756
vt 0.417683 0.147579
vt 0.444966 0.146382
vt 0.432773 0.140435
vt 0.424329 0.175333
vt 0.409849 0.186646
vt 0.408257 0.183884
vt 0.976132 0.473023
vt 0.973184 0.486535
vt 0.973184 0.471791
vt 0.397591 0.165355
vt 0.279945 0.065897
vt 0.289894 0.051064
vt 0.292442 0.052980
vt 0.181939 0.785655
vt 0.973184 0.441319
vt 0.973184 0.426507
vt 0.976582 0.427846
vt 0.309533 0.065825
vt 0.455074 0.112295
vt 0.452835 0.130534
vt 0.449756 0.129706
vt 0.882198 0.355656
vt 0.177248 0.950611
vt 0.429112 0.124146
vt 0.744899 0.658247
vt 0.744918 0.640357
vt 0.754214 0.640189
vt 0.754130 0.658081
vt 0.744723 0.622509
vt 0.754086 0.622339
vt 0.758303 0.622263
vt 0.758402 0.640113
vt 0.758287 0.658005
vt 0.029418 0.763919
vt 0.028666 0.780064
vt 0.019406 0.780061
vt 0.020093 0.763915
vt 0.455617 0.604809
vt 0.454961 0.620427
vt 0.445729 0.620330
vt 0.446319 0.604712
vt 0.441571 0.620286
vt 0.442132 0.604668
vt 0.015236 0.780059
vt 0.015893 0.763914
vt 0.944770 0.347173
vt 0.929141 0.347430
vt 0.929281 0.338133
vt 0.944910 0.337942
vt 0.916051 0.347875
vt 0.916192 0.338512
vt 0.916256 0.334295
vt 0.929344 0.333946
vt 0.944972 0.333784
vt 0.744068 0.605159
vt 0.753365 0.604990
vt 0.743215 0.588485
vt 0.752446 0.588318
vt 0.756603 0.588243
vt 0.757552 0.604915
vt 0.454234 0.637106
vt 0.444936 0.637009
vt 0.453710 0.654461
vt 0.444347 0.654363
vt 0.440129 0.654318
vt 0.440749 0.636965
vt 0.743782 0.557566
vt 0.744344 0.544481
vt 0.753642 0.544425
vt 0.753146 0.557509
vt 0.744742 0.528855
vt 0.753974 0.528799
vt 0.758132 0.528773
vt 0.757830 0.544399
vt 0.757363 0.557484
vt 0.453651 0.672310
vt 0.444353 0.672213
vt 0.453805 0.690200
vt 0.444573 0.690103
vt 0.440415 0.690059
vt 0.440165 0.672169
vt 0.745192 0.512166
vt 0.754490 0.512109
vt 0.745428 0.494805
vt 0.754792 0.494748
vt 0.759010 0.494722
vt 0.758678 0.512084
vt 0.453917 0.707443
vt 0.444619 0.707346
vt 0.454227 0.722694
vt 0.444863 0.722596
vt 0.440645 0.722552
vt 0.440431 0.707302
vt 0.745192 0.476957
vt 0.754490 0.476900
vt 0.744742 0.459072
vt 0.753974 0.459016
vt 0.758132 0.458991
vt 0.758678 0.476875
vt 0.454974 0.734864
vt 0.445676 0.734766
vt 0.455900 0.744546
vt 0.446668 0.744449
vt 0.442510 0.744406
vt 0.441488 0.734722
vt 0.744344 0.441833
vt 0.753642 0.441777
vt 0.743782 0.426589
vt 0.753146 0.426532
vt 0.757363 0.426507
vt 0.757830 0.441751
vt 0.743215 0.712607
vt 0.744068 0.702918
vt 0.753365 0.702750
vt 0.752446 0.712440
vt 0.744723 0.690744
vt 0.754086 0.690574
vt 0.758303 0.690498
vt 0.757552 0.702674
vt 0.756603 0.712365
vt 0.028761 0.692951
vt 0.029501 0.709768
vt 0.020241 0.709764
vt 0.019436 0.692947
vt 0.029880 0.727940
vt 0.020686 0.727937
vt 0.016546 0.727935
vt 0.016071 0.709763
vt 0.015236 0.692946
vt 0.744918 0.675491
vt 0.754214 0.675323
vt 0.758402 0.675247
vt 0.029839 0.746309
vt 0.020579 0.746306
vt 0.016409 0.746304
vt 0.063027 0.727952
vt 0.063222 0.746321
vt 0.046669 0.746315
vt 0.046591 0.727946
vt 0.063038 0.763931
vt 0.046367 0.763925
vt 0.710967 0.691354
vt 0.711399 0.676097
vt 0.728019 0.675796
vt 0.727705 0.691051
vt 0.711619 0.658849
vt 0.728121 0.658551
vt 0.062381 0.692963
vt 0.062884 0.709780
vt 0.046331 0.709774
vt 0.045711 0.692957
vt 0.709934 0.713209
vt 0.710550 0.703524
vt 0.727170 0.703224
vt 0.726436 0.712911
vt 0.711456 0.459274
vt 0.710821 0.442036
vt 0.727443 0.441935
vt 0.727961 0.459174
vt 0.710021 0.426794
vt 0.726761 0.426692
vt 0.487986 0.723049
vt 0.488496 0.735216
vt 0.471874 0.735041
vt 0.471246 0.722873
vt 0.489184 0.744896
vt 0.472680 0.744723
vt 0.711667 0.495009
vt 0.711669 0.477160
vt 0.728291 0.477059
vt 0.728408 0.494908
vt 0.487089 0.690550
vt 0.487439 0.707796
vt 0.470817 0.707621
vt 0.470585 0.690376
vt 0.711456 0.529056
vt 0.711669 0.512369
vt 0.728291 0.512268
vt 0.727961 0.528956
vt 0.487470 0.654816
vt 0.487173 0.672662
vt 0.470551 0.672488
vt 0.470730 0.654640
vt 0.710021 0.557771
vt 0.710821 0.544684
vt 0.727444 0.544584
vt 0.726761 0.557669
vt 0.488245 0.620777
vt 0.487756 0.637459
vt 0.471134 0.637284
vt 0.471741 0.620603
vt 0.710967 0.623119
vt 0.710550 0.605764
vt 0.727170 0.605464
vt 0.727705 0.622816
vt 0.709934 0.589087
vt 0.726436 0.588788
vt 0.944269 0.380455
vt 0.928636 0.380950
vt 0.928886 0.364329
vt 0.944518 0.363952
vt 0.915543 0.381633
vt 0.915795 0.364894
vt 0.062049 0.780076
vt 0.045496 0.780070
vt 0.489139 0.605161
vt 0.472517 0.604987
vt 0.711399 0.640963
vt 0.728019 0.640663
vt 0.699087 0.658533
vt 0.698825 0.641053
vt 0.702772 0.641102
vt 0.703047 0.658936
vt 0.698353 0.623560
vt 0.702285 0.623303
vt 0.075257 0.763298
vt 0.074257 0.779167
vt 0.070602 0.779965
vt 0.071642 0.763855
vt 0.501670 0.606610
vt 0.500750 0.621800
vt 0.496814 0.620978
vt 0.497761 0.605417
vt 0.944972 0.392982
vt 0.929764 0.393514
vt 0.928671 0.389576
vt 0.944252 0.389027
vt 0.916998 0.394230
vt 0.915618 0.390313
vt 0.697991 0.606525
vt 0.701925 0.605987
vt 0.697437 0.590204
vt 0.701367 0.589353
vt 0.500320 0.638124
vt 0.496382 0.637616
vt 0.500087 0.655161
vt 0.496153 0.654934
vt 0.697437 0.556202
vt 0.698268 0.543444
vt 0.702196 0.544572
vt 0.701342 0.557618
vt 0.698936 0.528241
vt 0.702885 0.528997
vt 0.499748 0.672658
vt 0.495800 0.672736
vt 0.499618 0.690139
vt 0.495661 0.690572
vt 0.699096 0.511912
vt 0.703041 0.512354
vt 0.699046 0.494873
vt 0.702984 0.495035
vt 0.500007 0.706939
vt 0.496065 0.707763
vt 0.500591 0.721838
vt 0.496668 0.722972
vt 0.699096 0.477373
vt 0.703041 0.477229
vt 0.698936 0.459892
vt 0.702885 0.459394
vt 0.501044 0.733837
vt 0.497120 0.735118
vt 0.501670 0.743369
vt 0.497750 0.744779
vt 0.698268 0.443101
vt 0.702196 0.442212
vt 0.697437 0.428214
vt 0.701342 0.427014
vt 0.697437 0.711776
vt 0.697991 0.702240
vt 0.701925 0.703491
vt 0.701367 0.713156
vt 0.698353 0.690238
vt 0.702285 0.691343
vt 0.074616 0.693950
vt 0.075077 0.710399
vt 0.071435 0.709860
vt 0.070987 0.693089
vt 0.075185 0.728122
vt 0.071524 0.727976
vt 0.698825 0.675335
vt 0.702772 0.676129
vt 0.075407 0.746054
vt 0.071772 0.746291
s 1
usemtl BakedMaterial
f 1/1/1 2/2/1 3/3/2
f 1/1/1 3/3/2 4/4/2
f 2/2/1 5/5/3 6/6/4
f 2/2/1 6/6/4 3/3/2
f 3/3/2 6/6/4 7/7/5
f 3/3/2 7/7/5 8/8/6
f 4/4/2 3/3/2 8/8/6
f 4/4/2 8/8/6 9/9/6
f 10/10/7 11/11/7 12/12/8
f 10/10/7 12/12/8 13/13/8
f 11/11/7 14/14/9 15/15/10
f 11/11/7 15/15/10 12/12/8
f 12/12/8 15/15/10 5/16/3
f 12/12/8 5/16/3 2/17/1
f 13/13/8 12/12/8 2/17/1
f 13/13/8 2/17/1 1/18/1
f 16/19/11 17/20/11 18/21/12
f 16/19/11 18/21/12 19/22/12
f 17/20/11 20/23/13 21/24/14
f 17/20/11 21/24/14 18/21/12
f 18/21/12 21/24/14 14/14/9
f 18/21/12 14/14/9 11/11/7
f 19/22/12 18/21/12 11/11/7
f 19/22/12 11/11/7 10/10/7
f 22/25/15 23/26/15 24/27/16
f 22/25/15 24/27/16 25/28/16
f 23/26/15 26/29/17 27/30/18
f 23/26/15 27/30/18 24/27/16
f 24/27/16 27/30/18 20/23/13
f 24/27/16 20/23/13 17/20/11
f 25/28/16 24/27/16 17/20/11
f 25/28/16 17/20/11 16/19/11
f 28/31/19 29/32/19 30/33/20
f 28/31/19 30/33/20 31/34/20
f 29/32/19 32/35/21 33/36/22
f 29/32/19 33/36/22 30/33/20
f 30/37/20 33/38/22 26/29/17
f 30/37/20 26/29/17 23/26/15
f 31/39/20 30/37/20 23/26/15
f 31/39/20 23/26/15 22/25/15
f 34/40/23 35/41/23 36/42/24
f 34/40/23 36/42/24 37/43/24
f 35/41/23 38/44/25 39/45/26
f 35/41/23 39/45/26 36/42/24
f 36/42/24 39/45/26 32/35/21
f 36/42/24 32/35/21 29/32/19
f 37/43/24 36/42/24 29/32/19
f 37/43/24 29/32/19 28/31/19
f 40/46/27 41/47/27 42/48/28
f 40/46/27 42/48/28 43/49/28
f 41/47/27 44/50/29 45/51/30
f 41/47/27 45/51/30 42/48/28
f 42/48/28 45/51/30 38/44/25
f 42/48/28 38/44/25 35/41/23
f 43/49/28 42/48/28 35/41/23
f 43/49/28 35/41/23 34/40/23
f 46/52/31 47/53/31 48/54/32
f 46/52/31 48/54/32 49/55/32
f 47/53/31 50/56/33 51/57/34
f 47/53/31 51/57/34 48/54/32
f 48/58/32 51/59/34 44/50/29
f 48/58/32 44/50/29 41/47/27
f 49/60/32 48/58/32 41/47/27
f 49/60/32 41/47/27 40/46/27
f 52/61/35 53/62/35 54/63/36
f 52/61/35 54/63/36 55/64/36
f 53/62/35 56/65/37 57/66/38
f 53/62/35 57/66/38 54/63/36
f 54/63/36 57/66/38 50/56/33
f 54/63/36 50/56/33 47/53/31
f 55/64/36 54/63/36 47/53/31
f 55/64/36 47/53/31 46/52/31
f 58/67/39 59/68/39 60/69/40
f 58/67/39 60/69/40 61/70/40
f 59/68/39 62/71/41 63/72/42
f 59/68/39 63/72/42 60/69/40
f 60/69/40 63/72/42 56/65/37
f 60/69/40 56/65/37 53/62/35
f 61/70/40 60/69/40 53/62/35
f 61/70/40 53/62/35 52/61/35
f 64/73/43 65/74/43 66/75/44
f 64/73/43 66/75/44 67/76/44
f 65/74/43 68/77/45 69/78/46
f 65/74/43 69/78/46 66/75/44
f 66/75/44 69/78/46 62/71/41
f 66/75/44 62/71/41 59/68/39
f 67/76/44 66/75/44 59/68/39
f 67/76/44 59/68/39 58/67/39
f 70/79/47 71/80/47 72/81/48
f 70/79/47 72/81/48 73/82/48
f 71/80/47 74/83/49 75/84/50
f 71/80/47 75/84/50 72/81/48
f 72/81/48 75/84/50 68/77/45
f 72/81/48 68/77/45 65/74/43
f 73/82/48 72/81/48 65/74/43
f 73/82/48 65/74/43 64/73/43
f 76/85/51 77/86/51 78/87/52
f 76/85/51 78/87/52 79/88/52
f 77/86/51 80/89/53 81/90/54
f 77/86/51 81/90/54 78/87/52
f 78/87/52 81/90/54 74/91/49
f 78/87/52 74/91/49 71/92/47
f 79/88/52 78/87/52 71/92/47
f 79/88/52 71/92/47 70/93/47
f 82/94/55 83/95/55 84/96/56
f 82/94/55 84/96/56 85/97/56
f 83/95/55 86/98/57 87/99/58
f 83/95/55 87/99/58 84/96/56
f 84/96/56 87/99/58 80/89/53
f 84/96/56 80/89/53 77/86/51
f 85/97/56 84/96/56 77/86/51
f 85/97/56 77/86/51 76/85/51
f 88/100/59 89/101/59 90/102/60
f 88/100/59 90/102/60 91/103/60
f 89/101/59 92/104/61 93/105/62
f 89/101/59 93/105/62 90/102/60
f 90/102/60 93/105/62 86/98/57
f 90/102/60 86/98/57 83/95/55
f 91/103/60 90/102/60 83/95/55
f 91/103/60 83/95/55 82/94/55
f 94/106/63 95/107/63 96/108/64
f 94/106/63 96/108/64 97/109/64
f 95/107/63 98/110/65 99/111/66
f 95/107/63 99/111/66 96/108/64
f 96/108/64 99/111/66 92/104/61
f 96/108/64 92/104/61 89/101/59
f 97/109/64 96/108/64 89/101/59
f 97/109/64 89/101/59 88/100/59
f 100/112/67 102/113/68 101/114/69
f 100/112/67 103/115/70 102/113/68
f 101/114/69 105/116/71 104/117/72
f 101/114/69 102/113/68 105/116/71
f 102/118/68 106/119/73 105/120/71
f 102/118/68 107/121/74 106/119/73
f 103/122/70 107/121/74 102/118/68
f 103/122/70 108/123/75 107/121/74
f 108/123/75 109/124/76 107/121/74
f 108/123/75 110/125/77 109/124/76
f 107/121/74 111/126/78 106/119/73
f 107/121/74 109/124/76 111/126/78
f 109/124/76 112/127/79 111/126/78
f 109/124/76 113/128/80 112/127/79
f 110/125/77 113/128/80 109/124/76
f 110/125/77 114/129/81 113/128/80
f 114/129/81 115/130/82 113/128/80
f 114/129/81 116/131/83 115/130/82
f 113/128/80 117/132/84 112/127/79
f 113/128/80 115/130/82 117/132/84
f 115/130/82 118/133/85 117/132/84
f 115/130/82 119/134/86 118/133/85
f 116/131/83 119/134/86 115/130/82
f 116/131/83 120/135/87 119/134/86
f 120/136/87 121/137/88 119/138/86
f 120/136/87 122/139/89 121/137/88
f 119/138/86 123/140/90 118/141/85
f 119/138/86 121/137/88 123/140/90
f 121/137/88 124/142/91 123/140/90
f 121/137/88 125/143/92 124/142/91
f 122/139/89 125/143/92 121/137/88
f 122/139/89 126/144/93 125/143/92
f 126/144/93 127/145/94 125/143/92
f 126/144/93 128/146/95 127/145/94
f 125/143/92 129/147/96 124/142/91
f 125/143/92 127/145/94 129/147/96
f 127/145/94 130/148/97 129/147/96
f 127/145/94 131/149/98 130/148/97
f 128/146/95 131/149/98 127/145/94
f 128/146/95 132/150/99 131/149/98
f 132/150/99 133/151/100 131/149/98
f 132/150/99 134/152/101 133/151/100
f 131/149/98 135/153/102 130/148/97
f 131/149/98 133/151/100 135/153/102
f 133/151/100 136/154/103 135/153/102
f 133/151/100 137/155/104 136/154/103
f 134/152/101 137/155/104 133/151/100
f 134/152/101 138/156/105 137/155/104
f 138/156/105 139/157/106 137/155/104
f 138/156/105 140/158/107 139/157/106
f 137/155/104 141/159/108 136/154/103
f 137/155/104 139/157/106 141/159/108
f 139/157/106 142/160/109 141/159/108
f 139/157/106 143/161/110 142/160/109
f 140/158/107 143/161/110 139/157/106
f 140/158/107 144/162/111 143/161/110
f 144/163/111 145/164/112 143/165/110
f 144/163/111 146/166/113 145/164/112
f 143/165/110 147/167/114 142/168/109
f 143/165/110 145/164/112 147/167/114
f 145/164/112 148/169/115 147/167/114
f 145/164/112 149/170/116 148/169/115
f 146/166/113 149/170/116 145/164/112
f 146/166/113 150/171/117 149/170/116
f 150/171/117 151/172/118 149/170/116
f 150/171/117 152/173/119 151/172/118
f 149/170/116 153/174/120 148/169/115
f 149/170/116 151/172/118 153/174/120
f 151/172/118 154/175/121 153/174/120
f 151/172/118 155/176/122 154/175/121
f 152/173/119 155/176/122 151/172/118
f 152/173/119 156/177/123 155/176/122
f 156/177/123 157/178/124 155/176/122
f 156/177/123 158/179/125 157/178/124
f 155/176/122 159/180/126 154/175/121
f 155/176/122 157/178/124 159/180/126
f 157/178/124 160/181/127 159/180/126
f 157/178/124 161/182/128 160/181/127
f 158/179/125 161/182/128 157/178/124
f 158/179/125 162/183/129 161/182/128
f 162/183/129 163/184/130 161/182/128
f 162/183/129 164/185/131 163/184/130
f 161/182/128 165/186/132 160/181/127
f 161/182/128 163/184/130 165/186/132
f 163/184/130 166/187/133 165/186/132
f 163/184/130 167/188/134 166/187/133
f 164/185/131 167/188/134 163/184/130
f 164/185/131 168/189/135 167/188/134
f 168/189/135 169/190/136 167/188/134
f 168/189/135 170/191/137 169/190/136
f 167/188/134 171/192/138 166/187/133
f 167/188/134 169/190/136 171/192/138
f 169/190/136 172/193/139 171/192/138
f 169/190/136 173/194/140 172/193/139
f 170/191/137 173/194/140 169/190/136
f 170/191/137 174/195/141 173/194/140
f 174/196/141 175/197/142 173/198/140
f 174/196/141 176/199/143 175/197/142
f 173/198/140 177/200/144 172/201/139
f 173/198/140 175/197/142 177/200/144
f 175/197/142 178/202/145 177/200/144
f 175/197/142 179/203/146 178/202/145
f 176/199/143 179/203/146 175/197/142
f 176/199/143 180/204/147 179/203/146
f 180/204/147 181/205/148 179/203/146
f 180/204/147 182/206/149 181/205/148
f 179/203/146 183/207/150 178/202/145
f 179/203/146 181/205/148 183/207/150
f 181/205/148 184/208/151 183/207/150
f 181/205/148 185/209/152 184/208/151
f 182/206/149 185/209/152 181/205/148
f 182/206/149 186/210/153 185/209/152
f 187/211/154 188/212/155 111/213/156
f 187/211/154 189/214/157 188/212/155
f 111/213/156 191/215/158 190/216/159
f 111/213/156 188/212/155 191/215/158
f 188/212/155 192/217/160 191/215/158
f 188/212/155 193/218/161 192/217/160
f 189/214/157 193/218/161 188/212/155
f 189/214/157 194/219/162 193/218/161
f 186/210/153 195/220/163 185/209/152
f 186/210/153 196/221/164 195/220/163
f 185/209/152 197/222/165 184/208/151
f 185/209/152 195/220/163 197/222/165
f 195/220/163 198/223/166 197/222/165
f 195/220/163 199/224/167 198/223/166
f 196/221/164 199/224/167 195/220/163
f 196/221/164 200/225/168 199/224/167
f 200/225/168 201/226/169 199/224/167
f 200/225/168 202/227/170 201/226/169
f 199/224/167 203/228/171 198/223/166
f 199/224/167 201/226/169 203/228/171
f 201/226/169 204/229/172 203/228/171
f 201/226/169 205/230/173 204/229/172
f 202/227/170 205/230/173 201/226/169
f 202/227/170 206/231/174 205/230/173
f 207/232/175 209/233/176 208/234/177
f 207/232/175 210/235/178 209/233/176
f 208/234/177 212/236/179 211/237/180
f 208/234/177 209/233/176 212/236/179
f 209/233/176 213/238/181 212/236/179
f 209/233/176 214/239/182 213/238/181
f 210/235/178 214/239/182 209/233/176
f 210/235/178 215/240/183 214/239/182
f 142/160/109 216/241/184 141/159/108
f 142/160/109 217/242/185 216/241/184
f 141/159/108 218/243/186 136/154/103
f 141/159/108 216/241/184 218/243/186
f 216/241/184 219/244/187 218/243/186
f 216/241/184 220/245/188 219/244/187
f 217/242/185 220/245/188 216/241/184
f 217/242/185 221/246/189 220/245/188
f 222/247/190 224/248/191 223/249/192
f 222/247/190 225/250/193 224/248/191
f 223/249/192 227/251/194 226/252/195
f 223/249/192 224/248/191 227/251/194
f 224/248/191 228/253/196 227/251/194
f 224/248/191 229/254/197 228/253/196
f 225/255/193 229/256/197 224/257/191
f 225/255/193 230/258/198 229/256/197
f 130/148/199 232/259/200 231/147/201
f 130/148/199 233/260/202 232/259/200
f 231/147/201 235/261/203 234/142/204
f 231/147/201 232/259/200 235/261/203
f 232/259/200 236/262/205 235/261/203
f 232/259/200 237/263/206 236/262/205
f 233/260/202 237/263/206 232/259/200
f 233/260/202 238/264/207 237/263/206
f 239/265/208 241/266/209 240/267/210
f 239/265/208 242/268/211 241/266/209
f 240/267/210 244/269/212 243/270/213
f 240/267/210 241/266/209 244/269/212
f 241/266/209 211/237/180 244/269/212
f 241/266/209 208/234/177 211/237/180
f 242/268/211 208/234/177 241/266/209
f 242/268/211 207/232/175 208/234/177
f 198/271/214 246/272/215 245/273/216
f 198/271/214 247/274/217 246/272/215
f 245/273/216 249/275/218 248/276/219
f 245/273/216 246/272/215 249/275/218
f 246/272/215 250/277/220 249/275/218
f 246/272/215 251/278/221 250/277/220
f 247/274/217 251/278/221 246/272/215
f 247/274/217 252/279/222 251/278/221
f 118/280/223 254/281/224 253/282/225
f 118/280/223 255/283/226 254/281/224
f 253/282/225 189/214/157 187/211/154
f 253/282/225 254/281/224 189/214/157
f 254/281/224 194/219/162 189/214/157
f 254/281/224 256/284/227 194/219/162
f 255/283/226 256/284/227 254/281/224
f 255/283/226 257/285/228 256/284/227
f 258/286/229 260/287/230 259/288/231
f 258/286/229 261/289/232 260/287/230
f 259/288/231 217/290/185 142/291/109
f 259/288/231 260/287/230 217/290/185
f 260/287/230 221/292/189 217/290/185
f 260/287/230 262/293/233 221/292/189
f 261/289/232 262/293/233 260/287/230
f 261/289/232 263/294/234 262/293/233
f 190/216/159 265/295/235 264/296/236
f 190/216/159 191/215/158 265/295/235
f 264/297/236 266/298/237 104/299/238
f 264/297/236 265/300/235 266/298/237
f 265/300/235 267/301/239 266/298/237
f 265/300/235 268/302/240 267/301/239
f 191/215/158 268/303/240 265/295/235
f 191/215/158 192/217/160 268/303/240
f 269/304/241 270/305/242 177/306/243
f 269/304/241 271/307/244 270/305/242
f 177/306/243 225/308/193 222/309/190
f 177/306/243 270/305/242 225/308/193
f 270/310/242 230/258/198 225/255/193
f 270/310/242 272/311/245 230/258/198
f 271/307/244 272/312/245 270/305/242
f 271/307/244 273/313/246 272/312/245
f 136/154/103 275/314/247 274/153/248
f 136/154/103 218/243/186 275/314/247
f 274/153/248 233/260/202 130/148/199
f 274/153/248 275/314/247 233/260/202
f 275/314/247 238/264/207 233/260/202
f 275/314/247 276/315/249 238/264/207
f 218/243/186 276/315/249 275/314/247
f 218/243/186 219/244/187 276/315/249
f 226/252/195 278/316/250 277/317/251
f 226/252/195 227/251/194 278/316/250
f 277/317/251 242/268/211 239/265/208
f 277/317/251 278/316/250 242/268/211
f 278/316/250 207/232/175 242/268/211
f 278/316/250 279/318/252 207/232/175
f 227/251/194 279/318/252 278/316/250
f 227/251/194 228/253/196 279/318/252
f 204/319/253 281/320/254 280/321/255
f 204/319/253 282/322/256 281/320/254
f 280/321/255 247/274/217 198/271/214
f 280/321/255 281/320/254 247/274/217
f 281/320/254 252/279/222 247/274/217
f 281/320/254 283/323/257 252/279/222
f 282/322/256 283/323/257 281/320/254
f 282/322/256 284/324/258 283/323/257
f 234/142/204 286/325/259 285/140/260
f 234/142/204 235/261/203 286/325/259
f 285/140/260 255/326/226 118/141/223
f 285/140/260 286/325/259 255/326/226
f 286/325/259 257/327/228 255/326/226
f 286/325/259 287/328/261 257/327/228
f 235/261/203 287/328/261 286/325/259
f 235/261/203 236/262/205 287/328/261
f 243/270/213 289/329/262 288/330/263
f 243/270/213 244/269/212 289/329/262
f 288/330/263 261/289/232 258/286/229
f 288/330/263 289/329/262 261/289/232
f 289/329/262 263/294/234 261/289/232
f 289/329/262 290/331/264 263/294/234
f 244/269/212 290/331/264 289/329/262
f 244/269/212 211/237/180 290/331/264
f 248/276/219 292/332/265 291/333/266
f 248/276/219 249/275/218 292/332/265
f 291/333/266 271/307/244 269/304/241
f 291/333/266 292/332/265 271/307/244
f 292/332/265 273/313/246 271/307/244
f 292/332/265 293/334/267 273/313/246
f 249/275/218 293/334/267 292/332/265
f 249/275/218 250/277/220 293/334/267
f 294/335/268 296/336/269 295/337/270
f 294/335/268 297/338/271 296/336/269
f 295/337/270 299/339/272 298/340/273
f 295/337/270 296/336/269 299/339/272
f 296/336/269 300/341/274 299/339/272
f 296/336/269 301/342/275 300/341/274
f 297/338/271 301/342/275 296/336/269
f 297/338/271 302/343/276 301/342/275
f 257/344/228 303/345/277 256/346/227
f 257/344/228 304/347/278 303/345/277
f 256/346/227 305/348/279 194/349/162
f 256/346/227 303/345/277 305/348/279
f 303/345/277 306/350/280 305/348/279
f 303/345/277 307/351/281 306/350/280
f 304/347/278 307/351/281 303/345/277
f 304/347/278 308/352/282 307/351/281
f 228/353/196 309/354/283 279/355/252
f 228/353/196 310/356/284 309/354/283
f 279/355/252 210/357/178 207/358/175
f 279/355/252 309/354/283 210/357/178
f 309/354/283 215/359/183 210/357/178
f 309/354/283 311/360/285 215/359/183
f 310/356/284 311/360/285 309/354/283
f 310/356/284 312/361/286 311/360/285
f 236/362/205 313/363/287 287/364/261
f 236/362/205 314/365/288 313/363/287
f 287/364/261 304/347/278 257/344/228
f 287/364/261 313/363/287 304/347/278
f 313/363/287 308/352/282 304/347/278
f 313/363/287 315/366/289 308/352/282
f 314/365/288 315/366/289 313/363/287
f 314/365/288 316/367/290 315/366/289
f 230/258/198 317/368/291 229/256/197
f 230/258/198 318/369/292 317/368/291
f 229/256/197 310/356/284 228/353/196
f 229/256/197 317/368/291 310/356/284
f 317/368/291 312/361/286 310/356/284
f 317/368/291 319/370/293 312/361/286
f 318/369/292 319/370/293 317/368/291
f 318/369/292 320/371/294 319/370/293
f 238/264/207 321/372/295 237/263/206
f 238/264/207 322/373/296 321/372/295
f 237/263/206 314/374/288 236/262/205
f 237/263/206 321/372/295 314/374/288
f 321/372/295 316/375/290 314/374/288
f 321/372/295 323/376/297 316/375/290
f 322/373/296 323/376/297 321/372/295
f 322/373/296 324/377/298 323/376/297
f 273/378/246 325/379/299 272/311/245
f 273/378/246 326/380/300 325/379/299
f 272/311/245 318/369/292 230/258/198
f 272/311/245 325/379/299 318/369/292
f 325/379/299 320/371/294 318/369/292
f 325/379/299 327/381/301 320/371/294
f 326/380/300 327/381/301 325/379/299
f 326/380/300 328/382/302 327/381/301
f 219/383/187 329/384/303 276/385/249
f 219/383/187 330/386/304 329/384/303
f 276/315/249 322/373/296 238/264/207
f 276/315/249 329/387/303 322/373/296
f 329/387/303 324/377/298 322/373/296
f 329/387/303 331/388/305 324/377/298
f 330/386/304 331/389/305 329/384/303
f 330/386/304 332/390/306 331/389/305
f 250/391/220 333/392/307 293/393/267
f 250/391/220 334/394/308 333/392/307
f 293/393/267 326/380/300 273/378/246
f 293/393/267 333/392/307 326/380/300
f 333/392/307 328/382/302 326/380/300
f 333/392/307 335/395/309 328/382/302
f 334/394/308 335/395/309 333/392/307
f 334/394/308 298/396/273 335/395/309
f 221/397/189 336/398/310 220/399/188
f 221/397/189 337/400/311 336/398/310
f 220/399/188 330/386/304 219/383/187
f 220/399/188 336/398/310 330/386/304
f 336/398/310 332/390/306 330/386/304
f 336/398/310 338/401/312 332/390/306
f 337/400/311 338/401/312 336/398/310
f 337/400/311 339/402/313 338/401/312
f 252/279/222 340/403/314 251/278/221
f 252/279/222 341/404/315 340/403/314
f 251/278/221 334/405/308 250/277/220
f 251/278/221 340/403/314 334/405/308
f 340/403/314 298/340/273 334/405/308
f 340/403/314 295/337/270 298/340/273
f 341/404/315 295/337/270 340/403/314
f 341/404/315 294/335/268 295/337/270
f 263/406/234 342/407/316 262/408/233
f 263/406/234 343/409/317 342/407/316
f 262/408/233 337/400/311 221/397/189
f 262/408/233 342/407/316 337/400/311
f 342/407/316 339/402/313 337/400/311
f 342/407/316 344/410/318 339/402/313
f 343/409/317 344/410/318 342/407/316
f 343/409/317 345/411/319 344/410/318
f 192/412/160 346/413/320 268/414/240
f 192/412/160 347/415/321 346/413/320
f 268/414/240 348/416/322 267/417/239
f 268/414/240 346/413/320 348/416/322
f 346/413/320 349/418/323 348/416/322
f 346/413/320 350/419/324 349/418/323
f 347/415/321 350/419/324 346/413/320
f 347/415/321 351/420/325 350/419/324
f 284/421/258 352/422/326 283/423/257
f 284/421/258 353/424/327 352/422/326
f 283/323/257 341/404/315 252/279/222
f 283/323/257 352/425/326 341/404/315
f 352/425/326 294/335/268 341/404/315
f 352/425/326 354/426/328 294/335/268
f 353/424/327 354/427/328 352/422/326
f 353/424/327 355/428/329 354/427/328
f 211/237/180 356/429/330 290/331/264
f 211/237/180 212/236/179 356/429/330
f 290/430/264 343/409/317 263/406/234
f 290/430/264 356/431/330 343/409/317
f 356/431/330 345/411/319 343/409/317
f 356/431/330 357/432/331 345/411/319
f 212/236/179 357/433/331 356/429/330
f 212/236/179 213/238/181 357/433/331
f 194/349/162 358/434/332 193/435/161
f 194/349/162 305/348/279 358/434/332
f 193/435/161 347/415/321 192/412/160
f 193/435/161 358/434/332 347/415/321
f 358/434/332 351/420/325 347/415/321
f 358/434/332 359/436/333 351/420/325
f 305/348/279 359/436/333 358/434/332
f 305/348/279 306/350/280 359/436/333
f 360/437/334 362/438/335 361/439/336
f 360/437/334 363/440/337 362/438/335
f 361/439/336 365/441/338 364/442/339
f 361/439/336 362/438/335 365/441/338
f 362/438/335 366/443/340 365/441/338
f 362/438/335 367/444/341 366/443/340
f 363/440/337 367/444/341 362/438/335
f 363/445/337 368/446/342 367/447/341
f 345/448/319 369/449/343 344/450/318
f 345/448/319 370/451/344 369/449/343
f 344/410/318 371/452/345 339/402/313
f 344/410/318 369/453/343 371/452/345
f 369/449/343 372/454/346 371/455/345
f 369/449/343 373/456/347 372/454/346
f 370/451/344 373/456/347 369/449/343
f 370/451/344 374/457/348 373/456/347
f 351/458/325 375/459/349 350/460/324
f 351/458/325 376/461/350 375/459/349
f 350/462/324 377/463/351 349/464/323
f 350/462/324 375/465/349 377/463/351
f 375/465/349 378/466/352 377/463/351
f 375/465/349 379/467/353 378/466/352
f 376/461/350 379/468/353 375/459/349
f 376/461/350 380/469/354 379/468/353
f 355/470/329 381/471/355 354/426/328
f 355/470/329 382/472/356 381/471/355
f 354/426/328 297/338/271 294/335/268
f 354/426/328 381/471/355 297/338/271
f 381/471/355 302/343/276 297/338/271
f 381/471/355 383/473/357 302/343/276
f 382/472/356 383/473/357 381/471/355
f 382/472/356 384/474/358 383/473/357
f 213/238/181 385/475/359 357/433/331
f 213/238/181 386/476/360 385/475/359
f 357/433/331 370/451/344 345/448/319
f 357/433/331 385/475/359 370/451/344
f 385/475/359 374/457/348 370/451/344
f 385/475/359 387/477/361 374/457/348
f 386/476/360 387/477/361 385/475/359
f 386/476/360 388/478/362 387/477/361
f 306/479/280 389/480/363 359/481/333
f 306/479/280 390/482/364 389/480/363
f 359/481/333 376/461/350 351/458/325
f 359/481/333 389/480/363 376/461/350
f 389/480/363 380/469/354 376/461/350
f 389/480/363 391/483/365 380/469/354
f 390/482/364 391/483/365 389/480/363
f 390/482/364 392/484/366 391/483/365
f 215/240/183 393/485/367 214/239/182
f 215/240/183 394/486/368 393/485/367
f 214/239/182 386/476/360 213/238/181
f 214/239/182 393/485/367 386/476/360
f 393/485/367 388/478/362 386/476/360
f 393/485/367 395/487/369 388/478/362
f 394/486/368 395/487/369 393/485/367
f 394/486/368 396/488/370 395/487/369
f 308/489/282 397/490/371 307/491/281
f 308/489/282 398/492/372 397/490/371
f 307/491/281 390/482/364 306/479/280
f 307/491/281 397/490/371 390/482/364
f 397/490/371 392/484/366 390/482/364
f 397/490/371 399/493/373 392/484/366
f 398/492/372 399/493/373 397/490/371
f 398/492/372 400/494/374 399/493/373
f 312/495/286 401/496/375 311/497/285
f 312/495/286 402/498/376 401/496/375
f 311/497/285 394/486/368 215/240/183
f 311/497/285 401/496/375 394/486/368
f 401/496/375 396/488/370 394/486/368
f 401/496/375 403/499/377 396/488/370
f 402/498/376 403/499/377 401/496/375
f 402/498/376 404/500/378 403/499/377
f 316/375/290 405/501/379 315/502/289
f 316/375/290 406/503/380 405/501/379
f 315/502/289 398/504/372 308/505/282
f 315/502/289 405/501/379 398/504/372
f 405/501/379 400/506/374 398/504/372
f 405/501/379 407/507/381 400/506/374
f 406/503/380 407/507/381 405/501/379
f 406/503/380 364/442/339 407/507/381
f 320/371/294 408/508/382 319/370/293
f 320/371/294 409/509/383 408/508/382
f 319/370/293 402/510/376 312/361/286
f 319/370/293 408/508/382 402/510/376
f 408/511/382 404/500/378 402/498/376
f 408/511/382 410/512/384 404/500/378
f 409/513/383 410/512/384 408/511/382
f 409/513/383 411/514/385 410/512/384
f 324/377/298 412/515/386 323/376/297
f 324/377/298 413/516/387 412/515/386
f 323/376/297 406/503/380 316/375/290
f 323/376/297 412/515/386 406/503/380
f 412/515/386 364/442/339 406/503/380
f 412/515/386 361/439/336 364/442/339
f 413/516/387 361/439/336 412/515/386
f 413/516/387 360/437/334 361/439/336
f 328/382/302 414/517/388 327/381/301
f 328/382/302 415/518/389 414/517/388
f 327/381/301 409/509/383 320/371/294
f 327/381/301 414/517/388 409/509/383
f 414/519/388 411/520/385 409/521/383
f 414/519/388 416/522/390 411/520/385
f 415/523/389 416/522/390 414/519/388
f 415/523/389 417/524/391 416/522/390
f 332/525/306 418/526/392 331/388/305
f 332/525/306 419/527/393 418/526/392
f 331/388/305 413/516/387 324/377/298
f 331/388/305 418/526/392 413/516/387
f 418/526/392 360/437/334 413/516/387
f 418/526/392 420/528/394 360/437/334
f 419/527/393 420/528/394 418/526/392
f 419/527/393 421/529/395 420/528/394
f 298/340/273 422/530/396 335/531/309
f 298/340/273 299/339/272 422/530/396
f 335/531/309 415/523/389 328/532/302
f 335/531/309 422/530/396 415/523/389
f 422/530/396 417/524/391 415/523/389
f 422/530/396 423/533/397 417/524/391
f 299/339/272 423/533/397 422/530/396
f 299/339/272 300/341/274 423/533/397
f 339/402/313 424/534/398 338/401/312
f 339/402/313 371/452/345 424/534/398
f 338/535/312 419/527/393 332/525/306
f 338/535/312 424/536/398 419/527/393
f 424/536/398 421/529/395 419/527/393
f 424/536/398 425/537/399 421/529/395
f 371/538/345 425/537/399 424/536/398
f 371/538/345 372/539/346 425/537/399
f 417/524/391 426/540/400 416/522/390
f 417/524/391 427/541/401 426/540/400
f 416/522/390 428/542/402 411/520/385
f 416/522/390 426/540/400 428/542/402
f 426/543/400 429/544/403 428/545/402
f 426/543/400 430/546/404 429/544/403
f 427/547/401 430/546/404 426/543/400
f 427/547/401 431/548/405 430/546/404
f 421/529/395 432/549/406 420/528/394
f 421/529/395 433/550/407 432/549/406
f 420/528/394 363/440/337 360/437/334
f 420/528/394 432/549/406 363/440/337
f 432/551/406 368/446/342 363/445/337
f 432/552/406 434/553/408 368/554/342
f 433/555/407 434/556/408 432/557/406
f 433/558/407 435/559/409 434/560/408
f 300/341/274 436/561/410 423/533/397
f 300/341/274 437/562/411 436/561/410
f 423/533/397 427/541/401 417/524/391
f 423/533/397 436/561/410 427/541/401
f 436/563/410 431/548/405 427/547/401
f 436/563/410 438/564/412 431/548/405
f 437/565/411 438/564/412 436/563/410
f 437/562/411 439/566/413 438/567/412
f 372/539/346 440/568/414 425/537/399
f 372/539/346 441/569/415 440/568/414
f 425/537/399 433/550/407 421/529/395
f 425/537/399 440/568/414 433/550/407
f 440/570/414 435/571/409 433/572/407
f 440/570/414 442/573/416 435/571/409
f 441/574/415 442/573/416 440/570/414
f 441/574/415 443/575/417 442/573/416
f 302/343/276 444/576/418 301/342/275
f 302/343/276 445/577/419 444/576/418
f 301/342/275 437/562/411 300/341/274
f 301/342/275 444/576/418 437/562/411
f 444/576/418 439/566/413 437/562/411
f 444/576/418 446/578/420 439/566/413
f 445/577/419 446/578/420 444/576/418
f 445/579/419 447/580/421 446/581/420
f 374/457/348 448/582/422 373/456/347
f 374/457/348 449/583/423 448/582/422
f 373/456/347 441/584/415 372/454/346
f 373/456/347 448/582/422 441/584/415
f 448/585/422 443/575/417 441/574/415
f 448/585/422 450/586/424 443/575/417
f 449/587/423 450/586/424 448/585/422
f 449/587/423 451/588/425 450/586/424
f 380/469/354 452/589/426 379/468/353
f 380/469/354 453/590/427 452/589/426
f 379/468/353 454/591/428 378/592/352
f 379/468/353 452/589/426 454/591/428
f 452/589/426 455/593/429 454/591/428
f 452/589/426 456/594/430 455/593/429
f 453/590/427 456/594/430 452/589/426
f 453/590/427 457/595/431 456/594/430
f 384/474/358 458/596/432 383/473/357
f 384/474/358 459/597/433 458/596/432
f 383/473/357 445/577/419 302/343/276
f 383/473/357 458/596/432 445/577/419
f 458/598/432 447/580/421 445/579/419
f 458/599/432 460/600/434 447/601/421
f 459/602/433 460/603/434 458/604/432
f 459/605/433 461/606/435 460/607/434
f 388/478/362 462/608/436 387/477/361
f 388/478/362 463/609/437 462/608/436
f 387/477/361 449/583/423 374/457/348
f 387/477/361 462/608/436 449/583/423
f 462/608/436 451/610/425 449/583/423
f 462/611/436 464/612/438 451/613/425
f 463/609/437 464/614/438 462/608/436
f 463/615/437 465/616/439 464/617/438
f 392/484/366 466/618/440 391/483/365
f 392/484/366 467/619/441 466/618/440
f 391/483/365 453/590/427 380/469/354
f 391/483/365 466/618/440 453/590/427
f 466/618/440 457/595/431 453/590/427
f 466/618/440 468/620/442 457/595/431
f 467/619/441 468/620/442 466/618/440
f 467/619/441 469/621/443 468/620/442
f 396/488/370 470/622/444 395/487/369
f 396/488/370 471/623/445 470/622/444
f 395/487/369 463/609/437 388/478/362
f 395/487/369 470/622/444 463/609/437
f 470/624/444 465/616/439 463/615/437
f 470/622/444 472/625/446 465/626/439
f 471/623/445 472/625/446 470/622/444
f 471/623/445 473/627/447 472/625/446
f 400/494/374 474/628/448 399/493/373
f 400/494/374 475/629/449 474/628/448
f 399/493/373 467/619/441 392/484/366
f 399/493/373 474/628/448 467/619/441
f 474/628/448 469/621/443 467/619/441
f 474/628/448 476/630/450 469/621/443
f 475/629/449 476/630/450 474/628/448
f 475/629/449 477/631/451 476/630/450
f 404/500/378 478/632/452 403/499/377
f 404/500/378 479/633/453 478/632/452
f 403/499/377 471/623/445 396/488/370
f 403/499/377 478/632/452 471/623/445
f 478/632/452 473/627/447 471/623/445
f 478/632/452 480/634/454 473/627/447
f 479/635/453 480/636/454 478/637/452
f 479/635/453 481/638/455 480/636/454
f 364/442/339 482/639/456 407/507/381
f 364/442/339 365/441/338 482/639/456
f 407/640/381 475/629/449 400/494/374
f 407/640/381 482/641/456 475/629/449
f 482/642/456 477/643/451 475/644/449
f 482/645/456 483/646/457 477/647/451
f 365/648/338 483/649/457 482/650/456
f 365/441/338 366/443/340 483/651/457
f 411/514/385 484/652/458 410/512/384
f 411/514/385 428/653/402 484/652/458
f 410/512/384 479/633/453 404/500/378
f 410/512/384 484/652/458 479/633/453
f 484/654/458 481/638/455 479/635/453
f 484/654/458 485/655/459 481/638/455
f 428/545/402 485/655/459 484/654/458
f 428/545/402 429/544/403 485/655/459
f 486/656/460 487/657/63 488/658/64
f 486/656/460 488/658/64 489/659/461
f 487/657/63 490/660/63 491/661/64
f 487/657/63 491/661/64 488/658/64
f 488/658/64 491/661/64 492/662/59
f 488/658/64 492/662/59 493/663/59
f 489/659/461 488/658/64 493/663/59
f 489/659/461 493/663/59 494/664/462
f 494/664/462 493/663/59 495/665/60
f 494/664/462 495/665/60 496/666/463
f 493/663/59 492/662/59 497/667/60
f 493/663/59 497/667/60 495/665/60
f 495/665/60 497/667/60 498/668/55
f 495/665/60 498/668/55 499/669/55
f 496/666/463 495/665/60 499/669/55
f 496/666/463 499/669/55 500/670/464
f 500/670/464 499/669/55 501/671/56
f 500/670/464 501/671/56 502/672/465
f 499/669/55 498/668/55 503/673/56
f 499/669/55 503/673/56 501/671/56
f 501/671/56 503/673/56 504/674/51
f 501/671/56 504/674/51 505/675/51
f 502/672/465 501/671/56 505/675/51
f 502/672/465 505/675/51 506/676/466
f 506/676/466 505/675/51 507/677/52
f 506/676/466 507/677/52 508/678/467
f 505/675/51 504/674/51 509/679/52
f 505/675/51 509/679/52 507/677/52
f 507/677/52 509/679/52 510/680/47
f 507/677/52 510/680/47 511/681/47
f 508/678/467 507/677/52 511/681/47
f 508/678/467 511/681/47 512/682/468
f 512/683/468 511/684/47 513/685/48
f 512/683/468 513/685/48 514/686/469
f 511/684/47 510/687/47 515/688/48
f 511/684/47 515/688/48 513/685/48
f 513/685/48 515/688/48 516/689/43
f 513/685/48 516/689/43 517/690/43
f 514/686/469 513/685/48 517/690/43
f 514/686/469 517/690/43 518/691/470
f 518/691/470 517/690/43 519/692/44
f 518/691/470 519/692/44 520/693/471
f 517/690/43 516/689/43 521/694/44
f 517/690/43 521/694/44 519/692/44
f 519/692/44 521/694/44 522/695/39
f 519/692/44 522/695/39 523/696/39
f 520/693/471 519/692/44 523/696/39
f 520/693/471 523/696/39 524/697/472
f 524/697/472 523/696/39 525/698/40
f 524/697/472 525/698/40 526/699/473
f 523/696/39 522/695/39 527/700/40
f 523/696/39 527/700/40 525/698/40
f 525/698/40 527/700/40 528/701/35
f 525/698/40 528/701/35 529/702/35
f 526/699/473 525/698/40 529/702/35
f 526/699/473 529/702/35 530/703/474
f 530/703/474 529/702/35 531/704/36
f 530/703/474 531/704/36 532/705/475
f 529/702/35 528/701/35 533/706/36
f 529/702/35 533/706/36 531/704/36
f 531/704/36 533/706/36 534/707/31
f 531/704/36 534/707/31 535/708/31
f 532/705/475 531/704/36 535/708/31
f 532/705/475 535/708/31 536/709/476
f 536/709/476 535/708/31 537/710/32
f 536/709/476 537/710/32 538/711/477
f 535/708/31 534/707/31 539/712/32
f 535/708/31 539/712/32 537/710/32
f 537/713/32 539/714/32 540/715/27
f 537/713/32 540/715/27 541/716/27
f 538/717/477 537/713/32 541/716/27
f 538/717/477 541/716/27 542/718/478
f 542/718/478 541/716/27 543/719/28
f 542/718/478 543/719/28 544/720/479
f 541/716/27 540/715/27 545/721/28
f 541/716/27 545/721/28 543/719/28
f 543/719/28 545/721/28 546/722/23
f 543/719/28 546/722/23 547/723/23
f 544/720/479 543/719/28 547/723/23
f 544/720/479 547/723/23 548/724/480
f 548/724/480 547/723/23 549/725/24
f 548/724/480 549/725/24 550/726/481
f 547/723/23 546/722/23 551/727/24
f 547/723/23 551/727/24 549/725/24
f 549/725/24 551/727/24 552/728/19
f 549/725/24 552/728/19 553/729/19
f 550/726/481 549/725/24 553/729/19
f 550/726/481 553/729/19 554/730/482
f 554/730/482 553/729/19 555/731/20
f 554/730/482 555/731/20 556/732/483
f 553/729/19 552/728/19 557/733/20
f 553/729/19 557/733/20 555/731/20
f 555/734/20 557/735/20 558/736/15
f 555/734/20 558/736/15 559/737/15
f 556/738/483 555/734/20 559/737/15
f 556/738/483 559/737/15 560/739/484
f 560/739/484 559/737/15 561/740/16
f 560/739/484 561/740/16 562/741/485
f 559/737/15 558/736/15 563/742/16
f 559/737/15 563/742/16 561/740/16
f 561/740/16 563/742/16 564/743/11
f 561/740/16 564/743/11 565/744/11
f 562/741/485 561/740/16 565/744/11
f 562/741/485 565/744/11 566/745/486
f 566/745/486 565/744/11 567/746/12
f 566/745/486 567/746/12 568/747/487
f 565/744/11 564/743/11 569/748/12
f 565/744/11 569/748/12 567/746/12
f 567/746/12 569/748/12 570/749/7
f 567/746/12 570/749/7 571/750/7
f 568/747/487 567/746/12 571/750/7
f 568/747/487 571/750/7 572/751/488
f 572/751/488 571/750/7 573/752/8
f 572/751/488 573/752/8 574/753/489
f 571/750/7 570/749/7 575/754/8
f 571/750/7 575/754/8 573/752/8
f 573/752/8 575/754/8 576/755/1
f 573/752/8 576/755/1 577/756/1
f 574/753/489 573/752/8 577/756/1
f 574/753/489 577/756/1 578/757/490
f 578/758/490 577/759/1 579/760/2
f 578/758/490 579/760/2 580/761/491
f 577/759/1 576/762/1 581/763/2
f 577/759/1 581/763/2 579/760/2
f 579/760/2 581/763/2 582/764/6
f 579/760/2 582/764/6 583/765/6
f 580/761/491 579/760/2 583/765/6
f 580/761/491 583/765/6 584/766/492
f 585/767/493 586/768/494 587/769/495
f 585/767/493 587/769/495 588/770/496
f 586/771/494 589/772/497 590/773/498
f 586/771/494 590/773/498 587/774/495
f 587/774/495 590/773/498 591/775/499
f 587/774/495 591/775/499 592/776/500
f 588/770/496 587/769/495 592/777/500
f 588/770/496 592/777/500 593/778/501
f 594/779/502 595/780/503 596/781/504
f 594/779/502 596/781/504 597/782/505
f 595/783/503 598/784/506 599/785/507
f 595/783/503 599/785/507 596/786/504
f 596/786/504 599/785/507 589/787/497
f 596/786/504 589/787/497 586/788/494
f 597/782/505 596/781/504 586/768/494
f 597/782/505 586/768/494 585/767/493
f 600/789/508 601/790/509 602/791/510
f 600/789/508 602/791/510 603/792/511
f 601/793/509 604/794/512 605/795/513
f 601/793/509 605/795/513 602/796/510
f 602/796/510 605/795/513 598/784/506
f 602/796/510 598/784/506 595/783/503
f 603/792/511 602/791/510 595/780/503
f 603/792/511 595/780/503 594/779/502
f 606/797/514 607/798/515 608/799/516
f 606/797/514 608/799/516 609/800/517
f 607/801/515 610/802/518 611/803/519
f 607/801/515 611/803/519 608/804/516
f 608/804/516 611/803/519 604/794/512
f 608/804/516 604/794/512 601/793/509
f 609/800/517 608/799/516 601/790/509
f 609/800/517 601/790/509 600/789/508
f 612/805/520 613/806/521 614/807/522
f 612/805/520 614/807/522 615/808/523
f 613/809/521 616/810/524 617/811/525
f 613/809/521 617/811/525 614/812/522
f 614/812/522 617/811/525 610/802/518
f 614/812/522 610/802/518 607/801/515
f 615/808/523 614/807/522 607/798/515
f 615/808/523 607/798/515 606/797/514
f 618/813/526 619/814/527 620/815/528
f 618/813/526 620/815/528 621/816/529
f 619/817/527 622/818/530 623/819/531
f 619/817/527 623/819/531 620/820/528
f 620/820/528 623/819/531 616/821/524
f 620/820/528 616/821/524 613/822/521
f 621/816/529 620/815/528 613/806/521
f 621/816/529 613/806/521 612/805/520
f 624/823/532 625/824/533 626/825/534
f 624/823/532 626/825/534 627/826/535
f 625/827/533 628/828/536 544/829/537
f 625/827/533 544/829/537 626/830/534
f 626/830/534 544/829/537 622/818/530
f 626/830/534 622/818/530 619/817/527
f 627/826/535 626/825/534 619/814/527
f 627/826/535 619/814/527 618/813/526
f 629/831/538 630/832/539 631/833/540
f 629/831/538 631/833/540 632/834/541
f 630/835/539 536/709/476 538/711/477
f 630/835/539 538/711/477 631/836/540
f 631/837/540 538/838/477 628/828/536
f 631/837/540 628/828/536 625/827/533
f 632/834/541 631/833/540 625/824/533
f 632/834/541 625/824/533 624/823/532
f 633/839/542 634/840/543 635/841/544
f 633/839/542 635/841/544 636/842/545
f 634/843/543 637/703/546 532/705/475
f 634/843/543 532/705/475 635/844/544
f 635/844/544 532/705/475 536/709/476
f 635/844/544 536/709/476 630/835/539
f 636/842/545 635/841/544 630/832/539
f 636/842/545 630/832/539 629/831/538
f 638/845/547 639/846/548 640/847/549
f 638/845/547 640/847/549 641/848/550
f 639/849/548 642/697/551 526/699/552
f 639/849/548 526/699/552 640/850/549
f 640/850/549 526/699/552 637/703/546
f 640/850/549 637/703/546 634/843/543
f 641/848/550 640/847/549 634/840/543
f 641/848/550 634/840/543 633/839/542
f 643/851/553 644/852/554 645/853/555
f 643/851/553 645/853/555 646/854/556
f 644/855/554 647/691/557 648/693/558
f 644/855/554 648/693/558 645/856/555
f 645/856/555 648/693/558 642/697/551
f 645/856/555 642/697/551 639/849/548
f 646/854/556 645/853/555 639/846/548
f 646/854/556 639/846/548 638/845/547
f 649/857/559 650/858/560 651/859/561
f 649/857/559 651/859/561 652/860/562
f 650/861/560 653/683/563 654/686/564
f 650/861/560 654/686/564 651/862/561
f 651/862/561 654/686/564 647/691/557
f 651/862/561 647/691/557 644/855/554
f 652/860/562 651/859/561 644/852/554
f 652/860/562 644/852/554 643/851/553
f 655/863/565 656/864/566 657/865/567
f 655/863/565 657/865/567 658/866/568
f 656/867/566 659/868/569 660/869/570
f 656/867/566 660/869/570 657/870/567
f 657/870/567 660/869/570 653/871/563
f 657/870/567 653/871/563 650/872/560
f 658/866/568 657/865/567 650/858/560
f 658/866/568 650/858/560 649/857/559
f 661/873/571 662/874/572 663/875/573
f 661/873/571 663/875/573 664/876/574
f 662/877/572 665/878/575 666/879/576
f 662/877/572 666/879/576 663/880/573
f 663/880/573 666/879/576 659/868/569
f 663/880/573 659/868/569 656/867/566
f 664/876/574 663/875/573 656/864/566
f 664/876/574 656/864/566 655/863/565
f 667/881/577 668/882/578 669/883/579
f 667/881/577 669/883/579 670/884/580
f 668/885/578 671/886/581 672/887/582
f 668/885/578 672/887/582 669/888/579
f 669/888/579 672/887/582 665/878/575
f 669/888/579 665/878/575 662/877/572
f 670/884/580 669/883/579 662/874/572
f 670/884/580 662/874/572 661/873/571
f 673/778/583 674/777/584 675/889/585
f 673/778/583 675/889/585 676/890/586
f 674/891/584 486/892/587 677/893/588
f 674/891/584 677/893/588 675/894/585
f 675/894/585 677/893/588 671/886/581
f 675/894/585 671/886/581 668/885/578
f 676/890/586 675/889/585 668/882/578
f 676/890/586 668/882/578 667/881/577
f 678/895/589 679/896/590 680/897/591
f 678/895/589 680/897/591 681/898/592
f 682/899/593 683/900/594 684/901/591
f 682/899/593 684/901/591 685/902/590
f 686/903/595 687/904/596 688/905/591
f 686/903/595 688/905/591 683/906/594
f 689/907/597 690/908/598 691/909/591
f 689/907/597 691/909/591 687/910/596
f 692/911/599 693/912/600 684/913/591
f 692/911/599 684/913/591 690/914/598
f 694/915/601 695/916/602 691/917/591
f 694/915/601 691/917/591 693/918/600
f 696/919/603 697/920/604 698/921/591
f 696/919/603 698/921/591 695/922/602
f 699/923/605 700/924/606 691/925/591
f 699/923/605 691/925/591 701/926/604
f 702/927/607 703/928/608 698/929/591
f 702/927/607 698/929/591 704/930/606
f 705/931/609 706/932/610 688/933/591
f 705/931/609 688/933/591 707/934/608
f 708/935/611 709/936/612 691/937/591
f 708/935/611 691/937/591 710/938/610
f 711/939/613 712/940/614 680/941/591
f 711/939/613 680/941/591 713/942/612
f 714/943/615 715/944/616 698/945/591
f 714/943/615 698/945/591 712/946/614
f 716/947/617 717/948/618 698/945/591
f 716/947/617 698/945/591 715/944/616
f 718/949/619 719/950/620 688/951/591
f 718/949/619 688/951/591 720/952/618
f 721/953/621 722/954/592 688/955/591
f 721/953/621 688/955/591 723/956/620
f 724/957/622 725/958/623 726/959/624
f 724/957/622 726/959/624 727/960/625
f 725/958/623 728/961/626 729/962/627
f 725/958/623 729/962/627 726/959/624
f 726/963/624 729/964/627 730/965/628
f 726/963/624 730/965/628 731/966/629
f 727/967/625 726/963/624 731/966/629
f 727/967/625 731/966/629 732/968/630
f 733/969/631 734/970/632 735/971/633
f 733/969/631 735/971/633 736/972/634
f 737/973/635 738/974/636 739/975/633
f 737/973/635 739/975/633 740/976/637
f 741/977/638 742/978/639 735/979/633
f 741/977/638 735/979/633 738/980/640
f 743/981/641 744/982/642 739/983/633
f 743/981/641 739/983/633 745/984/639
f 746/985/643 747/986/644 739/983/633
f 746/985/643 739/983/633 744/982/642
f 748/987/645 749/988/646 739/989/633
f 748/987/645 739/989/633 750/990/647
f 751/991/648 752/992/649 753/993/633
f 751/991/648 753/993/633 754/994/650
f 755/995/630 756/996/651 757/997/633
f 755/995/630 757/997/633 758/998/649
f 759/999/628 760/1000/652 757/1001/633
f 759/999/628 757/1001/633 761/1002/651
f 762/1003/653 763/1004/654 739/1005/633
f 762/1003/653 739/1005/633 764/1006/655
f 765/1007/656 766/1008/657 757/1009/633
f 765/1007/656 757/1009/633 767/1010/658
f 768/1011/659 769/1012/660 735/1013/633
f 768/1011/659 735/1013/633 770/1014/657
f 771/1015/661 772/1016/662 739/1017/633
f 771/1015/661 739/1017/633 769/1018/660
f 773/1019/663 774/1020/664 739/1021/633
f 773/1019/663 739/1021/633 775/1022/665
f 776/1023/666 777/1024/667 739/1025/633
f 776/1023/666 739/1025/633 778/1026/668
f 779/1027/669 736/1028/634 753/1029/633
f 779/1027/669 753/1029/633 777/1030/667
f 780/1031/670 781/1032/671 782/1033/672
f 780/1034/670 782/1035/672 783/1036/673
f 781/1037/671 784/1038/674 785/1039/675
f 781/1032/671 785/1040/675 782/1033/672
f 782/1033/672 785/1040/675 786/1041/669
f 782/1033/672 786/1041/669 787/1042/667
f 783/1043/673 782/1033/672 787/1042/667
f 783/1043/673 787/1042/667 788/1044/666
f 789/1045/676 790/1046/677 791/1047/678
f 789/1045/676 791/1047/678 792/1048/679
f 790/1046/677 724/957/622 727/960/625
f 790/1046/677 727/960/625 791/1047/678
f 791/1049/678 727/967/625 732/968/630
f 791/1049/678 732/968/630 793/1050/680
f 792/1051/679 791/1049/678 793/1050/680
f 792/1051/679 793/1050/680 794/1052/648
f 795/1053/681 796/1054/682 797/1055/683
f 795/1053/681 797/1055/683 798/1056/684
f 796/1054/682 780/1031/670 783/1043/673
f 796/1054/682 783/1043/673 797/1055/683
f 797/1055/683 783/1043/673 788/1044/666
f 797/1055/683 788/1044/666 799/1057/664
f 798/1056/684 797/1055/683 799/1057/664
f 798/1056/684 799/1057/664 800/1058/685
f 801/1059/686 802/1060/687 803/1061/688
f 801/1062/686 803/1063/688 804/1064/689
f 802/1065/687 789/1045/676 792/1048/679
f 802/1060/687 792/1051/679 803/1061/688
f 803/1061/688 792/1051/679 794/1052/648
f 803/1061/688 794/1052/648 805/1066/646
f 804/1067/689 803/1061/688 805/1066/646
f 804/1067/689 805/1066/646 806/1068/690
f 807/1069/691 808/1070/692 809/1071/693
f 807/1069/691 809/1071/693 810/1072/694
f 808/1070/692 795/1053/681 798/1056/684
f 808/1070/692 798/1056/684 809/1071/693
f 809/1071/693 798/1056/684 800/1058/685
f 809/1071/693 800/1058/685 811/1073/665
f 810/1072/694 809/1071/693 811/1073/665
f 810/1072/694 811/1073/665 812/1074/661
f 813/1075/695 814/1076/696 815/1077/697
f 813/1078/695 815/1079/697 816/1080/698
f 814/1081/696 801/1062/686 804/1064/689
f 814/1076/696 804/1067/689 815/1077/697
f 815/1077/697 804/1067/689 806/1068/690
f 815/1077/697 806/1068/690 817/1082/647
f 816/1083/698 815/1077/697 817/1082/647
f 816/1083/698 817/1082/647 818/1084/643
f 819/1085/699 820/1086/700 821/1087/701
f 819/1088/699 821/1089/701 822/1090/702
f 820/1086/700 807/1069/691 810/1072/694
f 820/1086/700 810/1072/694 821/1087/701
f 821/1087/701 810/1072/694 812/1074/661
f 821/1087/701 812/1074/661 823/1091/703
f 822/1092/702 821/1087/701 823/1091/703
f 822/1092/702 823/1091/703 824/1093/659
f 825/1094/704 826/1095/705 827/1096/706
f 825/1097/704 827/1098/706 828/1099/707
f 826/1100/705 813/1078/695 816/1080/698
f 826/1095/705 816/1083/698 827/1096/706
f 827/1096/706 816/1083/698 818/1084/643
f 827/1096/706 818/1084/643 829/1101/708
f 828/1102/707 827/1096/706 829/1101/708
f 828/1102/707 829/1101/708 830/1103/641
f 831/1104/709 832/1105/710 833/1106/711
f 831/1107/709 833/1108/711 834/1109/712
f 832/1110/710 819/1088/699 822/1090/702
f 832/1105/710 822/1092/702 833/1106/711
f 833/1106/711 822/1092/702 824/1093/659
f 833/1106/711 824/1093/659 835/1111/713
f 834/1112/712 833/1106/711 835/1111/713
f 834/1112/712 835/1111/713 836/1113/656
f 837/1114/714 838/1115/715 839/1116/716
f 837/1114/714 839/1116/716 840/1117/717
f 838/1118/715 825/1097/704 828/1099/707
f 838/1115/715 828/1102/707 839/1116/716
f 839/1116/716 828/1102/707 830/1103/641
f 839/1116/716 830/1103/641 841/1119/639
f 840/1117/717 839/1116/716 841/1119/639
f 840/1117/717 841/1119/639 842/1120/638
f 843/1121/718 844/1122/719 845/1123/720
f 843/1124/718 845/1125/720 846/1126/721
f 844/1127/719 831/1107/709 834/1109/712
f 844/1122/719 834/1112/712 845/1123/720
f 845/1123/720 834/1112/712 836/1113/656
f 845/1123/720 836/1113/656 847/1128/654
f 846/1129/721 845/1123/720 847/1128/654
f 846/1129/721 847/1128/654 848/1130/722
f 849/1131/723 850/1132/724 851/1133/725
f 849/1134/723 851/1135/725 852/1136/726
f 850/1137/724 853/1138/727 854/1139/728
f 850/1132/724 854/1140/728 851/1133/725
f 851/1133/725 854/1140/728 855/1141/635
f 851/1133/725 855/1141/635 856/1142/637
f 852/1143/726 851/1133/725 856/1142/637
f 852/1143/726 856/1142/637 857/1144/631
f 858/1145/727 859/1146/729 860/1147/730
f 858/1148/727 860/1149/730 861/1150/728
f 859/1146/729 837/1114/714 840/1117/717
f 859/1146/729 840/1117/717 860/1147/730
f 860/1147/730 840/1117/717 842/1120/638
f 860/1147/730 842/1120/638 862/1151/636
f 861/1140/728 860/1147/730 862/1151/636
f 861/1140/728 862/1151/636 863/1141/731
f 728/1152/626 864/1153/732 865/1154/733
f 728/961/626 865/1155/733 729/962/627
f 864/1156/732 843/1157/718 846/1158/721
f 864/1153/732 846/1129/721 865/1154/733
f 865/1154/733 846/1129/721 848/1130/722
f 865/1154/733 848/1130/722 866/1159/655
f 729/964/627 865/1154/733 866/1159/655
f 729/964/627 866/1159/655 730/965/628
f 784/1160/674 867/1161/734 868/1162/735
f 784/1038/674 868/1163/735 785/1039/675
f 867/1164/734 849/1134/723 852/1136/726
f 867/1161/734 852/1143/726 868/1162/735
f 868/1162/735 852/1143/726 857/1144/631
f 868/1162/735 857/1144/631 869/1165/736
f 785/1040/675 868/1162/735 869/1165/736
f 785/1040/675 869/1165/736 786/1041/669
f 870/1166/55 871/1167/737 872/1168/737
f 870/1166/55 872/1168/737 873/1169/55
f 871/1167/737 874/1170/59 875/1171/59
f 871/1167/737 875/1171/59 872/1168/737
f 872/1168/737 875/1171/59 876/1172/738
f 872/1168/737 876/1172/738 877/1173/739
f 873/1169/55 872/1168/737 877/1173/739
f 873/1169/55 877/1173/739 878/1174/740
f 879/1175/27 880/1176/741 881/1177/741
f 879/1175/27 881/1177/741 882/1178/27
f 880/1179/741 883/1180/31 884/1181/31
f 880/1179/741 884/1181/31 881/1182/741
f 881/1182/741 884/1181/31 843/1183/742
f 881/1182/741 843/1183/742 885/1184/743
f 882/1178/27 881/1177/741 885/1185/743
f 882/1178/27 885/1185/743 886/1186/744
f 887/1187/745 888/1188/746 889/1189/746
f 887/1187/745 889/1189/746 890/1190/745
f 888/1188/746 891/1191/1 892/1192/1
f 888/1188/746 892/1192/1 889/1189/746
f 889/1189/746 892/1192/1 893/1193/747
f 889/1189/746 893/1193/747 894/1194/748
f 890/1190/745 889/1189/746 894/1194/748
f 890/1190/745 894/1194/748 895/1195/749
f 874/1170/59 896/1196/750 897/1197/750
f 874/1170/59 897/1197/750 875/1171/59
f 896/1196/750 898/1198/745 899/1199/745
f 896/1196/750 899/1199/745 897/1197/750
f 897/1197/750 899/1199/745 853/1200/749
f 897/1197/750 853/1200/749 900/1201/751
f 875/1171/59 897/1197/750 900/1201/751
f 875/1171/59 900/1201/751 876/1172/738
f 883/1180/31 901/1202/752 902/1203/752
f 883/1180/31 902/1203/752 884/1181/31
f 901/1202/752 903/1204/35 904/1205/35
f 901/1202/752 904/1205/35 902/1203/752
f 902/1203/752 904/1205/35 905/1206/753
f 902/1203/752 905/1206/753 906/1207/754
f 884/1181/31 902/1203/752 906/1207/754
f 884/1181/31 906/1207/754 843/1183/742
f 891/1208/1 907/1209/755 908/1210/755
f 891/1208/1 908/1210/755 892/1211/1
f 907/1209/755 909/1212/7 910/1213/7
f 907/1209/755 910/1213/7 908/1210/755
f 908/1210/755 910/1213/7 825/1214/756
f 908/1210/755 825/1214/756 911/1215/757
f 892/1211/1 908/1210/755 911/1215/757
f 892/1211/1 911/1215/757 893/1216/747
f 903/1204/35 912/1217/758 913/1218/758
f 903/1204/35 913/1218/758 904/1205/35
f 912/1217/758 914/1219/39 915/1220/39
f 912/1217/758 915/1220/39 913/1218/758
f 913/1218/758 915/1220/39 916/1221/759
f 913/1218/758 916/1221/759 917/1222/760
f 904/1205/35 913/1218/758 917/1222/760
f 904/1205/35 917/1222/760 905/1206/753
f 909/1212/7 918/1223/761 919/1224/761
f 909/1212/7 919/1224/761 910/1213/7
f 918/1223/761 920/1225/11 921/1226/11
f 918/1223/761 921/1226/11 919/1224/761
f 919/1224/761 921/1226/11 813/1227/762
f 919/1224/761 813/1227/762 922/1228/763
f 910/1213/7 919/1224/761 922/1228/763
f 910/1213/7 922/1228/763 825/1214/756
f 914/1219/39 923/1229/764 924/1230/764
f 914/1219/39 924/1230/764 915/1220/39
f 923/1229/764 925/1231/43 926/1232/43
f 923/1229/764 926/1232/43 924/1230/764
f 924/1230/764 926/1232/43 927/1233/765
f 924/1230/764 927/1233/765 928/1234/766
f 915/1220/39 924/1230/764 928/1234/766
f 915/1220/39 928/1234/766 916/1221/759
f 920/1225/11 929/1235/767 930/1236/767
f 920/1225/11 930/1236/767 921/1226/11
f 929/1235/767 931/1237/15 932/1238/15
f 929/1235/767 932/1238/15 930/1236/767
f 930/1236/767 932/1238/15 933/1239/768
f 930/1236/767 933/1239/768 934/1240/769
f 921/1226/11 930/1236/767 934/1240/769
f 921/1226/11 934/1240/769 813/1227/762
f 925/1231/43 935/1241/770 936/1242/770
f 925/1231/43 936/1242/770 926/1232/43
f 935/1241/770 937/1243/47 938/1244/47
f 935/1241/770 938/1244/47 936/1242/770
f 936/1242/770 938/1244/47 939/1245/771
f 936/1242/770 939/1245/771 940/1246/772
f 926/1232/43 936/1242/770 940/1246/772
f 926/1232/43 940/1246/772 927/1233/765
f 931/1237/15 941/1247/773 942/1248/773
f 931/1237/15 942/1248/773 932/1238/15
f 941/1247/773 943/1249/19 944/1250/19
f 941/1247/773 944/1250/19 942/1248/773
f 942/1248/773 944/1250/19 945/1251/774
f 942/1248/773 945/1251/774 946/1252/775
f 932/1238/15 942/1248/773 946/1252/775
f 932/1238/15 946/1252/775 933/1239/768
f 937/1253/47 947/1254/776 948/1255/776
f 937/1253/47 948/1255/776 938/1256/47
f 947/1254/776 949/1257/51 950/1258/51
f 947/1254/776 950/1258/51 948/1255/776
f 948/1255/776 950/1258/51 780/1259/777
f 948/1255/776 780/1259/777 951/1260/778
f 938/1256/47 948/1255/776 951/1260/778
f 938/1256/47 951/1260/778 939/1261/771
f 943/1262/19 952/1263/779 953/1264/779
f 943/1262/19 953/1264/779 944/1265/19
f 952/1263/779 954/1266/23 955/1267/23
f 952/1263/779 955/1267/23 953/1264/779
f 953/1264/779 955/1267/23 724/1268/780
f 953/1264/779 724/1268/780 956/1269/781
f 944/1265/19 953/1264/779 956/1269/781
f 944/1265/19 956/1269/781 945/1270/774
f 949/1257/51 957/1271/782 958/1272/782
f 949/1257/51 958/1272/782 950/1258/51
f 957/1271/782 870/1166/55 873/1169/55
f 957/1271/782 873/1169/55 958/1272/782
f 958/1272/782 873/1169/55 878/1174/740
f 958/1272/782 878/1174/740 959/1273/783
f 950/1258/51 958/1272/782 959/1273/783
f 950/1258/51 959/1273/783 780/1259/777
f 954/1266/23 960/1274/784 961/1275/784
f 954/1266/23 961/1275/784 955/1267/23
f 960/1274/784 879/1175/27 882/1178/27
f 960/1274/784 882/1178/27 961/1275/784
f 961/1275/784 882/1178/27 886/1186/744
f 961/1275/784 886/1186/744 962/1276/785
f 955/1267/23 961/1275/784 962/1276/785
f 955/1267/23 962/1276/785 724/1268/780
f 963/1277/786 964/1278/787 965/1279/784
f 963/1277/786 965/1279/784 966/1280/23
f 964/1278/787 967/1281/788 968/1282/27
f 964/1278/787 968/1282/27 965/1279/784
f 965/1279/784 968/1282/27 879/1175/27
f 965/1279/784 879/1175/27 960/1274/784
f 966/1280/23 965/1279/784 960/1274/784
f 966/1280/23 960/1274/784 954/1266/23
f 969/1283/789 970/1284/790 971/1285/782
f 969/1283/789 971/1285/782 972/1286/51
f 970/1284/790 973/1287/791 974/1288/55
f 970/1284/790 974/1288/55 971/1285/782
f 971/1285/782 974/1288/55 870/1166/55
f 971/1285/782 870/1166/55 957/1271/782
f 972/1286/51 971/1285/782 957/1271/782
f 972/1286/51 957/1271/782 949/1257/51
f 975/1289/792 976/1290/793 977/1291/779
f 975/1289/792 977/1291/779 978/1292/19
f 976/1290/793 963/1277/786 966/1280/23
f 976/1290/793 966/1280/23 977/1291/779
f 977/1291/779 966/1280/23 954/1266/23
f 977/1291/779 954/1266/23 952/1263/779
f 978/1292/19 977/1291/779 952/1263/779
f 978/1292/19 952/1263/779 943/1262/19
f 979/1293/794 980/1294/795 981/1295/776
f 979/1293/794 981/1295/776 982/1296/47
f 980/1294/795 969/1283/789 972/1286/51
f 980/1294/795 972/1286/51 981/1295/776
f 981/1295/776 972/1286/51 949/1257/51
f 981/1295/776 949/1257/51 947/1254/776
f 982/1296/47 981/1295/776 947/1254/776
f 982/1296/47 947/1254/776 937/1253/47
f 983/1297/796 984/1298/797 985/1299/773
f 983/1297/796 985/1299/773 986/1300/15
f 984/1298/797 975/1301/792 978/1302/19
f 984/1298/797 978/1302/19 985/1299/773
f 985/1299/773 978/1302/19 943/1249/19
f 985/1299/773 943/1249/19 941/1247/773
f 986/1300/15 985/1299/773 941/1247/773
f 986/1300/15 941/1247/773 931/1237/15
f 987/1303/798 988/1304/799 989/1305/770
f 987/1303/798 989/1305/770 990/1306/43
f 988/1304/799 979/1307/794 982/1308/47
f 988/1304/799 982/1308/47 989/1305/770
f 989/1305/770 982/1308/47 937/1243/47
f 989/1305/770 937/1243/47 935/1241/770
f 990/1306/43 989/1305/770 935/1241/770
f 990/1306/43 935/1241/770 925/1231/43
f 991/1309/800 992/1310/801 993/1311/767
f 991/1309/800 993/1311/767 994/1312/11
f 992/1310/801 983/1297/796 986/1300/15
f 992/1310/801 986/1300/15 993/1311/767
f 993/1311/767 986/1300/15 931/1237/15
f 993/1311/767 931/1237/15 929/1235/767
f 994/1312/11 993/1311/767 929/1235/767
f 994/1312/11 929/1235/767 920/1225/11
f 995/1313/802 996/1314/803 997/1315/764
f 995/1313/802 997/1315/764 998/1316/39
f 996/1314/803 987/1303/798 990/1306/43
f 996/1314/803 990/1306/43 997/1315/764
f 997/1315/764 990/1306/43 925/1231/43
f 997/1315/764 925/1231/43 923/1229/764
f 998/1316/39 997/1315/764 923/1229/764
f 998/1316/39 923/1229/764 914/1219/39
f 999/1317/804 1000/1318/805 1001/1319/761
f 999/1317/804 1001/1319/761 1002/1320/7
f 1000/1318/805 991/1309/800 994/1312/11
f 1000/1318/805 994/1312/11 1001/1319/761
f 1001/1319/761 994/1312/11 920/1225/11
f 1001/1319/761 920/1225/11 918/1223/761
f 1002/1320/7 1001/1319/761 918/1223/761
f 1002/1320/7 918/1223/761 909/1212/7
f 1003/1321/806 1004/1322/807 1005/1323/758
f 1003/1321/806 1005/1323/758 1006/1324/35
f 1004/1322/807 995/1313/802 998/1316/39
f 1004/1322/807 998/1316/39 1005/1323/758
f 1005/1323/758 998/1316/39 914/1219/39
f 1005/1323/758 914/1219/39 912/1217/758
f 1006/1324/35 1005/1323/758 912/1217/758
f 1006/1324/35 912/1217/758 903/1204/35
f 1007/1325/808 1008/1326/809 1009/1327/755
f 1007/1325/808 1009/1327/755 1010/1328/1
f 1008/1326/809 999/1317/804 1002/1320/7
f 1008/1326/809 1002/1320/7 1009/1327/755
f 1009/1327/755 1002/1320/7 909/1212/7
f 1009/1327/755 909/1212/7 907/1209/755
f 1010/1328/1 1009/1327/755 907/1209/755
f 1010/1328/1 907/1209/755 891/1208/1
f 1011/1329/810 1012/1330/811 1013/1331/752
f 1011/1329/810 1013/1331/752 1014/1332/31
f 1012/1330/811 1003/1321/806 1006/1324/35
f 1012/1330/811 1006/1324/35 1013/1331/752
f 1013/1331/752 1006/1324/35 903/1204/35
f 1013/1331/752 903/1204/35 901/1202/752
f 1014/1332/31 1013/1331/752 901/1202/752
f 1014/1332/31 901/1202/752 883/1180/31
f 1015/1333/812 1016/1334/813 1017/1335/750
f 1015/1333/812 1017/1335/750 1018/1336/59
f 1016/1334/813 1019/1337/814 1020/1338/745
f 1016/1334/813 1020/1338/745 1017/1335/750
f 1017/1335/750 1020/1338/745 898/1198/745
f 1017/1335/750 898/1198/745 896/1196/750
f 1018/1336/59 1017/1335/750 896/1196/750
f 1018/1336/59 896/1196/750 874/1170/59
f 1021/1339/815 1022/1340/816 1023/1341/746
f 1021/1339/815 1023/1341/746 1024/1342/745
f 1022/1340/816 1007/1343/808 1010/1344/1
f 1022/1340/816 1010/1344/1 1023/1341/746
f 1023/1341/746 1010/1344/1 891/1191/1
f 1023/1341/746 891/1191/1 888/1188/746
f 1024/1342/745 1023/1341/746 888/1188/746
f 1024/1342/745 888/1188/746 887/1187/745
f 967/1281/788 1025/1345/817 1026/1346/741
f 967/1281/788 1026/1346/741 968/1282/27
f 1025/1347/817 1011/1329/810 1014/1332/31
f 1025/1347/817 1014/1332/31 1026/1348/741
f 1026/1348/741 1014/1332/31 883/1180/31
f 1026/1348/741 883/1180/31 880/1179/741
f 968/1282/27 1026/1346/741 880/1176/741
f 968/1282/27 880/1176/741 879/1175/27
f 973/1287/791 1027/1349/818 1028/1350/737
f 973/1287/791 1028/1350/737 974/1288/55
f 1027/1349/818 1015/1333/812 1018/1336/59
f 1027/1349/818 1018/1336/59 1028/1350/737
f 1028/1350/737 1018/1336/59 874/1170/59
f 1028/1350/737 874/1170/59 871/1167/737
f 974/1288/55 1028/1350/737 871/1167/737
f 974/1288/55 871/1167/737 870/1166/55
f 1029/1351/819 1030/1352/820 1031/1353/821
f 1029/1351/819 1031/1353/821 1032/1354/822
f 1030/1352/820 1033/1355/823 1034/1356/824
f 1030/1352/820 1034/1356/824 1031/1353/821
f 1031/1353/821 1034/1356/824 1015/1333/812
f 1031/1353/821 1015/1333/812 1027/1349/818
f 1032/1354/822 1031/1353/821 1027/1349/818
f 1032/1354/822 1027/1349/818 973/1287/791
f 1035/1357/825 1036/1358/826 1037/1359/827
f 1035/1357/825 1037/1359/827 1038/1360/828
f 1036/1361/826 1039/1362/829 1040/1363/830
f 1036/1361/826 1040/1363/830 1037/1364/827
f 1037/1364/827 1040/1363/830 1011/1329/810
f 1037/1364/827 1011/1329/810 1025/1347/817
f 1038/1360/828 1037/1359/827 1025/1345/817
f 1038/1360/828 1025/1345/817 967/1281/788
f 1041/1365/831 1042/1366/832 1043/1367/833
f 1041/1365/831 1043/1367/833 1044/1368/834
f 1042/1366/832 1045/1369/835 1046/1370/836
f 1042/1366/832 1046/1370/836 1043/1367/833
f 1043/1367/833 1046/1370/836 1007/1343/808
f 1043/1367/833 1007/1343/808 1022/1340/816
f 1044/1368/834 1043/1367/833 1022/1340/816
f 1044/1368/834 1022/1340/816 1021/1339/815
f 1033/1355/823 1047/1371/837 1048/1372/838
f 1033/1355/823 1048/1372/838 1034/1356/824
f 1047/1371/837 1049/1373/831 1050/1374/834
f 1047/1371/837 1050/1374/834 1048/1372/838
f 1048/1372/838 1050/1374/834 1019/1337/814
f 1048/1372/838 1019/1337/814 1016/1334/813
f 1034/1356/824 1048/1372/838 1016/1334/813
f 1034/1356/824 1016/1334/813 1015/1333/812
f 1039/1362/829 1051/1375/839 1052/1376/840
f 1039/1362/829 1052/1376/840 1040/1363/830
f 1051/1375/839 1053/1377/841 1054/1378/842
f 1051/1375/839 1054/1378/842 1052/1376/840
f 1052/1376/840 1054/1378/842 1003/1321/806
f 1052/1376/840 1003/1321/806 1012/1330/811
f 1040/1363/830 1052/1376/840 1012/1330/811
f 1040/1363/830 1012/1330/811 1011/1329/810
f 1045/1379/835 1055/1380/843 1056/1381/844
f 1045/1379/835 1056/1381/844 1046/1382/836
f 1055/1380/843 1057/1383/845 1058/1384/846
f 1055/1380/843 1058/1384/846 1056/1381/844
f 1056/1381/844 1058/1384/846 999/1317/804
f 1056/1381/844 999/1317/804 1008/1326/809
f 1046/1382/836 1056/1381/844 1008/1326/809
f 1046/1382/836 1008/1326/809 1007/1325/808
f 1053/1377/841 1059/1385/847 1060/1386/848
f 1053/1377/841 1060/1386/848 1054/1378/842
f 1059/1385/847 1061/1387/849 1062/1388/850
f 1059/1385/847 1062/1388/850 1060/1386/848
f 1060/1386/848 1062/1388/850 995/1313/802
f 1060/1386/848 995/1313/802 1004/1322/807
f 1054/1378/842 1060/1386/848 1004/1322/807
f 1054/1378/842 1004/1322/807 1003/1321/806
f 1057/1383/845 1063/1389/851 1064/1390/852
f 1057/1383/845 1064/1390/852 1058/1384/846
f 1063/1389/851 1065/1391/853 1066/1392/854
f 1063/1389/851 1066/1392/854 1064/1390/852
f 1064/1390/852 1066/1392/854 991/1309/800
f 1064/1390/852 991/1309/800 1000/1318/805
f 1058/1384/846 1064/1390/852 1000/1318/805
f 1058/1384/846 1000/1318/805 999/1317/804
f 1061/1387/849 1067/1393/855 1068/1394/856
f 1061/1387/849 1068/1394/856 1062/1388/850
f 1067/1393/855 1069/1395/857 1070/1396/858
f 1067/1393/855 1070/1396/858 1068/1394/856
f 1068/1394/856 1070/1396/858 987/1303/798
f 1068/1394/856 987/1303/798 996/1314/803
f 1062/1388/850 1068/1394/856 996/1314/803
f 1062/1388/850 996/1314/803 995/1313/802
f 1065/1391/853 1071/1397/859 1072/1398/860
f 1065/1391/853 1072/1398/860 1066/1392/854
f 1071/1397/859 1073/1399/861 1074/1400/862
f 1071/1397/859 1074/1400/862 1072/1398/860
f 1072/1398/860 1074/1400/862 983/1297/796
f 1072/1398/860 983/1297/796 992/1310/801
f 1066/1392/854 1072/1398/860 992/1310/801
f 1066/1392/854 992/1310/801 991/1309/800
f 1069/1395/857 1075/1401/863 1076/1402/864
f 1069/1395/857 1076/1402/864 1070/1396/858
f 1075/1401/863 1077/1403/865 1078/1404/866
f 1075/1401/863 1078/1404/866 1076/1402/864
f 1076/1402/864 1078/1404/866 979/1307/794
f 1076/1402/864 979/1307/794 988/1304/799
f 1070/1396/858 1076/1402/864 988/1304/799
f 1070/1396/858 988/1304/799 987/1303/798
f 1073/1399/861 1079/1405/867 1080/1406/868
f 1073/1399/861 1080/1406/868 1074/1400/862
f 1079/1405/867 1081/1407/869 1082/1408/870
f 1079/1405/867 1082/1408/870 1080/1406/868
f 1080/1406/868 1082/1408/870 975/1301/792
f 1080/1406/868 975/1301/792 984/1298/797
f 1074/1400/862 1080/1406/868 984/1298/797
f 1074/1400/862 984/1298/797 983/1297/796
f 1077/1409/865 1083/1410/871 1084/1411/872
f 1077/1409/865 1084/1411/872 1078/1412/866
f 1083/1410/871 1085/1413/873 1086/1414/874
f 1083/1410/871 1086/1414/874 1084/1411/872
f 1084/1411/872 1086/1414/874 969/1283/789
f 1084/1411/872 969/1283/789 980/1294/795
f 1078/1412/866 1084/1411/872 980/1294/795
f 1078/1412/866 980/1294/795 979/1293/794
f 1081/1415/869 1087/1416/875 1088/1417/876
f 1081/1415/869 1088/1417/876 1082/1418/870
f 1087/1416/875 1089/1419/877 1090/1420/878
f 1087/1416/875 1090/1420/878 1088/1417/876
f 1088/1417/876 1090/1420/878 963/1277/786
f 1088/1417/876 963/1277/786 976/1290/793
f 1082/1418/870 1088/1417/876 976/1290/793
f 1082/1418/870 976/1290/793 975/1289/792
f 1085/1413/873 1091/1421/879 1092/1422/880
f 1085/1413/873 1092/1422/880 1086/1414/874
f 1091/1421/879 1029/1351/819 1032/1354/822
f 1091/1421/879 1032/1354/822 1092/1422/880
f 1092/1422/880 1032/1354/822 973/1287/791
f 1092/1422/880 973/1287/791 970/1284/790
f 1086/1414/874 1092/1422/880 970/1284/790
f 1086/1414/874 970/1284/790 969/1283/789
f 1089/1419/877 1093/1423/881 1094/1424/882
f 1089/1419/877 1094/1424/882 1090/1420/878
f 1093/1423/881 1035/1357/825 1038/1360/828
f 1093/1423/881 1038/1360/828 1094/1424/882
f 1094/1424/882 1038/1360/828 967/1281/788
f 1094/1424/882 967/1281/788 964/1278/787
f 1090/1420/878 1094/1424/882 964/1278/787
f 1090/1420/878 964/1278/787 963/1277/786
